⚠ [2202/2364] Replayed PvNP.RealizableHardness.BinaryMatrixFourier
warning: lean/PvNP/RealizableHardness/BinaryMatrixFourier.lean:126:8: `if_pos` has been deprecated: Use `ite_eq_left` instead
warning: lean/PvNP/RealizableHardness/BinaryMatrixFourier.lean:132:8: `if_neg` has been deprecated: Use `ite_eq_right` instead
⚠ [2299/2494] Replayed PvNP.RealizableHardness.BinaryMatrixHybridSelector
warning: lean/PvNP/RealizableHardness/BinaryMatrixHybridSelector.lean:71:8: `if_pos` has been deprecated: Use `ite_eq_left` instead
warning: lean/PvNP/RealizableHardness/BinaryMatrixHybridSelector.lean:90:8: `if_neg` has been deprecated: Use `ite_eq_right` instead
⚠ [2300/2494] Replayed PvNP.RealizableHardness.BinaryMatrixLineTranslation
warning: lean/PvNP/RealizableHardness/BinaryMatrixLineTranslation.lean:243:4: try 'simp' instead of 'simpa'

Note: This linter can be disabled with `set_option linter.unnecessarySimpa false`
warning: lean/PvNP/RealizableHardness/BinaryMatrixLineTranslation.lean:315:8: `if_neg` has been deprecated: Use `ite_eq_right` instead
warning: lean/PvNP/RealizableHardness/BinaryMatrixLineTranslation.lean:407:15: `if_neg` has been deprecated: Use `ite_eq_right` instead
warning: lean/PvNP/RealizableHardness/BinaryMatrixLineTranslation.lean:433:41: This simp argument is unused:
  s

Hint: Omit it from the simp argument list.
  [apply] simp [hs, hr]

Note: This linter can be disabled with `set_option linter.unusedSimpArgs false`
warning: lean/PvNP/RealizableHardness/BinaryMatrixLineTranslation.lean:555:15: `if_neg` has been deprecated: Use `ite_eq_right` instead
warning: lean/PvNP/RealizableHardness/BinaryMatrixLineTranslation.lean:592:57: This simp argument is unused:
  mul_assoc

Hint: Omit it from the simp argument list.
  [apply] simp [hr, hs]

Note: This linter can be disabled with `set_option linter.unusedSimpArgs false`
⚠ [2301/2494] Replayed PvNP.RealizableHardness.BinaryMatrixLineA14
warning: lean/PvNP/RealizableHardness/BinaryMatrixLineA14.lean:88:8: `if_pos` has been deprecated: Use `ite_eq_left` instead
warning: lean/PvNP/RealizableHardness/BinaryMatrixLineA14.lean:97:8: `if_neg` has been deprecated: Use `ite_eq_right` instead
⚠ [2308/2494] Replayed PvNP.RealizableHardness.BinaryMatrixA1TypedFourier
warning: lean/PvNP/RealizableHardness/BinaryMatrixA1TypedFourier.lean:198:8: `if_pos` has been deprecated: Use `ite_eq_left` instead
warning: lean/PvNP/RealizableHardness/BinaryMatrixA1TypedFourier.lean:204:8: `if_neg` has been deprecated: Use `ite_eq_right` instead
warning: lean/PvNP/RealizableHardness/BinaryMatrixA1TypedFourier.lean:236:8: `if_pos` has been deprecated: Use `ite_eq_left` instead
warning: lean/PvNP/RealizableHardness/BinaryMatrixA1TypedFourier.lean:242:8: `if_neg` has been deprecated: Use `ite_eq_right` instead
⚠ [2310/2494] Replayed PvNP.RealizableHardness.BinaryMatrixA1CoefficientTransfer
warning: lean/PvNP/RealizableHardness/BinaryMatrixA1CoefficientTransfer.lean:111:15: `if_pos` has been deprecated: Use `ite_eq_left` instead
⚠ [2311/2494] Replayed PvNP.RealizableHardness.BinaryMatrixA1Composition
warning: lean/PvNP/RealizableHardness/BinaryMatrixA1Composition.lean:40:15: `if_pos` has been deprecated: Use `ite_eq_left` instead
warning: lean/PvNP/RealizableHardness/BinaryMatrixA1Composition.lean:102:5: Variable name `hA` is not explicitly referenced.

Hint: The binding can be removed (if unused) or named `_` (if used implicitly). Alternatively, prefix the name with `_` to silence this warning:
  [apply] _hA

Note: This linter can be disabled with `set_option linter.unusedVariables false`
warning: lean/PvNP/RealizableHardness/BinaryMatrixA1Composition.lean:102:20: Variable name `hB` is not explicitly referenced.

Hint: The binding can be removed (if unused) or named `_` (if used implicitly). Alternatively, prefix the name with `_` to silence this warning:
  [apply] _hB

Note: This linter can be disabled with `set_option linter.unusedVariables false`
warning: lean/PvNP/RealizableHardness/BinaryMatrixA1Composition.lean:172:43: `if_pos` has been deprecated: Use `ite_eq_left` instead
⚠ [3069/3226] Replayed PvNP.RealizableHardness.BinaryMatrixComplexA15
warning: lean/PvNP/RealizableHardness/BinaryMatrixComplexA15.lean:35:4: Unused tactic linter: `change fibreEnergy R.fibre f ≤ ε` does nothing

Note: This linter can be disabled with `set_option linter.unusedTactic false`
warning: lean/PvNP/RealizableHardness/BinaryMatrixComplexA15.lean:46:2: Unused tactic linter: `change fibreEnergy Q.fibre f ≤ ε` does nothing

Note: This linter can be disabled with `set_option linter.unusedTactic false`
warning: lean/PvNP/RealizableHardness/BinaryMatrixComplexA15.lean:184:24: This simp argument is unused:
  zero_add

Hint: Omit it from the simp argument list.
  [apply] simp only [Complex.normSq_apply, Complex.sub_re, Complex.sub_im, Complex.mul_re, Complex.mul_im,
    Complex.ofReal_re, Complex.ofReal_im, zero_mul, sub_zero, mul_zero]

Note: This linter can be disabled with `set_option linter.unusedSimpArgs false`
warning: lean/PvNP/RealizableHardness/BinaryMatrixComplexA15.lean:184:34: This simp argument is unused:
  mul_zero

Hint: Omit it from the simp argument list.
  [apply] simp only [Complex.normSq_apply, Complex.sub_re, Complex.sub_im, Complex.mul_re, Complex.mul_im,
    Complex.ofReal_re, Complex.ofReal_im, zero_mul, sub_zero, zero_add]

Note: This linter can be disabled with `set_option linter.unusedSimpArgs false`
⚠ [3081/3226] Replayed PvNP.RealizableHardness.BinaryMatrixTypedA15HyperplaneGlobal
warning: lean/PvNP/RealizableHardness/BinaryMatrixTypedA15HyperplaneGlobal.lean:48:25: Variable name `hH` is not explicitly referenced.

Hint: The binding can be removed (if unused) or named `_` (if used implicitly). Alternatively, prefix the name with `_` to silence this warning:
  [apply] _hH

Note: This linter can be disabled with `set_option linter.unusedVariables false`
⚠ [3083/3226] Replayed PvNP.RealizableHardness.BinaryMatrixTypedA15HyperplaneReducedGlobal
warning: lean/PvNP/RealizableHardness/BinaryMatrixTypedA15HyperplaneReducedGlobal.lean:54:25: Variable name `hH` is not explicitly referenced.

Hint: The binding can be removed (if unused) or named `_` (if used implicitly). Alternatively, prefix the name with `_` to silence this warning:
  [apply] _hH

Note: This linter can be disabled with `set_option linter.unusedVariables false`
warning: lean/PvNP/RealizableHardness/BinaryMatrixTypedA15HyperplaneReducedGlobal.lean:64:25: Variable name `hH` is not explicitly referenced.

Hint: The binding can be removed (if unused) or named `_` (if used implicitly). Alternatively, prefix the name with `_` to silence this warning:
  [apply] _hH

Note: This linter can be disabled with `set_option linter.unusedVariables false`
warning: lean/PvNP/RealizableHardness/BinaryMatrixTypedA15HyperplaneReducedGlobal.lean:84:25: Variable name `hH` is not explicitly referenced.

Hint: The binding can be removed (if unused) or named `_` (if used implicitly). Alternatively, prefix the name with `_` to silence this warning:
  [apply] _hH

Note: This linter can be disabled with `set_option linter.unusedVariables false`
warning: lean/PvNP/RealizableHardness/BinaryMatrixTypedA15HyperplaneReducedGlobal.lean:98:25: Variable name `hH` is not explicitly referenced.

Hint: The binding can be removed (if unused) or named `_` (if used implicitly). Alternatively, prefix the name with `_` to silence this warning:
  [apply] _hH

Note: This linter can be disabled with `set_option linter.unusedVariables false`
warning: lean/PvNP/RealizableHardness/BinaryMatrixTypedA15HyperplaneReducedGlobal.lean:236:25: Variable name `hH` is not explicitly referenced.

Hint: The binding can be removed (if unused) or named `_` (if used implicitly). Alternatively, prefix the name with `_` to silence this warning:
  [apply] _hH

Note: This linter can be disabled with `set_option linter.unusedVariables false`
⚠ [3085/3226] Replayed PvNP.RealizableHardness.BinaryMatrixTypedA14HyperplaneReduced
warning: lean/PvNP/RealizableHardness/BinaryMatrixTypedA14HyperplaneReduced.lean:35:55: Variable name `hH` is not explicitly referenced.

Hint: The binding can be removed (if unused) or named `_` (if used implicitly). Alternatively, prefix the name with `_` to silence this warning:
  [apply] _hH

Note: This linter can be disabled with `set_option linter.unusedVariables false`
warning: lean/PvNP/RealizableHardness/BinaryMatrixTypedA14HyperplaneReduced.lean:119:55: Variable name `hH` is not explicitly referenced.

Hint: The binding can be removed (if unused) or named `_` (if used implicitly). Alternatively, prefix the name with `_` to silence this warning:
  [apply] _hH

Note: This linter can be disabled with `set_option linter.unusedVariables false`
⚠ [3087/3226] Replayed PvNP.RealizableHardness.BinaryMatrixA15BaseCase
warning: lean/PvNP/RealizableHardness/BinaryMatrixA15BaseCase.lean:31:4: Try this: 
  haveI̵

The goal is a proposition, so `have` is preferred over `haveI`.
The difference between `have` and `haveI` is that `haveI` inlines the value.
But this is not relevant for proofs because of proof irrelevance.

Note: This linter can be disabled with `set_option linter.style.haveILetI false`
⚠ [3090/3226] Replayed PvNP.RealizableHardness.ActualBinaryMatrixHC46CommonDerivative
warning: lean/PvNP/RealizableHardness/ActualBinaryMatrixHC46CommonDerivative.lean:80:13: `if_pos` has been deprecated: Use `ite_eq_left` instead
⚠ [3091/3226] Replayed PvNP.RealizableHardness.ActualBinaryMatrixHC46FourierA16
warning: lean/PvNP/RealizableHardness/ActualBinaryMatrixHC46FourierA16.lean:70:51: This simp argument is unused:
  hj

Hint: Omit it from the simp argument list.
  [apply] simp [u, v, fourierCoeff_rankProjection, hi, hij]

Note: This linter can be disabled with `set_option linter.unusedSimpArgs false`
warning: lean/PvNP/RealizableHardness/ActualBinaryMatrixHC46FourierA16.lean:72:49: This simp argument is unused:
  hi

Hint: Omit it from the simp argument list.
  [apply] simp [u, v, fourierCoeff_rankProjection, hj, hij.symm]

Note: This linter can be disabled with `set_option linter.unusedSimpArgs false`
warning: lean/PvNP/RealizableHardness/ActualBinaryMatrixHC46FourierA16.lean:73:57: This simp argument is unused:
  hij

Hint: Omit it from the simp argument list.
  [apply] simp [u, v, fourierCoeff_rankProjection, hi, hj, hij.symm]

Note: This linter can be disabled with `set_option linter.unusedSimpArgs false`
warning: lean/PvNP/RealizableHardness/ActualBinaryMatrixHC46FourierA16.lean:73:62: This simp argument is unused:
  hij.symm

Hint: Omit it from the simp argument list.
  [apply] simp [u, v, fourierCoeff_rankProjection, hi, hj, hij]

Note: This linter can be disabled with `set_option linter.unusedSimpArgs false`
⚠ [3098/3226] Replayed PvNP.RealizableHardness.BinaryMatrixTypedHyperplaneIntrinsicP
warning: lean/PvNP/RealizableHardness/BinaryMatrixTypedHyperplaneIntrinsicP.lean:138:35: This simp argument is unused:
  Module.Basis.dualBasis_equivFun

Hint: Omit it from the simp argument list.
  [apply] simp [hyperplaneMatrixEquiv, hyperplaneShiftVectorIndex, lineShift, lineFunctional]

Note: This linter can be disabled with `set_option linter.unusedSimpArgs false`
⚠ [3100/3226] Replayed PvNP.RealizableHardness.BinaryMatrixA15SelectedBridge
warning: lean/PvNP/RealizableHardness/BinaryMatrixA15SelectedBridge.lean:44:10: try 'simp' instead of 'simpa'

Note: This linter can be disabled with `set_option linter.unnecessarySimpa false`
warning: lean/PvNP/RealizableHardness/BinaryMatrixA15SelectedBridge.lean:50:10: try 'simp' instead of 'simpa'

Note: This linter can be disabled with `set_option linter.unnecessarySimpa false`
⚠ [3102/3226] Replayed PvNP.RealizableHardness.ActualTypedIntrinsicWitnessNaturality
warning: lean/PvNP/RealizableHardness/ActualTypedIntrinsicWitnessNaturality.lean:224:31: This simp argument is unused:
  LinearEquiv.arrowCongr_apply

Hint: Omit it from the simp argument list.
  [apply] simp [eN, mapReindexEquiv, LinearMap.comp_apply]

Note: This linter can be disabled with `set_option linter.unusedSimpArgs false`
warning: lean/PvNP/RealizableHardness/ActualTypedIntrinsicWitnessNaturality.lean:225:6: This simp argument is unused:
  LinearMap.comp_apply

Hint: Omit it from the simp argument list.
  [apply] simp [eN, mapReindexEquiv, LinearEquiv.arrowCongr_apply]

Note: This linter can be disabled with `set_option linter.unusedSimpArgs false`
warning: lean/PvNP/RealizableHardness/ActualTypedIntrinsicWitnessNaturality.lean:327:4: Try `simp at hz` instead of `simpa using hz`

Note: This linter can be disabled with `set_option linter.unnecessarySimpa false`
warning: lean/PvNP/RealizableHardness/ActualTypedIntrinsicWitnessNaturality.lean:357:4: Try `simp at h'` instead of `simpa using h'`

Note: This linter can be disabled with `set_option linter.unnecessarySimpa false`
warning: lean/PvNP/RealizableHardness/ActualTypedIntrinsicWitnessNaturality.lean:373:2: try 'simp' instead of 'simpa'

Note: This linter can be disabled with `set_option linter.unnecessarySimpa false`
⚠ [3103/3226] Replayed PvNP.RealizableHardness.ActualTypedIntrinsicHyperplaneNaturality
warning: lean/PvNP/RealizableHardness/ActualTypedIntrinsicHyperplaneNaturality.lean:48:5: Variable name `hφ` is not explicitly referenced.

Hint: The binding can be removed (if unused) or named `_` (if used implicitly). Alternatively, prefix the name with `_` to silence this warning:
  [apply] _hφ

Note: This linter can be disabled with `set_option linter.unusedVariables false`
warning: lean/PvNP/RealizableHardness/ActualTypedIntrinsicHyperplaneNaturality.lean:207:6: This simp argument is unused:
  LinearEquiv.arrowCongr_apply

Hint: Omit it from the simp argument list.
  [apply] simp [eIndex, ePhi, eW, mapReindexEquiv, LinearMap.comp_apply, LinearMap.smulRight_apply]

Note: This linter can be disabled with `set_option linter.unusedSimpArgs false`
warning: lean/PvNP/RealizableHardness/ActualTypedIntrinsicHyperplaneNaturality.lean:358:31: This simp argument is unused:
  LinearEquiv.arrowCongr_apply

Hint: Omit it from the simp argument list.
  [apply] simp [eN, mapReindexEquiv, LinearMap.comp_apply]

Note: This linter can be disabled with `set_option linter.unusedSimpArgs false`
warning: lean/PvNP/RealizableHardness/ActualTypedIntrinsicHyperplaneNaturality.lean:359:6: This simp argument is unused:
  LinearMap.comp_apply

Hint: Omit it from the simp argument list.
  [apply] simp [eN, mapReindexEquiv, LinearEquiv.arrowCongr_apply]

Note: This linter can be disabled with `set_option linter.unusedSimpArgs false`
warning: lean/PvNP/RealizableHardness/ActualTypedIntrinsicHyperplaneNaturality.lean:395:31: This simp argument is unused:
  LinearEquiv.arrowCongr_apply

Hint: Omit it from the simp argument list.
  [apply] simp [eN, mapReindexEquiv, LinearMap.comp_apply]

Note: This linter can be disabled with `set_option linter.unusedSimpArgs false`
warning: lean/PvNP/RealizableHardness/ActualTypedIntrinsicHyperplaneNaturality.lean:396:6: This simp argument is unused:
  LinearMap.comp_apply

Hint: Omit it from the simp argument list.
  [apply] simp [eN, mapReindexEquiv, LinearEquiv.arrowCongr_apply]

Note: This linter can be disabled with `set_option linter.unusedSimpArgs false`
⚠ [3104/3226] Replayed PvNP.RealizableHardness.ActualTypedMixedTower
warning: lean/PvNP/RealizableHardness/ActualTypedMixedTower.lean:46:4: The namespace `ActualTypedMixedTower` is duplicated in the declaration `PvNP.RealizableHardness.ActualTypedMixedTower.ActualTypedMixedTower.line`.

Note: This linter can be disabled with `set_option linter.dupNamespace false`
warning: lean/PvNP/RealizableHardness/ActualTypedMixedTower.lean:57:4: The namespace `ActualTypedMixedTower` is duplicated in the declaration `PvNP.RealizableHardness.ActualTypedMixedTower.ActualTypedMixedTower.hyperplane`.

Note: This linter can be disabled with `set_option linter.dupNamespace false`
warning: lean/PvNP/RealizableHardness/ActualTypedMixedTower.lean:37:10: The namespace `ActualTypedMixedTower` is duplicated in the declaration `PvNP.RealizableHardness.ActualTypedMixedTower.ActualTypedMixedTower`.

Note: This linter can be disabled with `set_option linter.dupNamespace false`
warning: lean/PvNP/RealizableHardness/ActualTypedMixedTower.lean:42:4: The namespace `ActualTypedMixedTower` is duplicated in the declaration `PvNP.RealizableHardness.ActualTypedMixedTower.ActualTypedMixedTower.done`.

Note: This linter can be disabled with `set_option linter.dupNamespace false`
⚠ [3105/3226] Replayed PvNP.RealizableHardness.ActualTypedABMixedTower
warning: lean/PvNP/RealizableHardness/ActualTypedABMixedTower.lean:73:4: The namespace `ActualTypedABMixedTower` is duplicated in the declaration `PvNP.RealizableHardness.ActualTypedABMixedTower.ActualTypedABMixedTower.line`.

Note: This linter can be disabled with `set_option linter.dupNamespace false`
warning: lean/PvNP/RealizableHardness/ActualTypedABMixedTower.lean:70:4: The namespace `ActualTypedABMixedTower` is duplicated in the declaration `PvNP.RealizableHardness.ActualTypedABMixedTower.ActualTypedABMixedTower.done`.

Note: This linter can be disabled with `set_option linter.dupNamespace false`
warning: lean/PvNP/RealizableHardness/ActualTypedABMixedTower.lean:84:4: The namespace `ActualTypedABMixedTower` is duplicated in the declaration `PvNP.RealizableHardness.ActualTypedABMixedTower.ActualTypedABMixedTower.hyperplane`.

Note: This linter can be disabled with `set_option linter.dupNamespace false`
warning: lean/PvNP/RealizableHardness/ActualTypedABMixedTower.lean:67:10: The namespace `ActualTypedABMixedTower` is duplicated in the declaration `PvNP.RealizableHardness.ActualTypedABMixedTower.ActualTypedABMixedTower`.

Note: This linter can be disabled with `set_option linter.dupNamespace false`
warning: lean/PvNP/RealizableHardness/ActualTypedABMixedTower.lean:97:32: Variable name `n` is not explicitly referenced.

Hint: The binding can be removed (if unused) or named `_` (if used implicitly). Alternatively, prefix the name with `_` to silence this warning:
  [apply] _n

Note: This linter can be disabled with `set_option linter.unusedVariables false`
warning: lean/PvNP/RealizableHardness/ActualTypedABMixedTower.lean:158:5: Variable name `hA` is not explicitly referenced.

Hint: The binding can be removed (if unused) or named `_` (if used implicitly). Alternatively, prefix the name with `_` to silence this warning:
  [apply] _hA

Note: This linter can be disabled with `set_option linter.unusedVariables false`
warning: lean/PvNP/RealizableHardness/ActualTypedABMixedTower.lean:208:48: This simp argument is unused:
  Q

Hint: Omit it from the simp argument list.
  [apply] simp [e]

Note: This linter can be disabled with `set_option linter.unusedSimpArgs false`
warning: lean/PvNP/RealizableHardness/ActualTypedABMixedTower.lean:201:2: Try this: intro Q' hQ'
warning: lean/PvNP/RealizableHardness/ActualTypedABMixedTower.lean:283:48: This simp argument is unused:
  Q

Hint: Omit it from the simp argument list.
  [apply] simp [e]

Note: This linter can be disabled with `set_option linter.unusedSimpArgs false`
warning: lean/PvNP/RealizableHardness/ActualTypedABMixedTower.lean:276:2: Try this: intro Q' hQ'
warning: lean/PvNP/RealizableHardness/ActualTypedABMixedTower.lean:554:45: Variable name `hA` is not explicitly referenced.

Hint: The binding can be removed (if unused) or named `_` (if used implicitly). Alternatively, prefix the name with `_` to silence this warning:
  [apply] _hA

Note: This linter can be disabled with `set_option linter.unusedVariables false`
⚠ [3106/3226] Replayed PvNP.RealizableHardness.ActualTypedABRankedTower
warning: lean/PvNP/RealizableHardness/ActualTypedABRankedTower.lean:34:10: The namespace `ActualTypedABRankedTower` is duplicated in the declaration `PvNP.RealizableHardness.ActualTypedABRankedTower.ActualTypedABRankedTower`.

Note: This linter can be disabled with `set_option linter.dupNamespace false`
warning: lean/PvNP/RealizableHardness/ActualTypedABRankedTower.lean:37:4: The namespace `ActualTypedABRankedTower` is duplicated in the declaration `PvNP.RealizableHardness.ActualTypedABRankedTower.ActualTypedABRankedTower.done`.

Note: This linter can be disabled with `set_option linter.dupNamespace false`
warning: lean/PvNP/RealizableHardness/ActualTypedABRankedTower.lean:51:4: The namespace `ActualTypedABRankedTower` is duplicated in the declaration `PvNP.RealizableHardness.ActualTypedABRankedTower.ActualTypedABRankedTower.hyperplane`.

Note: This linter can be disabled with `set_option linter.dupNamespace false`
warning: lean/PvNP/RealizableHardness/ActualTypedABRankedTower.lean:40:4: The namespace `ActualTypedABRankedTower` is duplicated in the declaration `PvNP.RealizableHardness.ActualTypedABRankedTower.ActualTypedABRankedTower.line`.

Note: This linter can be disabled with `set_option linter.dupNamespace false`
warning: lean/PvNP/RealizableHardness/ActualTypedABRankedTower.lean:99:63: Used `tac1 <;> tac2` where `(tac1; tac2)` would suffice

Note: This linter can be disabled with `set_option linter.unnecessarySeqFocus false`
warning: lean/PvNP/RealizableHardness/ActualTypedABRankedTower.lean:163:40: This simp argument is unused:
  mul_left_comm

Hint: Omit it from the simp argument list.
  [apply] simp [rankedA15Loss, mul_assoc, mul_comm]

Note: This linter can be disabled with `set_option linter.unusedSimpArgs false`
warning: lean/PvNP/RealizableHardness/ActualTypedABRankedTower.lean:183:40: This simp argument is unused:
  mul_left_comm

Hint: Omit it from the simp argument list.
  [apply] simp [rankedA15Loss, mul_assoc, mul_comm]

Note: This linter can be disabled with `set_option linter.unusedSimpArgs false`
ℹ [3107/3226] Replayed PvNP.RealizableHardness.ExceptionRepair
info: lean/PvNP/RealizableHardness/ExceptionRepair.lean:200:0: 'PvNP.RealizableHardness.exception_completeness' depends on axioms: [propext, Classical.choice, Quot.sound]
info: lean/PvNP/RealizableHardness/ExceptionRepair.lean:201:0: 'PvNP.RealizableHardness.exception_soundness' depends on axioms: [propext, Classical.choice, Quot.sound]
ℹ [3108/3226] Replayed PvNP.RealizableHardness.Formula
info: lean/PvNP/RealizableHardness/Formula.lean:93:0: 'PvNP.RealizableHardness.Formula.repair_complete' depends on axioms: [propext, Classical.choice, Quot.sound]
info: lean/PvNP/RealizableHardness/Formula.lean:94:0: 'PvNP.RealizableHardness.Formula.leaves_repair' depends on axioms: [propext]
info: lean/PvNP/RealizableHardness/Formula.lean:95:0: 'PvNP.RealizableHardness.Formula.repair_sound' depends on axioms: [propext, Classical.choice, Quot.sound]
⚠ [3109/3226] Replayed PvNP.RealizableHardness.WeightRounding
warning: lean/PvNP/RealizableHardness/WeightRounding.lean:47:56: `if_false` has been deprecated: Use `ite_false` instead
warning: lean/PvNP/RealizableHardness/WeightRounding.lean:47:56: `if_false` has been deprecated: Use `ite_false` instead
warning: lean/PvNP/RealizableHardness/WeightRounding.lean:47:32: This simp argument is unused:
  hx

Hint: Omit it from the simp argument list.
  [apply] simp only [Bool.false_eq_true, if_false, mul_zero, ite_true]

Note: This linter can be disabled with `set_option linter.unusedSimpArgs false`
warning: lean/PvNP/RealizableHardness/WeightRounding.lean:61:14: This simp argument is unused:
  hx

Hint: Omit it from the simp argument list.
  [apply] simp

Note: This linter can be disabled with `set_option linter.unusedSimpArgs false`
⚠ [3110/3226] Replayed PvNP.RealizableHardness.FiniteSampling
warning: lean/PvNP/RealizableHardness/FiniteSampling.lean:94:14: This simp argument is unused:
  hi

Hint: Omit it from the simp argument list.
  [apply] simp

Note: This linter can be disabled with `set_option linter.unusedSimpArgs false`
warning: lean/PvNP/RealizableHardness/FiniteSampling.lean:136:8: `if_neg` has been deprecated: Use `ite_eq_right` instead
⚠ [3111/3226] Replayed PvNP.RealizableHardness.TripleRestrictionRank
warning: lean/PvNP/RealizableHardness/TripleRestrictionRank.lean:41:39: This simp argument is unused:
  Fin.sum_univ_succ

Hint: Omit it from the simp argument list.
  [apply] simp [Fintype.sum_option, blockMass]

Note: This linter can be disabled with `set_option linter.unusedSimpArgs false`
warning: lean/PvNP/RealizableHardness/TripleRestrictionRank.lean:42:2: Used `tac1 <;> tac2` where `(tac1; tac2)` would suffice

Note: This linter can be disabled with `set_option linter.unnecessarySeqFocus false`
warning: lean/PvNP/RealizableHardness/TripleRestrictionRank.lean:49:26: `if_true` has been deprecated: Use `ite_true` instead
warning: lean/PvNP/RealizableHardness/TripleRestrictionRank.lean:69:19: `if_false` has been deprecated: Use `ite_false` instead
warning: lean/PvNP/RealizableHardness/TripleRestrictionRank.lean:91:25: `if_pos` has been deprecated: Use `ite_eq_left` instead
warning: lean/PvNP/RealizableHardness/TripleRestrictionRank.lean:92:25: `if_neg` has been deprecated: Use `ite_eq_right` instead
warning: lean/PvNP/RealizableHardness/TripleRestrictionRank.lean:92:50: `if_true` has been deprecated: Use `ite_true` instead
warning: lean/PvNP/RealizableHardness/TripleRestrictionRank.lean:105:19: `if_pos` has been deprecated: Use `ite_eq_left` instead
warning: lean/PvNP/RealizableHardness/TripleRestrictionRank.lean:106:19: `if_neg` has been deprecated: Use `ite_eq_right` instead
warning: lean/PvNP/RealizableHardness/TripleRestrictionRank.lean:92:36: This simp argument is unused:
  Bool.true_eq

Hint: Omit it from the simp argument list.
  [apply] simp only [events, if_neg hi, if_true]

Note: This linter can be disabled with `set_option linter.unusedSimpArgs false`
warning: lean/PvNP/RealizableHardness/TripleRestrictionRank.lean:112:39: This simp argument is unused:
  Fin.sum_univ_succ

Hint: Omit it from the simp argument list.
  [apply] simp [Fintype.sum_option, blockMass]

Note: This linter can be disabled with `set_option linter.unusedSimpArgs false`
warning: lean/PvNP/RealizableHardness/TripleRestrictionRank.lean:113:2: Used `tac1 <;> tac2` where `(tac1; tac2)` would suffice

Note: This linter can be disabled with `set_option linter.unnecessarySeqFocus false`
warning: lean/PvNP/RealizableHardness/TripleRestrictionRank.lean:121:20: This simp argument is unused:
  hd

Hint: Omit it from the simp argument list.
  [apply] simp

Note: This linter can be disabled with `set_option linter.unusedSimpArgs false`
warning: lean/PvNP/RealizableHardness/TripleRestrictionRank.lean:190:15: This simp argument is unused:
  Module.finrank_pi

Hint: Omit it from the simp argument list.
  [apply] simp [Coeff]

Note: This linter can be disabled with `set_option linter.unusedSimpArgs false`
warning: lean/PvNP/RealizableHardness/TripleRestrictionRank.lean:224:15: `if_pos` has been deprecated: Use `ite_eq_left` instead
warning: lean/PvNP/RealizableHardness/TripleRestrictionRank.lean:234:15: `if_neg` has been deprecated: Use `ite_eq_right` instead
warning: lean/PvNP/RealizableHardness/TripleRestrictionRank.lean:257:25: This simp argument is unused:
  Coeff

Hint: Omit it from the simp argument list.
  [apply] simp [s, Fintype.card_fun, ZMod.card]

Note: This linter can be disabled with `set_option linter.unusedSimpArgs false`
warning: lean/PvNP/RealizableHardness/TripleRestrictionRank.lean:257:32: This simp argument is unused:
  Fintype.card_fun

Hint: Omit it from the simp argument list.
  [apply] simp [s, Coeff, ZMod.card]

Note: This linter can be disabled with `set_option linter.unusedSimpArgs false`
warning: lean/PvNP/RealizableHardness/TripleRestrictionRank.lean:335:49: This simp argument is unused:
  mul_assoc

Hint: Omit it from the simp argument list.
  [apply] simp [evaluate, Finset.mul_sum, mul_left_comm]

Note: This linter can be disabled with `set_option linter.unusedSimpArgs false`
warning: lean/PvNP/RealizableHardness/TripleRestrictionRank.lean:433:69: This simp argument is unused:
  Module.finrank_pi

Hint: Omit it from the simp argument list.
  [apply] simp [Coeff]

Note: This linter can be disabled with `set_option linter.unusedSimpArgs false`
⚠ [3112/3226] Replayed PvNP.RealizableHardness.SubspaceRestriction
warning: lean/PvNP/RealizableHardness/SubspaceRestriction.lean:123:52: This simp argument is unused:
  Module.finrank_pi

Hint: Omit it from the simp argument list.
  [apply] simp [codim, TripleRestrictionRank.Vector, Coord, Nat.mul_comm]

Note: This linter can be disabled with `set_option linter.unusedSimpArgs false`
warning: lean/PvNP/RealizableHardness/SubspaceRestriction.lean:126:52: This simp argument is unused:
  Module.finrank_pi

Hint: Omit it from the simp argument list.
  [apply] simp [codim, TripleRestrictionRank.Vector, Coord]

Note: This linter can be disabled with `set_option linter.unusedSimpArgs false`
⚠ [3113/3226] Replayed PvNP.RealizableHardness.PosteriorReweighting
warning: lean/PvNP/RealizableHardness/PosteriorReweighting.lean:25:0: automatically included section variable(s) unused in theorem `PvNP.RealizableHardness.PosteriorReweighting.marginal_nonneg`:
  [Fintype Q]
consider restructuring your `variable` declarations so that the variables are not in scope or explicitly omit them:
  omit [Fintype Q] in theorem ...

Note: This linter can be disabled with `set_option linter.unusedSectionVars false`
warning: lean/PvNP/RealizableHardness/PosteriorReweighting.lean:36:0: automatically included section variable(s) unused in theorem `PvNP.RealizableHardness.PosteriorReweighting.posterior_normalized`:
  [Fintype Q]
consider restructuring your `variable` declarations so that the variables are not in scope or explicitly omit them:
  omit [Fintype Q] in theorem ...

Note: This linter can be disabled with `set_option linter.unusedSectionVars false`
warning: lean/PvNP/RealizableHardness/PosteriorReweighting.lean:41:0: automatically included section variable(s) unused in theorem `PvNP.RealizableHardness.PosteriorReweighting.bayes_mass`:
  [Fintype Q]
consider restructuring your `variable` declarations so that the variables are not in scope or explicitly omit them:
  omit [Fintype Q] in theorem ...

Note: This linter can be disabled with `set_option linter.unusedSectionVars false`
warning: lean/PvNP/RealizableHardness/PosteriorReweighting.lean:46:0: automatically included section variable(s) unused in theorem `PvNP.RealizableHardness.PosteriorReweighting.zero_prior`:
  [Fintype Q]
consider restructuring your `variable` declarations so that the variables are not in scope or explicitly omit them:
  omit [Fintype Q] in theorem ...

Note: This linter can be disabled with `set_option linter.unusedSectionVars false`
warning: lean/PvNP/RealizableHardness/PosteriorReweighting.lean:49:0: automatically included section variable(s) unused in theorem `PvNP.RealizableHardness.PosteriorReweighting.bayes_ratio`:
  [Fintype Q]
consider restructuring your `variable` declarations so that the variables are not in scope or explicitly omit them:
  omit [Fintype Q] in theorem ...

Note: This linter can be disabled with `set_option linter.unusedSectionVars false`
warning: lean/PvNP/RealizableHardness/PosteriorReweighting.lean:56:0: automatically included section variable(s) unused in theorem `PvNP.RealizableHardness.PosteriorReweighting.joint_zero_of_marginal_zero`:
  [Fintype Q]
consider restructuring your `variable` declarations so that the variables are not in scope or explicitly omit them:
  omit [Fintype Q] in theorem ...

Note: This linter can be disabled with `set_option linter.unusedSectionVars false`
warning: lean/PvNP/RealizableHardness/PosteriorReweighting.lean:88:29: This simp argument is unused:
  hb

Hint: Omit it from the simp argument list.
  [apply] simp [hg, hr]

Note: This linter can be disabled with `set_option linter.unusedSimpArgs false`
warning: lean/PvNP/RealizableHardness/PosteriorReweighting.lean:90:17: This simp argument is unused:
  hb

Hint: Omit it from the simp argument list.
  [apply] simp only [hg, Bool.not_false, Bool.true_eq, ite_true]

Note: This linter can be disabled with `set_option linter.unusedSimpArgs false`
warning: lean/PvNP/RealizableHardness/PosteriorReweighting.lean:90:41: This simp argument is unused:
  Bool.true_eq

Hint: Omit it from the simp argument list.
  [apply] simp only [hb, hg, Bool.not_false, ite_true]

Note: This linter can be disabled with `set_option linter.unusedSimpArgs false`
warning: lean/PvNP/RealizableHardness/PosteriorReweighting.lean:100:20: Variable name `hz` is not explicitly referenced.

Hint: The binding can be removed (if unused) or named `_` (if used implicitly). Alternatively, prefix the name with `_` to silence this warning:
  [apply] _hz

Note: This linter can be disabled with `set_option linter.unusedVariables false`
warning: lean/PvNP/RealizableHardness/PosteriorReweighting.lean:109:17: This simp argument is unused:
  hg

Hint: Omit it from the simp argument list.
  [apply] simp only [Bool.not_false, Bool.true_eq, ite_true]

Note: This linter can be disabled with `set_option linter.unusedSimpArgs false`
warning: lean/PvNP/RealizableHardness/PosteriorReweighting.lean:109:37: This simp argument is unused:
  Bool.true_eq

Hint: Omit it from the simp argument list.
  [apply] simp only [hg, Bool.not_false, ite_true]

Note: This linter can be disabled with `set_option linter.unusedSimpArgs false`
warning: lean/PvNP/RealizableHardness/PosteriorReweighting.lean:116:17: This simp argument is unused:
  hg

Hint: Omit it from the simp argument list.
  [apply] simp only [Bool.not_true, Bool.false_eq_true, ite_false, add_zero]

Note: This linter can be disabled with `set_option linter.unusedSimpArgs false`
⚠ [3114/3226] Replayed PvNP.RealizableHardness.GrassmannIncidence
warning: lean/PvNP/RealizableHardness/GrassmannIncidence.lean:64:2: Try this: 
  letI̵

The goal is a proposition, so `let` is preferred over `letI`.
The difference between `let` and `letI` is that `letI` inlines the value.
But this is not relevant for proofs because of proof irrelevance.

Note: This linter can be disabled with `set_option linter.style.haveILetI false`
warning: lean/PvNP/RealizableHardness/GrassmannIncidence.lean:79:17: This simp argument is unused:
  Module.finrank_pi

Hint: Omit it from the simp argument list.
  [apply] simp [Coeff]

Note: This linter can be disabled with `set_option linter.unusedSimpArgs false`
⚠ [3116/3226] Replayed PvNP.RealizableHardness.GrassmannCounting
warning: lean/PvNP/RealizableHardness/GrassmannCounting.lean:28:2: Try this: 
  letI̵

The goal is a proposition, so `let` is preferred over `letI`.
The difference between `let` and `letI` is that `letI` inlines the value.
But this is not relevant for proofs because of proof irrelevance.

Note: This linter can be disabled with `set_option linter.style.haveILetI false`
warning: lean/PvNP/RealizableHardness/GrassmannCounting.lean:60:0: automatically included section variable(s) unused in theorem `PvNP.RealizableHardness.GrassmannCounting.flatten_surjective`:
  [Finite V]
consider restructuring your `variable` declarations so that the variables are not in scope or explicitly omit them:
  omit [Finite V] in theorem ...

Note: This linter can be disabled with `set_option linter.unusedSectionVars false`
warning: lean/PvNP/RealizableHardness/GrassmannCounting.lean:111:2: Try this: 
  letI̵

The goal is a proposition, so `let` is preferred over `letI`.
The difference between `let` and `letI` is that `letI` inlines the value.
But this is not relevant for proofs because of proof irrelevance.

Note: This linter can be disabled with `set_option linter.style.haveILetI false`
warning: lean/PvNP/RealizableHardness/GrassmannCounting.lean:119:18: `if_pos` has been deprecated: Use `ite_eq_left` instead
warning: lean/PvNP/RealizableHardness/GrassmannCounting.lean:120:18: `if_neg` has been deprecated: Use `ite_eq_right` instead
warning: lean/PvNP/RealizableHardness/GrassmannCounting.lean:135:0: automatically included section variable(s) unused in theorem `PvNP.RealizableHardness.GrassmannCounting.include_injective`:
  [Finite V]
consider restructuring your `variable` declarations so that the variables are not in scope or explicitly omit them:
  omit [Finite V] in theorem ...

Note: This linter can be disabled with `set_option linter.unusedSectionVars false`
warning: lean/PvNP/RealizableHardness/GrassmannCounting.lean:144:0: automatically included section variable(s) unused in theorem `PvNP.RealizableHardness.GrassmannCounting.include_surjective`:
  [Finite V]
consider restructuring your `variable` declarations so that the variables are not in scope or explicitly omit them:
  omit [Finite V] in theorem ...

Note: This linter can be disabled with `set_option linter.unusedSectionVars false`
⚠ [3117/3226] Replayed PvNP.RealizableHardness.ActualMaximalPairLadder
warning: lean/PvNP/RealizableHardness/ActualMaximalPairLadder.lean:57:0: automatically included section variable(s) unused in theorem `PvNP.RealizableHardness.ActualMaximalPairLadder.compatibleExtension_refl`:
  [Fintype V]
consider restructuring your `variable` declarations so that the variables are not in scope or explicitly omit them:
  omit [Fintype V] in theorem ...

Note: This linter can be disabled with `set_option linter.unusedSectionVars false`
warning: lean/PvNP/RealizableHardness/ActualMaximalPairLadder.lean:63:0: automatically included section variable(s) unused in theorem `PvNP.RealizableHardness.ActualMaximalPairLadder.compatibleExtension_trans`:
  [Fintype V]
consider restructuring your `variable` declarations so that the variables are not in scope or explicitly omit them:
  omit [Fintype V] in theorem ...

Note: This linter can be disabled with `set_option linter.unusedSectionVars false`
warning: lean/PvNP/RealizableHardness/ActualMaximalPairLadder.lean:147:5: Variable name `h` is not explicitly referenced.

Hint: The binding can be removed (if unused) or named `_` (if used implicitly). Alternatively, prefix the name with `_` to silence this warning:
  [apply] _h

Note: This linter can be disabled with `set_option linter.unusedVariables false`
warning: lean/PvNP/RealizableHardness/ActualMaximalPairLadder.lean:227:32: Used `tac1 <;> tac2` where `(tac1; tac2)` would suffice

Note: This linter can be disabled with `set_option linter.unnecessarySeqFocus false`
⚠ [3118/3226] Replayed PvNP.RealizableHardness.ActualFiniteLaw
warning: lean/PvNP/RealizableHardness/ActualFiniteLaw.lean:84:21: `if_true` has been deprecated: Use `ite_true` instead
warning: lean/PvNP/RealizableHardness/ActualFiniteLaw.lean:86:21: `if_false` has been deprecated: Use `ite_false` instead
warning: lean/PvNP/RealizableHardness/ActualFiniteLaw.lean:86:31: This simp argument is unused:
  zero_mul

Hint: Omit it from the simp argument list.
  [apply] simp only [hx, if_false]

Note: This linter can be disabled with `set_option linter.unusedSimpArgs false`
warning: lean/PvNP/RealizableHardness/ActualFiniteLaw.lean:241:60: This simp argument is unused:
  hn

Hint: Omit it from the simp argument list.
  [apply] simp [Finset.sum_const, Finset.card_univ, nsmul_eq_mul]

Note: This linter can be disabled with `set_option linter.unusedSimpArgs false`
warning: lean/PvNP/RealizableHardness/ActualFiniteLaw.lean:368:2: Try this: 
  letI̵

The goal is a proposition, so `let` is preferred over `letI`.
The difference between `let` and `letI` is that `letI` inlines the value.
But this is not relevant for proofs because of proof irrelevance.

Note: This linter can be disabled with `set_option linter.style.haveILetI false`
⚠ [3119/3226] Replayed PvNP.RealizableHardness.ActualFiniteIncidenceSampling
warning: lean/PvNP/RealizableHardness/ActualFiniteIncidenceSampling.lean:179:32: This simp argument is unused:
  Finset.mem_filter

Hint: Omit it from the simp argument list.
  [apply] simp only [Finset.sum_filter]

Note: This linter can be disabled with `set_option linter.unusedSimpArgs false`
warning: lean/PvNP/RealizableHardness/ActualFiniteIncidenceSampling.lean:281:34: This simp argument is unused:
  Finset.mem_univ

Hint: Omit it from the simp argument list.
  [apply] simp only [Finset.sum_filter, ite_true]

Note: This linter can be disabled with `set_option linter.unusedSimpArgs false`
warning: lean/PvNP/RealizableHardness/ActualFiniteIncidenceSampling.lean:281:51: This simp argument is unused:
  ite_true

Hint: Omit it from the simp argument list.
  [apply] simp only [Finset.sum_filter, Finset.mem_univ]

Note: This linter can be disabled with `set_option linter.unusedSimpArgs false`
warning: lean/PvNP/RealizableHardness/ActualFiniteIncidenceSampling.lean:598:10: `if_pos` has been deprecated: Use `ite_eq_left` instead
warning: lean/PvNP/RealizableHardness/ActualFiniteIncidenceSampling.lean:570:34: This simp argument is unused:
  Finset.mem_univ

Hint: Omit it from the simp argument list.
  [apply] simp only [Finset.sum_filter, ite_true]

Note: This linter can be disabled with `set_option linter.unusedSimpArgs false`
warning: lean/PvNP/RealizableHardness/ActualFiniteIncidenceSampling.lean:570:51: This simp argument is unused:
  ite_true

Hint: Omit it from the simp argument list.
  [apply] simp only [Finset.sum_filter, Finset.mem_univ]

Note: This linter can be disabled with `set_option linter.unusedSimpArgs false`
warning: lean/PvNP/RealizableHardness/ActualFiniteIncidenceSampling.lean:707:25: `if_true` has been deprecated: Use `ite_true` instead
warning: lean/PvNP/RealizableHardness/ActualFiniteIncidenceSampling.lean:707:15: This simp argument is unused:
  Prod.fst

Hint: Omit it from the simp argument list.
  [apply] simp only [if_true]

Note: This linter can be disabled with `set_option linter.unusedSimpArgs false`
warning: lean/PvNP/RealizableHardness/ActualFiniteIncidenceSampling.lean:770:32: This simp argument is unused:
  Finset.mem_univ

Hint: Omit it from the simp argument list.
  [apply] simp only [Finset.sum_filter, ite_true]

Note: This linter can be disabled with `set_option linter.unusedSimpArgs false`
warning: lean/PvNP/RealizableHardness/ActualFiniteIncidenceSampling.lean:770:49: This simp argument is unused:
  ite_true

Hint: Omit it from the simp argument list.
  [apply] simp only [Finset.sum_filter, Finset.mem_univ]

Note: This linter can be disabled with `set_option linter.unusedSimpArgs false`
warning: lean/PvNP/RealizableHardness/ActualFiniteIncidenceSampling.lean:790:2: Try this: 
  letI̵

The goal is a proposition, so `let` is preferred over `letI`.
The difference between `let` and `letI` is that `letI` inlines the value.
But this is not relevant for proofs because of proof irrelevance.

Note: This linter can be disabled with `set_option linter.style.haveILetI false`
warning: lean/PvNP/RealizableHardness/ActualFiniteIncidenceSampling.lean:809:8: `if_neg` has been deprecated: Use `ite_eq_right` instead
⚠ [3120/3226] Replayed PvNP.RealizableHardness.ActualStarQuestionSupport
warning: lean/PvNP/RealizableHardness/ActualStarQuestionSupport.lean:16:0: automatically included section variable(s) unused in theorem `PvNP.RealizableHardness.ActualStarQuestionSupport.excluded_row_points_eq`:
  [Fintype X]
  [Fintype E]
consider restructuring your `variable` declarations so that the variables are not in scope or explicitly omit them:
  omit [Fintype X] [Fintype E] in theorem ...

Note: This linter can be disabled with `set_option linter.unusedSectionVars false`
info: lean/PvNP/RealizableHardness/ActualStarQuestionSupport.lean:84:0: 'PvNP.RealizableHardness.ActualStarQuestionSupport.excluded_row_points_eq' depends on axioms: [propext,
 Classical.choice,
 Quot.sound]
info: lean/PvNP/RealizableHardness/ActualStarQuestionSupport.lean:85:0: 'PvNP.RealizableHardness.ActualStarQuestionSupport.excluded_row_overlap_le_one' depends on axioms: [propext,
 Classical.choice,
 Quot.sound]
info: lean/PvNP/RealizableHardness/ActualStarQuestionSupport.lean:86:0: 'PvNP.RealizableHardness.ActualStarQuestionSupport.new_row_private_coordinate' depends on axioms: [propext,
 Classical.choice,
 Quot.sound]
⚠ [3121/3226] Replayed PvNP.RealizableHardness.ActualStarSpanIntersection
warning: lean/PvNP/RealizableHardness/ActualStarSpanIntersection.lean:33:0: automatically included section variable(s) unused in theorem `PvNP.RealizableHardness.ActualStarSpanIntersection.equationVector_mem_coordinateSpace`:
  [Fintype X]
  [Fintype E]
  [DecidableEq E]
consider restructuring your `variable` declarations so that the variables are not in scope or explicitly omit them:
  omit [Fintype X] [Fintype E] [DecidableEq E] in theorem ...

Note: This linter can be disabled with `set_option linter.unusedSectionVars false`
warning: lean/PvNP/RealizableHardness/ActualStarSpanIntersection.lean:43:0: automatically included section variable(s) unused in theorem `PvNP.RealizableHardness.ActualStarSpanIntersection.equationVector_mem_equationSpan`:
  [Fintype X]
  [Fintype E]
  [DecidableEq E]
consider restructuring your `variable` declarations so that the variables are not in scope or explicitly omit them:
  omit [Fintype X] [Fintype E] [DecidableEq E] in theorem ...

Note: This linter can be disabled with `set_option linter.unusedSectionVars false`
info: lean/PvNP/RealizableHardness/ActualStarSpanIntersection.lean:109:0: 'PvNP.RealizableHardness.ActualStarSpanIntersection.equationSpan_inf_coordinateSpace' depends on axioms: [propext,
 Classical.choice,
 Quot.sound]
⚠ [3258/3394] Replayed PvNP.RealizableHardness.EqualityGadget
warning: lean/PvNP/RealizableHardness/EqualityGadget.lean:112:0: automatically included section variable(s) unused in theorem `PvNP.RealizableHardness.EqualityGadget.relabeled_row_injective`:
  [DecidableEq V]
consider restructuring your `variable` declarations so that the variables are not in scope or explicitly omit them:
  omit [DecidableEq V] in theorem ...

Note: This linter can be disabled with `set_option linter.unusedSectionVars false`
warning: lean/PvNP/RealizableHardness/EqualityGadget.lean:115:0: automatically included section variable(s) unused in theorem `PvNP.RealizableHardness.EqualityGadget.relabeled_support_card`:
  [DecidableEq V]
consider restructuring your `variable` declarations so that the variables are not in scope or explicitly omit them:
  omit [DecidableEq V] in theorem ...

Note: This linter can be disabled with `set_option linter.unusedSectionVars false`
warning: lean/PvNP/RealizableHardness/EqualityGadget.lean:118:0: automatically included section variable(s) unused in theorem `PvNP.RealizableHardness.EqualityGadget.relabeled_support_injective`:
  [DecidableEq V]
consider restructuring your `variable` declarations so that the variables are not in scope or explicitly omit them:
  omit [DecidableEq V] in theorem ...

Note: This linter can be disabled with `set_option linter.unusedSectionVars false`
warning: lean/PvNP/RealizableHardness/EqualityGadget.lean:144:0: automatically included section variable(s) unused in theorem `PvNP.RealizableHardness.EqualityGadget.relabeled_satisfied`:
  [DecidableEq V]
consider restructuring your `variable` declarations so that the variables are not in scope or explicitly omit them:
  omit [DecidableEq V] in theorem ...

Note: This linter can be disabled with `set_option linter.unusedSectionVars false`
warning: lean/PvNP/RealizableHardness/EqualityGadget.lean:148:0: automatically included section variable(s) unused in theorem `PvNP.RealizableHardness.EqualityGadget.relabeled_violations_lower`:
  [DecidableEq V]
consider restructuring your `variable` declarations so that the variables are not in scope or explicitly omit them:
  omit [DecidableEq V] in theorem ...

Note: This linter can be disabled with `set_option linter.unusedSectionVars false`
⚠ [3265/3394] Replayed PvNP.RealizableHardness.BinaryMatrixA15A1Carrier
warning: lean/PvNP/RealizableHardness/BinaryMatrixA15A1Carrier.lean:24:9: Variable name `x` is not explicitly referenced.

Hint: The binding can be removed (if unused) or named `_` (if used implicitly). Alternatively, prefix the name with `_` to silence this warning:
  [apply] _x

Note: This linter can be disabled with `set_option linter.unusedVariables false`
warning: lean/PvNP/RealizableHardness/BinaryMatrixA15A1Carrier.lean:24:11: Variable name `y` is not explicitly referenced.

Hint: The binding can be removed (if unused) or named `_` (if used implicitly). Alternatively, prefix the name with `_` to silence this warning:
  [apply] _y

Note: This linter can be disabled with `set_option linter.unusedVariables false`
⚠ [3269/3394] Replayed PvNP.RealizableHardness.ActualBinaryMatrixHC46A18Conditioning
warning: lean/PvNP/RealizableHardness/ActualBinaryMatrixHC46A18Conditioning.lean:57:4: Unused tactic linter: `change dualRestriction A (φ.1 - φ₀) = 0` does nothing

Note: This linter can be disabled with `set_option linter.unusedTactic false`
warning: lean/PvNP/RealizableHardness/ActualBinaryMatrixHC46A18Conditioning.lean:60:4: Unused tactic linter: `change dualRestriction A (δ.1 + φ₀) = ψ` does nothing

Note: This linter can be disabled with `set_option linter.unusedTactic false`
warning: lean/PvNP/RealizableHardness/ActualBinaryMatrixHC46A18Conditioning.lean:110:4: Unused tactic linter: `change dualRestrictionAt A w (φ.1 - φ₀) = 0` does nothing

Note: This linter can be disabled with `set_option linter.unusedTactic false`
warning: lean/PvNP/RealizableHardness/ActualBinaryMatrixHC46A18Conditioning.lean:113:4: Unused tactic linter: `change dualRestrictionAt A w (δ.1 + φ₀) = z` does nothing

Note: This linter can be disabled with `set_option linter.unusedTactic false`
⚠ [3270/3394] Replayed PvNP.RealizableHardness.ActualBinaryMatrixHC46A18QuotientSamplingLaw
warning: lean/PvNP/RealizableHardness/ActualBinaryMatrixHC46A18QuotientSamplingLaw.lean:42:29: Variable name `ha` is not explicitly referenced.

Hint: The binding can be removed (if unused) or named `_` (if used implicitly). Alternatively, prefix the name with `_` to silence this warning:
  [apply] _ha

Note: This linter can be disabled with `set_option linter.unusedVariables false`
warning: lean/PvNP/RealizableHardness/ActualBinaryMatrixHC46A18QuotientSamplingLaw.lean:82:4: Unused tactic linter: `change Submodule.mkQ (functionalKernelInAmbient A phi) (c • (v : X)) = y` does nothing

Note: This linter can be disabled with `set_option linter.unusedTactic false`
warning: lean/PvNP/RealizableHardness/ActualBinaryMatrixHC46A18QuotientSamplingLaw.lean:95:29: Variable name `ha` is not explicitly referenced.

Hint: The binding can be removed (if unused) or named `_` (if used implicitly). Alternatively, prefix the name with `_` to silence this warning:
  [apply] _ha

Note: This linter can be disabled with `set_option linter.unusedVariables false`
warning: lean/PvNP/RealizableHardness/ActualBinaryMatrixHC46A18QuotientSamplingLaw.lean:295:19: This simp argument is unused:
  vk

Hint: Omit it from the simp argument list.
  [apply] simp [eVmap]

Note: This linter can be disabled with `set_option linter.unusedSimpArgs false`
warning: lean/PvNP/RealizableHardness/ActualBinaryMatrixHC46A18QuotientSamplingLaw.lean:316:12: This simp argument is unused:
  phi₀

Hint: Omit it from the simp argument list.
  [apply] simp [pK, z, eSplit]

Note: This linter can be disabled with `set_option linter.unusedSimpArgs false`
warning: lean/PvNP/RealizableHardness/ActualBinaryMatrixHC46A18QuotientSamplingLaw.lean:336:31: Variable name `ha` is not explicitly referenced.

Hint: The binding can be removed (if unused) or named `_` (if used implicitly). Alternatively, prefix the name with `_` to silence this warning:
  [apply] _ha

Note: This linter can be disabled with `set_option linter.unusedVariables false`
warning: lean/PvNP/RealizableHardness/ActualBinaryMatrixHC46A18QuotientSamplingLaw.lean:503:8: try 'simp' instead of 'simpa'

Note: This linter can be disabled with `set_option linter.unnecessarySimpa false`
warning: lean/PvNP/RealizableHardness/ActualBinaryMatrixHC46A18QuotientSamplingLaw.lean:510:12: This simp argument is unused:
  LinearMap.comp_apply

Hint: Omit it from the simp argument list.
  [apply] simp [LinearEquiv.apply_symm_apply]

Note: This linter can be disabled with `set_option linter.unusedSimpArgs false`
warning: lean/PvNP/RealizableHardness/ActualBinaryMatrixHC46A18QuotientSamplingLaw.lean:510:34: This simp argument is unused:
  LinearEquiv.apply_symm_apply

Hint: Omit it from the simp argument list.
  [apply] simp [LinearMap.comp_apply]

Note: This linter can be disabled with `set_option linter.unusedSimpArgs false`
warning: lean/PvNP/RealizableHardness/ActualBinaryMatrixHC46A18QuotientSamplingLaw.lean:681:13: This simp argument is unused:
  LinearMap.codRestrict_apply

Hint: Omit it from the simp argument list.
  [apply] simp [N]

Note: This linter can be disabled with `set_option linter.unusedSimpArgs false`
⚠ [3271/3394] Replayed PvNP.RealizableHardness.ActualBinaryMatrixHC46A18SourceConditioning
warning: lean/PvNP/RealizableHardness/ActualBinaryMatrixHC46A18SourceConditioning.lean:42:35: Variable name `hB` is not explicitly referenced.

Hint: The binding can be removed (if unused) or named `_` (if used implicitly). Alternatively, prefix the name with `_` to silence this warning:
  [apply] _hB

Note: This linter can be disabled with `set_option linter.unusedVariables false`
warning: lean/PvNP/RealizableHardness/ActualBinaryMatrixHC46A18SourceConditioning.lean:77:37: This simp argument is unused:
  add_left_comm

Hint: Omit it from the simp argument list.
  [apply] simp [sub_eq_add_neg, add_assoc, add_comm]

Note: This linter can be disabled with `set_option linter.unusedSimpArgs false`
warning: lean/PvNP/RealizableHardness/ActualBinaryMatrixHC46A18SourceConditioning.lean:77:52: This simp argument is unused:
  add_comm

Hint: Omit it from the simp argument list.
  [apply] simp [sub_eq_add_neg, add_assoc, add_left_comm]

Note: This linter can be disabled with `set_option linter.unusedSimpArgs false`
warning: lean/PvNP/RealizableHardness/ActualBinaryMatrixHC46A18SourceConditioning.lean:81:26: This simp argument is unused:
  add_assoc

Hint: Omit it from the simp argument list.
  [apply] simp [sub_eq_add_neg, add_left_comm, add_comm]

Note: This linter can be disabled with `set_option linter.unusedSimpArgs false`
warning: lean/PvNP/RealizableHardness/ActualBinaryMatrixHC46A18SourceConditioning.lean:313:34: This simp argument is unused:
  LinearEquiv.apply_symm_apply

Hint: Omit it from the simp argument list.
  [apply] simp [LinearMap.comp_apply]

Note: This linter can be disabled with `set_option linter.unusedSimpArgs false`
warning: lean/PvNP/RealizableHardness/ActualBinaryMatrixHC46A18SourceConditioning.lean:316:10: Unused tactic linter: `change (eW.symm.toLinearMap.comp (eW.toLinearMap.comp T.1)) qv = wExt` does nothing

Note: This linter can be disabled with `set_option linter.unusedTactic false`
⚠ [3274/3394] Replayed PvNP.RealizableHardness.BernoulliMGF
warning: lean/PvNP/RealizableHardness/BernoulliMGF.lean:32:17: This simp argument is unused:
  gap

Hint: Omit it from the simp argument list.
  [apply] simp only [gapSlope, id_eq]

Note: This linter can be disabled with `set_option linter.unusedSimpArgs false`
info: lean/PvNP/RealizableHardness/BernoulliMGF.lean:101:4: Try this:
  [apply] ring_nf
  
  The `ring` tactic failed to close the goal. Use `ring_nf` to obtain a normal form.
    
  Note that `ring` works primarily in *commutative* rings. If you have a noncommutative ring, abelian group or module, consider using `noncomm_ring`, `abel` or `module` instead.
⚠ [3275/3394] Replayed PvNP.RealizableHardness.FiniteConcentration
warning: lean/PvNP/RealizableHardness/FiniteConcentration.lean:180:8: `if_pos` has been deprecated: Use `ite_eq_left` instead
warning: lean/PvNP/RealizableHardness/FiniteConcentration.lean:184:8: `if_neg` has been deprecated: Use `ite_eq_right` instead
warning: lean/PvNP/RealizableHardness/FiniteConcentration.lean:220:22: This simp argument is unused:
  Fintype.card_fun

Hint: Omit it from the simp argument list.
  [apply] simp

Note: This linter can be disabled with `set_option linter.unusedSimpArgs false`
⚠ [3276/3394] Replayed PvNP.RealizableHardness.DropCountTail
warning: lean/PvNP/RealizableHardness/DropCountTail.lean:53:48: This simp argument is unused:
  Fin.sum_univ_succ

Hint: Omit it from the simp argument list.
  [apply] simp [Fintype.sum_option, blockMass, dropped]

Note: This linter can be disabled with `set_option linter.unusedSimpArgs false`
warning: lean/PvNP/RealizableHardness/DropCountTail.lean:54:2: Used `tac1 <;> tac2` where `(tac1; tac2)` would suffice

Note: This linter can be disabled with `set_option linter.unnecessarySeqFocus false`
warning: lean/PvNP/RealizableHardness/DropCountTail.lean:129:8: Unused tactic linter: `ring` does nothing

Note: This linter can be disabled with `set_option linter.unusedTactic false`
warning: lean/PvNP/RealizableHardness/DropCountTail.lean:129:8: this tactic is never executed

Note: This linter can be disabled with `set_option linter.unreachableTactic false`
warning: lean/PvNP/RealizableHardness/DropCountTail.lean:158:8: `if_neg` has been deprecated: Use `ite_eq_right` instead
warning: lean/PvNP/RealizableHardness/DropCountTail.lean:170:31: This simp argument is unused:
  h

Hint: Omit it from the simp argument list.
  [apply] simp [blockMass]

Note: This linter can be disabled with `set_option linter.unusedSimpArgs false`
⚠ [3278/3394] Replayed PvNP.RealizableHardness.DropTailParameters
warning: lean/PvNP/RealizableHardness/DropTailParameters.lean:3:0: 'Mathlib.Data.Real.Archimedean' has been deprecated: please replace this import by

import Mathlib.Algebra.Order.AbsoluteValue.Basic
import Mathlib.Data.Rat.Floor
warning: lean/PvNP/RealizableHardness/DropTailParameters.lean:97:6: Unused tactic linter: `ring` does nothing

Note: This linter can be disabled with `set_option linter.unusedTactic false`
warning: lean/PvNP/RealizableHardness/DropTailParameters.lean:97:6: this tactic is never executed

Note: This linter can be disabled with `set_option linter.unreachableTactic false`
⚠ [3280/3394] Replayed PvNP.RealizableHardness.SamplerProximity
warning: lean/PvNP/RealizableHardness/SamplerProximity.lean:102:12: Used `tac1 <;> tac2` where `(tac1; tac2)` would suffice

Note: This linter can be disabled with `set_option linter.unnecessarySeqFocus false`
warning: lean/PvNP/RealizableHardness/SamplerProximity.lean:127:12: Used `tac1 <;> tac2` where `(tac1; tac2)` would suffice

Note: This linter can be disabled with `set_option linter.unnecessarySeqFocus false`
⚠ [3281/3394] Replayed PvNP.RealizableHardness.PosteriorDensity
warning: lean/PvNP/RealizableHardness/PosteriorDensity.lean:13:17: Variable name `Q` is not explicitly referenced.

Hint: The binding can be removed (if unused) or named `_` (if used implicitly). Alternatively, prefix the name with `_` to silence this warning:
  [apply] _Q

Note: This linter can be disabled with `set_option linter.unusedVariables false`
warning: lean/PvNP/RealizableHardness/PosteriorDensity.lean:19:47: This simp argument is unused:
  Module.finrank_pi

Hint: Omit it from the simp argument list.
  [apply] simp [TripleRestrictionRank.Vector, Coord, Nat.mul_comm]

Note: This linter can be disabled with `set_option linter.unusedSimpArgs false`
warning: lean/PvNP/RealizableHardness/PosteriorDensity.lean:57:16: `if_pos` has been deprecated: Use `ite_eq_left` instead
warning: lean/PvNP/RealizableHardness/PosteriorDensity.lean:71:16: `if_neg` has been deprecated: Use `ite_eq_right` instead
warning: lean/PvNP/RealizableHardness/PosteriorDensity.lean:68:10: Unused tactic linter: `ring` does nothing

Note: This linter can be disabled with `set_option linter.unusedTactic false`
warning: lean/PvNP/RealizableHardness/PosteriorDensity.lean:68:10: this tactic is never executed

Note: This linter can be disabled with `set_option linter.unreachableTactic false`
⚠ [3282/3394] Replayed PvNP.RealizableHardness.AdviceExceptions
warning: lean/PvNP/RealizableHardness/AdviceExceptions.lean:34:17: This simp argument is unused:
  hb

Hint: Omit it from the simp argument list.
  [apply] simp only [Bool.false_eq_true, ite_false, sub_self, mul_zero]

Note: This linter can be disabled with `set_option linter.unusedSimpArgs false`
warning: lean/PvNP/RealizableHardness/AdviceExceptions.lean:37:17: This simp argument is unused:
  hb

Hint: Omit it from the simp argument list.
  [apply] simp only [Bool.true_eq, ite_true]

Note: This linter can be disabled with `set_option linter.unusedSimpArgs false`
warning: lean/PvNP/RealizableHardness/AdviceExceptions.lean:37:21: This simp argument is unused:
  Bool.true_eq

Hint: Omit it from the simp argument list.
  [apply] simp only [hb, ite_true]

Note: This linter can be disabled with `set_option linter.unusedSimpArgs false`
warning: lean/PvNP/RealizableHardness/AdviceExceptions.lean:104:32: This simp argument is unused:
  Bool.true_eq

Hint: Omit it from the simp argument list.
  [apply] simp only [hd, decide_true, ite_true]

Note: This linter can be disabled with `set_option linter.unusedSimpArgs false`
warning: lean/PvNP/RealizableHardness/AdviceExceptions.lean:137:43: This simp argument is unused:
  Bool.true_eq

Hint: Omit it from the simp argument list.
  [apply] simp only [badTail, hb, decide_true, ite_true]

Note: This linter can be disabled with `set_option linter.unusedSimpArgs false`
warning: lean/PvNP/RealizableHardness/AdviceExceptions.lean:167:46: This simp argument is unused:
  Bool.true_eq

Hint: Omit it from the simp argument list.
  [apply] simp only [lowMarginal, h, decide_true, ite_true]

Note: This linter can be disabled with `set_option linter.unusedSimpArgs false`
⚠ [3284/3394] Replayed PvNP.RealizableHardness.CoveringTV
warning: lean/PvNP/RealizableHardness/CoveringTV.lean:22:0: automatically included section variable(s) unused in theorem `PvNP.RealizableHardness.CoveringTV.zeroIndicator_nonneg`:
  [Fintype S]
consider restructuring your `variable` declarations so that the variables are not in scope or explicitly omit them:
  omit [Fintype S] in theorem ...

Note: This linter can be disabled with `set_option linter.unusedSectionVars false`
warning: lean/PvNP/RealizableHardness/CoveringTV.lean:26:0: automatically included section variable(s) unused in theorem `PvNP.RealizableHardness.CoveringTV.zeroIndicator_sq`:
  [Fintype S]
consider restructuring your `variable` declarations so that the variables are not in scope or explicitly omit them:
  omit [Fintype S] in theorem ...

Note: This linter can be disabled with `set_option linter.unusedSectionVars false`
warning: lean/PvNP/RealizableHardness/CoveringTV.lean:51:2: Try this: 
  letI̵

The goal is a proposition, so `let` is preferred over `letI`.
The difference between `let` and `letI` is that `letI` inlines the value.
But this is not relevant for proofs because of proof irrelevance.

Note: This linter can be disabled with `set_option linter.style.haveILetI false`
warning: lean/PvNP/RealizableHardness/CoveringTV.lean:75:6: Unused tactic linter: `ring` does nothing

Note: This linter can be disabled with `set_option linter.unusedTactic false`
warning: lean/PvNP/RealizableHardness/CoveringTV.lean:75:6: this tactic is never executed

Note: This linter can be disabled with `set_option linter.unreachableTactic false`
warning: lean/PvNP/RealizableHardness/CoveringTV.lean:77:0: automatically included section variable(s) unused in theorem `PvNP.RealizableHardness.CoveringTV.cubeSum_const`:
  [Zero S]
consider restructuring your `variable` declarations so that the variables are not in scope or explicitly omit them:
  omit [Zero S] in theorem ...

Note: This linter can be disabled with `set_option linter.unusedSectionVars false`
warning: lean/PvNP/RealizableHardness/CoveringTV.lean:85:22: This simp argument is unused:
  ← Finset.sum_mul

Hint: Omit it from the simp argument list.
  [apply] simp [cubeSum, deletedRatio, Finset.sum_add_distrib, ← Finset.mul_sum, sum_zeroIndicator]

Note: Simp arguments with `←` have the additional effect of removing the other direction from the simp set, even if the simp argument itself is unused. If the hint above does not work, try replacing `←` with `-` to only get that effect and silence this warning.

Note: This linter can be disabled with `set_option linter.unusedSimpArgs false`
warning: lean/PvNP/RealizableHardness/CoveringTV.lean:86:2: Used `tac1 <;> tac2` where `(tac1; tac2)` would suffice

Note: This linter can be disabled with `set_option linter.unnecessarySeqFocus false`
warning: lean/PvNP/RealizableHardness/CoveringTV.lean:90:0: automatically included section variable(s) unused in theorem `PvNP.RealizableHardness.CoveringTV.axis_square`:
  [Fintype S]
consider restructuring your `variable` declarations so that the variables are not in scope or explicitly omit them:
  omit [Fintype S] in theorem ...

Note: This linter can be disabled with `set_option linter.unusedSectionVars false`
warning: lean/PvNP/RealizableHardness/CoveringTV.lean:112:50: This simp argument is unused:
  ← Finset.sum_mul

Hint: Omit it from the simp argument list.
  [apply] simp [Finset.sum_add_distrib, ← Finset.mul_sum, sum_zeroIndicator]

Note: Simp arguments with `←` have the additional effect of removing the other direction from the simp set, even if the simp argument itself is unused. If the hint above does not work, try replacing `←` with `-` to only get that effect and silence this warning.

Note: This linter can be disabled with `set_option linter.unusedSimpArgs false`
warning: lean/PvNP/RealizableHardness/CoveringTV.lean:114:2: Used `tac1 <;> tac2` where `(tac1; tac2)` would suffice

Note: This linter can be disabled with `set_option linter.unnecessarySeqFocus false`
warning: lean/PvNP/RealizableHardness/CoveringTV.lean:124:2: Used `tac1 <;> tac2` where `(tac1; tac2)` would suffice

Note: This linter can be disabled with `set_option linter.unnecessarySeqFocus false`
warning: lean/PvNP/RealizableHardness/CoveringTV.lean:144:2: Used `tac1 <;> tac2` where `(tac1; tac2)` would suffice

Note: This linter can be disabled with `set_option linter.unnecessarySeqFocus false`
warning: lean/PvNP/RealizableHardness/CoveringTV.lean:154:4: Try this: 
  letI̵

The goal is a proposition, so `let` is preferred over `letI`.
The difference between `let` and `letI` is that `letI` inlines the value.
But this is not relevant for proofs because of proof irrelevance.

Note: This linter can be disabled with `set_option linter.style.haveILetI false`
warning: lean/PvNP/RealizableHardness/CoveringTV.lean:216:0: automatically included section variable(s) unused in theorem `PvNP.RealizableHardness.CoveringTV.productMass_nonneg`:
  [Fintype A]
consider restructuring your `variable` declarations so that the variables are not in scope or explicitly omit them:
  omit [Fintype A] in theorem ...

Note: This linter can be disabled with `set_option linter.unusedSectionVars false`
warning: lean/PvNP/RealizableHardness/CoveringTV.lean:311:6: Unused tactic linter: `ring` does nothing

Note: This linter can be disabled with `set_option linter.unusedTactic false`
warning: lean/PvNP/RealizableHardness/CoveringTV.lean:311:6: this tactic is never executed

Note: This linter can be disabled with `set_option linter.unreachableTactic false`
⚠ [3285/3394] Replayed PvNP.RealizableHardness.CoveringSpan
warning: lean/PvNP/RealizableHardness/CoveringSpan.lean:21:0: automatically included section variable(s) unused in theorem `PvNP.RealizableHardness.CoveringSpan.push_sub`:
  [Fintype B]
consider restructuring your `variable` declarations so that the variables are not in scope or explicitly omit them:
  omit [Fintype B] in theorem ...

Note: This linter can be disabled with `set_option linter.unusedSectionVars false`
warning: lean/PvNP/RealizableHardness/CoveringSpan.lean:25:0: automatically included section variable(s) unused in theorem `PvNP.RealizableHardness.CoveringSpan.push_mixture`:
  [Fintype B]
consider restructuring your `variable` declarations so that the variables are not in scope or explicitly omit them:
  omit [Fintype B] in theorem ...

Note: This linter can be disabled with `set_option linter.unusedSectionVars false`
warning: lean/PvNP/RealizableHardness/CoveringSpan.lean:125:18: Variable name `Q` is not explicitly referenced.

Hint: The binding can be removed (if unused) or named `_` (if used implicitly). Alternatively, prefix the name with `_` to silence this warning:
  [apply] _Q

Note: This linter can be disabled with `set_option linter.unusedVariables false`
warning: lean/PvNP/RealizableHardness/CoveringSpan.lean:164:18: Variable name `v` is not explicitly referenced.

Hint: The binding can be removed (if unused) or named `_` (if used implicitly). Alternatively, prefix the name with `_` to silence this warning:
  [apply] _v

Note: This linter can be disabled with `set_option linter.unusedVariables false`
warning: lean/PvNP/RealizableHardness/CoveringSpan.lean:204:50: `if_true` has been deprecated: Use `ite_true` instead
warning: lean/PvNP/RealizableHardness/CoveringSpan.lean:281:11: Variable name `v` is not explicitly referenced.

Hint: The binding can be removed (if unused) or named `_` (if used implicitly). Alternatively, prefix the name with `_` to silence this warning:
  [apply] _v

Note: This linter can be disabled with `set_option linter.unusedVariables false`
warning: lean/PvNP/RealizableHardness/CoveringSpan.lean:282:12: Variable name `v` is not explicitly referenced.

Hint: The binding can be removed (if unused) or named `_` (if used implicitly). Alternatively, prefix the name with `_` to silence this warning:
  [apply] _v

Note: This linter can be disabled with `set_option linter.unusedVariables false`
warning: lean/PvNP/RealizableHardness/CoveringSpan.lean:300:36: This simp argument is unused:
  subspaceArrayPush

Hint: Omit it from the simp argument list.
  [apply] simp [rawArrayLaw, arraysInEquiv, uniformArray]

Note: This linter can be disabled with `set_option linter.unusedSimpArgs false`
warning: lean/PvNP/RealizableHardness/CoveringSpan.lean:302:0: automatically included section variable(s) unused in theorem `PvNP.RealizableHardness.CoveringSpan.independent_coe_iff`:
  [Fintype V]
consider restructuring your `variable` declarations so that the variables are not in scope or explicitly omit them:
  omit [Fintype V] in theorem ...

Note: This linter can be disabled with `set_option linter.unusedSectionVars false`
warning: lean/PvNP/RealizableHardness/CoveringSpan.lean:311:0: automatically included section variable(s) unused in theorem `PvNP.RealizableHardness.CoveringSpan.spanFrame_coe`:
  [Fintype V]
consider restructuring your `variable` declarations so that the variables are not in scope or explicitly omit them:
  omit [Fintype V] in theorem ...

Note: This linter can be disabled with `set_option linter.unusedSectionVars false`
warning: lean/PvNP/RealizableHardness/CoveringSpan.lean:342:56: `if_true` has been deprecated: Use `ite_true` instead
warning: lean/PvNP/RealizableHardness/CoveringSpan.lean:396:31: `dif_pos` has been deprecated: Use `dite_eq_left` instead
warning: lean/PvNP/RealizableHardness/CoveringSpan.lean:409:27: `dif_neg` has been deprecated: Use `dite_eq_right` instead
warning: lean/PvNP/RealizableHardness/CoveringSpan.lean:503:15: `if_pos` has been deprecated: Use `ite_eq_left` instead
warning: lean/PvNP/RealizableHardness/CoveringSpan.lean:503:42: `if_pos` has been deprecated: Use `ite_eq_left` instead
warning: lean/PvNP/RealizableHardness/CoveringSpan.lean:505:8: `if_neg` has been deprecated: Use `ite_eq_right` instead
warning: lean/PvNP/RealizableHardness/CoveringSpan.lean:515:10: This simp argument is unused:
  Fintype.card_fun

Hint: Omit it from the simp argument list.
  [apply] simp [ZMod.card]

Note: This linter can be disabled with `set_option linter.unusedSimpArgs false`
warning: lean/PvNP/RealizableHardness/CoveringSpan.lean:520:55: Unused tactic linter: `push_cast` does nothing

Note: This linter can be disabled with `set_option linter.unusedTactic false`
warning: lean/PvNP/RealizableHardness/CoveringSpan.lean:541:8: This simp argument is unused:
  Fintype.card_fun

Hint: Omit it from the simp argument list.
  [apply] simp [TripleRestrictionRank.Vector, Coord, ZMod.card, ← pow_mul, Nat.mul_comm, Nat.mul_left_comm,
    Nat.mul_assoc]

Note: This linter can be disabled with `set_option linter.unusedSimpArgs false`
warning: lean/PvNP/RealizableHardness/CoveringSpan.lean:542:23: This simp argument is unused:
  Nat.mul_assoc

Hint: Omit it from the simp argument list.
  [apply] simp [Fintype.card_fun, TripleRestrictionRank.Vector, Coord, ZMod.card, ← pow_mul, Nat.mul_comm,
    Nat.mul_left_comm]

Note: This linter can be disabled with `set_option linter.unusedSimpArgs false`
warning: lean/PvNP/RealizableHardness/CoveringSpan.lean:569:24: This simp argument is unused:
  h

Hint: Omit it from the simp argument list.
  [apply] simp

Note: This linter can be disabled with `set_option linter.unusedSimpArgs false`
warning: lean/PvNP/RealizableHardness/CoveringSpan.lean:586:8: `if_pos` has been deprecated: Use `ite_eq_left` instead
warning: lean/PvNP/RealizableHardness/CoveringSpan.lean:589:8: `if_neg` has been deprecated: Use `ite_eq_right` instead
warning: lean/PvNP/RealizableHardness/CoveringSpan.lean:665:47: This simp argument is unused:
  Module.finrank_pi

Hint: Omit it from the simp argument list.
  [apply] simp [TripleRestrictionRank.Vector, Coord, Nat.mul_comm]

Note: This linter can be disabled with `set_option linter.unusedSimpArgs false`
warning: lean/PvNP/RealizableHardness/CoveringSpan.lean:680:47: This simp argument is unused:
  Module.finrank_pi

Hint: Omit it from the simp argument list.
  [apply] simp [TripleRestrictionRank.Vector, Coord, Nat.mul_comm]

Note: This linter can be disabled with `set_option linter.unusedSimpArgs false`
⚠ [3286/3394] Replayed PvNP.RealizableHardness.GrassmannFlagPosterior
warning: lean/PvNP/RealizableHardness/GrassmannFlagPosterior.lean:52:2: Try this: 
  letI̵

The goal is a proposition, so `let` is preferred over `letI`.
The difference between `let` and `letI` is that `letI` inlines the value.
But this is not relevant for proofs because of proof irrelevance.

Note: This linter can be disabled with `set_option linter.style.haveILetI false`
⚠ [3287/3394] Replayed PvNP.RealizableHardness.ConditionedCovering
warning: lean/PvNP/RealizableHardness/ConditionedCovering.lean:114:47: This simp argument is unused:
  Module.finrank_pi

Hint: Omit it from the simp argument list.
  [apply] simp [TripleRestrictionRank.Vector, Coord, Nat.mul_comm]

Note: This linter can be disabled with `set_option linter.unusedSimpArgs false`
warning: lean/PvNP/RealizableHardness/ConditionedCovering.lean:268:12: Unused tactic linter: `ring` does nothing

Note: This linter can be disabled with `set_option linter.unusedTactic false`
warning: lean/PvNP/RealizableHardness/ConditionedCovering.lean:268:12: this tactic is never executed

Note: This linter can be disabled with `set_option linter.unreachableTactic false`
warning: lean/PvNP/RealizableHardness/ConditionedCovering.lean:376:45: This simp argument is unused:
  Bool.true_eq

Hint: Omit it from the simp argument list.
  [apply] simp only [badZoom, hb, decide_true, ite_true]

Note: This linter can be disabled with `set_option linter.unusedSimpArgs false`
⚠ [3290/3394] Replayed PvNP.RealizableHardness.ZoomOutIncidence
warning: lean/PvNP/RealizableHardness/ZoomOutIncidence.lean:67:47: Used `tac1 <;> tac2` where `(tac1; tac2)` would suffice

Note: This linter can be disabled with `set_option linter.unnecessarySeqFocus false`
warning: lean/PvNP/RealizableHardness/ZoomOutIncidence.lean:151:47: This simp argument is unused:
  Module.finrank_pi

Hint: Omit it from the simp argument list.
  [apply] simp [TripleRestrictionRank.Vector, Coord, Nat.mul_comm]

Note: This linter can be disabled with `set_option linter.unusedSimpArgs false`
warning: lean/PvNP/RealizableHardness/ZoomOutIncidence.lean:168:32: Used `tac1 <;> tac2` where `(tac1; tac2)` would suffice

Note: This linter can be disabled with `set_option linter.unnecessarySeqFocus false`
⚠ [3292/3394] Replayed PvNP.RealizableHardness.ZoomOutPosterior
warning: lean/PvNP/RealizableHardness/ZoomOutPosterior.lean:73:12: Used `tac1 <;> tac2` where `(tac1; tac2)` would suffice

Note: This linter can be disabled with `set_option linter.unnecessarySeqFocus false`
warning: lean/PvNP/RealizableHardness/ZoomOutPosterior.lean:252:34: Used `tac1 <;> tac2` where `(tac1; tac2)` would suffice

Note: This linter can be disabled with `set_option linter.unnecessarySeqFocus false`
⚠ [3293/3394] Replayed PvNP.RealizableHardness.ZoomOutTransfer
warning: lean/PvNP/RealizableHardness/ZoomOutTransfer.lean:107:31: This simp argument is unused:
  hb

Hint: Omit it from the simp argument list.
  [apply] simp

Note: This linter can be disabled with `set_option linter.unusedSimpArgs false`
warning: lean/PvNP/RealizableHardness/ZoomOutTransfer.lean:127:27: This simp argument is unused:
  hb

Hint: Omit it from the simp argument list.
  [apply] simp

Note: This linter can be disabled with `set_option linter.unusedSimpArgs false`
warning: lean/PvNP/RealizableHardness/ZoomOutTransfer.lean:123:39: Unused tactic linter: `ring` does nothing

Note: This linter can be disabled with `set_option linter.unusedTactic false`
warning: lean/PvNP/RealizableHardness/ZoomOutTransfer.lean:123:39: this tactic is never executed

Note: This linter can be disabled with `set_option linter.unreachableTactic false`
warning: lean/PvNP/RealizableHardness/ZoomOutTransfer.lean:228:12: Used `tac1 <;> tac2` where `(tac1; tac2)` would suffice

Note: This linter can be disabled with `set_option linter.unnecessarySeqFocus false`
warning: lean/PvNP/RealizableHardness/ZoomOutTransfer.lean:232:12: Used `tac1 <;> tac2` where `(tac1; tac2)` would suffice

Note: This linter can be disabled with `set_option linter.unnecessarySeqFocus false`
⚠ [3294/3394] Replayed PvNP.RealizableHardness.ZoomOutJoint
warning: lean/PvNP/RealizableHardness/ZoomOutJoint.lean:32:34: This simp argument is unused:
  Bool.true_eq

Hint: Omit it from the simp argument list.
  [apply] simp only [hx, decide_true, ite_true]

Note: This linter can be disabled with `set_option linter.unusedSimpArgs false`
warning: lean/PvNP/RealizableHardness/ZoomOutJoint.lean:71:26: Variable name `hC1` is not explicitly referenced.

Hint: The binding can be removed (if unused) or named `_` (if used implicitly). Alternatively, prefix the name with `_` to silence this warning:
  [apply] _hC1

Note: This linter can be disabled with `set_option linter.unusedVariables false`
warning: lean/PvNP/RealizableHardness/ZoomOutJoint.lean:138:34: This simp argument is unused:
  Bool.true_eq

Hint: Omit it from the simp argument list.
  [apply] simp only [hF, Bool.true_and, ite_true, mass, Finset.mul_sum]

Note: This linter can be disabled with `set_option linter.unusedSimpArgs false`
warning: lean/PvNP/RealizableHardness/ZoomOutJoint.lean:142:12: This simp argument is unused:
  hs

Hint: Omit it from the simp argument list.
  [apply] simp

Note: This linter can be disabled with `set_option linter.unusedSimpArgs false`
warning: lean/PvNP/RealizableHardness/ZoomOutJoint.lean:143:17: This simp argument is unused:
  hs

Hint: Omit it from the simp argument list.
  [apply] simp only [Bool.true_eq, ite_true]

Note: This linter can be disabled with `set_option linter.unusedSimpArgs false`
warning: lean/PvNP/RealizableHardness/ZoomOutJoint.lean:143:21: This simp argument is unused:
  Bool.true_eq

Hint: Omit it from the simp argument list.
  [apply] simp only [hs, ite_true]

Note: This linter can be disabled with `set_option linter.unusedSimpArgs false`
warning: lean/PvNP/RealizableHardness/ZoomOutJoint.lean:175:19: This simp argument is unused:
  Bool.true_eq

Hint: Omit it from the simp argument list.
  [apply] simp only [hF, ite_true]

Note: This linter can be disabled with `set_option linter.unusedSimpArgs false`
⚠ [3295/3394] Replayed PvNP.RealizableHardness.VectorAdvice
warning: lean/PvNP/RealizableHardness/VectorAdvice.lean:98:34: This simp argument is unused:
  ho

Hint: Omit it from the simp argument list.
  [apply] simp

Note: This linter can be disabled with `set_option linter.unusedSimpArgs false`
warning: lean/PvNP/RealizableHardness/VectorAdvice.lean:104:72: This simp argument is unused:
  mul_assoc

Hint: Omit it from the simp argument list.
  [apply] simp [outputLaw, Finset.sum_mul]

Note: This linter can be disabled with `set_option linter.unusedSimpArgs false`
warning: lean/PvNP/RealizableHardness/VectorAdvice.lean:237:29: This simp argument is unused:
  he

Hint: Omit it from the simp argument list.
  [apply] simp [joint]

Note: This linter can be disabled with `set_option linter.unusedSimpArgs false`
⚠ [3296/3394] Replayed PvNP.RealizableHardness.MatrixGrassmannIncidence
warning: lean/PvNP/RealizableHardness/MatrixGrassmannIncidence.lean:25:0: automatically included section variable(s) unused in theorem `PvNP.RealizableHardness.MatrixGrassmannIncidence.snoc_independent_iff`:
  [Fintype V]
consider restructuring your `variable` declarations so that the variables are not in scope or explicitly omit them:
  omit [Fintype V] in theorem ...

Note: This linter can be disabled with `set_option linter.unusedSectionVars false`
warning: lean/PvNP/RealizableHardness/MatrixGrassmannIncidence.lean:31:0: automatically included section variable(s) unused in theorem `PvNP.RealizableHardness.MatrixGrassmannIncidence.dependent_snoc`:
  [Fintype V]
consider restructuring your `variable` declarations so that the variables are not in scope or explicitly omit them:
  omit [Fintype V] in theorem ...

Note: This linter can be disabled with `set_option linter.unusedSectionVars false`
warning: lean/PvNP/RealizableHardness/MatrixGrassmannIncidence.lean:72:6: Try this: 
  letI̵

The goal is a proposition, so `let` is preferred over `letI`.
The difference between `let` and `letI` is that `letI` inlines the value.
But this is not relevant for proofs because of proof irrelevance.

Note: This linter can be disabled with `set_option linter.style.haveILetI false`
warning: lean/PvNP/RealizableHardness/MatrixGrassmannIncidence.lean:93:14: Used `tac1 <;> tac2` where `(tac1; tac2)` would suffice

Note: This linter can be disabled with `set_option linter.unnecessarySeqFocus false`
warning: lean/PvNP/RealizableHardness/MatrixGrassmannIncidence.lean:116:0: automatically included section variable(s) unused in theorem `PvNP.RealizableHardness.MatrixGrassmannIncidence.columns_length`:
  [Fintype V]
consider restructuring your `variable` declarations so that the variables are not in scope or explicitly omit them:
  omit [Fintype V] in theorem ...

Note: This linter can be disabled with `set_option linter.unusedSectionVars false`
warning: lean/PvNP/RealizableHardness/MatrixGrassmannIncidence.lean:124:0: automatically included section variable(s) unused in theorem `PvNP.RealizableHardness.MatrixGrassmannIncidence.columns_injective`:
  [Fintype V]
consider restructuring your `variable` declarations so that the variables are not in scope or explicitly omit them:
  omit [Fintype V] in theorem ...

Note: This linter can be disabled with `set_option linter.unusedSectionVars false`
warning: lean/PvNP/RealizableHardness/MatrixGrassmannIncidence.lean:143:0: automatically included section variable(s) unused in theorem `PvNP.RealizableHardness.MatrixGrassmannIncidence.columns_independent`:
  [Fintype V]
consider restructuring your `variable` declarations so that the variables are not in scope or explicitly omit them:
  omit [Fintype V] in theorem ...

Note: This linter can be disabled with `set_option linter.unusedSectionVars false`
warning: lean/PvNP/RealizableHardness/MatrixGrassmannIncidence.lean:149:0: automatically included section variable(s) unused in theorem `PvNP.RealizableHardness.MatrixGrassmannIncidence.columns_surjective`:
  [Fintype V]
consider restructuring your `variable` declarations so that the variables are not in scope or explicitly omit them:
  omit [Fintype V] in theorem ...

Note: This linter can be disabled with `set_option linter.unusedSectionVars false`
warning: lean/PvNP/RealizableHardness/MatrixGrassmannIncidence.lean:195:0: automatically included section variable(s) unused in theorem `PvNP.RealizableHardness.MatrixGrassmannIncidence.terminal_finrank`:
  [Fintype V]
consider restructuring your `variable` declarations so that the variables are not in scope or explicitly omit them:
  omit [Fintype V] in theorem ...

Note: This linter can be disabled with `set_option linter.unusedSectionVars false`
warning: lean/PvNP/RealizableHardness/MatrixGrassmannIncidence.lean:207:2: try 'simp' instead of 'simpa'

Note: This linter can be disabled with `set_option linter.unnecessarySimpa false`
⚠ [3297/3394] Replayed PvNP.RealizableHardness.MatrixGrassmannMoment
warning: lean/PvNP/RealizableHardness/MatrixGrassmannMoment.lean:29:8: `Set.mem_setOf_eq` has been deprecated: Use `Set.mem_ofPred_eq` instead
warning: lean/PvNP/RealizableHardness/MatrixGrassmannMoment.lean:17:0: automatically included section variable(s) unused in theorem `PvNP.RealizableHardness.MatrixGrassmannMoment.terminalSpan_eq_listSpan`:
  [Fintype V]
consider restructuring your `variable` declarations so that the variables are not in scope or explicitly omit them:
  omit [Fintype V] in theorem ...

Note: This linter can be disabled with `set_option linter.unusedSectionVars false`
warning: lean/PvNP/RealizableHardness/MatrixGrassmannMoment.lean:35:0: automatically included section variable(s) unused in theorem `PvNP.RealizableHardness.MatrixGrassmannMoment.ofFn_arrayOfList`:
  [AddCommGroup V]
  [Module (ZMod 2) V]
  [Fintype V]
consider restructuring your `variable` declarations so that the variables are not in scope or explicitly omit them:
  omit [AddCommGroup V] [Module (ZMod 2) V] [Fintype V] in theorem ...

Note: This linter can be disabled with `set_option linter.unusedSectionVars false`
warning: lean/PvNP/RealizableHardness/MatrixGrassmannMoment.lean:84:19: `Set.mem_setOf_eq` has been deprecated: Use `Set.mem_ofPred_eq` instead
warning: lean/PvNP/RealizableHardness/MatrixGrassmannMoment.lean:77:0: automatically included section variable(s) unused in theorem `PvNP.RealizableHardness.MatrixGrassmannMoment.concatenate_span`:
  [Fintype V]
consider restructuring your `variable` declarations so that the variables are not in scope or explicitly omit them:
  omit [Fintype V] in theorem ...

Note: This linter can be disabled with `set_option linter.unusedSectionVars false`
⚠ [3298/3394] Replayed PvNP.RealizableHardness.ActualTypedCarrierAmbientBudget
warning: lean/PvNP/RealizableHardness/ActualTypedCarrierAmbientBudget.lean:43:67: this tactic is never executed

Note: This linter can be disabled with `set_option linter.unreachableTactic false`
warning: lean/PvNP/RealizableHardness/ActualTypedCarrierAmbientBudget.lean:43:67: Unused tactic linter: `abel` does nothing

Note: This linter can be disabled with `set_option linter.unusedTactic false`
warning: lean/PvNP/RealizableHardness/ActualTypedCarrierAmbientBudget.lean:138:8: try 'simp' instead of 'simpa'

Note: This linter can be disabled with `set_option linter.unnecessarySimpa false`
warning: lean/PvNP/RealizableHardness/ActualTypedCarrierAmbientBudget.lean:149:25: This simp argument is unused:
  LinearMap.comp_apply

Hint: Omit it from the simp argument list.
  [apply] simp [toFun, invFun, Submodule.liftQ_mkQ, add_sub_cancel_left]

Note: This linter can be disabled with `set_option linter.unusedSimpArgs false`
warning: lean/PvNP/RealizableHardness/ActualTypedCarrierAmbientBudget.lean:150:27: This simp argument is unused:
  add_sub_cancel_left

Hint: Omit it from the simp argument list.
  [apply] simp [toFun, invFun, LinearMap.comp_apply, Submodule.liftQ_mkQ]

Note: This linter can be disabled with `set_option linter.unusedSimpArgs false`
warning: lean/PvNP/RealizableHardness/ActualTypedCarrierAmbientBudget.lean:156:25: This simp argument is unused:
  LinearMap.comp_apply

Hint: Omit it from the simp argument list.
  [apply] simp [toFun, invFun, Submodule.liftQ_mkQ]

Note: This linter can be disabled with `set_option linter.unusedSimpArgs false`
warning: lean/PvNP/RealizableHardness/ActualTypedCarrierAmbientBudget.lean:157:6: This simp argument is unused:
  Submodule.liftQ_mkQ

Hint: Omit it from the simp argument list.
  [apply] simp [toFun, invFun, LinearMap.comp_apply]

Note: This linter can be disabled with `set_option linter.unusedSimpArgs false`
warning: lean/PvNP/RealizableHardness/ActualTypedCarrierAmbientBudget.lean:213:4: try 'simp' instead of 'simpa'

Note: This linter can be disabled with `set_option linter.unnecessarySimpa false`
⚠ [3302/3394] Replayed PvNP.RealizableHardness.ActualAffineRestrictionComposition
warning: lean/PvNP/RealizableHardness/ActualAffineRestrictionComposition.lean:19:41: Variable name `hbase` is not explicitly referenced.

Hint: The binding can be removed (if unused) or named `_` (if used implicitly). Alternatively, prefix the name with `_` to silence this warning:
  [apply] _hbase

Note: This linter can be disabled with `set_option linter.unusedVariables false`
warning: lean/PvNP/RealizableHardness/ActualAffineRestrictionComposition.lean:159:5: Variable name `hT` is not explicitly referenced.

Hint: The binding can be removed (if unused) or named `_` (if used implicitly). Alternatively, prefix the name with `_` to silence this warning:
  [apply] _hT

Note: This linter can be disabled with `set_option linter.unusedVariables false`
⚠ [3308/3394] Replayed PvNP.RealizableHardness.ActualBinaryMatrixHC46A18InductionBounds
warning: lean/PvNP/RealizableHardness/ActualBinaryMatrixHC46A18InductionBounds.lean:125:32: Used `tac1 <;> tac2` where `(tac1; tac2)` would suffice

Note: This linter can be disabled with `set_option linter.unnecessarySeqFocus false`
⚠ [3311/3394] Replayed PvNP.RealizableHardness.ActualRhsFunctionalConstruction
warning: lean/PvNP/RealizableHardness/ActualRhsFunctionalConstruction.lean:14:0: automatically included section variable(s) unused in theorem `PvNP.RealizableHardness.ActualRhsFunctionalConstruction.equationVectors_linearIndependent`:
  [Fintype X]
  [Fintype E]
  [DecidableEq E]
consider restructuring your `variable` declarations so that the variables are not in scope or explicitly omit them:
  omit [Fintype X] [Fintype E] [DecidableEq E] in theorem ...

Note: This linter can be disabled with `set_option linter.unusedSectionVars false`
⚠ [3317/3394] Replayed PvNP.RealizableHardness.ActualLeafTransportCoherence
warning: lean/PvNP/RealizableHardness/ActualLeafTransportCoherence.lean:15:8: automatically included section variable(s) unused in theorem `_private.PvNP.RealizableHardness.ActualLeafTransportCoherence.0.PvNP.RealizableHardness.ActualPresentedLeafGluing.goodQuestion_erase`:
  [Fintype X]
  [Fintype E]
  [DecidableEq X]
consider restructuring your `variable` declarations so that the variables are not in scope or explicitly omit them:
  omit [Fintype X] [Fintype E] [DecidableEq X] in theorem ...

Note: This linter can be disabled with `set_option linter.unusedSectionVars false`
⚠ [3322/3394] Replayed PvNP.RealizableHardness.ActualQuestionCenterDomainDraw
warning: lean/PvNP/RealizableHardness/ActualQuestionCenterDomainDraw.lean:192:51: This simp argument is unused:
  Nat.add_left_comm

Hint: Omit it from the simp argument list.
  [apply] simp [Nat.succ_mul, Nat.add_assoc, Nat.add_comm] at h'

Note: This linter can be disabled with `set_option linter.unusedSimpArgs false`
warning: lean/PvNP/RealizableHardness/ActualQuestionCenterDomainDraw.lean:285:20: Variable name `hh` is not explicitly referenced.

Hint: The binding can be removed (if unused) or named `_` (if used implicitly). Alternatively, prefix the name with `_` to silence this warning:
  [apply] _hh

Note: This linter can be disabled with `set_option linter.unusedVariables false`
warning: lean/PvNP/RealizableHardness/ActualQuestionCenterDomainDraw.lean:361:2: Try this: 
  letI̵

The goal is a proposition, so `let` is preferred over `letI`.
The difference between `let` and `letI` is that `letI` inlines the value.
But this is not relevant for proofs because of proof irrelevance.

Note: This linter can be disabled with `set_option linter.style.haveILetI false`
warning: lean/PvNP/RealizableHardness/ActualQuestionCenterDomainDraw.lean:372:2: Try this: 
  letI̵

The goal is a proposition, so `let` is preferred over `letI`.
The difference between `let` and `letI` is that `letI` inlines the value.
But this is not relevant for proofs because of proof irrelevance.

Note: This linter can be disabled with `set_option linter.style.haveILetI false`
warning: lean/PvNP/RealizableHardness/ActualQuestionCenterDomainDraw.lean:375:2: Try this: 
  letI̵

The goal is a proposition, so `let` is preferred over `letI`.
The difference between `let` and `letI` is that `letI` inlines the value.
But this is not relevant for proofs because of proof irrelevance.

Note: This linter can be disabled with `set_option linter.style.haveILetI false`
warning: lean/PvNP/RealizableHardness/ActualQuestionCenterDomainDraw.lean:446:51: This simp argument is unused:
  Nat.add_left_comm

Hint: Omit it from the simp argument list.
  [apply] simp [Nat.succ_mul, Nat.add_assoc, Nat.add_comm] at h'

Note: This linter can be disabled with `set_option linter.unusedSimpArgs false`
warning: lean/PvNP/RealizableHardness/ActualQuestionCenterDomainDraw.lean:481:4: try 'simp' instead of 'simpa'

Note: This linter can be disabled with `set_option linter.unnecessarySimpa false`
⚠ [3324/3394] Replayed PvNP.RealizableHardness.ActualCliqueScoreTransfer
warning: lean/PvNP/RealizableHardness/ActualCliqueScoreTransfer.lean:55:12: `if_pos` has been deprecated: Use `ite_eq_left` instead
warning: lean/PvNP/RealizableHardness/ActualCliqueScoreTransfer.lean:56:12: `if_neg` has been deprecated: Use `ite_eq_right` instead
warning: lean/PvNP/RealizableHardness/ActualCliqueScoreTransfer.lean:56:27: Unused tactic linter: `norm_num` does nothing

Note: This linter can be disabled with `set_option linter.unusedTactic false`
warning: lean/PvNP/RealizableHardness/ActualCliqueScoreTransfer.lean:56:27: this tactic is never executed

Note: This linter can be disabled with `set_option linter.unreachableTactic false`
warning: lean/PvNP/RealizableHardness/ActualCliqueScoreTransfer.lean:55:23: Used `tac1 <;> tac2` where `(tac1; tac2)` would suffice

Note: This linter can be disabled with `set_option linter.unnecessarySeqFocus false`
warning: lean/PvNP/RealizableHardness/ActualCliqueScoreTransfer.lean:68:12: `if_pos` has been deprecated: Use `ite_eq_left` instead
warning: lean/PvNP/RealizableHardness/ActualCliqueScoreTransfer.lean:69:12: `if_neg` has been deprecated: Use `ite_eq_right` instead
warning: lean/PvNP/RealizableHardness/ActualCliqueScoreTransfer.lean:68:27: Unused tactic linter: `norm_num` does nothing

Note: This linter can be disabled with `set_option linter.unusedTactic false`
warning: lean/PvNP/RealizableHardness/ActualCliqueScoreTransfer.lean:68:27: this tactic is never executed

Note: This linter can be disabled with `set_option linter.unreachableTactic false`
warning: lean/PvNP/RealizableHardness/ActualCliqueScoreTransfer.lean:69:23: Used `tac1 <;> tac2` where `(tac1; tac2)` would suffice

Note: This linter can be disabled with `set_option linter.unnecessarySeqFocus false`
⚠ [3325/3394] Replayed PvNP.RealizableHardness.ActualQuestionCenterCollisionBound
warning: lean/PvNP/RealizableHardness/ActualQuestionCenterCollisionBound.lean:49:2: Try this: 
  letI̵

The goal is a proposition, so `let` is preferred over `letI`.
The difference between `let` and `letI` is that `letI` inlines the value.
But this is not relevant for proofs because of proof irrelevance.

Note: This linter can be disabled with `set_option linter.style.haveILetI false`
warning: lean/PvNP/RealizableHardness/ActualQuestionCenterCollisionBound.lean:44:0: Definition `PvNP.RealizableHardness.ActualQuestionCenterCollisionBound.domainTupleNonempty` of class type is semireducible. Most type class instances should be instance-reducible, so consider marking this
definition with `@[instance_reducible]`. If it is intentionally semireducible, this warning can be disabled with `set_option warn.classDefReducibility false`.
warning: lean/PvNP/RealizableHardness/ActualQuestionCenterCollisionBound.lean:44:0: Definition `domainTupleNonempty` is a proposition; use `theorem` instead of `def`

Note: This linter can be disabled with `set_option linter.defProp false`
warning: lean/PvNP/RealizableHardness/ActualQuestionCenterCollisionBound.lean:213:2: Try this: 
  letI̵

The goal is a proposition, so `let` is preferred over `letI`.
The difference between `let` and `letI` is that `letI` inlines the value.
But this is not relevant for proofs because of proof irrelevance.

Note: This linter can be disabled with `set_option linter.style.haveILetI false`
warning: lean/PvNP/RealizableHardness/ActualQuestionCenterCollisionBound.lean:214:2: Try this: 
  letI̵

The goal is a proposition, so `let` is preferred over `letI`.
The difference between `let` and `letI` is that `letI` inlines the value.
But this is not relevant for proofs because of proof irrelevance.

Note: This linter can be disabled with `set_option linter.style.haveILetI false`
warning: lean/PvNP/RealizableHardness/ActualQuestionCenterCollisionBound.lean:330:16: `if_pos` has been deprecated: Use `ite_eq_left` instead
warning: lean/PvNP/RealizableHardness/ActualQuestionCenterCollisionBound.lean:408:16: try 'simp' instead of 'simpa'

Note: This linter can be disabled with `set_option linter.unnecessarySimpa false`
warning: lean/PvNP/RealizableHardness/ActualQuestionCenterCollisionBound.lean:669:2: Try this: 
  letI̵

The goal is a proposition, so `let` is preferred over `letI`.
The difference between `let` and `letI` is that `letI` inlines the value.
But this is not relevant for proofs because of proof irrelevance.

Note: This linter can be disabled with `set_option linter.style.haveILetI false`
warning: lean/PvNP/RealizableHardness/ActualQuestionCenterCollisionBound.lean:688:16: `if_pos` has been deprecated: Use `ite_eq_left` instead
warning: lean/PvNP/RealizableHardness/ActualQuestionCenterCollisionBound.lean:690:16: `if_neg` has been deprecated: Use `ite_eq_right` instead
warning: lean/PvNP/RealizableHardness/ActualQuestionCenterCollisionBound.lean:692:10: `if_pos` has been deprecated: Use `ite_eq_left` instead
warning: lean/PvNP/RealizableHardness/ActualQuestionCenterCollisionBound.lean:693:10: `if_pos` has been deprecated: Use `ite_eq_left` instead
⚠ [3326/3394] Replayed PvNP.RealizableHardness.ActualMZ24FixedZoomListBound
warning: lean/PvNP/RealizableHardness/ActualMZ24FixedZoomListBound.lean:47:32: This simp argument is unused:
  Finset.mem_univ

Hint: Omit it from the simp argument list.
  [apply] simp only [Finset.sum_filter, ite_true]

Note: This linter can be disabled with `set_option linter.unusedSimpArgs false`
warning: lean/PvNP/RealizableHardness/ActualMZ24FixedZoomListBound.lean:47:49: This simp argument is unused:
  ite_true

Hint: Omit it from the simp argument list.
  [apply] simp only [Finset.sum_filter, Finset.mem_univ]

Note: This linter can be disabled with `set_option linter.unusedSimpArgs false`
warning: lean/PvNP/RealizableHardness/ActualMZ24FixedZoomListBound.lean:126:12: `if_pos` has been deprecated: Use `ite_eq_left` instead
warning: lean/PvNP/RealizableHardness/ActualMZ24FixedZoomListBound.lean:128:17: `if_neg` has been deprecated: Use `ite_eq_right` instead
warning: lean/PvNP/RealizableHardness/ActualMZ24FixedZoomListBound.lean:132:12: `if_pos` has been deprecated: Use `ite_eq_left` instead
warning: lean/PvNP/RealizableHardness/ActualMZ24FixedZoomListBound.lean:134:17: `if_neg` has been deprecated: Use `ite_eq_right` instead
warning: lean/PvNP/RealizableHardness/ActualMZ24FixedZoomListBound.lean:142:10: `if_pos` has been deprecated: Use `ite_eq_left` instead
warning: lean/PvNP/RealizableHardness/ActualMZ24FixedZoomListBound.lean:146:19: `if_neg` has been deprecated: Use `ite_eq_right` instead
warning: lean/PvNP/RealizableHardness/ActualMZ24FixedZoomListBound.lean:147:10: `if_neg` has been deprecated: Use `ite_eq_right` instead
warning: lean/PvNP/RealizableHardness/ActualMZ24FixedZoomListBound.lean:155:19: `if_pos` has been deprecated: Use `ite_eq_left` instead
warning: lean/PvNP/RealizableHardness/ActualMZ24FixedZoomListBound.lean:155:31: `if_neg` has been deprecated: Use `ite_eq_right` instead
warning: lean/PvNP/RealizableHardness/ActualMZ24FixedZoomListBound.lean:156:19: `if_neg` has been deprecated: Use `ite_eq_right` instead
warning: lean/PvNP/RealizableHardness/ActualMZ24FixedZoomListBound.lean:155:43: This simp argument is unused:
  one_mul

Hint: Omit it from the simp argument list.
  [apply] simp only [if_pos hxs, if_neg hys, mul_zero]

Note: This linter can be disabled with `set_option linter.unusedSimpArgs false`
warning: lean/PvNP/RealizableHardness/ActualMZ24FixedZoomListBound.lean:173:4: This simp argument is unused:
  Finset.sum_mul

Hint: Omit it from the simp argument list.
  [apply] simp only [Finset.sum_add_distrib, Finset.sum_sub_distrib, Finset.mul_sum]

Note: This linter can be disabled with `set_option linter.unusedSimpArgs false`
warning: lean/PvNP/RealizableHardness/ActualMZ24FixedZoomListBound.lean:173:20: This simp argument is unused:
  Finset.mul_sum

Hint: Omit it from the simp argument list.
  [apply] simp only [Finset.sum_add_distrib, Finset.sum_sub_distrib, Finset.sum_mul]

Note: This linter can be disabled with `set_option linter.unusedSimpArgs false`
warning: lean/PvNP/RealizableHardness/ActualMZ24FixedZoomListBound.lean:242:4: Try this: 
  letI̵

The goal is a proposition, so `let` is preferred over `letI`.
The difference between `let` and `letI` is that `letI` inlines the value.
But this is not relevant for proofs because of proof irrelevance.

Note: This linter can be disabled with `set_option linter.style.haveILetI false`
warning: lean/PvNP/RealizableHardness/ActualMZ24FixedZoomListBound.lean:341:24: `if_pos` has been deprecated: Use `ite_eq_left` instead
warning: lean/PvNP/RealizableHardness/ActualMZ24FixedZoomListBound.lean:343:29: `if_neg` has been deprecated: Use `ite_eq_right` instead
warning: lean/PvNP/RealizableHardness/ActualMZ24FixedZoomListBound.lean:434:4: Try this: 
  letI̵

The goal is a proposition, so `let` is preferred over `letI`.
The difference between `let` and `letI` is that `letI` inlines the value.
But this is not relevant for proofs because of proof irrelevance.

Note: This linter can be disabled with `set_option linter.style.haveILetI false`
warning: lean/PvNP/RealizableHardness/ActualMZ24FixedZoomListBound.lean:232:5: Variable name `hinj` is not explicitly referenced.

Hint: The binding can be removed (if unused) or named `_` (if used implicitly). Alternatively, prefix the name with `_` to silence this warning:
  [apply] _hinj

Note: This linter can be disabled with `set_option linter.unusedVariables false`
warning: lean/PvNP/RealizableHardness/ActualMZ24FixedZoomListBound.lean:620:8: try 'simp' instead of 'simpa'

Note: This linter can be disabled with `set_option linter.unnecessarySimpa false`
warning: lean/PvNP/RealizableHardness/ActualMZ24FixedZoomListBound.lean:623:4: try 'simp' instead of 'simpa'

Note: This linter can be disabled with `set_option linter.unnecessarySimpa false`
warning: lean/PvNP/RealizableHardness/ActualMZ24FixedZoomListBound.lean:571:27: Variable name `hb` is not explicitly referenced.

Hint: The binding can be removed (if unused) or named `_` (if used implicitly). Alternatively, prefix the name with `_` to silence this warning:
  [apply] _hb

Note: This linter can be disabled with `set_option linter.unusedVariables false`
warning: lean/PvNP/RealizableHardness/ActualMZ24FixedZoomListBound.lean:644:32: Variable name `hQW` is not explicitly referenced.

Hint: The binding can be removed (if unused) or named `_` (if used implicitly). Alternatively, prefix the name with `_` to silence this warning:
  [apply] _hQW

Note: This linter can be disabled with `set_option linter.unusedVariables false`
warning: lean/PvNP/RealizableHardness/ActualMZ24FixedZoomListBound.lean:740:6: try 'simp' instead of 'simpa'

Note: This linter can be disabled with `set_option linter.unnecessarySimpa false`
warning: lean/PvNP/RealizableHardness/ActualMZ24FixedZoomListBound.lean:804:6: try 'simp' instead of 'simpa'

Note: This linter can be disabled with `set_option linter.unnecessarySimpa false`
warning: lean/PvNP/RealizableHardness/ActualMZ24FixedZoomListBound.lean:847:11: Variable name `y` is not explicitly referenced.

Hint: The binding can be removed (if unused) or named `_` (if used implicitly). Alternatively, prefix the name with `_` to silence this warning:
  [apply] _y

Note: This linter can be disabled with `set_option linter.unusedVariables false`
warning: lean/PvNP/RealizableHardness/ActualMZ24FixedZoomListBound.lean:848:12: Variable name `y` is not explicitly referenced.

Hint: The binding can be removed (if unused) or named `_` (if used implicitly). Alternatively, prefix the name with `_` to silence this warning:
  [apply] _y

Note: This linter can be disabled with `set_option linter.unusedVariables false`
warning: lean/PvNP/RealizableHardness/ActualMZ24FixedZoomListBound.lean:862:32: Variable name `hQW` is not explicitly referenced.

Hint: The binding can be removed (if unused) or named `_` (if used implicitly). Alternatively, prefix the name with `_` to silence this warning:
  [apply] _hQW

Note: This linter can be disabled with `set_option linter.unusedVariables false`
warning: lean/PvNP/RealizableHardness/ActualMZ24FixedZoomListBound.lean:1322:2: Try this: 
  letI̵

The goal is a proposition, so `let` is preferred over `letI`.
The difference between `let` and `letI` is that `letI` inlines the value.
But this is not relevant for proofs because of proof irrelevance.

Note: This linter can be disabled with `set_option linter.style.haveILetI false`
warning: lean/PvNP/RealizableHardness/ActualMZ24FixedZoomListBound.lean:1325:2: Try this: 
  letI̵

The goal is a proposition, so `let` is preferred over `letI`.
The difference between `let` and `letI` is that `letI` inlines the value.
But this is not relevant for proofs because of proof irrelevance.

Note: This linter can be disabled with `set_option linter.style.haveILetI false`
warning: lean/PvNP/RealizableHardness/ActualMZ24FixedZoomListBound.lean:1326:2: Try this: 
  letI̵

The goal is a proposition, so `let` is preferred over `letI`.
The difference between `let` and `letI` is that `letI` inlines the value.
But this is not relevant for proofs because of proof irrelevance.

Note: This linter can be disabled with `set_option linter.style.haveILetI false`
warning: lean/PvNP/RealizableHardness/ActualMZ24FixedZoomListBound.lean:1327:2: Try this: 
  letI̵

The goal is a proposition, so `let` is preferred over `letI`.
The difference between `let` and `letI` is that `letI` inlines the value.
But this is not relevant for proofs because of proof irrelevance.

Note: This linter can be disabled with `set_option linter.style.haveILetI false`
warning: lean/PvNP/RealizableHardness/ActualMZ24FixedZoomListBound.lean:1332:37: This simp argument is unused:
  mul_left_comm

Hint: Omit it from the simp argument list.
  [apply] simp [Finset.sum_const, mul_assoc, mul_comm]

Note: This linter can be disabled with `set_option linter.unusedSimpArgs false`
warning: lean/PvNP/RealizableHardness/ActualMZ24FixedZoomListBound.lean:1346:2: Try this: 
  letI̵

The goal is a proposition, so `let` is preferred over `letI`.
The difference between `let` and `letI` is that `letI` inlines the value.
But this is not relevant for proofs because of proof irrelevance.

Note: This linter can be disabled with `set_option linter.style.haveILetI false`
warning: lean/PvNP/RealizableHardness/ActualMZ24FixedZoomListBound.lean:1349:2: Try this: 
  letI̵

The goal is a proposition, so `let` is preferred over `letI`.
The difference between `let` and `letI` is that `letI` inlines the value.
But this is not relevant for proofs because of proof irrelevance.

Note: This linter can be disabled with `set_option linter.style.haveILetI false`
warning: lean/PvNP/RealizableHardness/ActualMZ24FixedZoomListBound.lean:1337:5: Variable name `T` is not explicitly referenced.

Hint: The binding can be removed (if unused) or named `_` (if used implicitly). Alternatively, prefix the name with `_` to silence this warning:
  [apply] _T

Note: This linter can be disabled with `set_option linter.unusedVariables false`
warning: lean/PvNP/RealizableHardness/ActualMZ24FixedZoomListBound.lean:1358:26: This simp argument is unused:
  mul_assoc

Hint: Omit it from the simp argument list.
  [apply] simp [Finset.sum_const, mul_left_comm, mul_comm]

Note: This linter can be disabled with `set_option linter.unusedSimpArgs false`
warning: lean/PvNP/RealizableHardness/ActualMZ24FixedZoomListBound.lean:1358:37: This simp argument is unused:
  mul_left_comm

Hint: Omit it from the simp argument list.
  [apply] simp [Finset.sum_const, mul_assoc, mul_comm]

Note: This linter can be disabled with `set_option linter.unusedSimpArgs false`
warning: lean/PvNP/RealizableHardness/ActualMZ24FixedZoomListBound.lean:1358:52: This simp argument is unused:
  mul_comm

Hint: Omit it from the simp argument list.
  [apply] simp [Finset.sum_const, mul_assoc, mul_left_comm]

Note: This linter can be disabled with `set_option linter.unusedSimpArgs false`
warning: lean/PvNP/RealizableHardness/ActualMZ24FixedZoomListBound.lean:1406:2: Try this: 
  letI̵

The goal is a proposition, so `let` is preferred over `letI`.
The difference between `let` and `letI` is that `letI` inlines the value.
But this is not relevant for proofs because of proof irrelevance.

Note: This linter can be disabled with `set_option linter.style.haveILetI false`
⚠ [3327/3394] Replayed PvNP.RealizableHardness.ActualMZ24ComplementRestriction
warning: lean/PvNP/RealizableHardness/ActualMZ24ComplementRestriction.lean:35:0: automatically included section variable(s) unused in theorem `PvNP.RealizableHardness.ActualMZ24ComplementRestriction.lift_complementSubspace`:
  [Fintype V]
consider restructuring your `variable` declarations so that the variables are not in scope or explicitly omit them:
  omit [Fintype V] in theorem ...

Note: This linter can be disabled with `set_option linter.unusedSectionVars false`
warning: lean/PvNP/RealizableHardness/ActualMZ24ComplementRestriction.lean:36:32: Variable name `hQW` is not explicitly referenced.

Hint: The binding can be removed (if unused) or named `_` (if used implicitly). Alternatively, prefix the name with `_` to silence this warning:
  [apply] _hQW

Note: This linter can be disabled with `set_option linter.unusedVariables false`
warning: lean/PvNP/RealizableHardness/ActualMZ24ComplementRestriction.lean:52:32: Variable name `hQW` is not explicitly referenced.

Hint: The binding can be removed (if unused) or named `_` (if used implicitly). Alternatively, prefix the name with `_` to silence this warning:
  [apply] _hQW

Note: This linter can be disabled with `set_option linter.unusedVariables false`
warning: lean/PvNP/RealizableHardness/ActualMZ24ComplementRestriction.lean:108:0: automatically included section variable(s) unused in theorem `PvNP.RealizableHardness.ActualMZ24ComplementRestriction.lift_le_of_le`:
  [Fintype V]
consider restructuring your `variable` declarations so that the variables are not in scope or explicitly omit them:
  omit [Fintype V] in theorem ...

Note: This linter can be disabled with `set_option linter.unusedSectionVars false`
warning: lean/PvNP/RealizableHardness/ActualMZ24ComplementRestriction.lean:109:32: Variable name `hQW` is not explicitly referenced.

Hint: The binding can be removed (if unused) or named `_` (if used implicitly). Alternatively, prefix the name with `_` to silence this warning:
  [apply] _hQW

Note: This linter can be disabled with `set_option linter.unusedVariables false`
warning: lean/PvNP/RealizableHardness/ActualMZ24ComplementRestriction.lean:116:0: automatically included section variable(s) unused in theorem `PvNP.RealizableHardness.ActualMZ24ComplementRestriction.lift_finrank`:
  [Fintype V]
consider restructuring your `variable` declarations so that the variables are not in scope or explicitly omit them:
  omit [Fintype V] in theorem ...

Note: This linter can be disabled with `set_option linter.unusedSectionVars false`
warning: lean/PvNP/RealizableHardness/ActualMZ24ComplementRestriction.lean:134:2: try 'simp' instead of 'simpa'

Note: This linter can be disabled with `set_option linter.unnecessarySimpa false`
warning: lean/PvNP/RealizableHardness/ActualMZ24ComplementRestriction.lean:123:0: automatically included section variable(s) unused in theorem `PvNP.RealizableHardness.ActualMZ24ComplementRestriction.complementSubspace_sup_lift`:
  [Fintype V]
consider restructuring your `variable` declarations so that the variables are not in scope or explicitly omit them:
  omit [Fintype V] in theorem ...

Note: This linter can be disabled with `set_option linter.unusedSectionVars false`
warning: lean/PvNP/RealizableHardness/ActualMZ24ComplementRestriction.lean:271:30: Variable name `had` is not explicitly referenced.

Hint: The binding can be removed (if unused) or named `_` (if used implicitly). Alternatively, prefix the name with `_` to silence this warning:
  [apply] _had

Note: This linter can be disabled with `set_option linter.unusedVariables false`
warning: lean/PvNP/RealizableHardness/ActualMZ24ComplementRestriction.lean:278:8: automatically included section variable(s) unused in theorem `_private.PvNP.RealizableHardness.ActualMZ24ComplementRestriction.0.PvNP.RealizableHardness.ActualMZ24ComplementRestriction.dependentTable_apply`:
  [Fintype V]
consider restructuring your `variable` declarations so that the variables are not in scope or explicitly omit them:
  omit [Fintype V] in theorem ...

Note: This linter can be disabled with `set_option linter.unusedSectionVars false`
warning: lean/PvNP/RealizableHardness/ActualMZ24ComplementRestriction.lean:285:8: automatically included section variable(s) unused in theorem `_private.PvNP.RealizableHardness.ActualMZ24ComplementRestriction.0.PvNP.RealizableHardness.ActualMZ24ComplementRestriction.grassCast_coe`:
  [Fintype V]
consider restructuring your `variable` declarations so that the variables are not in scope or explicitly omit them:
  omit [Fintype V] in theorem ...

Note: This linter can be disabled with `set_option linter.unusedSectionVars false`
⚠ [3328/3394] Replayed PvNP.RealizableHardness.ActualBinaryGrassmannIncidence
warning: lean/PvNP/RealizableHardness/ActualBinaryGrassmannIncidence.lean:49:8: automatically included section variable(s) unused in theorem `PvNP.RealizableHardness.ActualBinaryGrassmannIncidence.familyInter_empty`:
  [Fintype V]
  [Fintype I]
consider restructuring your `variable` declarations so that the variables are not in scope or explicitly omit them:
  omit [Fintype V] [Fintype I] in theorem ...

Note: This linter can be disabled with `set_option linter.unusedSectionVars false`
warning: lean/PvNP/RealizableHardness/ActualBinaryGrassmannIncidence.lean:53:8: automatically included section variable(s) unused in theorem `PvNP.RealizableHardness.ActualBinaryGrassmannIncidence.familyInter_singleton`:
  [Fintype V]
  [Fintype I]
consider restructuring your `variable` declarations so that the variables are not in scope or explicitly omit them:
  omit [Fintype V] [Fintype I] in theorem ...

Note: This linter can be disabled with `set_option linter.unusedSectionVars false`
warning: lean/PvNP/RealizableHardness/ActualBinaryGrassmannIncidence.lean:57:0: automatically included section variable(s) unused in theorem `PvNP.RealizableHardness.ActualBinaryGrassmannIncidence.familyInter_pair`:
  [Fintype V]
  [Fintype I]
consider restructuring your `variable` declarations so that the variables are not in scope or explicitly omit them:
  omit [Fintype V] [Fintype I] in theorem ...

Note: This linter can be disabled with `set_option linter.unusedSectionVars false`
warning: lean/PvNP/RealizableHardness/ActualBinaryGrassmannIncidence.lean:58:5: Variable name `hij` is not explicitly referenced.

Hint: The binding can be removed (if unused) or named `_` (if used implicitly). Alternatively, prefix the name with `_` to silence this warning:
  [apply] _hij

Note: This linter can be disabled with `set_option linter.unusedVariables false`
warning: lean/PvNP/RealizableHardness/ActualBinaryGrassmannIncidence.lean:60:21: This simp argument is unused:
  hij

Hint: Omit it from the simp argument list.
  [apply] simp [familyInter]

Note: This linter can be disabled with `set_option linter.unusedSimpArgs false`
warning: lean/PvNP/RealizableHardness/ActualBinaryGrassmannIncidence.lean:75:0: automatically included section variable(s) unused in theorem `PvNP.RealizableHardness.ActualBinaryGrassmannIncidence.genericUpTo_zero`:
  [Fintype V]
  [Fintype I]
consider restructuring your `variable` declarations so that the variables are not in scope or explicitly omit them:
  omit [Fintype V] [Fintype I] in theorem ...

Note: This linter can be disabled with `set_option linter.unusedSectionVars false`
warning: lean/PvNP/RealizableHardness/ActualBinaryGrassmannIncidence.lean:81:0: automatically included section variable(s) unused in theorem `PvNP.RealizableHardness.ActualBinaryGrassmannIncidence.genericUpTo_mono`:
  [Fintype V]
  [Fintype I]
consider restructuring your `variable` declarations so that the variables are not in scope or explicitly omit them:
  omit [Fintype V] [Fintype I] in theorem ...

Note: This linter can be disabled with `set_option linter.unusedSectionVars false`
warning: lean/PvNP/RealizableHardness/ActualBinaryGrassmannIncidence.lean:91:0: automatically included section variable(s) unused in theorem `PvNP.RealizableHardness.ActualBinaryGrassmannIncidence.genericUpTo_general`:
  [Fintype V]
  [Fintype I]
consider restructuring your `variable` declarations so that the variables are not in scope or explicitly omit them:
  omit [Fintype V] [Fintype I] in theorem ...

Note: This linter can be disabled with `set_option linter.unusedSectionVars false`
warning: lean/PvNP/RealizableHardness/ActualBinaryGrassmannIncidence.lean:111:32: This simp argument is unused:
  hij

Hint: Omit it from the simp argument list.
  [apply] simp

Note: This linter can be disabled with `set_option linter.unusedSimpArgs false`
warning: lean/PvNP/RealizableHardness/ActualBinaryGrassmannIncidence.lean:114:15: This simp argument is unused:
  Ne.symm hij

Hint: Omit it from the simp argument list.
  [apply] simp [hij]

Note: This linter can be disabled with `set_option linter.unusedSimpArgs false`
warning: lean/PvNP/RealizableHardness/ActualBinaryGrassmannIncidence.lean:131:0: automatically included section variable(s) unused in theorem `PvNP.RealizableHardness.ActualBinaryGrassmannIncidence.familyInter_image`:
  [Fintype V]
  [Fintype I]
consider restructuring your `variable` declarations so that the variables are not in scope or explicitly omit them:
  omit [Fintype V] [Fintype I] in theorem ...

Note: This linter can be disabled with `set_option linter.unusedSectionVars false`
warning: lean/PvNP/RealizableHardness/ActualBinaryGrassmannIncidence.lean:206:0: automatically included section variable(s) unused in theorem `PvNP.RealizableHardness.ActualBinaryGrassmannIncidence.grass_nonempty_of_le`:
  [Fintype V]
consider restructuring your `variable` declarations so that the variables are not in scope or explicitly omit them:
  omit [Fintype V] in theorem ...

Note: This linter can be disabled with `set_option linter.unusedSectionVars false`
warning: lean/PvNP/RealizableHardness/ActualBinaryGrassmannIncidence.lean:218:2: Try this: 
  letI̵

The goal is a proposition, so `let` is preferred over `letI`.
The difference between `let` and `letI` is that `letI` inlines the value.
But this is not relevant for proofs because of proof irrelevance.

Note: This linter can be disabled with `set_option linter.style.haveILetI false`
warning: lean/PvNP/RealizableHardness/ActualBinaryGrassmannIncidence.lean:217:14: This simp argument is unused:
  Module.finrank_pi

Hint: Omit it from the simp argument list.
  [apply] simp [Vn]

Note: This linter can be disabled with `set_option linter.unusedSimpArgs false`
warning: lean/PvNP/RealizableHardness/ActualBinaryGrassmannIncidence.lean:235:0: automatically included section variable(s) unused in theorem `PvNP.RealizableHardness.ActualBinaryGrassmannIncidence.bottomContained_card_nat`:
  [Fintype I]
consider restructuring your `variable` declarations so that the variables are not in scope or explicitly omit them:
  omit [Fintype I] in theorem ...

Note: This linter can be disabled with `set_option linter.unusedSectionVars false`
warning: lean/PvNP/RealizableHardness/ActualBinaryGrassmannIncidence.lean:254:11: Variable name `L` is not explicitly referenced.

Hint: The binding can be removed (if unused) or named `_` (if used implicitly). Alternatively, prefix the name with `_` to silence this warning:
  [apply] _L

Note: This linter can be disabled with `set_option linter.unusedVariables false`
warning: lean/PvNP/RealizableHardness/ActualBinaryGrassmannIncidence.lean:255:12: Variable name `L` is not explicitly referenced.

Hint: The binding can be removed (if unused) or named `_` (if used implicitly). Alternatively, prefix the name with `_` to silence this warning:
  [apply] _L

Note: This linter can be disabled with `set_option linter.unusedVariables false`
warning: lean/PvNP/RealizableHardness/ActualBinaryGrassmannIncidence.lean:257:0: automatically included section variable(s) unused in theorem `PvNP.RealizableHardness.ActualBinaryGrassmannIncidence.bottomPairContained_card_nat`:
  [Fintype I]
consider restructuring your `variable` declarations so that the variables are not in scope or explicitly omit them:
  omit [Fintype I] in theorem ...

Note: This linter can be disabled with `set_option linter.unusedSectionVars false`
warning: lean/PvNP/RealizableHardness/ActualBinaryGrassmannIncidence.lean:284:0: automatically included section variable(s) unused in theorem `PvNP.RealizableHardness.ActualBinaryGrassmannIncidence.bottomGeneralContained_card_nat`:
  [Fintype I]
consider restructuring your `variable` declarations so that the variables are not in scope or explicitly omit them:
  omit [Fintype I] in theorem ...

Note: This linter can be disabled with `set_option linter.unusedSectionVars false`
warning: lean/PvNP/RealizableHardness/ActualBinaryGrassmannIncidence.lean:372:0: automatically included section variable(s) unused in theorem `PvNP.RealizableHardness.ActualBinaryGrassmannIncidence.familyInter_complement`:
  [Fintype V]
  [Fintype I]
consider restructuring your `variable` declarations so that the variables are not in scope or explicitly omit them:
  omit [Fintype V] [Fintype I] in theorem ...

Note: This linter can be disabled with `set_option linter.unusedSectionVars false`
warning: lean/PvNP/RealizableHardness/ActualBinaryGrassmannIncidence.lean:400:0: automatically included section variable(s) unused in theorem `PvNP.RealizableHardness.ActualBinaryGrassmannIncidence.complementFamily_injective`:
  [Fintype I]
consider restructuring your `variable` declarations so that the variables are not in scope or explicitly omit them:
  omit [Fintype I] in theorem ...

Note: This linter can be disabled with `set_option linter.unusedSectionVars false`
warning: lean/PvNP/RealizableHardness/ActualBinaryGrassmannIncidence.lean:453:38: Variable name `C` is not explicitly referenced.

Hint: The binding can be removed (if unused) or named `_` (if used implicitly). Alternatively, prefix the name with `_` to silence this warning:
  [apply] _C

Note: This linter can be disabled with `set_option linter.unusedVariables false`
warning: lean/PvNP/RealizableHardness/ActualBinaryGrassmannIncidence.lean:464:2: Try this: 
  letI̵

The goal is a proposition, so `let` is preferred over `letI`.
The difference between `let` and `letI` is that `letI` inlines the value.
But this is not relevant for proofs because of proof irrelevance.

Note: This linter can be disabled with `set_option linter.style.haveILetI false`
warning: lean/PvNP/RealizableHardness/ActualBinaryGrassmannIncidence.lean:475:8: `if_pos` has been deprecated: Use `ite_eq_left` instead
warning: lean/PvNP/RealizableHardness/ActualBinaryGrassmannIncidence.lean:477:4: Try this: 
  letI̵

The goal is a proposition, so `let` is preferred over `letI`.
The difference between `let` and `letI` is that `letI` inlines the value.
But this is not relevant for proofs because of proof irrelevance.

Note: This linter can be disabled with `set_option linter.style.haveILetI false`
warning: lean/PvNP/RealizableHardness/ActualBinaryGrassmannIncidence.lean:478:10: `if_neg` has been deprecated: Use `ite_eq_right` instead
warning: lean/PvNP/RealizableHardness/ActualBinaryGrassmannIncidence.lean:488:0: automatically included section variable(s) unused in theorem `PvNP.RealizableHardness.ActualBinaryGrassmannIncidence.pointedContained_iff`:
  [Fintype I]
consider restructuring your `variable` declarations so that the variables are not in scope or explicitly omit them:
  omit [Fintype I] in theorem ...

Note: This linter can be disabled with `set_option linter.unusedSectionVars false`
warning: lean/PvNP/RealizableHardness/ActualBinaryGrassmannIncidence.lean:527:8: `if_pos` has been deprecated: Use `ite_eq_left` instead
warning: lean/PvNP/RealizableHardness/ActualBinaryGrassmannIncidence.lean:529:4: Try this: 
  letI̵

The goal is a proposition, so `let` is preferred over `letI`.
The difference between `let` and `letI` is that `letI` inlines the value.
But this is not relevant for proofs because of proof irrelevance.

Note: This linter can be disabled with `set_option linter.style.haveILetI false`
warning: lean/PvNP/RealizableHardness/ActualBinaryGrassmannIncidence.lean:530:10: `if_neg` has been deprecated: Use `ite_eq_right` instead
warning: lean/PvNP/RealizableHardness/ActualBinaryGrassmannIncidence.lean:551:15: `if_pos` has been deprecated: Use `ite_eq_left` instead
warning: lean/PvNP/RealizableHardness/ActualBinaryGrassmannIncidence.lean:606:8: `if_pos` has been deprecated: Use `ite_eq_left` instead
warning: lean/PvNP/RealizableHardness/ActualBinaryGrassmannIncidence.lean:609:4: Try this: 
  letI̵

The goal is a proposition, so `let` is preferred over `letI`.
The difference between `let` and `letI` is that `letI` inlines the value.
But this is not relevant for proofs because of proof irrelevance.

Note: This linter can be disabled with `set_option linter.style.haveILetI false`
warning: lean/PvNP/RealizableHardness/ActualBinaryGrassmannIncidence.lean:610:10: `if_neg` has been deprecated: Use `ite_eq_right` instead
warning: lean/PvNP/RealizableHardness/ActualBinaryGrassmannIncidence.lean:633:15: `if_pos` has been deprecated: Use `ite_eq_left` instead
warning: lean/PvNP/RealizableHardness/ActualBinaryGrassmannIncidence.lean:690:8: `if_pos` has been deprecated: Use `ite_eq_left` instead
warning: lean/PvNP/RealizableHardness/ActualBinaryGrassmannIncidence.lean:693:4: Try this: 
  letI̵

The goal is a proposition, so `let` is preferred over `letI`.
The difference between `let` and `letI` is that `letI` inlines the value.
But this is not relevant for proofs because of proof irrelevance.

Note: This linter can be disabled with `set_option linter.style.haveILetI false`
warning: lean/PvNP/RealizableHardness/ActualBinaryGrassmannIncidence.lean:694:10: `if_neg` has been deprecated: Use `ite_eq_right` instead
warning: lean/PvNP/RealizableHardness/ActualBinaryGrassmannIncidence.lean:716:15: `if_pos` has been deprecated: Use `ite_eq_left` instead
warning: lean/PvNP/RealizableHardness/ActualBinaryGrassmannIncidence.lean:761:37: Variable name `r` is not explicitly referenced.

Hint: The binding can be removed (if unused) or named `_` (if used implicitly). Alternatively, prefix the name with `_` to silence this warning:
  [apply] _r

Note: This linter can be disabled with `set_option linter.unusedVariables false`
warning: lean/PvNP/RealizableHardness/ActualBinaryGrassmannIncidence.lean:769:39: Variable name `r` is not explicitly referenced.

Hint: The binding can be removed (if unused) or named `_` (if used implicitly). Alternatively, prefix the name with `_` to silence this warning:
  [apply] _r

Note: This linter can be disabled with `set_option linter.unusedVariables false`
⚠ [3329/3394] Replayed PvNP.RealizableHardness.ActualMZ24DistinctPairAggregation
warning: lean/PvNP/RealizableHardness/ActualMZ24DistinctPairAggregation.lean:27:8: automatically included section variable(s) unused in theorem `_private.PvNP.RealizableHardness.ActualMZ24DistinctPairAggregation.0.PvNP.RealizableHardness.ActualMZ24DistinctPairAggregation.transport_trans`:
  [Fintype V]
consider restructuring your `variable` declarations so that the variables are not in scope or explicitly omit them:
  omit [Fintype V] in theorem ...

Note: This linter can be disabled with `set_option linter.unusedSectionVars false`
warning: lean/PvNP/RealizableHardness/ActualMZ24DistinctPairAggregation.lean:34:8: automatically included section variable(s) unused in theorem `_private.PvNP.RealizableHardness.ActualMZ24DistinctPairAggregation.0.PvNP.RealizableHardness.ActualMZ24DistinctPairAggregation.transport_symm`:
  [Fintype V]
consider restructuring your `variable` declarations so that the variables are not in scope or explicitly omit them:
  omit [Fintype V] in theorem ...

Note: This linter can be disabled with `set_option linter.unusedSectionVars false`
warning: lean/PvNP/RealizableHardness/ActualMZ24DistinctPairAggregation.lean:41:0: automatically included section variable(s) unused in theorem `PvNP.RealizableHardness.ActualMZ24DistinctPairAggregation.decodedPair_ext_of_transport`:
  [Fintype V]
consider restructuring your `variable` declarations so that the variables are not in scope or explicitly omit them:
  omit [Fintype V] in theorem ...

Note: This linter can be disabled with `set_option linter.unusedSectionVars false`
warning: lean/PvNP/RealizableHardness/ActualMZ24DistinctPairAggregation.lean:71:0: automatically included section variable(s) unused in theorem `PvNP.RealizableHardness.ActualMZ24DistinctPairAggregation.pairSubspace_contains`:
  [Fintype V]
consider restructuring your `variable` declarations so that the variables are not in scope or explicitly omit them:
  omit [Fintype V] in theorem ...

Note: This linter can be disabled with `set_option linter.unusedSectionVars false`
warning: lean/PvNP/RealizableHardness/ActualMZ24DistinctPairAggregation.lean:160:0: automatically included section variable(s) unused in theorem `PvNP.RealizableHardness.ActualMZ24DistinctPairAggregation.pairWFiber_card_sum`:
  [Fintype V]
consider restructuring your `variable` declarations so that the variables are not in scope or explicitly omit them:
  omit [Fintype V] in theorem ...

Note: This linter can be disabled with `set_option linter.unusedSectionVars false`
warning: lean/PvNP/RealizableHardness/ActualMZ24DistinctPairAggregation.lean:208:10: Unused tactic linter: `ring` does nothing

Note: This linter can be disabled with `set_option linter.unusedTactic false`
warning: lean/PvNP/RealizableHardness/ActualMZ24DistinctPairAggregation.lean:208:10: this tactic is never executed

Note: This linter can be disabled with `set_option linter.unreachableTactic false`
warning: lean/PvNP/RealizableHardness/ActualMZ24DistinctPairAggregation.lean:280:0: automatically included section variable(s) unused in theorem `PvNP.RealizableHardness.ActualMZ24DistinctPairAggregation.pairSubspaces_exact_codim_partition`:
  [Fintype V]
consider restructuring your `variable` declarations so that the variables are not in scope or explicitly omit them:
  omit [Fintype V] in theorem ...

Note: This linter can be disabled with `set_option linter.unusedSectionVars false`
warning: lean/PvNP/RealizableHardness/ActualMZ24DistinctPairAggregation.lean:322:12: This simp argument is unused:
  hne

Hint: Omit it from the simp argument list.
  [apply] simp [ih]

Note: This linter can be disabled with `set_option linter.unusedSimpArgs false`
warning: lean/PvNP/RealizableHardness/ActualMZ24DistinctPairAggregation.lean:398:2: Unused tactic linter: `norm_num at h` does nothing

Note: This linter can be disabled with `set_option linter.unusedTactic false`
⚠ [3330/3394] Replayed PvNP.RealizableHardness.ActualMZ24GenericSubfamilyRepresentative
warning: lean/PvNP/RealizableHardness/ActualMZ24GenericSubfamilyRepresentative.lean:126:0: automatically included section variable(s) unused in theorem `PvNP.RealizableHardness.ActualMZ24GenericSubfamilyRepresentative.exists_positiveBucketRepresentative`:
  [Fintype V]
consider restructuring your `variable` declarations so that the variables are not in scope or explicitly omit them:
  omit [Fintype V] in theorem ...

Note: This linter can be disabled with `set_option linter.unusedSectionVars false`
⚠ [3331/3394] Replayed PvNP.RealizableHardness.ActualMZ24HyperplaneSupport
warning: lean/PvNP/RealizableHardness/ActualMZ24HyperplaneSupport.lean:32:0: automatically included section variable(s) unused in theorem `PvNP.RealizableHardness.ActualMZ24HyperplaneSupport.relativeCodim_eq_finrank_sub`:
  [Fintype V]
consider restructuring your `variable` declarations so that the variables are not in scope or explicitly omit them:
  omit [Fintype V] in theorem ...

Note: This linter can be disabled with `set_option linter.unusedSectionVars false`
warning: lean/PvNP/RealizableHardness/ActualMZ24HyperplaneSupport.lean:80:0: automatically included section variable(s) unused in theorem `PvNP.RealizableHardness.ActualMZ24HyperplaneSupport.hyperplane_ne_top`:
  [Fintype V]
consider restructuring your `variable` declarations so that the variables are not in scope or explicitly omit them:
  omit [Fintype V] in theorem ...

Note: This linter can be disabled with `set_option linter.unusedSectionVars false`
warning: lean/PvNP/RealizableHardness/ActualMZ24HyperplaneSupport.lean:95:2: Try this: 
  letI̵

The goal is a proposition, so `let` is preferred over `letI`.
The difference between `let` and `letI` is that `letI` inlines the value.
But this is not relevant for proofs because of proof irrelevance.

Note: This linter can be disabled with `set_option linter.style.haveILetI false`
warning: lean/PvNP/RealizableHardness/ActualMZ24HyperplaneSupport.lean:100:2: Try this: 
  letI̵

The goal is a proposition, so `let` is preferred over `letI`.
The difference between `let` and `letI` is that `letI` inlines the value.
But this is not relevant for proofs because of proof irrelevance.

Note: This linter can be disabled with `set_option linter.style.haveILetI false`
warning: lean/PvNP/RealizableHardness/ActualMZ24HyperplaneSupport.lean:203:32: This simp argument is unused:
  hn

Hint: Omit it from the simp argument list.
  [apply] simp [gaussian, frameProduct, hn1, hn0]

Note: This linter can be disabled with `set_option linter.unusedSimpArgs false`
warning: lean/PvNP/RealizableHardness/ActualMZ24HyperplaneSupport.lean:203:41: This simp argument is unused:
  hn0

Hint: Omit it from the simp argument list.
  [apply] simp [gaussian, frameProduct, hn, hn1]

Note: This linter can be disabled with `set_option linter.unusedSimpArgs false`
warning: lean/PvNP/RealizableHardness/ActualMZ24HyperplaneSupport.lean:215:2: Try this: 
  letI̵

The goal is a proposition, so `let` is preferred over `letI`.
The difference between `let` and `letI` is that `letI` inlines the value.
But this is not relevant for proofs because of proof irrelevance.

Note: This linter can be disabled with `set_option linter.style.haveILetI false`
warning: lean/PvNP/RealizableHardness/ActualMZ24HyperplaneSupport.lean:235:2: Try this: 
  letI̵

The goal is a proposition, so `let` is preferred over `letI`.
The difference between `let` and `letI` is that `letI` inlines the value.
But this is not relevant for proofs because of proof irrelevance.

Note: This linter can be disabled with `set_option linter.style.haveILetI false`
warning: lean/PvNP/RealizableHardness/ActualMZ24HyperplaneSupport.lean:279:32: Variable name `hWH` is not explicitly referenced.

Hint: The binding can be removed (if unused) or named `_` (if used implicitly). Alternatively, prefix the name with `_` to silence this warning:
  [apply] _hWH

Note: This linter can be disabled with `set_option linter.unusedVariables false`
warning: lean/PvNP/RealizableHardness/ActualMZ24HyperplaneSupport.lean:282:0: automatically included section variable(s) unused in theorem `PvNP.RealizableHardness.ActualMZ24HyperplaneSupport.restrictToHyperplane_map_recovery`:
  [Fintype V]
consider restructuring your `variable` declarations so that the variables are not in scope or explicitly omit them:
  omit [Fintype V] in theorem ...

Note: This linter can be disabled with `set_option linter.unusedSectionVars false`
⚠ [3332/3394] Replayed PvNP.RealizableHardness.ActualTypedABCanonicalFlag
warning: lean/PvNP/RealizableHardness/ActualTypedABCanonicalFlag.lean:75:8: Unused tactic linter: `change tail.endpoint ≤ Anew` does nothing

Note: This linter can be disabled with `set_option linter.unusedTactic false`
warning: lean/PvNP/RealizableHardness/ActualTypedABCanonicalFlag.lean:78:8: Unused tactic linter: `change Module.finrank F (Anew.map tail.endpoint.mkQ) = 1` does nothing

Note: This linter can be disabled with `set_option linter.unusedTactic false`
warning: lean/PvNP/RealizableHardness/ActualTypedABCanonicalFlag.lean:93:8: Unused tactic linter: `change tail.endpoint ≤ Anew` does nothing

Note: This linter can be disabled with `set_option linter.unusedTactic false`
warning: lean/PvNP/RealizableHardness/ActualTypedABCanonicalFlag.lean:96:8: Unused tactic linter: `change Module.finrank F (Anew.map tail.endpoint.mkQ) = 1` does nothing

Note: This linter can be disabled with `set_option linter.unusedTactic false`
warning: lean/PvNP/RealizableHardness/ActualTypedABCanonicalFlag.lean:336:19: Variable name `hKB` is not explicitly referenced.

Hint: The binding can be removed (if unused) or named `_` (if used implicitly). Alternatively, prefix the name with `_` to silence this warning:
  [apply] _hKB

Note: This linter can be disabled with `set_option linter.unusedVariables false`
⚠ [3334/3394] Replayed PvNP.RealizableHardness.ActualTypedABCanonicalDCollapse
warning: lean/PvNP/RealizableHardness/ActualTypedABCanonicalDCollapse.lean:349:8: This simp argument is unused:
  LinearMap.comp_zero

Hint: Omit it from the simp argument list.
  [apply] simp only [buildHyperplaneSuffix, applyCanonicalFilters, zero_add, rankedTerminalData,
    BinaryMatrixA15NestedHyperplane.hyperplaneCanonicalCodomain]

Note: This linter can be disabled with `set_option linter.unusedSimpArgs false`
warning: lean/PvNP/RealizableHardness/ActualTypedABCanonicalDCollapse.lean:412:8: This simp argument is unused:
  LinearMap.comp_zero

Hint: Omit it from the simp argument list.
  [apply] simp only [buildLineSuffix, applyCanonicalFilters, zero_add, rankedTerminalData]

Note: This linter can be disabled with `set_option linter.unusedSimpArgs false`
warning: lean/PvNP/RealizableHardness/ActualTypedABCanonicalDCollapse.lean:530:15: This simp argument is unused:
  LinearMap.zero_comp

Hint: Omit it from the simp argument list.
  [apply] simp only [LinearMap.comp_zero, add_zero, zero_add,
    BinaryMatrixA15NestedHyperplane.hyperplaneCanonicalCodomain, e] at hs

Note: This linter can be disabled with `set_option linter.unusedSimpArgs false`
warning: lean/PvNP/RealizableHardness/ActualTypedABCanonicalDCollapse.lean:530:36: This simp argument is unused:
  LinearMap.comp_zero

Hint: Omit it from the simp argument list.
  [apply] simp only [LinearMap.zero_comp, add_zero, zero_add,
    BinaryMatrixA15NestedHyperplane.hyperplaneCanonicalCodomain, e] at hs

Note: This linter can be disabled with `set_option linter.unusedSimpArgs false`
warning: lean/PvNP/RealizableHardness/ActualTypedABCanonicalDCollapse.lean:530:57: This simp argument is unused:
  add_zero

Hint: Omit it from the simp argument list.
  [apply] simp only [LinearMap.zero_comp, LinearMap.comp_zero, zero_add,
    BinaryMatrixA15NestedHyperplane.hyperplaneCanonicalCodomain, e] at hs

Note: This linter can be disabled with `set_option linter.unusedSimpArgs false`
warning: lean/PvNP/RealizableHardness/ActualTypedABCanonicalDCollapse.lean:560:50: This simp argument is unused:
  zero_add

Hint: Omit it from the simp argument list.
  [apply] simp only [buildCanonicalSourceTower, buildHyperplanePrefix, buildHyperplaneSuffix, applyCanonicalFilters,
    LinearMap.comp_zero, rankedTerminalData, BinaryMatrixA15NestedHyperplane.hyperplaneCanonicalCodomain]

Note: This linter can be disabled with `set_option linter.unusedSimpArgs false`
warning: lean/PvNP/RealizableHardness/ActualTypedABCanonicalDCollapse.lean:561:4: This simp argument is unused:
  LinearMap.comp_zero

Hint: Omit it from the simp argument list.
  [apply] simp only [buildCanonicalSourceTower, buildHyperplanePrefix, buildHyperplaneSuffix, applyCanonicalFilters,
    zero_add, rankedTerminalData, BinaryMatrixA15NestedHyperplane.hyperplaneCanonicalCodomain]

Note: This linter can be disabled with `set_option linter.unusedSimpArgs false`
⚠ [3335/3394] Replayed PvNP.RealizableHardness.ActualTypedABEndpointTransport
warning: lean/PvNP/RealizableHardness/ActualTypedABEndpointTransport.lean:63:2: Try this: 
  letI̵

The goal is a proposition, so `let` is preferred over `letI`.
The difference between `let` and `letI` is that `letI` inlines the value.
But this is not relevant for proofs because of proof irrelevance.

Note: This linter can be disabled with `set_option linter.style.haveILetI false`
warning: lean/PvNP/RealizableHardness/ActualTypedABEndpointTransport.lean:64:2: Try this: 
  letI̵

The goal is a proposition, so `let` is preferred over `letI`.
The difference between `let` and `letI` is that `letI` inlines the value.
But this is not relevant for proofs because of proof irrelevance.

Note: This linter can be disabled with `set_option linter.style.haveILetI false`
warning: lean/PvNP/RealizableHardness/ActualTypedABEndpointTransport.lean:65:2: Try this: 
  letI̵

The goal is a proposition, so `let` is preferred over `letI`.
The difference between `let` and `letI` is that `letI` inlines the value.
But this is not relevant for proofs because of proof irrelevance.

Note: This linter can be disabled with `set_option linter.style.haveILetI false`
warning: lean/PvNP/RealizableHardness/ActualTypedABEndpointTransport.lean:66:2: Try this: 
  letI̵

The goal is a proposition, so `let` is preferred over `letI`.
The difference between `let` and `letI` is that `letI` inlines the value.
But this is not relevant for proofs because of proof irrelevance.

Note: This linter can be disabled with `set_option linter.style.haveILetI false`
warning: lean/PvNP/RealizableHardness/ActualTypedABEndpointTransport.lean:67:2: Try this: 
  letI̵

The goal is a proposition, so `let` is preferred over `letI`.
The difference between `let` and `letI` is that `letI` inlines the value.
But this is not relevant for proofs because of proof irrelevance.

Note: This linter can be disabled with `set_option linter.style.haveILetI false`
warning: lean/PvNP/RealizableHardness/ActualTypedABEndpointTransport.lean:68:2: Try this: 
  letI̵

The goal is a proposition, so `let` is preferred over `letI`.
The difference between `let` and `letI` is that `letI` inlines the value.
But this is not relevant for proofs because of proof irrelevance.

Note: This linter can be disabled with `set_option linter.style.haveILetI false`
⚠ [3337/3394] Replayed PvNP.RealizableHardness.ActualTypedABCanonicalSignalCollapse
warning: lean/PvNP/RealizableHardness/ActualTypedABCanonicalSignalCollapse.lean:75:21: `if_neg` has been deprecated: Use `ite_eq_right` instead
warning: lean/PvNP/RealizableHardness/ActualTypedABCanonicalSignalCollapse.lean:116:17: `if_neg` has been deprecated: Use `ite_eq_right` instead
⚠ [3338/3394] Replayed PvNP.RealizableHardness.ActualTypedABBottomTopRankReindex
warning: lean/PvNP/RealizableHardness/ActualTypedABBottomTopRankReindex.lean:266:4: This simp argument is unused:
  LinearEquiv.arrowCongr_apply

Hint: Omit it from the simp argument list.
  [apply] simp [bottomTopAmbientMatrixEquiv, bottomTopCarrierAmbientHomEquiv, bottomTopDomainEquiv,
    bottomTopCodomainEquiv]

Note: This linter can be disabled with `set_option linter.unusedSimpArgs false`
⚠ [3339/3394] Replayed PvNP.RealizableHardness.ActualTypedABCanonicalRankProjectionCollapse
warning: lean/PvNP/RealizableHardness/ActualTypedABCanonicalRankProjectionCollapse.lean:86:8: `if_neg` has been deprecated: Use `ite_eq_right` instead
⚠ [3341/3394] Replayed PvNP.RealizableHardness.ActualTypedABOriginalGlobalBridgeClean
warning: lean/PvNP/RealizableHardness/ActualTypedABOriginalGlobalBridgeClean.lean:53:4: This simp argument is unused:
  LinearEquiv.apply_symm_apply

Hint: Omit it from the simp argument list.
  [apply] simp [bottomTopCarrierAmbientHomEquiv_apply, bottomTopDomainEquiv, bottomTopCodomainEquiv]

Note: This linter can be disabled with `set_option linter.unusedSimpArgs false`
⚠ [3342/3394] Replayed PvNP.RealizableHardness.MatrixGrassmannFibre
warning: lean/PvNP/RealizableHardness/MatrixGrassmannFibre.lean:42:0: automatically included section variable(s) unused in theorem `PvNP.RealizableHardness.MatrixGrassmannFibre.reanchor_columns`:
  [AddCommGroup V]
  [Module (ZMod 2) V]
  [Fintype V]
consider restructuring your `variable` declarations so that the variables are not in scope or explicitly omit them:
  omit [AddCommGroup V] [Module (ZMod 2) V] [Fintype V] in theorem ...

Note: This linter can be disabled with `set_option linter.unusedSectionVars false`
warning: lean/PvNP/RealizableHardness/MatrixGrassmannFibre.lean:49:27: This simp argument is unused:
  Function.comp_def

Hint: Omit it from the simp argument list.
  [apply] simp [concatenate]

Note: This linter can be disabled with `set_option linter.unusedSimpArgs false`
warning: lean/PvNP/RealizableHardness/MatrixGrassmannFibre.lean:50:27: This simp argument is unused:
  Function.comp_def

Hint: Omit it from the simp argument list.
  [apply] simp [concatenate]

Note: This linter can be disabled with `set_option linter.unusedSimpArgs false`
warning: lean/PvNP/RealizableHardness/MatrixGrassmannFibre.lean:51:32: This simp argument is unused:
  Function.comp_def

Hint: Omit it from the simp argument list.
  [apply] simp [concatenate, Fin.tail]

Note: This linter can be disabled with `set_option linter.unusedSimpArgs false`
warning: lean/PvNP/RealizableHardness/MatrixGrassmannFibre.lean:131:0: automatically included section variable(s) unused in theorem `PvNP.RealizableHardness.MatrixGrassmannFibre.fibre_column_mem`:
  [Fintype V]
consider restructuring your `variable` declarations so that the variables are not in scope or explicitly omit them:
  omit [Fintype V] in theorem ...

Note: This linter can be disabled with `set_option linter.unusedSectionVars false`
⚠ [3343/3394] Replayed PvNP.RealizableHardness.MatrixGrassmannIntersectingAnchor
warning: lean/PvNP/RealizableHardness/MatrixGrassmannIntersectingAnchor.lean:14:0: automatically included section variable(s) unused in theorem `PvNP.RealizableHardness.MatrixGrassmannIntersectingAnchor.anchor_sup_lift_inf`:
  [Fintype V]
consider restructuring your `variable` declarations so that the variables are not in scope or explicitly omit them:
  omit [Fintype V] in theorem ...

Note: This linter can be disabled with `set_option linter.unusedSectionVars false`
warning: lean/PvNP/RealizableHardness/MatrixGrassmannIntersectingAnchor.lean:22:0: automatically included section variable(s) unused in theorem `PvNP.RealizableHardness.MatrixGrassmannIntersectingAnchor.anchor_inf_sampled`:
  [Fintype V]
consider restructuring your `variable` declarations so that the variables are not in scope or explicitly omit them:
  omit [Fintype V] in theorem ...

Note: This linter can be disabled with `set_option linter.unusedSectionVars false`
warning: lean/PvNP/RealizableHardness/MatrixGrassmannIntersectingAnchor.lean:37:0: automatically included section variable(s) unused in theorem `PvNP.RealizableHardness.MatrixGrassmannIntersectingAnchor.span_concatenate`:
  [Fintype V]
consider restructuring your `variable` declarations so that the variables are not in scope or explicitly omit them:
  omit [Fintype V] in theorem ...

Note: This linter can be disabled with `set_option linter.unusedSectionVars false`
warning: lean/PvNP/RealizableHardness/MatrixGrassmannIntersectingAnchor.lean:44:36: This simp argument is unused:
  Sum.exists

Hint: Omit it from the simp argument list.
  [apply] simp [concatenate, Set.mem_range]

Note: This linter can be disabled with `set_option linter.unusedSimpArgs false`
warning: lean/PvNP/RealizableHardness/MatrixGrassmannIntersectingAnchor.lean:218:2: Try this: 
  letI̵

The goal is a proposition, so `let` is preferred over `letI`.
The difference between `let` and `letI` is that `letI` inlines the value.
But this is not relevant for proofs because of proof irrelevance.

Note: This linter can be disabled with `set_option linter.style.haveILetI false`
warning: lean/PvNP/RealizableHardness/MatrixGrassmannIntersectingAnchor.lean:336:26: `dif_pos` has been deprecated: Use `dite_eq_left` instead
⚠ [3344/3394] Replayed PvNP.RealizableHardness.MatrixLiftAffineTarget
warning: lean/PvNP/RealizableHardness/MatrixLiftAffineTarget.lean:30:0: automatically included section variable(s) unused in theorem `PvNP.RealizableHardness.MatrixLiftAffineTarget.liftScore_eq_homLiftTest`:
  [Fintype V]
consider restructuring your `variable` declarations so that the variables are not in scope or explicitly omit them:
  omit [Fintype V] in theorem ...

Note: This linter can be disabled with `set_option linter.unusedSectionVars false`
warning: lean/PvNP/RealizableHardness/MatrixLiftAffineTarget.lean:44:8: automatically included section variable(s) unused in theorem `_private.PvNP.RealizableHardness.MatrixLiftAffineTarget.0.PvNP.RealizableHardness.MatrixLiftAffineTarget.choosePreimage_spec`:
  [Fintype V]
  [Fintype C]
consider restructuring your `variable` declarations so that the variables are not in scope or explicitly omit them:
  omit [Fintype V] [Fintype C] in theorem ...

Note: This linter can be disabled with `set_option linter.unusedSectionVars false`
warning: lean/PvNP/RealizableHardness/MatrixLiftAffineTarget.lean:139:0: automatically included section variable(s) unused in theorem `PvNP.RealizableHardness.MatrixLiftAffineTarget.columnLinear_rowTarget`:
  [Fintype V]
  [Fintype C]
consider restructuring your `variable` declarations so that the variables are not in scope or explicitly omit them:
  omit [Fintype V] [Fintype C] in theorem ...

Note: This linter can be disabled with `set_option linter.unusedSectionVars false`
warning: lean/PvNP/RealizableHardness/MatrixLiftAffineTarget.lean:178:8: automatically included section variable(s) unused in theorem `_private.PvNP.RealizableHardness.MatrixLiftAffineTarget.0.PvNP.RealizableHardness.MatrixLiftAffineTarget.span_concatenate`:
  [Fintype V]
consider restructuring your `variable` declarations so that the variables are not in scope or explicitly omit them:
  omit [Fintype V] in theorem ...

Note: This linter can be disabled with `set_option linter.unusedSectionVars false`
warning: lean/PvNP/RealizableHardness/MatrixLiftAffineTarget.lean:185:36: This simp argument is unused:
  Sum.exists

Hint: Omit it from the simp argument list.
  [apply] simp [concatenate, Set.mem_range]

Note: This linter can be disabled with `set_option linter.unusedSimpArgs false`
warning: lean/PvNP/RealizableHardness/MatrixLiftAffineTarget.lean:210:30: `dif_pos` has been deprecated: Use `dite_eq_left` instead
warning: lean/PvNP/RealizableHardness/MatrixLiftAffineTarget.lean:210:41: `dif_pos` has been deprecated: Use `dite_eq_left` instead
warning: lean/PvNP/RealizableHardness/MatrixLiftAffineTarget.lean:215:30: `dif_neg` has been deprecated: Use `dite_eq_right` instead
warning: lean/PvNP/RealizableHardness/MatrixLiftAffineTarget.lean:215:41: `dif_neg` has been deprecated: Use `dite_eq_right` instead
warning: lean/PvNP/RealizableHardness/MatrixLiftAffineTarget.lean:217:0: automatically included section variable(s) unused in theorem `PvNP.RealizableHardness.MatrixLiftAffineTarget.columnLinear_val`:
  [Fintype V]
consider restructuring your `variable` declarations so that the variables are not in scope or explicitly omit them:
  omit [Fintype V] in theorem ...

Note: This linter can be disabled with `set_option linter.unusedSectionVars false`
warning: lean/PvNP/RealizableHardness/MatrixLiftAffineTarget.lean:283:0: automatically included section variable(s) unused in theorem `PvNP.RealizableHardness.MatrixLiftAffineTarget.surjective_target_orbit`:
  [Fintype C]
consider restructuring your `variable` declarations so that the variables are not in scope or explicitly omit them:
  omit [Fintype C] in theorem ...

Note: This linter can be disabled with `set_option linter.unusedSectionVars false`
warning: lean/PvNP/RealizableHardness/MatrixLiftAffineTarget.lean:377:0: automatically included section variable(s) unused in theorem `PvNP.RealizableHardness.MatrixLiftAffineTarget.targetScoreSum_nonneg`:
  [Fintype C]
consider restructuring your `variable` declarations so that the variables are not in scope or explicitly omit them:
  omit [Fintype C] in theorem ...

Note: This linter can be disabled with `set_option linter.unusedSectionVars false`
⚠ [3345/3394] Replayed PvNP.RealizableHardness.MatrixFullRowRankHalf
warning: lean/PvNP/RealizableHardness/MatrixFullRowRankHalf.lean:184:10: This simp argument is unused:
  Fintype.card_fun

Hint: Omit it from the simp argument list.
  [apply] simp [pow_mul, Nat.mul_comm]

Note: This linter can be disabled with `set_option linter.unusedSimpArgs false`
warning: lean/PvNP/RealizableHardness/MatrixFullRowRankHalf.lean:192:4: Unused tactic linter: `change
  ((2 ^ (k * c) : ℕ) : ℝ) < 2 * (((∏ i : Fin c, (2 ^ k - 2 ^ (i : ℕ))) : ℕ) : ℝ)` does nothing

Note: This linter can be disabled with `set_option linter.unusedTactic false`
⚠ [3346/3394] Replayed PvNP.RealizableHardness.MatrixLiftFullRowRankBridge
warning: lean/PvNP/RealizableHardness/MatrixLiftFullRowRankBridge.lean:18:0: automatically included section variable(s) unused in theorem `PvNP.RealizableHardness.MatrixLiftFullRowRankBridge.residual_row_surjective`:
  [Fintype V]
consider restructuring your `variable` declarations so that the variables are not in scope or explicitly omit them:
  omit [Fintype V] in theorem ...

Note: This linter can be disabled with `set_option linter.unusedSectionVars false`
⚠ [3347/3394] Replayed PvNP.RealizableHardness.MatrixLiftNominalDomain
warning: lean/PvNP/RealizableHardness/MatrixLiftNominalDomain.lean:26:34: This simp argument is unused:
  Submodule.prodEquivOfIsCompl_symm_apply_left

Hint: Omit it from the simp argument list.
  [apply] simp [LinearMap.comp_apply, LinearMap.coprod_apply]

Note: This linter can be disabled with `set_option linter.unusedSimpArgs false`
warning: lean/PvNP/RealizableHardness/MatrixLiftNominalDomain.lean:27:8: This simp argument is unused:
  LinearMap.coprod_apply

Hint: Omit it from the simp argument list.
  [apply] simp [LinearMap.comp_apply, Submodule.prodEquivOfIsCompl_symm_apply_left]

Note: This linter can be disabled with `set_option linter.unusedSimpArgs false`
warning: lean/PvNP/RealizableHardness/MatrixLiftNominalDomain.lean:51:32: This simp argument is unused:
  Submodule.prodEquivOfIsCompl_symm_apply_right

Hint: Omit it from the simp argument list.
  [apply] simp [LinearMap.comp_apply, LinearMap.coprod_apply]

Note: This linter can be disabled with `set_option linter.unusedSimpArgs false`
warning: lean/PvNP/RealizableHardness/MatrixLiftNominalDomain.lean:52:6: This simp argument is unused:
  LinearMap.coprod_apply

Hint: Omit it from the simp argument list.
  [apply] simp [LinearMap.comp_apply, Submodule.prodEquivOfIsCompl_symm_apply_right]

Note: This linter can be disabled with `set_option linter.unusedSimpArgs false`
warning: lean/PvNP/RealizableHardness/MatrixLiftNominalDomain.lean:174:8: `dif_pos` has been deprecated: Use `dite_eq_left` instead
warning: lean/PvNP/RealizableHardness/MatrixLiftNominalDomain.lean:174:22: `dif_pos` has been deprecated: Use `dite_eq_left` instead
warning: lean/PvNP/RealizableHardness/MatrixLiftNominalDomain.lean:179:8: `dif_neg` has been deprecated: Use `dite_eq_right` instead
warning: lean/PvNP/RealizableHardness/MatrixLiftNominalDomain.lean:179:22: `dif_neg` has been deprecated: Use `dite_eq_right` instead
warning: lean/PvNP/RealizableHardness/MatrixLiftNominalDomain.lean:194:20: This simp argument is unused:
  Submodule.prodEquivOfIsCompl_symm_apply_left

Hint: Omit it from the simp argument list.
  [apply] simp [splitBasis]

Note: This linter can be disabled with `set_option linter.unusedSimpArgs false`
warning: lean/PvNP/RealizableHardness/MatrixLiftNominalDomain.lean:201:20: This simp argument is unused:
  Submodule.prodEquivOfIsCompl_symm_apply_right

Hint: Omit it from the simp argument list.
  [apply] simp [splitBasis]

Note: This linter can be disabled with `set_option linter.unusedSimpArgs false`
warning: lean/PvNP/RealizableHardness/MatrixLiftNominalDomain.lean:254:10: This simp argument is unused:
  Submodule.coe_prodEquivOfIsCompl'

Hint: Omit it from the simp argument list.
  [apply] simp only [LinearMap.coprod_apply, LinearMap.comp_apply, map_add]

Note: This linter can be disabled with `set_option linter.unusedSimpArgs false`
warning: lean/PvNP/RealizableHardness/MatrixLiftNominalDomain.lean:491:16: `dif_pos` has been deprecated: Use `dite_eq_left` instead
warning: lean/PvNP/RealizableHardness/MatrixLiftNominalDomain.lean:492:16: `dif_neg` has been deprecated: Use `dite_eq_right` instead
⚠ [3348/3394] Replayed PvNP.RealizableHardness.ActualBinaryMatrixHC46ActualFibreModel
warning: lean/PvNP/RealizableHardness/ActualBinaryMatrixHC46ActualFibreModel.lean:76:4: try 'simp' instead of 'simpa'

Note: This linter can be disabled with `set_option linter.unnecessarySimpa false`
warning: lean/PvNP/RealizableHardness/ActualBinaryMatrixHC46ActualFibreModel.lean:91:4: try 'simp' instead of 'simpa'

Note: This linter can be disabled with `set_option linter.unnecessarySimpa false`
warning: lean/PvNP/RealizableHardness/ActualBinaryMatrixHC46ActualFibreModel.lean:42:14: This simp argument is unused:
  LinearMap.comp_apply

Hint: Omit it from the simp argument list.
  [apply] simp [hx]

Note: This linter can be disabled with `set_option linter.unusedSimpArgs false`
warning: lean/PvNP/RealizableHardness/ActualBinaryMatrixHC46ActualFibreModel.lean:45:8: Unused tactic linter: `change y ∈ B` does nothing

Note: This linter can be disabled with `set_option linter.unusedTactic false`
⚠ [3349/3394] Replayed PvNP.RealizableHardness.ActualBinaryMatrixHC46A18SourceGlobal
warning: lean/PvNP/RealizableHardness/ActualBinaryMatrixHC46A18SourceGlobal.lean:223:7: Variable name `w` is not explicitly referenced.

Hint: The binding can be removed (if unused) or named `_` (if used implicitly). Alternatively, prefix the name with `_` to silence this warning:
  [apply] _w

Note: This linter can be disabled with `set_option linter.unusedVariables false`
warning: lean/PvNP/RealizableHardness/ActualBinaryMatrixHC46A18SourceGlobal.lean:257:10: This simp argument is unused:
  add_assoc

Hint: Omit it from the simp argument list.
  [apply] simp [sub_eq_add_neg, add_left_comm, add_comm]

Note: This linter can be disabled with `set_option linter.unusedSimpArgs false`
warning: lean/PvNP/RealizableHardness/ActualBinaryMatrixHC46A18SourceGlobal.lean:310:13: Variable name `w` is not explicitly referenced.

Hint: The binding can be removed (if unused) or named `_` (if used implicitly). Alternatively, prefix the name with `_` to silence this warning:
  [apply] _w

Note: This linter can be disabled with `set_option linter.unusedVariables false`
warning: lean/PvNP/RealizableHardness/ActualBinaryMatrixHC46A18SourceGlobal.lean:312:25: Variable name `w` is not explicitly referenced.

Hint: The binding can be removed (if unused) or named `_` (if used implicitly). Alternatively, prefix the name with `_` to silence this warning:
  [apply] _w

Note: This linter can be disabled with `set_option linter.unusedVariables false`
warning: lean/PvNP/RealizableHardness/ActualBinaryMatrixHC46A18SourceGlobal.lean:366:27: Variable name `ha` is not explicitly referenced.

Hint: The binding can be removed (if unused) or named `_` (if used implicitly). Alternatively, prefix the name with `_` to silence this warning:
  [apply] _ha

Note: This linter can be disabled with `set_option linter.unusedVariables false`
warning: lean/PvNP/RealizableHardness/ActualBinaryMatrixHC46A18SourceGlobal.lean:376:17: Variable name `w` is not explicitly referenced.

Hint: The binding can be removed (if unused) or named `_` (if used implicitly). Alternatively, prefix the name with `_` to silence this warning:
  [apply] _w

Note: This linter can be disabled with `set_option linter.unusedVariables false`
warning: lean/PvNP/RealizableHardness/ActualBinaryMatrixHC46A18SourceGlobal.lean:382:27: Variable name `w` is not explicitly referenced.

Hint: The binding can be removed (if unused) or named `_` (if used implicitly). Alternatively, prefix the name with `_` to silence this warning:
  [apply] _w

Note: This linter can be disabled with `set_option linter.unusedVariables false`
warning: lean/PvNP/RealizableHardness/ActualBinaryMatrixHC46A18SourceGlobal.lean:449:27: Variable name `ha` is not explicitly referenced.

Hint: The binding can be removed (if unused) or named `_` (if used implicitly). Alternatively, prefix the name with `_` to silence this warning:
  [apply] _ha

Note: This linter can be disabled with `set_option linter.unusedVariables false`
warning: lean/PvNP/RealizableHardness/ActualBinaryMatrixHC46A18SourceGlobal.lean:455:27: Variable name `ha` is not explicitly referenced.

Hint: The binding can be removed (if unused) or named `_` (if used implicitly). Alternatively, prefix the name with `_` to silence this warning:
  [apply] _ha

Note: This linter can be disabled with `set_option linter.unusedVariables false`
warning: lean/PvNP/RealizableHardness/ActualBinaryMatrixHC46A18SourceGlobal.lean:465:29: Variable name `ha` is not explicitly referenced.

Hint: The binding can be removed (if unused) or named `_` (if used implicitly). Alternatively, prefix the name with `_` to silence this warning:
  [apply] _ha

Note: This linter can be disabled with `set_option linter.unusedVariables false`
warning: lean/PvNP/RealizableHardness/ActualBinaryMatrixHC46A18SourceGlobal.lean:478:27: Variable name `ha` is not explicitly referenced.

Hint: The binding can be removed (if unused) or named `_` (if used implicitly). Alternatively, prefix the name with `_` to silence this warning:
  [apply] _ha

Note: This linter can be disabled with `set_option linter.unusedVariables false`
warning: lean/PvNP/RealizableHardness/ActualBinaryMatrixHC46A18SourceGlobal.lean:480:13: Variable name `w` is not explicitly referenced.

Hint: The binding can be removed (if unused) or named `_` (if used implicitly). Alternatively, prefix the name with `_` to silence this warning:
  [apply] _w

Note: This linter can be disabled with `set_option linter.unusedVariables false`
warning: lean/PvNP/RealizableHardness/ActualBinaryMatrixHC46A18SourceGlobal.lean:484:23: Variable name `w` is not explicitly referenced.

Hint: The binding can be removed (if unused) or named `_` (if used implicitly). Alternatively, prefix the name with `_` to silence this warning:
  [apply] _w

Note: This linter can be disabled with `set_option linter.unusedVariables false`
warning: lean/PvNP/RealizableHardness/ActualBinaryMatrixHC46A18SourceGlobal.lean:541:7: Variable name `w` is not explicitly referenced.

Hint: The binding can be removed (if unused) or named `_` (if used implicitly). Alternatively, prefix the name with `_` to silence this warning:
  [apply] _w

Note: This linter can be disabled with `set_option linter.unusedVariables false`
warning: lean/PvNP/RealizableHardness/ActualBinaryMatrixHC46A18SourceGlobal.lean:578:27: Variable name `ha` is not explicitly referenced.

Hint: The binding can be removed (if unused) or named `_` (if used implicitly). Alternatively, prefix the name with `_` to silence this warning:
  [apply] _ha

Note: This linter can be disabled with `set_option linter.unusedVariables false`
warning: lean/PvNP/RealizableHardness/ActualBinaryMatrixHC46A18SourceGlobal.lean:659:27: Variable name `ha` is not explicitly referenced.

Hint: The binding can be removed (if unused) or named `_` (if used implicitly). Alternatively, prefix the name with `_` to silence this warning:
  [apply] _ha

Note: This linter can be disabled with `set_option linter.unusedVariables false`
warning: lean/PvNP/RealizableHardness/ActualBinaryMatrixHC46A18SourceGlobal.lean:745:13: Variable name `w` is not explicitly referenced.

Hint: The binding can be removed (if unused) or named `_` (if used implicitly). Alternatively, prefix the name with `_` to silence this warning:
  [apply] _w

Note: This linter can be disabled with `set_option linter.unusedVariables false`
warning: lean/PvNP/RealizableHardness/ActualBinaryMatrixHC46A18SourceGlobal.lean:749:23: Variable name `w` is not explicitly referenced.

Hint: The binding can be removed (if unused) or named `_` (if used implicitly). Alternatively, prefix the name with `_` to silence this warning:
  [apply] _w

Note: This linter can be disabled with `set_option linter.unusedVariables false`
warning: lean/PvNP/RealizableHardness/ActualBinaryMatrixHC46A18SourceGlobal.lean:800:13: Variable name `w` is not explicitly referenced.

Hint: The binding can be removed (if unused) or named `_` (if used implicitly). Alternatively, prefix the name with `_` to silence this warning:
  [apply] _w

Note: This linter can be disabled with `set_option linter.unusedVariables false`
warning: lean/PvNP/RealizableHardness/ActualBinaryMatrixHC46A18SourceGlobal.lean:807:23: Variable name `w` is not explicitly referenced.

Hint: The binding can be removed (if unused) or named `_` (if used implicitly). Alternatively, prefix the name with `_` to silence this warning:
  [apply] _w

Note: This linter can be disabled with `set_option linter.unusedVariables false`
warning: lean/PvNP/RealizableHardness/ActualBinaryMatrixHC46A18SourceGlobal.lean:876:18: Variable name `w` is not explicitly referenced.

Hint: The binding can be removed (if unused) or named `_` (if used implicitly). Alternatively, prefix the name with `_` to silence this warning:
  [apply] _w

Note: This linter can be disabled with `set_option linter.unusedVariables false`
warning: lean/PvNP/RealizableHardness/ActualBinaryMatrixHC46A18SourceGlobal.lean:877:20: Variable name `w` is not explicitly referenced.

Hint: The binding can be removed (if unused) or named `_` (if used implicitly). Alternatively, prefix the name with `_` to silence this warning:
  [apply] _w

Note: This linter can be disabled with `set_option linter.unusedVariables false`
warning: lean/PvNP/RealizableHardness/ActualBinaryMatrixHC46A18SourceGlobal.lean:879:24: Variable name `w` is not explicitly referenced.

Hint: The binding can be removed (if unused) or named `_` (if used implicitly). Alternatively, prefix the name with `_` to silence this warning:
  [apply] _w

Note: This linter can be disabled with `set_option linter.unusedVariables false`
warning: lean/PvNP/RealizableHardness/ActualBinaryMatrixHC46A18SourceGlobal.lean:880:25: Variable name `w` is not explicitly referenced.

Hint: The binding can be removed (if unused) or named `_` (if used implicitly). Alternatively, prefix the name with `_` to silence this warning:
  [apply] _w

Note: This linter can be disabled with `set_option linter.unusedVariables false`
warning: lean/PvNP/RealizableHardness/ActualBinaryMatrixHC46A18SourceGlobal.lean:881:26: Variable name `w` is not explicitly referenced.

Hint: The binding can be removed (if unused) or named `_` (if used implicitly). Alternatively, prefix the name with `_` to silence this warning:
  [apply] _w

Note: This linter can be disabled with `set_option linter.unusedVariables false`
warning: lean/PvNP/RealizableHardness/ActualBinaryMatrixHC46A18SourceGlobal.lean:882:25: Variable name `w` is not explicitly referenced.

Hint: The binding can be removed (if unused) or named `_` (if used implicitly). Alternatively, prefix the name with `_` to silence this warning:
  [apply] _w

Note: This linter can be disabled with `set_option linter.unusedVariables false`
warning: lean/PvNP/RealizableHardness/ActualBinaryMatrixHC46A18SourceGlobal.lean:883:18: Variable name `w` is not explicitly referenced.

Hint: The binding can be removed (if unused) or named `_` (if used implicitly). Alternatively, prefix the name with `_` to silence this warning:
  [apply] _w

Note: This linter can be disabled with `set_option linter.unusedVariables false`
warning: lean/PvNP/RealizableHardness/ActualBinaryMatrixHC46A18SourceGlobal.lean:883:31: Variable name `w` is not explicitly referenced.

Hint: The binding can be removed (if unused) or named `_` (if used implicitly). Alternatively, prefix the name with `_` to silence this warning:
  [apply] _w

Note: This linter can be disabled with `set_option linter.unusedVariables false`
warning: lean/PvNP/RealizableHardness/ActualBinaryMatrixHC46A18SourceGlobal.lean:885:28: Variable name `w` is not explicitly referenced.

Hint: The binding can be removed (if unused) or named `_` (if used implicitly). Alternatively, prefix the name with `_` to silence this warning:
  [apply] _w

Note: This linter can be disabled with `set_option linter.unusedVariables false`
warning: lean/PvNP/RealizableHardness/ActualBinaryMatrixHC46A18SourceGlobal.lean:886:11: Variable name `w` is not explicitly referenced.

Hint: The binding can be removed (if unused) or named `_` (if used implicitly). Alternatively, prefix the name with `_` to silence this warning:
  [apply] _w

Note: This linter can be disabled with `set_option linter.unusedVariables false`
warning: lean/PvNP/RealizableHardness/ActualBinaryMatrixHC46A18SourceGlobal.lean:962:27: Variable name `ha` is not explicitly referenced.

Hint: The binding can be removed (if unused) or named `_` (if used implicitly). Alternatively, prefix the name with `_` to silence this warning:
  [apply] _ha

Note: This linter can be disabled with `set_option linter.unusedVariables false`
warning: lean/PvNP/RealizableHardness/ActualBinaryMatrixHC46A18SourceGlobal.lean:973:22: Variable name `w` is not explicitly referenced.

Hint: The binding can be removed (if unused) or named `_` (if used implicitly). Alternatively, prefix the name with `_` to silence this warning:
  [apply] _w

Note: This linter can be disabled with `set_option linter.unusedVariables false`
warning: lean/PvNP/RealizableHardness/ActualBinaryMatrixHC46A18SourceGlobal.lean:975:24: Variable name `w` is not explicitly referenced.

Hint: The binding can be removed (if unused) or named `_` (if used implicitly). Alternatively, prefix the name with `_` to silence this warning:
  [apply] _w

Note: This linter can be disabled with `set_option linter.unusedVariables false`
warning: lean/PvNP/RealizableHardness/ActualBinaryMatrixHC46A18SourceGlobal.lean:1185:4: This simp argument is unused:
  Matrix.toLin'_toMatrix'

Hint: Omit it from the simp argument list.
  [apply] simp [actualFibreQuotientHomEquiv, actualFibreLinearEquiv, quotientHomEquiv, ConstrainedMap,
    LinearMap.toMatrix'_toLin']

Note: This linter can be disabled with `set_option linter.unusedSimpArgs false`
warning: lean/PvNP/RealizableHardness/ActualBinaryMatrixHC46A18SourceGlobal.lean:1207:25: Variable name `hv` is not explicitly referenced.

Hint: The binding can be removed (if unused) or named `_` (if used implicitly). Alternatively, prefix the name with `_` to silence this warning:
  [apply] _hv

Note: This linter can be disabled with `set_option linter.unusedVariables false`
warning: lean/PvNP/RealizableHardness/ActualBinaryMatrixHC46A18SourceGlobal.lean:1220:27: Variable name `ha` is not explicitly referenced.

Hint: The binding can be removed (if unused) or named `_` (if used implicitly). Alternatively, prefix the name with `_` to silence this warning:
  [apply] _ha

Note: This linter can be disabled with `set_option linter.unusedVariables false`
warning: lean/PvNP/RealizableHardness/ActualBinaryMatrixHC46A18SourceGlobal.lean:1279:27: Variable name `ha` is not explicitly referenced.

Hint: The binding can be removed (if unused) or named `_` (if used implicitly). Alternatively, prefix the name with `_` to silence this warning:
  [apply] _ha

Note: This linter can be disabled with `set_option linter.unusedVariables false`
warning: lean/PvNP/RealizableHardness/ActualBinaryMatrixHC46A18SourceGlobal.lean:1393:23: This simp argument is unused:
  map_smul

Hint: Omit it from the simp argument list.
  [apply] simp [map_add, ha1, hbq]

Note: This linter can be disabled with `set_option linter.unusedSimpArgs false`
warning: lean/PvNP/RealizableHardness/ActualBinaryMatrixHC46A18SourceGlobal.lean:1406:7: Variable name `w` is not explicitly referenced.

Hint: The binding can be removed (if unused) or named `_` (if used implicitly). Alternatively, prefix the name with `_` to silence this warning:
  [apply] _w

Note: This linter can be disabled with `set_option linter.unusedVariables false`
warning: lean/PvNP/RealizableHardness/ActualBinaryMatrixHC46A18SourceGlobal.lean:1407:9: Variable name `u` is not explicitly referenced.

Hint: The binding can be removed (if unused) or named `_` (if used implicitly). Alternatively, prefix the name with `_` to silence this warning:
  [apply] _u

Note: This linter can be disabled with `set_option linter.unusedVariables false`
warning: lean/PvNP/RealizableHardness/ActualBinaryMatrixHC46A18SourceGlobal.lean:1437:8: Variable name `sCoord` is not explicitly referenced.

Hint: The binding can be removed (if unused) or named `_` (if used implicitly). Alternatively, prefix the name with `_` to silence this warning:
  [apply] _sCoord

Note: This linter can be disabled with `set_option linter.unusedVariables false`
warning: lean/PvNP/RealizableHardness/ActualBinaryMatrixHC46A18SourceGlobal.lean:1445:27: Variable name `ha` is not explicitly referenced.

Hint: The binding can be removed (if unused) or named `_` (if used implicitly). Alternatively, prefix the name with `_` to silence this warning:
  [apply] _ha

Note: This linter can be disabled with `set_option linter.unusedVariables false`
warning: lean/PvNP/RealizableHardness/ActualBinaryMatrixHC46A18SourceGlobal.lean:1450:13: Variable name `w` is not explicitly referenced.

Hint: The binding can be removed (if unused) or named `_` (if used implicitly). Alternatively, prefix the name with `_` to silence this warning:
  [apply] _w

Note: This linter can be disabled with `set_option linter.unusedVariables false`
warning: lean/PvNP/RealizableHardness/ActualBinaryMatrixHC46A18SourceGlobal.lean:1455:23: Variable name `w` is not explicitly referenced.

Hint: The binding can be removed (if unused) or named `_` (if used implicitly). Alternatively, prefix the name with `_` to silence this warning:
  [apply] _w

Note: This linter can be disabled with `set_option linter.unusedVariables false`
warning: lean/PvNP/RealizableHardness/ActualBinaryMatrixHC46A18SourceGlobal.lean:1528:8: Variable name `sCoord` is not explicitly referenced.

Hint: The binding can be removed (if unused) or named `_` (if used implicitly). Alternatively, prefix the name with `_` to silence this warning:
  [apply] _sCoord

Note: This linter can be disabled with `set_option linter.unusedVariables false`
warning: lean/PvNP/RealizableHardness/ActualBinaryMatrixHC46A18SourceGlobal.lean:1536:27: Variable name `ha` is not explicitly referenced.

Hint: The binding can be removed (if unused) or named `_` (if used implicitly). Alternatively, prefix the name with `_` to silence this warning:
  [apply] _ha

Note: This linter can be disabled with `set_option linter.unusedVariables false`
warning: lean/PvNP/RealizableHardness/ActualBinaryMatrixHC46A18SourceGlobal.lean:1545:13: Variable name `w` is not explicitly referenced.

Hint: The binding can be removed (if unused) or named `_` (if used implicitly). Alternatively, prefix the name with `_` to silence this warning:
  [apply] _w

Note: This linter can be disabled with `set_option linter.unusedVariables false`
warning: lean/PvNP/RealizableHardness/ActualBinaryMatrixHC46A18SourceGlobal.lean:1548:25: Variable name `w` is not explicitly referenced.

Hint: The binding can be removed (if unused) or named `_` (if used implicitly). Alternatively, prefix the name with `_` to silence this warning:
  [apply] _w

Note: This linter can be disabled with `set_option linter.unusedVariables false`
warning: lean/PvNP/RealizableHardness/ActualBinaryMatrixHC46A18SourceGlobal.lean:1724:8: Variable name `sCoord` is not explicitly referenced.

Hint: The binding can be removed (if unused) or named `_` (if used implicitly). Alternatively, prefix the name with `_` to silence this warning:
  [apply] _sCoord

Note: This linter can be disabled with `set_option linter.unusedVariables false`
warning: lean/PvNP/RealizableHardness/ActualBinaryMatrixHC46A18SourceGlobal.lean:1732:27: Variable name `ha` is not explicitly referenced.

Hint: The binding can be removed (if unused) or named `_` (if used implicitly). Alternatively, prefix the name with `_` to silence this warning:
  [apply] _ha

Note: This linter can be disabled with `set_option linter.unusedVariables false`
warning: lean/PvNP/RealizableHardness/ActualBinaryMatrixHC46A18SourceGlobal.lean:1810:30: This simp argument is unused:
  phiExt

Hint: Omit it from the simp argument list.
  [apply] simp [quotientSampleOutput, LinearMap.comp_apply, hfactor]

Note: This linter can be disabled with `set_option linter.unusedSimpArgs false`
warning: lean/PvNP/RealizableHardness/ActualBinaryMatrixHC46A18SourceGlobal.lean:1810:60: This simp argument is unused:
  hfactor

Hint: Omit it from the simp argument list.
  [apply] simp [quotientSampleOutput, phiExt, LinearMap.comp_apply]

Note: This linter can be disabled with `set_option linter.unusedSimpArgs false`
warning: lean/PvNP/RealizableHardness/ActualBinaryMatrixHC46A18SourceGlobal.lean:1873:27: Variable name `ha` is not explicitly referenced.

Hint: The binding can be removed (if unused) or named `_` (if used implicitly). Alternatively, prefix the name with `_` to silence this warning:
  [apply] _ha

Note: This linter can be disabled with `set_option linter.unusedVariables false`
warning: lean/PvNP/RealizableHardness/ActualBinaryMatrixHC46A18SourceGlobal.lean:2063:4: try 'simp' instead of 'simpa'

Note: This linter can be disabled with `set_option linter.unnecessarySimpa false`
warning: lean/PvNP/RealizableHardness/ActualBinaryMatrixHC46A18SourceGlobal.lean:2084:6: try 'simp' instead of 'simpa'

Note: This linter can be disabled with `set_option linter.unnecessarySimpa false`
warning: lean/PvNP/RealizableHardness/ActualBinaryMatrixHC46A18SourceGlobal.lean:2054:15: This simp argument is unused:
  LinearMap.sub_apply

Hint: Omit it from the simp argument list.
  [apply] simp [F, LinearMap.add_apply, LinearMap.comp_apply, hmk]

Note: This linter can be disabled with `set_option linter.unusedSimpArgs false`
warning: lean/PvNP/RealizableHardness/ActualBinaryMatrixHC46A18SourceGlobal.lean:2054:36: This simp argument is unused:
  LinearMap.add_apply

Hint: Omit it from the simp argument list.
  [apply] simp [F, LinearMap.sub_apply, LinearMap.comp_apply, hmk]

Note: This linter can be disabled with `set_option linter.unusedSimpArgs false`
warning: lean/PvNP/RealizableHardness/ActualBinaryMatrixHC46A18SourceGlobal.lean:2116:8: Variable name `phi` is not explicitly referenced.

Hint: The binding can be removed (if unused) or named `_` (if used implicitly). Alternatively, prefix the name with `_` to silence this warning:
  [apply] _phi

Note: This linter can be disabled with `set_option linter.unusedVariables false`
⚠ [3353/3394] Replayed PvNP.RealizableHardness.ActualBinaryMatrixHC46A17ParentFibreBridge
warning: lean/PvNP/RealizableHardness/ActualBinaryMatrixHC46A17ParentFibreBridge.lean:46:5: Variable name `T` is not explicitly referenced.

Hint: The binding can be removed (if unused) or named `_` (if used implicitly). Alternatively, prefix the name with `_` to silence this warning:
  [apply] _T

Note: This linter can be disabled with `set_option linter.unusedVariables false`
warning: lean/PvNP/RealizableHardness/ActualBinaryMatrixHC46A17ParentFibreBridge.lean:132:38: This simp argument is unused:
  Submodule.liftQ_mkQ

Hint: Omit it from the simp argument list.
  [apply] simp [carrierFibreQuotientHomEquiv, LinearMap.codRestrict_apply]

Note: This linter can be disabled with `set_option linter.unusedSimpArgs false`
⚠ [3354/3394] Replayed PvNP.RealizableHardness.ActualBinaryMatrixHC46A17DerivativeGlobalTransfer
warning: lean/PvNP/RealizableHardness/ActualBinaryMatrixHC46A17DerivativeGlobalTransfer.lean:65:2: Unused tactic linter: `with_unfolding_all
  change
    UpToActualNormSqGlobal (r - 1) ε
      (fun X =>
        filteredCarrierFunction U (⊤ : Submodule F (W n)) T f
          ((carrierMatrixEquiv U (⊤ : Submodule F (W n))).symm X))` does nothing

Note: This linter can be disabled with `set_option linter.unusedTactic false`
⚠ [3356/3394] Replayed PvNP.RealizableHardness.ActualBinaryMatrixHC46A18DerivativeRankProjection
warning: lean/PvNP/RealizableHardness/ActualBinaryMatrixHC46A18DerivativeRankProjection.lean:112:21: `if_pos` has been deprecated: Use `ite_eq_left` instead
warning: lean/PvNP/RealizableHardness/ActualBinaryMatrixHC46A18DerivativeRankProjection.lean:121:21: `if_neg` has been deprecated: Use `ite_eq_right` instead
warning: lean/PvNP/RealizableHardness/ActualBinaryMatrixHC46A18DerivativeRankProjection.lean:121:21: This simp argument is unused:
  if_neg

Hint: Omit it from the simp argument list.
  [apply] simp only [hsel, ↓reduceIte]

Note: This linter can be disabled with `set_option linter.unusedSimpArgs false`
warning: lean/PvNP/RealizableHardness/ActualBinaryMatrixHC46A18DerivativeRankProjection.lean:143:21: `if_pos` has been deprecated: Use `ite_eq_left` instead
warning: lean/PvNP/RealizableHardness/ActualBinaryMatrixHC46A18DerivativeRankProjection.lean:288:66: This simp argument is unused:
  h

Hint: Omit it from the simp argument list.
  [apply] simp [mul_assoc]

Note: This linter can be disabled with `set_option linter.unusedSimpArgs false`
warning: lean/PvNP/RealizableHardness/ActualBinaryMatrixHC46A18DerivativeRankProjection.lean:582:23: `if_pos` has been deprecated: Use `ite_eq_left` instead
warning: lean/PvNP/RealizableHardness/ActualBinaryMatrixHC46A18DerivativeRankProjection.lean:542:22: This simp argument is unused:
  qY

Hint: Omit it from the simp argument list.
  [apply] simp [hsel, cY, selectedCarrierFrequency, Complex.ofReal_mul, mul_assoc]

Note: This linter can be disabled with `set_option linter.unusedSimpArgs false`
warning: lean/PvNP/RealizableHardness/ActualBinaryMatrixHC46A18DerivativeRankProjection.lean:542:26: This simp argument is unused:
  selectedCarrierFrequency

Hint: Omit it from the simp argument list.
  [apply] simp [hsel, cY, qY, Complex.ofReal_mul, mul_assoc]

Note: This linter can be disabled with `set_option linter.unusedSimpArgs false`
warning: lean/PvNP/RealizableHardness/ActualBinaryMatrixHC46A18DerivativeRankProjection.lean:559:31: This simp argument is unused:
  qY

Hint: Omit it from the simp argument list.
  [apply] simp [hsel, hrank, cY, selectedCarrierFrequency, Complex.ofReal_mul, mul_assoc]

Note: This linter can be disabled with `set_option linter.unusedSimpArgs false`
warning: lean/PvNP/RealizableHardness/ActualBinaryMatrixHC46A18DerivativeRankProjection.lean:559:35: This simp argument is unused:
  selectedCarrierFrequency

Hint: Omit it from the simp argument list.
  [apply] simp [hsel, hrank, cY, qY, Complex.ofReal_mul, mul_assoc]

Note: This linter can be disabled with `set_option linter.unusedSimpArgs false`
warning: lean/PvNP/RealizableHardness/ActualBinaryMatrixHC46A18DerivativeRankProjection.lean:562:27: This simp argument is unused:
  cY

Hint: Omit it from the simp argument list.
  [apply] simp [hsel, hrank, qY, selectedCarrierFrequency, Complex.ofReal_mul, mul_assoc]

Note: This linter can be disabled with `set_option linter.unusedSimpArgs false`
warning: lean/PvNP/RealizableHardness/ActualBinaryMatrixHC46A18DerivativeRankProjection.lean:562:31: This simp argument is unused:
  qY

Hint: Omit it from the simp argument list.
  [apply] simp [hsel, hrank, cY, selectedCarrierFrequency, Complex.ofReal_mul, mul_assoc]

Note: This linter can be disabled with `set_option linter.unusedSimpArgs false`
warning: lean/PvNP/RealizableHardness/ActualBinaryMatrixHC46A18DerivativeRankProjection.lean:562:35: This simp argument is unused:
  selectedCarrierFrequency

Hint: Omit it from the simp argument list.
  [apply] simp [hsel, hrank, cY, qY, Complex.ofReal_mul, mul_assoc]

Note: This linter can be disabled with `set_option linter.unusedSimpArgs false`
warning: lean/PvNP/RealizableHardness/ActualBinaryMatrixHC46A18DerivativeRankProjection.lean:563:30: This simp argument is unused:
  mul_assoc

Hint: Omit it from the simp argument list.
  [apply] simp [hsel, hrank, cY, qY, selectedCarrierFrequency, Complex.ofReal_mul]

Note: This linter can be disabled with `set_option linter.unusedSimpArgs false`
warning: lean/PvNP/RealizableHardness/ActualBinaryMatrixHC46A18DerivativeRankProjection.lean:588:29: This simp argument is unused:
  mul_assoc

Hint: Omit it from the simp argument list.
  [apply] simp [hrank, cY, qY]

Note: This linter can be disabled with `set_option linter.unusedSimpArgs false`
warning: lean/PvNP/RealizableHardness/ActualBinaryMatrixHC46A18DerivativeRankProjection.lean:750:21: `if_pos` has been deprecated: Use `ite_eq_left` instead
warning: lean/PvNP/RealizableHardness/ActualBinaryMatrixHC46A18DerivativeRankProjection.lean:739:22: This simp argument is unused:
  qY

Hint: Omit it from the simp argument list.
  [apply] simp [hsel, cY, selectedCarrierFrequency, Complex.ofReal_mul, mul_assoc]

Note: This linter can be disabled with `set_option linter.unusedSimpArgs false`
warning: lean/PvNP/RealizableHardness/ActualBinaryMatrixHC46A18DerivativeRankProjection.lean:739:26: This simp argument is unused:
  selectedCarrierFrequency

Hint: Omit it from the simp argument list.
  [apply] simp [hsel, cY, qY, Complex.ofReal_mul, mul_assoc]

Note: This linter can be disabled with `set_option linter.unusedSimpArgs false`
warning: lean/PvNP/RealizableHardness/ActualBinaryMatrixHC46A18DerivativeRankProjection.lean:774:6: This simp argument is unused:
  BinaryMatrixA1TypedFourier.carrierMean

Hint: Omit it from the simp argument list.
  [apply] simp [complexCarrierFourierCoeff]

Note: This linter can be disabled with `set_option linter.unusedSimpArgs false`
⚠ [3357/3394] Replayed PvNP.RealizableHardness.ActualBinaryMatrixHC46A7WeightedPredecessor
warning: lean/PvNP/RealizableHardness/ActualBinaryMatrixHC46A7WeightedPredecessor.lean:405:21: `if_pos` has been deprecated: Use `ite_eq_left` instead
warning: lean/PvNP/RealizableHardness/ActualBinaryMatrixHC46A7WeightedPredecessor.lean:428:21: `if_pos` has been deprecated: Use `ite_eq_left` instead
warning: lean/PvNP/RealizableHardness/ActualBinaryMatrixHC46A7WeightedPredecessor.lean:433:8: This simp argument is unused:
  BinaryMatrixA1TypedFourier.carrierMean

Hint: Omit it from the simp argument list.
  [apply] simp [hp, complexCarrierFourierCoeff]

Note: This linter can be disabled with `set_option linter.unusedSimpArgs false`
warning: lean/PvNP/RealizableHardness/ActualBinaryMatrixHC46A7WeightedPredecessor.lean:597:38: This simp argument is unused:
  Matrix.mulVecLin_apply

Hint: Omit it from the simp argument list.
  [apply] simp [w6BlockBottomDisplacementMap, Matrix.fromCols_mulVec, Matrix.mulVecLin_mul, Matrix.mulVecLin_apply]

Note: This linter can be disabled with `set_option linter.unusedSimpArgs false`
warning: lean/PvNP/RealizableHardness/ActualBinaryMatrixHC46A7WeightedPredecessor.lean:598:50: This simp argument is unused:
  Matrix.mulVecLin_apply

Hint: Omit it from the simp argument list.
  [apply] simp [w6BlockBottomDisplacementMap, Matrix.mulVecLin_apply, Matrix.fromCols_mulVec, Matrix.mulVecLin_mul]

Note: This linter can be disabled with `set_option linter.unusedSimpArgs false`
warning: lean/PvNP/RealizableHardness/ActualBinaryMatrixHC46A7WeightedPredecessor.lean:774:47: This simp argument is unused:
  CharTwo.add_self_eq_zero

Hint: Omit it from the simp argument list.
  [apply] simp [L, w6CanonicalBlockCandidate, Matrix.fromBlocks_multiply, hsJc, hsJp, Matrix.mul_assoc, add_assoc,
    w6_matrix_add_self_eq_zero]

Note: This linter can be disabled with `set_option linter.unusedSimpArgs false`
warning: lean/PvNP/RealizableHardness/ActualBinaryMatrixHC46A7WeightedPredecessor.lean:781:6: This simp argument is unused:
  add_assoc

Hint: Omit it from the simp argument list.
  [apply] simp [K, Matrix.fromBlocks_multiply, hrPc, Matrix.mul_assoc, CharTwo.add_self_eq_zero,
    w6_matrix_add_self_eq_zero]

Note: This linter can be disabled with `set_option linter.unusedSimpArgs false`
warning: lean/PvNP/RealizableHardness/ActualBinaryMatrixHC46A7WeightedPredecessor.lean:781:17: This simp argument is unused:
  CharTwo.add_self_eq_zero

Hint: Omit it from the simp argument list.
  [apply] simp [K, Matrix.fromBlocks_multiply, hrPc, Matrix.mul_assoc, add_assoc, w6_matrix_add_self_eq_zero]

Note: This linter can be disabled with `set_option linter.unusedSimpArgs false`
warning: lean/PvNP/RealizableHardness/ActualBinaryMatrixHC46A7WeightedPredecessor.lean:811:17: This simp argument is unused:
  Matrix.mulVecLin_apply

Hint: Omit it from the simp argument list.
  [apply] simp [B, Matrix.fromBlocks_mulVec]

Note: This linter can be disabled with `set_option linter.unusedSimpArgs false`
warning: lean/PvNP/RealizableHardness/ActualBinaryMatrixHC46A7WeightedPredecessor.lean:1122:6: try 'simp' instead of 'simpa'

Note: This linter can be disabled with `set_option linter.unnecessarySimpa false`
warning: lean/PvNP/RealizableHardness/ActualBinaryMatrixHC46A7WeightedPredecessor.lean:1082:43: This simp argument is unused:
  Matrix.mulVecLin_apply

Hint: Omit it from the simp argument list.
  [apply] simp [g, w6BlockBottomDisplacementMap, Matrix.fromCols_mulVec, Matrix.mulVecLin_mul, cMap]

Note: This linter can be disabled with `set_option linter.unusedSimpArgs false`
warning: lean/PvNP/RealizableHardness/ActualBinaryMatrixHC46A7WeightedPredecessor.lean:1083:30: This simp argument is unused:
  Matrix.mulVecLin_mul

Hint: Omit it from the simp argument list.
  [apply] simp [g, w6BlockBottomDisplacementMap, Matrix.mulVecLin_apply, Matrix.fromCols_mulVec, cMap]

Note: This linter can be disabled with `set_option linter.unusedSimpArgs false`
warning: lean/PvNP/RealizableHardness/ActualBinaryMatrixHC46A7WeightedPredecessor.lean:1103:45: This simp argument is unused:
  Matrix.mulVecLin_apply

Hint: Omit it from the simp argument list.
  [apply] simp [g, w6BlockBottomDisplacementMap, Matrix.fromCols_mulVec, cMap]

Note: This linter can be disabled with `set_option linter.unusedSimpArgs false`
warning: lean/PvNP/RealizableHardness/ActualBinaryMatrixHC46A7WeightedPredecessor.lean:1115:45: This simp argument is unused:
  Matrix.mulVecLin_apply

Hint: Omit it from the simp argument list.
  [apply] simp [g, w6BlockBottomDisplacementMap, Matrix.fromCols_mulVec]

Note: This linter can be disabled with `set_option linter.unusedSimpArgs false`
warning: lean/PvNP/RealizableHardness/ActualBinaryMatrixHC46A7WeightedPredecessor.lean:1394:12: This simp argument is unused:
  w6FixedZBlockFiber

Hint: Omit it from the simp argument list.
  [apply] simp [w6FixedBottomBlockFiber, hzfactor]

Note: This linter can be disabled with `set_option linter.unusedSimpArgs false`
warning: lean/PvNP/RealizableHardness/ActualBinaryMatrixHC46A7WeightedPredecessor.lean:1394:32: This simp argument is unused:
  w6FixedBottomBlockFiber

Hint: Omit it from the simp argument list.
  [apply] simp [w6FixedZBlockFiber, hzfactor]

Note: This linter can be disabled with `set_option linter.unusedSimpArgs false`
warning: lean/PvNP/RealizableHardness/ActualBinaryMatrixHC46A7WeightedPredecessor.lean:1560:7: Variable name `hBC` is not explicitly referenced.

Hint: The binding can be removed (if unused) or named `_` (if used implicitly). Alternatively, prefix the name with `_` to silence this warning:
  [apply] _hBC

Note: This linter can be disabled with `set_option linter.unusedVariables false`
warning: lean/PvNP/RealizableHardness/ActualBinaryMatrixHC46A7WeightedPredecessor.lean:1565:7: Variable name `hAD` is not explicitly referenced.

Hint: The binding can be removed (if unused) or named `_` (if used implicitly). Alternatively, prefix the name with `_` to silence this warning:
  [apply] _hAD

Note: This linter can be disabled with `set_option linter.unusedVariables false`
warning: lean/PvNP/RealizableHardness/ActualBinaryMatrixHC46A7WeightedPredecessor.lean:1682:7: Variable name `hBC` is not explicitly referenced.

Hint: The binding can be removed (if unused) or named `_` (if used implicitly). Alternatively, prefix the name with `_` to silence this warning:
  [apply] _hBC

Note: This linter can be disabled with `set_option linter.unusedVariables false`
warning: lean/PvNP/RealizableHardness/ActualBinaryMatrixHC46A7WeightedPredecessor.lean:1684:7: Variable name `hAD` is not explicitly referenced.

Hint: The binding can be removed (if unused) or named `_` (if used implicitly). Alternatively, prefix the name with `_` to silence this warning:
  [apply] _hAD

Note: This linter can be disabled with `set_option linter.unusedVariables false`
warning: lean/PvNP/RealizableHardness/ActualBinaryMatrixHC46A7WeightedPredecessor.lean:1685:7: Variable name `bA` is not explicitly referenced.

Hint: The binding can be removed (if unused) or named `_` (if used implicitly). Alternatively, prefix the name with `_` to silence this warning:
  [apply] _bA

Note: This linter can be disabled with `set_option linter.unusedVariables false`
warning: lean/PvNP/RealizableHardness/ActualBinaryMatrixHC46A7WeightedPredecessor.lean:1727:12: This simp argument is unused:
  hquot

Hint: Omit it from the simp argument list.
  [apply] simp

Note: This linter can be disabled with `set_option linter.unusedSimpArgs false`
warning: lean/PvNP/RealizableHardness/ActualBinaryMatrixHC46A7WeightedPredecessor.lean:1903:40: This simp argument is unused:
  Matrix.mulVecLin_apply

Hint: Omit it from the simp argument list.
  [apply] simp [w6ActualFiniteCoordinateMatrix, Matrix.toLin'_toMatrix', LinearEquiv.trans_apply,
    LinearEquiv.trans_symm, LinearMap.comp_apply]

Note: This linter can be disabled with `set_option linter.unusedSimpArgs false`
warning: lean/PvNP/RealizableHardness/ActualBinaryMatrixHC46A7WeightedPredecessor.lean:1904:4: This simp argument is unused:
  Matrix.toLin'_toMatrix'

Hint: Omit it from the simp argument list.
  [apply] simp [w6ActualFiniteCoordinateMatrix, Matrix.mulVecLin_apply, LinearEquiv.trans_apply, LinearEquiv.trans_symm,
    LinearMap.comp_apply]

Note: This linter can be disabled with `set_option linter.unusedSimpArgs false`
warning: lean/PvNP/RealizableHardness/ActualBinaryMatrixHC46A7WeightedPredecessor.lean:1951:7: Variable name `hBC` is not explicitly referenced.

Hint: The binding can be removed (if unused) or named `_` (if used implicitly). Alternatively, prefix the name with `_` to silence this warning:
  [apply] _hBC

Note: This linter can be disabled with `set_option linter.unusedVariables false`
warning: lean/PvNP/RealizableHardness/ActualBinaryMatrixHC46A7WeightedPredecessor.lean:1953:7: Variable name `hAD` is not explicitly referenced.

Hint: The binding can be removed (if unused) or named `_` (if used implicitly). Alternatively, prefix the name with `_` to silence this warning:
  [apply] _hAD

Note: This linter can be disabled with `set_option linter.unusedVariables false`
warning: lean/PvNP/RealizableHardness/ActualBinaryMatrixHC46A7WeightedPredecessor.lean:1954:7: Variable name `bA` is not explicitly referenced.

Hint: The binding can be removed (if unused) or named `_` (if used implicitly). Alternatively, prefix the name with `_` to silence this warning:
  [apply] _bA

Note: This linter can be disabled with `set_option linter.unusedVariables false`
warning: lean/PvNP/RealizableHardness/ActualBinaryMatrixHC46A7WeightedPredecessor.lean:2050:4: Unused tactic linter: `change
  Module.finrank F (LinearMap.range g) + Module.finrank F (LinearMap.ker g) =
    Module.finrank F (LinearMap.ker X.transpose.toLin')` does nothing

Note: This linter can be disabled with `set_option linter.unusedTactic false`
warning: lean/PvNP/RealizableHardness/ActualBinaryMatrixHC46A7WeightedPredecessor.lean:2076:7: Variable name `hBC` is not explicitly referenced.

Hint: The binding can be removed (if unused) or named `_` (if used implicitly). Alternatively, prefix the name with `_` to silence this warning:
  [apply] _hBC

Note: This linter can be disabled with `set_option linter.unusedVariables false`
warning: lean/PvNP/RealizableHardness/ActualBinaryMatrixHC46A7WeightedPredecessor.lean:2078:7: Variable name `hAD` is not explicitly referenced.

Hint: The binding can be removed (if unused) or named `_` (if used implicitly). Alternatively, prefix the name with `_` to silence this warning:
  [apply] _hAD

Note: This linter can be disabled with `set_option linter.unusedVariables false`
warning: lean/PvNP/RealizableHardness/ActualBinaryMatrixHC46A7WeightedPredecessor.lean:2079:7: Variable name `bA` is not explicitly referenced.

Hint: The binding can be removed (if unused) or named `_` (if used implicitly). Alternatively, prefix the name with `_` to silence this warning:
  [apply] _bA

Note: This linter can be disabled with `set_option linter.unusedVariables false`
warning: lean/PvNP/RealizableHardness/ActualBinaryMatrixHC46A7WeightedPredecessor.lean:2291:6: This simp argument is unused:
  Matrix.mulVecLin_apply

Hint: Omit it from the simp argument list.
  [apply] simp [z, w6ActualCarrierFrequencyCoordinateMatrix, Matrix.toLin'_toMatrix']

Note: This linter can be disabled with `set_option linter.unusedSimpArgs false`
warning: lean/PvNP/RealizableHardness/ActualBinaryMatrixHC46A7WeightedPredecessor.lean:2291:30: This simp argument is unused:
  Matrix.toLin'_toMatrix'

Hint: Omit it from the simp argument list.
  [apply] simp [z, w6ActualCarrierFrequencyCoordinateMatrix, Matrix.mulVecLin_apply]

Note: This linter can be disabled with `set_option linter.unusedSimpArgs false`
warning: lean/PvNP/RealizableHardness/ActualBinaryMatrixHC46A7WeightedPredecessor.lean:2540:10: This simp argument is unused:
  Matrix.fromBlocks_toBlocks

Hint: Omit it from the simp argument list.
  [apply] simp

Note: This linter can be disabled with `set_option linter.unusedSimpArgs false`
⚠ [3359/3394] Replayed PvNP.RealizableHardness.ActualBinaryMatrixHC46A17TransposeHybridFilter
warning: lean/PvNP/RealizableHardness/ActualBinaryMatrixHC46A17TransposeHybridFilter.lean:194:15: `if_pos` has been deprecated: Use `ite_eq_left` instead
warning: lean/PvNP/RealizableHardness/ActualBinaryMatrixHC46A17TransposeHybridFilter.lean:198:15: `if_neg` has been deprecated: Use `ite_eq_right` instead
⚠ [3360/3394] Replayed PvNP.RealizableHardness.ActualBinaryMatrixHC46A12FourthMoment
warning: lean/PvNP/RealizableHardness/ActualBinaryMatrixHC46A12FourthMoment.lean:78:42: `if_pos` has been deprecated: Use `ite_eq_left` instead
warning: lean/PvNP/RealizableHardness/ActualBinaryMatrixHC46A12FourthMoment.lean:82:37: This simp argument is unused:
  complexFourierCoeff

Hint: Omit it from the simp argument list.
  [apply] simp [affineBaseFourierTerm, hs]

Note: This linter can be disabled with `set_option linter.unusedSimpArgs false`
warning: lean/PvNP/RealizableHardness/ActualBinaryMatrixHC46A12FourthMoment.lean:100:42: `if_pos` has been deprecated: Use `ite_eq_left` instead
warning: lean/PvNP/RealizableHardness/ActualBinaryMatrixHC46A12FourthMoment.lean:175:19: `if_pos` has been deprecated: Use `ite_eq_left` instead
⚠ [3363/3394] Replayed PvNP.RealizableHardness.ActualBinaryMatrixHC46A18FullFunctionalBridge
warning: lean/PvNP/RealizableHardness/ActualBinaryMatrixHC46A18FullFunctionalBridge.lean:130:27: Variable name `ha` is not explicitly referenced.

Hint: The binding can be removed (if unused) or named `_` (if used implicitly). Alternatively, prefix the name with `_` to silence this warning:
  [apply] _ha

Note: This linter can be disabled with `set_option linter.unusedVariables false`
⚠ [3364/3394] Replayed PvNP.RealizableHardness.ActualBinaryMatrixHC46A18FullFunctionalEnergy
warning: lean/PvNP/RealizableHardness/ActualBinaryMatrixHC46A18FullFunctionalEnergy.lean:75:33: Variable name `ha` is not explicitly referenced.

Hint: The binding can be removed (if unused) or named `_` (if used implicitly). Alternatively, prefix the name with `_` to silence this warning:
  [apply] _ha

Note: This linter can be disabled with `set_option linter.unusedVariables false`
warning: lean/PvNP/RealizableHardness/ActualBinaryMatrixHC46A18FullFunctionalEnergy.lean:114:45: Variable name `hv` is not explicitly referenced.

Hint: The binding can be removed (if unused) or named `_` (if used implicitly). Alternatively, prefix the name with `_` to silence this warning:
  [apply] _hv

Note: This linter can be disabled with `set_option linter.unusedVariables false`
warning: lean/PvNP/RealizableHardness/ActualBinaryMatrixHC46A18FullFunctionalEnergy.lean:205:49: This simp argument is unused:
  g

Hint: Omit it from the simp argument list.
  [apply] simp [actualA18SourceLineMean, Phi, Lambda, W, g']

Note: This linter can be disabled with `set_option linter.unusedSimpArgs false`
warning: lean/PvNP/RealizableHardness/ActualBinaryMatrixHC46A18FullFunctionalEnergy.lean:222:2: Try this: 
  letI̵

The goal is a proposition, so `let` is preferred over `letI`.
The difference between `let` and `letI` is that `letI` inlines the value.
But this is not relevant for proofs because of proof irrelevance.

Note: This linter can be disabled with `set_option linter.style.haveILetI false`
warning: lean/PvNP/RealizableHardness/ActualBinaryMatrixHC46A18FullFunctionalEnergy.lean:273:2: Try this: 
  letI̵

The goal is a proposition, so `let` is preferred over `letI`.
The difference between `let` and `letI` is that `letI` inlines the value.
But this is not relevant for proofs because of proof irrelevance.

Note: This linter can be disabled with `set_option linter.style.haveILetI false`
warning: lean/PvNP/RealizableHardness/ActualBinaryMatrixHC46A18FullFunctionalEnergy.lean:314:2: Try this: 
  letI̵

The goal is a proposition, so `let` is preferred over `letI`.
The difference between `let` and `letI` is that `letI` inlines the value.
But this is not relevant for proofs because of proof irrelevance.

Note: This linter can be disabled with `set_option linter.style.haveILetI false`
⚠ [3366/3394] Replayed PvNP.RealizableHardness.ActualBinaryMatrixHC46A18AmbientHyperplaneLaw
warning: lean/PvNP/RealizableHardness/ActualBinaryMatrixHC46A18AmbientHyperplaneLaw.lean:43:27: This simp argument is unused:
  eq_comm

Hint: Omit it from the simp argument list.
  [apply] simp [Pi.single_apply, Finset.sum_ite_eq']

Note: This linter can be disabled with `set_option linter.unusedSimpArgs false`
warning: lean/PvNP/RealizableHardness/ActualBinaryMatrixHC46A18AmbientHyperplaneLaw.lean:43:36: This simp argument is unused:
  Finset.sum_ite_eq'

Hint: Omit it from the simp argument list.
  [apply] simp [Pi.single_apply, eq_comm]

Note: This linter can be disabled with `set_option linter.unusedSimpArgs false`
warning: lean/PvNP/RealizableHardness/ActualBinaryMatrixHC46A18AmbientHyperplaneLaw.lean:50:44: This simp argument is unused:
  mul_comm

Hint: Omit it from the simp argument list.
  [apply] simp [map_sum, map_smul, smul_eq_mul]

Note: This linter can be disabled with `set_option linter.unusedSimpArgs false`
warning: lean/PvNP/RealizableHardness/ActualBinaryMatrixHC46A18AmbientHyperplaneLaw.lean:107:36: This simp argument is unused:
  mul_comm

Hint: Omit it from the simp argument list.
  [apply] simp [actualA18RankOne_entry]

Note: This linter can be disabled with `set_option linter.unusedSimpArgs false`
warning: lean/PvNP/RealizableHardness/ActualBinaryMatrixHC46A18AmbientHyperplaneLaw.lean:113:8: This simp argument is unused:
  Pi.basisFun_apply

Hint: Omit it from the simp argument list.
  [apply] simp [LinearMap.toMatrix'_apply, LinearMap.smulRight_apply, functionalVectorEquiv_apply,
    functionalVectorEquiv_symm_apply_single, mul_comm]

Note: This linter can be disabled with `set_option linter.unusedSimpArgs false`
warning: lean/PvNP/RealizableHardness/ActualBinaryMatrixHC46A18AmbientHyperplaneLaw.lean:113:27: This simp argument is unused:
  mul_comm

Hint: Omit it from the simp argument list.
  [apply] simp [LinearMap.toMatrix'_apply, LinearMap.smulRight_apply, functionalVectorEquiv_apply,
    functionalVectorEquiv_symm_apply_single, Pi.basisFun_apply]

Note: This linter can be disabled with `set_option linter.unusedSimpArgs false`
⚠ [3367/3394] Replayed PvNP.RealizableHardness.ActualBinaryMatrixHC46A17HomogeneousLineDecomposition
warning: lean/PvNP/RealizableHardness/ActualBinaryMatrixHC46A17HomogeneousLineDecomposition.lean:143:35: This simp argument is unused:
  mul_zero

Hint: Omit it from the simp argument list.
  [apply] simp only [Complex.sub_re, Complex.mul_re, Complex.ofReal_re, Complex.ofReal_im, sub_zero, zero_mul, add_zero]

Note: This linter can be disabled with `set_option linter.unusedSimpArgs false`
warning: lean/PvNP/RealizableHardness/ActualBinaryMatrixHC46A17HomogeneousLineDecomposition.lean:143:55: This simp argument is unused:
  add_zero

Hint: Omit it from the simp argument list.
  [apply] simp only [Complex.sub_re, Complex.mul_re, Complex.ofReal_re, Complex.ofReal_im, sub_zero, mul_zero, zero_mul]

Note: This linter can be disabled with `set_option linter.unusedSimpArgs false`
warning: lean/PvNP/RealizableHardness/ActualBinaryMatrixHC46A17HomogeneousLineDecomposition.lean:165:25: This simp argument is unused:
  sub_zero

Hint: Omit it from the simp argument list.
  [apply] simp only [Complex.sub_im, Complex.mul_im, Complex.ofReal_re, Complex.ofReal_im, mul_zero, zero_mul, add_zero]

Note: This linter can be disabled with `set_option linter.unusedSimpArgs false`
warning: lean/PvNP/RealizableHardness/ActualBinaryMatrixHC46A17HomogeneousLineDecomposition.lean:165:35: This simp argument is unused:
  mul_zero

Hint: Omit it from the simp argument list.
  [apply] simp only [Complex.sub_im, Complex.mul_im, Complex.ofReal_re, Complex.ofReal_im, sub_zero, zero_mul, add_zero]

Note: This linter can be disabled with `set_option linter.unusedSimpArgs false`
⚠ [3368/3394] Replayed PvNP.RealizableHardness.ActualBinaryMatrixHC46A17AdaptedLineDecomposition
warning: lean/PvNP/RealizableHardness/ActualBinaryMatrixHC46A17AdaptedLineDecomposition.lean:40:26: This simp argument is unused:
  Matrix.toLin'_toMatrix'

Hint: Omit it from the simp argument list.
  [apply] simp [domainPullMatrix, Matrix.toLin'_apply', LinearMap.comp_apply]

Note: This linter can be disabled with `set_option linter.unusedSimpArgs false`
warning: lean/PvNP/RealizableHardness/ActualBinaryMatrixHC46A17AdaptedLineDecomposition.lean:47:26: This simp argument is unused:
  Matrix.toLin'_toMatrix'

Hint: Omit it from the simp argument list.
  [apply] simp [domainPullMatrix, Matrix.toLin'_apply', LinearMap.comp_apply]

Note: This linter can be disabled with `set_option linter.unusedSimpArgs false`
warning: lean/PvNP/RealizableHardness/ActualBinaryMatrixHC46A17AdaptedLineDecomposition.lean:85:35: This simp argument is unused:
  LinearEquiv.arrowCongr_apply

Hint: Omit it from the simp argument list.
  [apply] simp [emap, mapReindexEquiv]

Note: This linter can be disabled with `set_option linter.unusedSimpArgs false`
warning: lean/PvNP/RealizableHardness/ActualBinaryMatrixHC46A17AdaptedLineDecomposition.lean:148:2: Try this: 
  letI̵

The goal is a proposition, so `let` is preferred over `letI`.
The difference between `let` and `letI` is that `letI` inlines the value.
But this is not relevant for proofs because of proof irrelevance.

Note: This linter can be disabled with `set_option linter.style.haveILetI false`
warning: lean/PvNP/RealizableHardness/ActualBinaryMatrixHC46A17AdaptedLineDecomposition.lean:150:2: Try this: 
  letI̵

The goal is a proposition, so `let` is preferred over `letI`.
The difference between `let` and `letI` is that `letI` inlines the value.
But this is not relevant for proofs because of proof irrelevance.

Note: This linter can be disabled with `set_option linter.style.haveILetI false`
warning: lean/PvNP/RealizableHardness/ActualBinaryMatrixHC46A17AdaptedLineDecomposition.lean:244:2: Try this: 
  letI̵

The goal is a proposition, so `let` is preferred over `letI`.
The difference between `let` and `letI` is that `letI` inlines the value.
But this is not relevant for proofs because of proof irrelevance.

Note: This linter can be disabled with `set_option linter.style.haveILetI false`
warning: lean/PvNP/RealizableHardness/ActualBinaryMatrixHC46A17AdaptedLineDecomposition.lean:237:23: This simp argument is unused:
  FiniteDimensional.basisSingleton_apply

Hint: Omit it from the simp argument list.
  [apply] simp [e₀, b₀, hu₀]

Note: This linter can be disabled with `set_option linter.unusedSimpArgs false`
warning: lean/PvNP/RealizableHardness/ActualBinaryMatrixHC46A17AdaptedLineDecomposition.lean:239:23: This simp argument is unused:
  FiniteDimensional.basisSingleton_apply

Hint: Omit it from the simp argument list.
  [apply] simp [eᵥ, bᵥ, hv₀]

Note: This linter can be disabled with `set_option linter.unusedSimpArgs false`
⚠ [3369/3394] Replayed PvNP.RealizableHardness.ActualBinaryMatrixHC46A17DomainFrequencyCovariance
warning: lean/PvNP/RealizableHardness/ActualBinaryMatrixHC46A17DomainFrequencyCovariance.lean:144:15: `if_pos` has been deprecated: Use `ite_eq_left` instead
warning: lean/PvNP/RealizableHardness/ActualBinaryMatrixHC46A17DomainFrequencyCovariance.lean:145:15: `if_neg` has been deprecated: Use `ite_eq_right` instead
info: lean/PvNP/RealizableHardness/ActualBinaryMatrixHC46A17DomainFrequencyCovariance.lean:175:0: [diag] Diagnostics
  [reduction] unfolded reducible declarations (max: 167, num: 7):
    [reduction] F ↦ 167
    [reduction] PvNP.RealizableHardness.ActualTypedFourierEquivNaturality.F✝ ↦ 123
    [reduction] V ↦ 79
    [reduction] W ↦ 70
    [reduction] outParam ↦ 58
    [reduction] PvNP.RealizableHardness.BinaryMatrixNestedSelectorA1.F✝ ↦ 22
    [reduction] BinaryMatrix ↦ 21
  [type_class] used instances (max: 90, num: 1):
    [type_class] CommSemiRingCat.instCommSemiringObjForgetRingHomCarrier ↦ 90
  [def_eq] heuristic for solving `f a =?= f b` (max: 36, num: 2):
    [def_eq] Pi.addMonoid ↦ 36
    [def_eq] Pi.Function.module ↦ 24
  use `set_option diagnostics.threshold <num>` to control threshold for reporting counters
info: lean/PvNP/RealizableHardness/ActualBinaryMatrixHC46A17DomainFrequencyCovariance.lean:175:0: [diag] Diagnostics
  [reduction] unfolded declarations (max: 42, num: 3):
    [reduction] Matrix ↦ 42
    [reduction] Mul.mul ↦ 30
    [reduction] HMul.hMul ↦ 21
  [reduction] unfolded reducible declarations (max: 717, num: 16):
    [reduction] outParam ↦ 717
    [reduction] F ↦ 487
    [reduction] V ↦ 306
    [reduction] W ↦ 272
    [reduction] PvNP.RealizableHardness.ActualTypedFourierEquivNaturality.F✝ ↦ 247
    [reduction] BinaryMatrix ↦ 155
    [reduction] FunLike ↦ 112
    [reduction] DecidableEq ↦ 75
    [reduction] PvNP.RealizableHardness.BinaryMatrixNestedSelectorA1.F✝ ↦ 60
    [reduction] FiniteDimensional ↦ 57
    [reduction] inferInstance ↦ 52
    [reduction] LinearMap.toAddHom ↦ 32
    [reduction] IsSemisimpleRing ↦ 27
    [reduction] PvNP.RealizableHardness.ActualTypedABBottomTopRankReindex.V✝ ↦ 26
    [reduction] Fin.casesOn ↦ 24
    [reduction] PvNP.RealizableHardness.ActualTypedABBottomTopRankReindex.W✝ ↦ 24
  [type_class] used instances (max: 444, num: 4):
    [type_class] CommSemiRingCat.instCommSemiringObjForgetRingHomCarrier ↦ 444
    [type_class] Nat.fact_prime_two ↦ 41
    [type_class] ZMod.instField ↦ 38
    [type_class] Semiring.toModule ↦ 34
  [def_eq] heuristic for solving `f a =?= f b` (max: 160, num: 6):
    [def_eq] Pi.addMonoid ↦ 160
    [def_eq] Pi.Function.module ↦ 97
    [def_eq] Semiring.toModule ↦ 66
    [def_eq] RingHom.id ↦ 60
    [def_eq] Pi.addCommMonoid ↦ 26
    [def_eq] AddCommMonoid.toAddMonoid ↦ 24
  [kernel] unfolded declarations (max: 447, num: 37):
    [kernel] Add.add ↦ 447
    [kernel] Mul.mul ↦ 372
    [kernel] HAdd.hAdd ↦ 353
    [kernel] Nat.casesOn ↦ 240
    [kernel] Nat.rec ↦ 240
    [kernel] HMul.hMul ↦ 229
    [kernel] AddCommMonoid.toAddMonoid ↦ 151
    [kernel] instHAdd ↦ 120
    [kernel] AddMonoid.toAdd ↦ 104
    [kernel] Semiring.toAddCommMonoid ↦ 104
    [kernel] SubNegMonoid.toAddMonoid ↦ 100
    [kernel] AddSemigroup.toAdd ↦ 92
    [kernel] Ring.toSemiring ↦ 68
    [kernel] NatCast.natCast ↦ 66
    [kernel] AddGroup.toSubNegMonoid ↦ 64
    [kernel] AddCommGroup.toAddGroup ↦ 63
    [kernel] CommSemiring.toSemiring ↦ 60
    [kernel] Ring.toAddCommGroup ↦ 59
    [kernel] OfNat.ofNat ↦ 54
    [kernel] DivisionSemiring.toSemiring ↦ 48
    [kernel] AddCommSemigroup.toAddSemigroup ↦ 46
    [kernel] AddCommGroup.toAddCommMonoid ↦ 38
    [kernel] HSMul.hSMul ↦ 38
    [kernel] SMul.smul ↦ 38
    [kernel] AddMonoid.toAddSemigroup ↦ 36
    [kernel] Semiring.toMonoid ↦ 36
    [kernel] AddMonoid.toZero ↦ 35
    [kernel] Monoid.toMul ↦ 35
    [kernel] AddCommMonoid.toAddCommSemigroup ↦ 32
    [kernel] ZSMul.zsmul ↦ 30
    [kernel] Semiring.toNatCast ↦ 29
    [kernel] Pi.instAdd ↦ 28
    [kernel] SemigroupAction.toSMul ↦ 28
    [kernel] Semiring.toNonAssocSemiring ↦ 27
    [kernel] Neg.neg ↦ 24
    [kernel] Monoid.toOne ↦ 22
    [kernel] Pi.addSemigroup ↦ 22
  use `set_option diagnostics.threshold <num>` to control threshold for reporting counters
warning: lean/PvNP/RealizableHardness/ActualBinaryMatrixHC46A17DomainFrequencyCovariance.lean:266:33: This simp argument is unused:
  domainPullMatrix

Hint: Omit it from the simp argument list.
  [apply] simp [emap, mapReindexEquiv, Matrix.toLin'_toMatrix']

Note: This linter can be disabled with `set_option linter.unusedSimpArgs false`
warning: lean/PvNP/RealizableHardness/ActualBinaryMatrixHC46A17DomainFrequencyCovariance.lean:266:51: This simp argument is unused:
  Matrix.toLin'_toMatrix'

Hint: Omit it from the simp argument list.
  [apply] simp [emap, mapReindexEquiv, domainPullMatrix]

Note: This linter can be disabled with `set_option linter.unusedSimpArgs false`
⚠ [3370/3394] Replayed PvNP.RealizableHardness.ActualBinaryMatrixHC46A17DomainBranch
warning: lean/PvNP/RealizableHardness/ActualBinaryMatrixHC46A17DomainBranch.lean:54:5: Variable name `hDpos` is not explicitly referenced.

Hint: The binding can be removed (if unused) or named `_` (if used implicitly). Alternatively, prefix the name with `_` to silence this warning:
  [apply] _hDpos

Note: This linter can be disabled with `set_option linter.unusedVariables false`
⚠ [3371/3394] Replayed PvNP.RealizableHardness.ActualBinaryMatrixHC46A18CodomainNormalEnergy
warning: lean/PvNP/RealizableHardness/ActualBinaryMatrixHC46A18CodomainNormalEnergy.lean:53:4: try 'simp' instead of 'simpa'

Note: This linter can be disabled with `set_option linter.unnecessarySimpa false`
⚠ [3372/3394] Replayed PvNP.RealizableHardness.ActualBinaryMatrixHC46A17CodomainBranch
warning: lean/PvNP/RealizableHardness/ActualBinaryMatrixHC46A17CodomainBranch.lean:77:5: Variable name `hDpos` is not explicitly referenced.

Hint: The binding can be removed (if unused) or named `_` (if used implicitly). Alternatively, prefix the name with `_` to silence this warning:
  [apply] _hDpos

Note: This linter can be disabled with `set_option linter.unusedVariables false`
⚠ [3374/3394] Replayed PvNP.RealizableHardness.ActualTypedABArbitraryRankProjection
warning: lean/PvNP/RealizableHardness/ActualTypedABArbitraryRankProjection.lean:33:29: `Nat.add_eq_zero` has been deprecated: Use `Nat.add_eq_zero_iff` instead
⚠ [3375/3394] Replayed PvNP.RealizableHardness.ActualTypedABFullA16Final
warning: lean/PvNP/RealizableHardness/ActualTypedABFullA16Final.lean:159:8: try 'simp' instead of 'simpa'

Note: This linter can be disabled with `set_option linter.unnecessarySimpa false`
⚠ [3376/3394] Replayed PvNP.RealizableHardness.ActualBinaryMatrixHC46A18OriginalGlobalInduction
warning: lean/PvNP/RealizableHardness/ActualBinaryMatrixHC46A18OriginalGlobalInduction.lean:648:42: Variable name `n` is not explicitly referenced.

Hint: The binding can be removed (if unused) or named `_` (if used implicitly). Alternatively, prefix the name with `_` to silence this warning:
  [apply] _n

Note: This linter can be disabled with `set_option linter.unusedVariables false`
warning: lean/PvNP/RealizableHardness/ActualBinaryMatrixHC46A18OriginalGlobalInduction.lean:659:38: Variable name `d` is not explicitly referenced.

Hint: The binding can be removed (if unused) or named `_` (if used implicitly). Alternatively, prefix the name with `_` to silence this warning:
  [apply] _d

Note: This linter can be disabled with `set_option linter.unusedVariables false`
warning: lean/PvNP/RealizableHardness/ActualBinaryMatrixHC46A18OriginalGlobalInduction.lean:733:31: This simp argument is unused:
  LinearEquiv.apply_symm_apply

Hint: Omit it from the simp argument list.
  [apply] simp only [LinearMap.add_apply, LinearMap.comp_apply, carrierCoordinateBaseLift, LinearEquiv.arrowCongr_apply]

Note: This linter can be disabled with `set_option linter.unusedSimpArgs false`
warning: lean/PvNP/RealizableHardness/ActualBinaryMatrixHC46A18OriginalGlobalInduction.lean:1100:12: Try this: 
  letI̵

The goal is a proposition, so `let` is preferred over `letI`.
The difference between `let` and `letI` is that `letI` inlines the value.
But this is not relevant for proofs because of proof irrelevance.

Note: This linter can be disabled with `set_option linter.style.haveILetI false`
⚠ [3377/3394] Replayed PvNP.RealizableHardness.ActualBinaryMatrixHC46A20SquareSupport
warning: lean/PvNP/RealizableHardness/ActualBinaryMatrixHC46A20SquareSupport.lean:372:10: This simp argument is unused:
  R

Hint: Omit it from the simp argument list.
  [apply] simp [Nat.add_zero]

Note: This linter can be disabled with `set_option linter.unusedSimpArgs false`
warning: lean/PvNP/RealizableHardness/ActualBinaryMatrixHC46A20SquareSupport.lean:372:13: This simp argument is unused:
  Nat.add_zero

Hint: Omit it from the simp argument list.
  [apply] simp [R]

Note: This linter can be disabled with `set_option linter.unusedSimpArgs false`
⚠ [3378/3394] Replayed PvNP.RealizableHardness.ActualBinaryMatrixHC46A7PredecessorCount
warning: lean/PvNP/RealizableHardness/ActualBinaryMatrixHC46A7PredecessorCount.lean:57:28: This simp argument is unused:
  Matrix.sub_apply

Hint: Omit it from the simp argument list.
  [apply] simp [LY, LX, LZ, transposeMap, Matrix.toLin'_apply, Matrix.transpose_sub]

Note: This linter can be disabled with `set_option linter.unusedSimpArgs false`
warning: lean/PvNP/RealizableHardness/ActualBinaryMatrixHC46A7PredecessorCount.lean:109:6: This simp argument is unused:
  Matrix.sub_apply

Hint: Omit it from the simp argument list.
  [apply] simp [transposeMap, Matrix.toLin'_apply, Matrix.transpose_sub]

Note: This linter can be disabled with `set_option linter.unusedSimpArgs false`
warning: lean/PvNP/RealizableHardness/ActualBinaryMatrixHC46A7PredecessorCount.lean:168:28: This simp argument is unused:
  Matrix.sub_apply

Hint: Omit it from the simp argument list.
  [apply] simp [LY, LX, LZ, transposeMap, Matrix.toLin'_apply, Matrix.transpose_sub]

Note: This linter can be disabled with `set_option linter.unusedSimpArgs false`
warning: lean/PvNP/RealizableHardness/ActualBinaryMatrixHC46A7PredecessorCount.lean:333:13: This simp argument is unused:
  LinearMap.sub_apply

Hint: Omit it from the simp argument list.
  [apply] simp [p, LinearMap.add_apply]

Note: This linter can be disabled with `set_option linter.unusedSimpArgs false`
warning: lean/PvNP/RealizableHardness/ActualBinaryMatrixHC46A7PredecessorCount.lean:333:34: This simp argument is unused:
  LinearMap.add_apply

Hint: Omit it from the simp argument list.
  [apply] simp [p, LinearMap.sub_apply]

Note: This linter can be disabled with `set_option linter.unusedSimpArgs false`
warning: lean/PvNP/RealizableHardness/ActualBinaryMatrixHC46A7PredecessorCount.lean:387:30: This simp argument is unused:
  Matrix.sub_apply

Hint: Omit it from the simp argument list.
  [apply] simp [LY, LX, LZ, transposeMap, Matrix.toLin'_apply, Matrix.transpose_sub]

Note: This linter can be disabled with `set_option linter.unusedSimpArgs false`
warning: lean/PvNP/RealizableHardness/ActualBinaryMatrixHC46A7PredecessorCount.lean:376:31: Used `tac1 <;> tac2` where `(tac1; tac2)` would suffice

Note: This linter can be disabled with `set_option linter.unnecessarySeqFocus false`
warning: lean/PvNP/RealizableHardness/ActualBinaryMatrixHC46A7PredecessorCount.lean:560:17: This simp argument is unused:
  Submodule.prodEquivOfIsCompl_symm_apply_left

Hint: Omit it from the simp argument list.
  [apply] simp [r₀, e]

Note: This linter can be disabled with `set_option linter.unusedSimpArgs false`
warning: lean/PvNP/RealizableHardness/ActualBinaryMatrixHC46A7PredecessorCount.lean:596:10: This simp argument is unused:
  hr₀

Hint: Omit it from the simp argument list.
  [apply] simp

Note: This linter can be disabled with `set_option linter.unusedSimpArgs false`
warning: lean/PvNP/RealizableHardness/ActualBinaryMatrixHC46A7PredecessorCount.lean:786:2: Try this: 
  letI̵

The goal is a proposition, so `let` is preferred over `letI`.
The difference between `let` and `letI` is that `letI` inlines the value.
But this is not relevant for proofs because of proof irrelevance.

Note: This linter can be disabled with `set_option linter.style.haveILetI false`
warning: lean/PvNP/RealizableHardness/ActualBinaryMatrixHC46A7PredecessorCount.lean:796:20: `if_pos` has been deprecated: Use `ite_eq_left` instead
warning: lean/PvNP/RealizableHardness/ActualBinaryMatrixHC46A7PredecessorCount.lean:797:20: `if_neg` has been deprecated: Use `ite_eq_right` instead
warning: lean/PvNP/RealizableHardness/ActualBinaryMatrixHC46A7PredecessorCount.lean:983:12: This simp argument is unused:
  w6FrameProduct

Hint: Omit it from the simp argument list.
  [apply] simp [← pow_mul]

Note: This linter can be disabled with `set_option linter.unusedSimpArgs false`
warning: lean/PvNP/RealizableHardness/ActualBinaryMatrixHC46A7PredecessorCount.lean:1000:18: `if_pos` has been deprecated: Use `ite_eq_left` instead
⚠ [3379/3394] Replayed PvNP.RealizableHardness.ActualBinaryMatrixHC46DR6Mobius
warning: lean/PvNP/RealizableHardness/ActualBinaryMatrixHC46DR6Mobius.lean:58:18: `if_pos` has been deprecated: Use `ite_eq_left` instead
warning: lean/PvNP/RealizableHardness/ActualBinaryMatrixHC46DR6Mobius.lean:96:2: Unused tactic linter: `change
  Finset.univ.prod (fun i : Fin k => 2 ^ n - 2 ^ i.val) =
    2 ^ (k * (k - 1) / 2) * Finset.prod (Finset.range k) (fun i => 2 ^ (n - i) - 1)` does nothing

Note: This linter can be disabled with `set_option linter.unusedTactic false`
warning: lean/PvNP/RealizableHardness/ActualBinaryMatrixHC46DR6Mobius.lean:285:2: Unused tactic linter: `push_cast` does nothing

Note: This linter can be disabled with `set_option linter.unusedTactic false`
warning: lean/PvNP/RealizableHardness/ActualBinaryMatrixHC46DR6Mobius.lean:314:10: This simp argument is unused:
  Nat.sub_self

Hint: Omit it from the simp argument list.
  [apply] simp

Note: This linter can be disabled with `set_option linter.unusedSimpArgs false`
⚠ [3380/3394] Replayed PvNP.RealizableHardness.ActualBinaryMatrixHC46DR6Convolution
warning: lean/PvNP/RealizableHardness/ActualBinaryMatrixHC46DR6Convolution.lean:434:8: try 'simp' instead of 'simpa'

Note: This linter can be disabled with `set_option linter.unnecessarySimpa false`
warning: lean/PvNP/RealizableHardness/ActualBinaryMatrixHC46DR6Convolution.lean:441:8: try 'simp' instead of 'simpa'

Note: This linter can be disabled with `set_option linter.unnecessarySimpa false`
warning: lean/PvNP/RealizableHardness/ActualBinaryMatrixHC46DR6Convolution.lean:447:8: try 'simp' instead of 'simpa'

Note: This linter can be disabled with `set_option linter.unnecessarySimpa false`
warning: lean/PvNP/RealizableHardness/ActualBinaryMatrixHC46DR6Convolution.lean:455:8: try 'simp' instead of 'simpa'

Note: This linter can be disabled with `set_option linter.unnecessarySimpa false`
warning: lean/PvNP/RealizableHardness/ActualBinaryMatrixHC46DR6Convolution.lean:461:8: try 'simp' instead of 'simpa'

Note: This linter can be disabled with `set_option linter.unnecessarySimpa false`
warning: lean/PvNP/RealizableHardness/ActualBinaryMatrixHC46DR6Convolution.lean:473:8: try 'simp' instead of 'simpa'

Note: This linter can be disabled with `set_option linter.unnecessarySimpa false`
warning: lean/PvNP/RealizableHardness/ActualBinaryMatrixHC46DR6Convolution.lean:483:8: try 'simp' instead of 'simpa'

Note: This linter can be disabled with `set_option linter.unnecessarySimpa false`
warning: lean/PvNP/RealizableHardness/ActualBinaryMatrixHC46DR6Convolution.lean:492:8: try 'simp' instead of 'simpa'

Note: This linter can be disabled with `set_option linter.unnecessarySimpa false`
warning: lean/PvNP/RealizableHardness/ActualBinaryMatrixHC46DR6Convolution.lean:499:8: try 'simp' instead of 'simpa'

Note: This linter can be disabled with `set_option linter.unnecessarySimpa false`
warning: lean/PvNP/RealizableHardness/ActualBinaryMatrixHC46DR6Convolution.lean:886:12: This simp argument is unused:
  Fintype.card_fun

Hint: Omit it from the simp argument list.
  [apply] simp [Fintype.card_fin, ZMod.card, hdim]

Note: This linter can be disabled with `set_option linter.unusedSimpArgs false`
warning: lean/PvNP/RealizableHardness/ActualBinaryMatrixHC46DR6Convolution.lean:922:8: This simp argument is unused:
  BinaryMatrixFourier.uniformMean_const

Hint: Omit it from the simp argument list.
  [apply] simp [BinaryMatrixFourier.fourierCoeff, BinaryMatrixFourier.uniformMean]

Note: This linter can be disabled with `set_option linter.unusedSimpArgs false`
⚠ [3381/3394] Replayed PvNP.RealizableHardness.ActualBinaryMatrixHC46DR6Incidence
warning: lean/PvNP/RealizableHardness/ActualBinaryMatrixHC46DR6Incidence.lean:108:6: Variable name `A` is not explicitly referenced.

Hint: The binding can be removed (if unused) or named `_` (if used implicitly). Alternatively, prefix the name with `_` to silence this warning:
  [apply] _A

Note: This linter can be disabled with `set_option linter.unusedVariables false`
warning: lean/PvNP/RealizableHardness/ActualBinaryMatrixHC46DR6Incidence.lean:237:45: This simp argument is unused:
  hp

Hint: Omit it from the simp argument list.
  [apply] simp [hIne, h]

Note: This linter can be disabled with `set_option linter.unusedSimpArgs false`
warning: lean/PvNP/RealizableHardness/ActualBinaryMatrixHC46DR6Incidence.lean:351:33: This simp argument is unused:
  dr6MobiusAlpha

Hint: Omit it from the simp argument list.
  [apply] simp [dr6MobiusAlphaRat]

Note: This linter can be disabled with `set_option linter.unusedSimpArgs false`
warning: lean/PvNP/RealizableHardness/ActualBinaryMatrixHC46DR6Incidence.lean:359:19: This simp argument is unused:
  halpha0

Hint: Omit it from the simp argument list.
  [apply] simp [u, dr6MobiusAlphaRat]

Note: This linter can be disabled with `set_option linter.unusedSimpArgs false`
warning: lean/PvNP/RealizableHardness/ActualBinaryMatrixHC46DR6Incidence.lean:369:19: This simp argument is unused:
  halpha0

Hint: Omit it from the simp argument list.
  [apply] simp [v, dr6MobiusAlphaRat]

Note: This linter can be disabled with `set_option linter.unusedSimpArgs false`
warning: lean/PvNP/RealizableHardness/ActualBinaryMatrixHC46DR6Incidence.lean:480:31: Variable name `hKB` is not explicitly referenced.

Hint: The binding can be removed (if unused) or named `_` (if used implicitly). Alternatively, prefix the name with `_` to silence this warning:
  [apply] _hKB

Note: This linter can be disabled with `set_option linter.unusedVariables false`
warning: lean/PvNP/RealizableHardness/ActualBinaryMatrixHC46DR6Incidence.lean:504:4: Try this: intro hKB x hx
warning: lean/PvNP/RealizableHardness/ActualBinaryMatrixHC46DR6Incidence.lean:612:4: Try this: intro hKB x hx
warning: lean/PvNP/RealizableHardness/ActualBinaryMatrixHC46DR6Incidence.lean:801:12: This simp argument is unused:
  w6FrameProduct

Hint: Omit it from the simp argument list.
  [apply] simp [← pow_mul]

Note: This linter can be disabled with `set_option linter.unusedSimpArgs false`
warning: lean/PvNP/RealizableHardness/ActualBinaryMatrixHC46DR6Incidence.lean:905:55: Used `tac1 <;> tac2` where `(tac1; tac2)` would suffice

Note: This linter can be disabled with `set_option linter.unnecessarySeqFocus false`
warning: lean/PvNP/RealizableHardness/ActualBinaryMatrixHC46DR6Incidence.lean:1009:12: This simp argument is unused:
  Fintype.sum_prod_type

Hint: Omit it from the simp argument list.
  [apply] simp [Fintype.card_prod, mul_assoc]

Note: This linter can be disabled with `set_option linter.unusedSimpArgs false`
warning: lean/PvNP/RealizableHardness/ActualBinaryMatrixHC46DR6Incidence.lean:1245:8: Try this: 
  letI̵

The goal is a proposition, so `let` is preferred over `letI`.
The difference between `let` and `letI` is that `letI` inlines the value.
But this is not relevant for proofs because of proof irrelevance.

Note: This linter can be disabled with `set_option linter.style.haveILetI false`
warning: lean/PvNP/RealizableHardness/ActualBinaryMatrixHC46DR6Incidence.lean:1247:8: Try this: 
  letI̵

The goal is a proposition, so `let` is preferred over `letI`.
The difference between `let` and `letI` is that `letI` inlines the value.
But this is not relevant for proofs because of proof irrelevance.

Note: This linter can be disabled with `set_option linter.style.haveILetI false`
warning: lean/PvNP/RealizableHardness/ActualBinaryMatrixHC46DR6Incidence.lean:1249:8: Try this: 
  letI̵

The goal is a proposition, so `let` is preferred over `letI`.
The difference between `let` and `letI` is that `letI` inlines the value.
But this is not relevant for proofs because of proof irrelevance.

Note: This linter can be disabled with `set_option linter.style.haveILetI false`
warning: lean/PvNP/RealizableHardness/ActualBinaryMatrixHC46DR6Incidence.lean:1803:45: `if_neg` has been deprecated: Use `ite_eq_right` instead
warning: lean/PvNP/RealizableHardness/ActualBinaryMatrixHC46DR6Incidence.lean:1803:57: `if_neg` has been deprecated: Use `ite_eq_right` instead
warning: lean/PvNP/RealizableHardness/ActualBinaryMatrixHC46DR6Incidence.lean:1818:30: Used `tac1 <;> tac2` where `(tac1; tac2)` would suffice

Note: This linter can be disabled with `set_option linter.unnecessarySeqFocus false`
warning: lean/PvNP/RealizableHardness/ActualBinaryMatrixHC46DR6Incidence.lean:1975:28: Used `tac1 <;> tac2` where `(tac1; tac2)` would suffice

Note: This linter can be disabled with `set_option linter.unnecessarySeqFocus false`
warning: lean/PvNP/RealizableHardness/ActualBinaryMatrixHC46DR6Incidence.lean:1982:28: Used `tac1 <;> tac2` where `(tac1; tac2)` would suffice

Note: This linter can be disabled with `set_option linter.unnecessarySeqFocus false`
warning: lean/PvNP/RealizableHardness/ActualBinaryMatrixHC46DR6Incidence.lean:2168:28: Used `tac1 <;> tac2` where `(tac1; tac2)` would suffice

Note: This linter can be disabled with `set_option linter.unnecessarySeqFocus false`
warning: lean/PvNP/RealizableHardness/ActualBinaryMatrixHC46DR6Incidence.lean:2175:28: Used `tac1 <;> tac2` where `(tac1; tac2)` would suffice

Note: This linter can be disabled with `set_option linter.unnecessarySeqFocus false`
warning: lean/PvNP/RealizableHardness/ActualBinaryMatrixHC46DR6Incidence.lean:2347:30: Used `tac1 <;> tac2` where `(tac1; tac2)` would suffice

Note: This linter can be disabled with `set_option linter.unnecessarySeqFocus false`
warning: lean/PvNP/RealizableHardness/ActualBinaryMatrixHC46DR6Incidence.lean:2681:6: `push_neg` has been deprecated. Prefer using `push Not` instead.
If you'd rather continue using `push_neg` in your project, you can implement it as follows:
```
open Lean.Parser.Tactic in
macro "push_neg" cfg:optConfig loc:(location)? : tactic =>
  `(tactic| push $cfg:optConfig Not $[$loc]?)
```
⚠ [3383/3394] Replayed PvNP.RealizableHardness.ActualBinaryMatrixHC46A7EnergyConsumer
warning: lean/PvNP/RealizableHardness/ActualBinaryMatrixHC46A7EnergyConsumer.lean:94:14: This simp argument is unused:
  p

Hint: Omit it from the simp argument list.
  [apply] simp [hp, w6ActualCarrierFrequency, eq_comm]

Note: This linter can be disabled with `set_option linter.unusedSimpArgs false`
warning: lean/PvNP/RealizableHardness/ActualBinaryMatrixHC46A7EnergyConsumer.lean:95:14: This simp argument is unused:
  p

Hint: Omit it from the simp argument list.
  [apply] simp [hp]

Note: This linter can be disabled with `set_option linter.unusedSimpArgs false`
warning: lean/PvNP/RealizableHardness/ActualBinaryMatrixHC46A7EnergyConsumer.lean:103:19: This simp argument is unused:
  w6ActualPredecessorFrequencyFiber

Hint: Omit it from the simp argument list.
  [apply] simp [p]

Note: This linter can be disabled with `set_option linter.unusedSimpArgs false`
warning: lean/PvNP/RealizableHardness/ActualBinaryMatrixHC46A7EnergyConsumer.lean:135:8: Unused tactic linter: `change
  (∑ Y ∈ (Finset.univ : Finset filteredSubtype),
      complexFourierCoeff f Y.1 * (traceCharacter Y.1.transpose.toLin' T : Complex)) =
    _` does nothing

Note: This linter can be disabled with `set_option linter.unusedTactic false`
warning: lean/PvNP/RealizableHardness/ActualBinaryMatrixHC46A7EnergyConsumer.lean:306:12: This simp argument is unused:
  p

Hint: Omit it from the simp argument list.
  [apply] simp [hp]

Note: This linter can be disabled with `set_option linter.unusedSimpArgs false`
warning: lean/PvNP/RealizableHardness/ActualBinaryMatrixHC46A7EnergyConsumer.lean:307:12: This simp argument is unused:
  p

Hint: Omit it from the simp argument list.
  [apply] simp [hp, Complex.normSq_nonneg]

Note: This linter can be disabled with `set_option linter.unusedSimpArgs false`
warning: lean/PvNP/RealizableHardness/ActualBinaryMatrixHC46A7EnergyConsumer.lean:287:4: Unused tactic linter: `change
  (∑ Y ∈ (Finset.univ : Finset Pred), Complex.normSq (complexFourierCoeff f Y.1)) = _` does nothing

Note: This linter can be disabled with `set_option linter.unusedTactic false`
warning: lean/PvNP/RealizableHardness/ActualBinaryMatrixHC46A7EnergyConsumer.lean:724:39: this tactic is never executed

Note: This linter can be disabled with `set_option linter.unreachableTactic false`
warning: lean/PvNP/RealizableHardness/ActualBinaryMatrixHC46A7EnergyConsumer.lean:724:39: Unused tactic linter: `ring` does nothing

Note: This linter can be disabled with `set_option linter.unusedTactic false`
warning: lean/PvNP/RealizableHardness/ActualBinaryMatrixHC46A7EnergyConsumer.lean:852:27: this tactic is never executed

Note: This linter can be disabled with `set_option linter.unreachableTactic false`
warning: lean/PvNP/RealizableHardness/ActualBinaryMatrixHC46A7EnergyConsumer.lean:852:27: Unused tactic linter: `ring` does nothing

Note: This linter can be disabled with `set_option linter.unusedTactic false`
⚠ [3384/3394] Replayed PvNP.RealizableHardness.ActualBinaryMatrixHC46A7HybridW6Transport
warning: lean/PvNP/RealizableHardness/ActualBinaryMatrixHC46A7HybridW6Transport.lean:264:38: This simp argument is unused:
  hC

Hint: Omit it from the simp argument list.
  [apply] simp [Ncoord, typedW6OutputCoordinateEquiv, carrierCoordinateNestedHomEquiv,
    carrierCoordinateDomainQuotientEquiv, carrierCoordinateCodomainEquiv, hD, Submodule.Quotient.equiv]

Note: This linter can be disabled with `set_option linter.unusedSimpArgs false`
warning: lean/PvNP/RealizableHardness/ActualBinaryMatrixHC46A7HybridW6Transport.lean:264:42: This simp argument is unused:
  hD

Hint: Omit it from the simp argument list.
  [apply] simp [Ncoord, typedW6OutputCoordinateEquiv, carrierCoordinateNestedHomEquiv,
    carrierCoordinateDomainQuotientEquiv, carrierCoordinateCodomainEquiv, hC, Submodule.Quotient.equiv]

Note: This linter can be disabled with `set_option linter.unusedSimpArgs false`
⚠ [3385/3394] Replayed PvNP.RealizableHardness.ActualBinaryMatrixHC46A7T1Transfer
warning: lean/PvNP/RealizableHardness/ActualBinaryMatrixHC46A7T1Transfer.lean:93:6: Unused tactic linter: `change ((t.Xbar.symm (t.C.mkQ a) : t.K) : W n ⧸ B) = y` does nothing

Note: This linter can be disabled with `set_option linter.unusedTactic false`
warning: lean/PvNP/RealizableHardness/ActualBinaryMatrixHC46A7T1Transfer.lean:173:2: Try this: 
  letI̵

The goal is a proposition, so `let` is preferred over `letI`.
The difference between `let` and `letI` is that `letI` inlines the value.
But this is not relevant for proofs because of proof irrelevance.

Note: This linter can be disabled with `set_option linter.style.haveILetI false`
warning: lean/PvNP/RealizableHardness/ActualBinaryMatrixHC46A7T1Transfer.lean:174:2: Try this: 
  letI̵

The goal is a proposition, so `let` is preferred over `letI`.
The difference between `let` and `letI` is that `letI` inlines the value.
But this is not relevant for proofs because of proof irrelevance.

Note: This linter can be disabled with `set_option linter.style.haveILetI false`
warning: lean/PvNP/RealizableHardness/ActualBinaryMatrixHC46A7T1Transfer.lean:175:2: Try this: 
  letI̵

The goal is a proposition, so `let` is preferred over `letI`.
The difference between `let` and `letI` is that `letI` inlines the value.
But this is not relevant for proofs because of proof irrelevance.

Note: This linter can be disabled with `set_option linter.style.haveILetI false`
warning: lean/PvNP/RealizableHardness/ActualBinaryMatrixHC46A7T1Transfer.lean:178:2: Try this: 
  letI̵

The goal is a proposition, so `let` is preferred over `letI`.
The difference between `let` and `letI` is that `letI` inlines the value.
But this is not relevant for proofs because of proof irrelevance.

Note: This linter can be disabled with `set_option linter.style.haveILetI false`
warning: lean/PvNP/RealizableHardness/ActualBinaryMatrixHC46A7T1Transfer.lean:452:4: Unused tactic linter: `change
  Module.finrank F (LinearMap.range R) =
    Module.finrank F (LinearMap.range X) + Module.finrank F (LinearMap.range (R - X))` does nothing

Note: This linter can be disabled with `set_option linter.unusedTactic false`
warning: lean/PvNP/RealizableHardness/ActualBinaryMatrixHC46A7T1Transfer.lean:523:4: Unused tactic linter: `change R u = X u + (R - X) u` does nothing

Note: This linter can be disabled with `set_option linter.unusedTactic false`
warning: lean/PvNP/RealizableHardness/ActualBinaryMatrixHC46A7T1Transfer.lean:582:4: try 'simp' instead of 'simpa'

Note: This linter can be disabled with `set_option linter.unnecessarySimpa false`
warning: lean/PvNP/RealizableHardness/ActualBinaryMatrixHC46A7T1Transfer.lean:638:6: Unused tactic linter: `change Y.transpose.toLin' (B.subtype b) ∈ A` does nothing

Note: This linter can be disabled with `set_option linter.unusedTactic false`
warning: lean/PvNP/RealizableHardness/ActualBinaryMatrixHC46A7T1Transfer.lean:984:4: Unused tactic linter: `change E b' = D h` does nothing

Note: This linter can be disabled with `set_option linter.unusedTactic false`
warning: lean/PvNP/RealizableHardness/ActualBinaryMatrixHC46A7T1Transfer.lean:1006:4: Unused tactic linter: `change D hb = E b` does nothing

Note: This linter can be disabled with `set_option linter.unusedTactic false`
warning: lean/PvNP/RealizableHardness/ActualBinaryMatrixHC46A7T1Transfer.lean:1149:4: Unused tactic linter: `change R hS = z` does nothing

Note: This linter can be disabled with `set_option linter.unusedTactic false`
warning: lean/PvNP/RealizableHardness/ActualBinaryMatrixHC46A7T1Transfer.lean:1156:8: Unused tactic linter: `change t1AQuotientToAmbient t.C (t.C.mkQ a) = _` does nothing

Note: This linter can be disabled with `set_option linter.unusedTactic false`
warning: lean/PvNP/RealizableHardness/ActualBinaryMatrixHC46A7T1Transfer.lean:1166:4: Unused tactic linter: `change R hb = z` does nothing

Note: This linter can be disabled with `set_option linter.unusedTactic false`
warning: lean/PvNP/RealizableHardness/ActualBinaryMatrixHC46A7T1Transfer.lean:1288:8: try 'simp' instead of 'simpa'

Note: This linter can be disabled with `set_option linter.unnecessarySimpa false`
warning: lean/PvNP/RealizableHardness/ActualBinaryMatrixHC46A7T1Transfer.lean:1340:6: try 'simp' instead of 'simpa'

Note: This linter can be disabled with `set_option linter.unnecessarySimpa false`
warning: lean/PvNP/RealizableHardness/ActualBinaryMatrixHC46A7T1Transfer.lean:1509:6: This simp argument is unused:
  t1AQuotientToAmbient_range

Hint: Omit it from the simp argument list.
  [apply] simp [eD, t1OutputDomainEquiv, BinaryMatrixA1NestedCarrier.nestedDomainEquiv, t1Pullback_range,
    Submodule.quotEquivOfEq_mk]

Note: This linter can be disabled with `set_option linter.unusedSimpArgs false`
warning: lean/PvNP/RealizableHardness/ActualBinaryMatrixHC46A7T1Transfer.lean:1509:34: This simp argument is unused:
  t1Pullback_range

Hint: Omit it from the simp argument list.
  [apply] simp [eD, t1OutputDomainEquiv, BinaryMatrixA1NestedCarrier.nestedDomainEquiv, t1AQuotientToAmbient_range,
    Submodule.quotEquivOfEq_mk]

Note: This linter can be disabled with `set_option linter.unusedSimpArgs false`
warning: lean/PvNP/RealizableHardness/ActualBinaryMatrixHC46A7T1Transfer.lean:1646:17: `if_pos` has been deprecated: Use `ite_eq_left` instead
warning: lean/PvNP/RealizableHardness/ActualBinaryMatrixHC46A7T1Transfer.lean:1677:15: `if_pos` has been deprecated: Use `ite_eq_left` instead
warning: lean/PvNP/RealizableHardness/ActualBinaryMatrixHC46A7T1Transfer.lean:1760:17: `if_pos` has been deprecated: Use `ite_eq_left` instead
warning: lean/PvNP/RealizableHardness/ActualBinaryMatrixHC46A7T1Transfer.lean:1783:12: `if_pos` has been deprecated: Use `ite_eq_left` instead
warning: lean/PvNP/RealizableHardness/ActualBinaryMatrixHC46A7T1Transfer.lean:1784:12: `if_neg` has been deprecated: Use `ite_eq_right` instead
warning: lean/PvNP/RealizableHardness/ActualBinaryMatrixHC46A7T1Transfer.lean:1786:12: `if_neg` has been deprecated: Use `ite_eq_right` instead
warning: lean/PvNP/RealizableHardness/ActualBinaryMatrixHC46A7T1Transfer.lean:1813:15: `if_pos` has been deprecated: Use `ite_eq_left` instead
warning: lean/PvNP/RealizableHardness/ActualBinaryMatrixHC46A7T1Transfer.lean:1926:10: `if_pos` has been deprecated: Use `ite_eq_left` instead
warning: lean/PvNP/RealizableHardness/ActualBinaryMatrixHC46A7T1Transfer.lean:1926:28: `if_pos` has been deprecated: Use `ite_eq_left` instead
warning: lean/PvNP/RealizableHardness/ActualBinaryMatrixHC46A7T1Transfer.lean:1943:12: `if_neg` has been deprecated: Use `ite_eq_right` instead
warning: lean/PvNP/RealizableHardness/ActualBinaryMatrixHC46A7T1Transfer.lean:1950:8: `if_neg` has been deprecated: Use `ite_eq_right` instead
warning: lean/PvNP/RealizableHardness/ActualBinaryMatrixHC46A7T1Transfer.lean:1962:8: `if_neg` has been deprecated: Use `ite_eq_right` instead
warning: lean/PvNP/RealizableHardness/ActualBinaryMatrixHC46A7T1Transfer.lean:1944:12: This simp argument is unused:
  t1ActiveTriple

Hint: Omit it from the simp argument list.
  [apply] simp [hactive]

Note: This linter can be disabled with `set_option linter.unusedSimpArgs false`
warning: lean/PvNP/RealizableHardness/ActualBinaryMatrixHC46A7T1Transfer.lean:1944:28: This simp argument is unused:
  hactive

Hint: Omit it from the simp argument list.
  [apply] simp [t1ActiveTriple]

Note: This linter can be disabled with `set_option linter.unusedSimpArgs false`
⚠ [3386/3394] Replayed PvNP.RealizableHardness.ActualBinaryMatrixHC46DR6SignMoments
warning: lean/PvNP/RealizableHardness/ActualBinaryMatrixHC46DR6SignMoments.lean:90:5: Variable name `f` is not explicitly referenced.

Hint: The binding can be removed (if unused) or named `_` (if used implicitly). Alternatively, prefix the name with `_` to silence this warning:
  [apply] _f

Note: This linter can be disabled with `set_option linter.unusedVariables false`
warning: lean/PvNP/RealizableHardness/ActualBinaryMatrixHC46DR6SignMoments.lean:157:16: `if_pos` has been deprecated: Use `ite_eq_left` instead
warning: lean/PvNP/RealizableHardness/ActualBinaryMatrixHC46DR6SignMoments.lean:198:6: try 'simp' instead of 'simpa'

Note: This linter can be disabled with `set_option linter.unnecessarySimpa false`
warning: lean/PvNP/RealizableHardness/ActualBinaryMatrixHC46DR6SignMoments.lean:144:35: This simp argument is unused:
  dr6ActualSupportedDirectPair

Hint: Omit it from the simp argument list.
  [apply] simp [dr6ActualPhiCoefficientMass, dr6ActualPhiRowEnergy, dr6ActualPhiCoefficient, pred, weight,
    Fintype.sum_prod_type, Complex.normSq_eq_norm_sq]

Note: This linter can be disabled with `set_option linter.unusedSimpArgs false`
warning: lean/PvNP/RealizableHardness/ActualBinaryMatrixHC46DR6SignMoments.lean:235:8: This simp argument is unused:
  mul_assoc

Hint: Omit it from the simp argument list.
  [apply] simp [dr6ActualPhiCoefficientMass, pow_two, Fintype.sum_mul_sum]

Note: This linter can be disabled with `set_option linter.unusedSimpArgs false`
warning: lean/PvNP/RealizableHardness/ActualBinaryMatrixHC46DR6SignMoments.lean:261:8: `if_pos` has been deprecated: Use `ite_eq_left` instead
warning: lean/PvNP/RealizableHardness/ActualBinaryMatrixHC46DR6SignMoments.lean:265:8: `if_pos` has been deprecated: Use `ite_eq_left` instead
warning: lean/PvNP/RealizableHardness/ActualBinaryMatrixHC46DR6SignMoments.lean:402:12: `if_pos` has been deprecated: Use `ite_eq_left` instead
warning: lean/PvNP/RealizableHardness/ActualBinaryMatrixHC46DR6SignMoments.lean:407:12: `if_pos` has been deprecated: Use `ite_eq_left` instead
warning: lean/PvNP/RealizableHardness/ActualBinaryMatrixHC46DR6SignMoments.lean:721:12: Used `tac1 <;> tac2` where `(tac1; tac2)` would suffice

Note: This linter can be disabled with `set_option linter.unnecessarySeqFocus false`
⚠ [3387/3394] Replayed PvNP.RealizableHardness.ActualBinaryMatrixHC46DR6Moment
warning: lean/PvNP/RealizableHardness/ActualBinaryMatrixHC46DR6Moment.lean:226:4: `push_neg` has been deprecated. Prefer using `push Not` instead.
If you'd rather continue using `push_neg` in your project, you can implement it as follows:
```
open Lean.Parser.Tactic in
macro "push_neg" cfg:optConfig loc:(location)? : tactic =>
  `(tactic| push $cfg:optConfig Not $[$loc]?)
```
warning: lean/PvNP/RealizableHardness/ActualBinaryMatrixHC46DR6Moment.lean:341:15: This simp argument is unused:
  dr6ActualWeightedOrdinaryFilterEnergy

Hint: Omit it from the simp argument list.
  [apply] simp only [dr6DGradeCarrierToNonzeroAB]

Note: This linter can be disabled with `set_option linter.unusedSimpArgs false`
warning: lean/PvNP/RealizableHardness/ActualBinaryMatrixHC46DR6Moment.lean:354:9: Variable name `D` is not explicitly referenced.

Hint: The binding can be removed (if unused) or named `_` (if used implicitly). Alternatively, prefix the name with `_` to silence this warning:
  [apply] _D

Note: This linter can be disabled with `set_option linter.unusedVariables false`
⚠ [3388/3394] Replayed PvNP.RealizableHardness.ActualBinaryMatrixHC46A6Transfer
warning: lean/PvNP/RealizableHardness/ActualBinaryMatrixHC46A6Transfer.lean:69:53: Variable name `hj` is not explicitly referenced.

Hint: The binding can be removed (if unused) or named `_` (if used implicitly). Alternatively, prefix the name with `_` to silence this warning:
  [apply] _hj

Note: This linter can be disabled with `set_option linter.unusedVariables false`
warning: lean/PvNP/RealizableHardness/ActualBinaryMatrixHC46A6Transfer.lean:234:6: Unused tactic linter: `change Matrix.rank Y = Module.finrank F (LinearMap.range L)` does nothing

Note: This linter can be disabled with `set_option linter.unusedTactic false`
warning: lean/PvNP/RealizableHardness/ActualBinaryMatrixHC46A6Transfer.lean:314:8: `if_pos` has been deprecated: Use `ite_eq_left` instead
warning: lean/PvNP/RealizableHardness/ActualBinaryMatrixHC46A6Transfer.lean:315:8: `if_neg` has been deprecated: Use `ite_eq_right` instead
warning: lean/PvNP/RealizableHardness/ActualBinaryMatrixHC46A6Transfer.lean:603:4: try 'simp' instead of 'simpa'

Note: This linter can be disabled with `set_option linter.unnecessarySimpa false`
warning: lean/PvNP/RealizableHardness/ActualBinaryMatrixHC46A6Transfer.lean:605:4: try 'simp' instead of 'simpa'

Note: This linter can be disabled with `set_option linter.unnecessarySimpa false`
warning: lean/PvNP/RealizableHardness/ActualBinaryMatrixHC46A6Transfer.lean:686:10: `if_pos` has been deprecated: Use `ite_eq_left` instead
warning: lean/PvNP/RealizableHardness/ActualBinaryMatrixHC46A6Transfer.lean:689:10: `if_neg` has been deprecated: Use `ite_eq_right` instead
⚠ [3389/3394] Replayed PvNP.RealizableHardness.ActualBinaryMatrixHC46A9InitialGraph
warning: lean/PvNP/RealizableHardness/ActualBinaryMatrixHC46A9InitialGraph.lean:444:4: Try this: 
  haveI̵

The goal is a proposition, so `have` is preferred over `haveI`.
The difference between `have` and `haveI` is that `haveI` inlines the value.
But this is not relevant for proofs because of proof irrelevance.

Note: This linter can be disabled with `set_option linter.style.haveILetI false`
warning: lean/PvNP/RealizableHardness/ActualBinaryMatrixHC46A9InitialGraph.lean:445:4: Try this: 
  haveI̵

The goal is a proposition, so `have` is preferred over `haveI`.
The difference between `have` and `haveI` is that `haveI` inlines the value.
But this is not relevant for proofs because of proof irrelevance.

Note: This linter can be disabled with `set_option linter.style.haveILetI false`
warning: lean/PvNP/RealizableHardness/ActualBinaryMatrixHC46A9InitialGraph.lean:496:4: Try this: 
  haveI̵

The goal is a proposition, so `have` is preferred over `haveI`.
The difference between `have` and `haveI` is that `haveI` inlines the value.
But this is not relevant for proofs because of proof irrelevance.

Note: This linter can be disabled with `set_option linter.style.haveILetI false`
warning: lean/PvNP/RealizableHardness/ActualBinaryMatrixHC46A9InitialGraph.lean:497:4: Try this: 
  haveI̵

The goal is a proposition, so `have` is preferred over `haveI`.
The difference between `have` and `haveI` is that `haveI` inlines the value.
But this is not relevant for proofs because of proof irrelevance.

Note: This linter can be disabled with `set_option linter.style.haveILetI false`
warning: lean/PvNP/RealizableHardness/ActualBinaryMatrixHC46A9InitialGraph.lean:662:15: This simp argument is unused:
  a9GraphPreimage

Hint: Omit it from the simp argument list.
  [apply] simp only [a9PreimageMap, LinearMap.add_apply, LinearMap.comp_apply, LinearMap.fst_apply, LinearMap.snd_apply,
    map_zero, zero_add] at hker

Note: This linter can be disabled with `set_option linter.unusedSimpArgs false`
⚠ [3390/3394] Replayed PvNP.RealizableHardness.ActualBinaryMatrixHC46T2Transfer
warning: lean/PvNP/RealizableHardness/ActualBinaryMatrixHC46T2Transfer.lean:80:31: This simp argument is unused:
  Submodule.mem_inf

Hint: Omit it from the simp argument list.
  [apply] simp [Submodule.mem_comap]

Note: This linter can be disabled with `set_option linter.unusedSimpArgs false`
warning: lean/PvNP/RealizableHardness/ActualBinaryMatrixHC46T2Transfer.lean:122:33: This simp argument is unused:
  Submodule.mem_inf

Hint: Omit it from the simp argument list.
  [apply] simp [Submodule.mem_comap]

Note: This linter can be disabled with `set_option linter.unusedSimpArgs false`
warning: lean/PvNP/RealizableHardness/ActualBinaryMatrixHC46T2Transfer.lean:250:25: try 'simp' instead of 'simpa'

Note: This linter can be disabled with `set_option linter.unnecessarySimpa false`
warning: lean/PvNP/RealizableHardness/ActualBinaryMatrixHC46T2Transfer.lean:292:10: try 'simp' instead of 'simpa'

Note: This linter can be disabled with `set_option linter.unnecessarySimpa false`
warning: lean/PvNP/RealizableHardness/ActualBinaryMatrixHC46T2Transfer.lean:385:33: This simp argument is unused:
  sub_add_cancel

Hint: Omit it from the simp argument list.
  [apply] simp [LinearMap.sub_apply]

Note: This linter can be disabled with `set_option linter.unusedSimpArgs false`
warning: lean/PvNP/RealizableHardness/ActualBinaryMatrixHC46T2Transfer.lean:449:39: This simp argument is unused:
  sub_add_cancel

Hint: Omit it from the simp argument list.
  [apply] simp [LinearMap.sub_apply]

Note: This linter can be disabled with `set_option linter.unusedSimpArgs false`
warning: lean/PvNP/RealizableHardness/ActualBinaryMatrixHC46T2Transfer.lean:616:51: This simp argument is unused:
  map_add

Hint: Omit it from the simp argument list.
  [apply] simp [XH, YH, ZH, t2QuotientRestrict, LinearMap.domRestrict_apply, LinearMap.comp_apply, Submodule.mkQ_apply,
    LinearMap.sub_apply, sub_add_cancel]

Note: This linter can be disabled with `set_option linter.unusedSimpArgs false`
warning: lean/PvNP/RealizableHardness/ActualBinaryMatrixHC46T2Transfer.lean:617:8: This simp argument is unused:
  sub_add_cancel

Hint: Omit it from the simp argument list.
  [apply] simp [XH, YH, ZH, t2QuotientRestrict, LinearMap.domRestrict_apply, LinearMap.comp_apply, Submodule.mkQ_apply,
    map_add, LinearMap.sub_apply]

Note: This linter can be disabled with `set_option linter.unusedSimpArgs false`
warning: lean/PvNP/RealizableHardness/ActualBinaryMatrixHC46T2Transfer.lean:1039:37: This simp argument is unused:
  sub_add_cancel

Hint: Omit it from the simp argument list.
  [apply] simp [LinearMap.sub_apply]

Note: This linter can be disabled with `set_option linter.unusedSimpArgs false`
warning: lean/PvNP/RealizableHardness/ActualBinaryMatrixHC46T2Transfer.lean:1189:16: `if_pos` has been deprecated: Use `ite_eq_left` instead
warning: lean/PvNP/RealizableHardness/ActualBinaryMatrixHC46T2Transfer.lean:1194:18: `if_pos` has been deprecated: Use `ite_eq_left` instead
warning: lean/PvNP/RealizableHardness/ActualBinaryMatrixHC46T2Transfer.lean:1197:20: `if_pos` has been deprecated: Use `ite_eq_left` instead
warning: lean/PvNP/RealizableHardness/ActualBinaryMatrixHC46T2Transfer.lean:1197:34: `if_pos` has been deprecated: Use `ite_eq_left` instead
warning: lean/PvNP/RealizableHardness/ActualBinaryMatrixHC46T2Transfer.lean:1198:20: `if_neg` has been deprecated: Use `ite_eq_right` instead
warning: lean/PvNP/RealizableHardness/ActualBinaryMatrixHC46T2Transfer.lean:1198:34: `if_pos` has been deprecated: Use `ite_eq_left` instead
warning: lean/PvNP/RealizableHardness/ActualBinaryMatrixHC46T2Transfer.lean:1199:18: `if_neg` has been deprecated: Use `ite_eq_right` instead
warning: lean/PvNP/RealizableHardness/ActualBinaryMatrixHC46T2Transfer.lean:1199:32: `if_pos` has been deprecated: Use `ite_eq_left` instead
warning: lean/PvNP/RealizableHardness/ActualBinaryMatrixHC46T2Transfer.lean:1200:16: `if_neg` has been deprecated: Use `ite_eq_right` instead
warning: lean/PvNP/RealizableHardness/ActualBinaryMatrixHC46T2Transfer.lean:1204:16: `if_neg` has been deprecated: Use `ite_eq_right` instead
warning: lean/PvNP/RealizableHardness/ActualBinaryMatrixHC46T2Transfer.lean:1224:16: `if_pos` has been deprecated: Use `ite_eq_left` instead
warning: lean/PvNP/RealizableHardness/ActualBinaryMatrixHC46T2Transfer.lean:1238:22: `if_pos` has been deprecated: Use `ite_eq_left` instead
warning: lean/PvNP/RealizableHardness/ActualBinaryMatrixHC46T2Transfer.lean:1238:35: `if_pos` has been deprecated: Use `ite_eq_left` instead
warning: lean/PvNP/RealizableHardness/ActualBinaryMatrixHC46T2Transfer.lean:1255:16: `if_neg` has been deprecated: Use `ite_eq_right` instead
warning: lean/PvNP/RealizableHardness/ActualBinaryMatrixHC46T2Transfer.lean:1259:18: `if_pos` has been deprecated: Use `ite_eq_left` instead
warning: lean/PvNP/RealizableHardness/ActualBinaryMatrixHC46T2Transfer.lean:1261:20: `if_pos` has been deprecated: Use `ite_eq_left` instead
warning: lean/PvNP/RealizableHardness/ActualBinaryMatrixHC46T2Transfer.lean:1271:22: `if_neg` has been deprecated: Use `ite_eq_right` instead
warning: lean/PvNP/RealizableHardness/ActualBinaryMatrixHC46T2Transfer.lean:1272:20: `if_neg` has been deprecated: Use `ite_eq_right` instead
warning: lean/PvNP/RealizableHardness/ActualBinaryMatrixHC46T2Transfer.lean:1273:18: `if_neg` has been deprecated: Use `ite_eq_right` instead
warning: lean/PvNP/RealizableHardness/ActualBinaryMatrixHC46T2Transfer.lean:1323:10: `if_pos` has been deprecated: Use `ite_eq_left` instead
warning: lean/PvNP/RealizableHardness/ActualBinaryMatrixHC46T2Transfer.lean:1335:14: `if_neg` has been deprecated: Use `ite_eq_right` instead
warning: lean/PvNP/RealizableHardness/ActualBinaryMatrixHC46T2Transfer.lean:1337:12: `if_pos` has been deprecated: Use `ite_eq_left` instead
warning: lean/PvNP/RealizableHardness/ActualBinaryMatrixHC46T2Transfer.lean:1342:10: `if_neg` has been deprecated: Use `ite_eq_right` instead
warning: lean/PvNP/RealizableHardness/ActualBinaryMatrixHC46T2Transfer.lean:1346:12: `if_neg` has been deprecated: Use `ite_eq_right` instead
⚠ [3391/3394] Replayed PvNP.RealizableHardness.ActualBinaryMatrixHC46A7Transfer
warning: lean/PvNP/RealizableHardness/ActualBinaryMatrixHC46A7Transfer.lean:756:10: `if_pos` has been deprecated: Use `ite_eq_left` instead
warning: lean/PvNP/RealizableHardness/ActualBinaryMatrixHC46A7Transfer.lean:756:26: `if_pos` has been deprecated: Use `ite_eq_left` instead
warning: lean/PvNP/RealizableHardness/ActualBinaryMatrixHC46A7Transfer.lean:767:10: `if_neg` has been deprecated: Use `ite_eq_right` instead
warning: lean/PvNP/RealizableHardness/ActualBinaryMatrixHC46A7Transfer.lean:774:12: `if_pos` has been deprecated: Use `ite_eq_left` instead
warning: lean/PvNP/RealizableHardness/ActualBinaryMatrixHC46A7Transfer.lean:776:12: `if_neg` has been deprecated: Use `ite_eq_right` instead
warning: lean/PvNP/RealizableHardness/ActualBinaryMatrixHC46A7Transfer.lean:1033:8: `if_pos` has been deprecated: Use `ite_eq_left` instead
warning: lean/PvNP/RealizableHardness/ActualBinaryMatrixHC46A7Transfer.lean:1038:10: `if_pos` has been deprecated: Use `ite_eq_left` instead
warning: lean/PvNP/RealizableHardness/ActualBinaryMatrixHC46A7Transfer.lean:2124:16: `if_pos` has been deprecated: Use `ite_eq_left` instead
warning: lean/PvNP/RealizableHardness/ActualBinaryMatrixHC46A7Transfer.lean:2124:27: `if_pos` has been deprecated: Use `ite_eq_left` instead
warning: lean/PvNP/RealizableHardness/ActualBinaryMatrixHC46A7Transfer.lean:2126:16: `if_neg` has been deprecated: Use `ite_eq_right` instead
warning: lean/PvNP/RealizableHardness/ActualBinaryMatrixHC46A7Transfer.lean:2126:27: `if_neg` has been deprecated: Use `ite_eq_right` instead
warning: lean/PvNP/RealizableHardness/ActualBinaryMatrixHC46A7Transfer.lean:2478:10: `if_pos` has been deprecated: Use `ite_eq_left` instead
warning: lean/PvNP/RealizableHardness/ActualBinaryMatrixHC46A7Transfer.lean:2478:21: `if_pos` has been deprecated: Use `ite_eq_left` instead
warning: lean/PvNP/RealizableHardness/ActualBinaryMatrixHC46A7Transfer.lean:2478:33: `if_neg` has been deprecated: Use `ite_eq_right` instead
warning: lean/PvNP/RealizableHardness/ActualBinaryMatrixHC46A7Transfer.lean:2766:12: `if_pos` has been deprecated: Use `ite_eq_left` instead
warning: lean/PvNP/RealizableHardness/ActualBinaryMatrixHC46A7Transfer.lean:2766:23: `if_pos` has been deprecated: Use `ite_eq_left` instead
warning: lean/PvNP/RealizableHardness/ActualBinaryMatrixHC46A7Transfer.lean:2767:12: `if_neg` has been deprecated: Use `ite_eq_right` instead
warning: lean/PvNP/RealizableHardness/ActualBinaryMatrixHC46A7Transfer.lean:2767:23: `if_neg` has been deprecated: Use `ite_eq_right` instead
warning: lean/PvNP/RealizableHardness/ActualBinaryMatrixHC46A7Transfer.lean:3013:19: `if_pos` has been deprecated: Use `ite_eq_left` instead
warning: lean/PvNP/RealizableHardness/ActualBinaryMatrixHC46A7Transfer.lean:3020:19: `if_neg` has been deprecated: Use `ite_eq_right` instead
warning: lean/PvNP/RealizableHardness/ActualBinaryMatrixHC46A7Transfer.lean:3033:14: `if_pos` has been deprecated: Use `ite_eq_left` instead
warning: lean/PvNP/RealizableHardness/ActualBinaryMatrixHC46A7Transfer.lean:3033:36: `if_neg` has been deprecated: Use `ite_eq_right` instead
warning: lean/PvNP/RealizableHardness/ActualBinaryMatrixHC46A7Transfer.lean:3035:14: `if_neg` has been deprecated: Use `ite_eq_right` instead
warning: lean/PvNP/RealizableHardness/ActualBinaryMatrixHC46A7Transfer.lean:3039:10: `if_pos` has been deprecated: Use `ite_eq_left` instead
warning: lean/PvNP/RealizableHardness/ActualBinaryMatrixHC46A7Transfer.lean:3039:23: `if_pos` has been deprecated: Use `ite_eq_left` instead
warning: lean/PvNP/RealizableHardness/ActualBinaryMatrixHC46A7Transfer.lean:3039:45: `if_pos` has been deprecated: Use `ite_eq_left` instead
warning: lean/PvNP/RealizableHardness/ActualBinaryMatrixHC46A7Transfer.lean:3040:10: `if_neg` has been deprecated: Use `ite_eq_right` instead
warning: lean/PvNP/RealizableHardness/ActualBinaryMatrixHC46A7Transfer.lean:3040:23: `if_neg` has been deprecated: Use `ite_eq_right` instead
warning: lean/PvNP/RealizableHardness/ActualBinaryMatrixHC46A7Transfer.lean:3044:8: `if_pos` has been deprecated: Use `ite_eq_left` instead
warning: lean/PvNP/RealizableHardness/ActualBinaryMatrixHC46A7Transfer.lean:3044:21: `if_pos` has been deprecated: Use `ite_eq_left` instead
warning: lean/PvNP/RealizableHardness/ActualBinaryMatrixHC46A7Transfer.lean:3046:8: `if_neg` has been deprecated: Use `ite_eq_right` instead
warning: lean/PvNP/RealizableHardness/ActualBinaryMatrixHC46A7Transfer.lean:3046:21: `if_neg` has been deprecated: Use `ite_eq_right` instead
warning: lean/PvNP/RealizableHardness/ActualBinaryMatrixHC46A7Transfer.lean:3067:8: `if_pos` has been deprecated: Use `ite_eq_left` instead
warning: lean/PvNP/RealizableHardness/ActualBinaryMatrixHC46A7Transfer.lean:3067:21: `if_pos` has been deprecated: Use `ite_eq_left` instead
warning: lean/PvNP/RealizableHardness/ActualBinaryMatrixHC46A7Transfer.lean:3068:8: `if_neg` has been deprecated: Use `ite_eq_right` instead
warning: lean/PvNP/RealizableHardness/ActualBinaryMatrixHC46A7Transfer.lean:3068:21: `if_neg` has been deprecated: Use `ite_eq_right` instead
warning: lean/PvNP/RealizableHardness/ActualBinaryMatrixHC46A7Transfer.lean:3087:8: `if_pos` has been deprecated: Use `ite_eq_left` instead
warning: lean/PvNP/RealizableHardness/ActualBinaryMatrixHC46A7Transfer.lean:3088:8: `if_neg` has been deprecated: Use `ite_eq_right` instead
warning: lean/PvNP/RealizableHardness/ActualBinaryMatrixHC46A7Transfer.lean:3155:6: `if_pos` has been deprecated: Use `ite_eq_left` instead
warning: lean/PvNP/RealizableHardness/ActualBinaryMatrixHC46A7Transfer.lean:3164:28: `if_neg` has been deprecated: Use `ite_eq_right` instead
warning: lean/PvNP/RealizableHardness/ActualBinaryMatrixHC46A7Transfer.lean:3170:30: `if_neg` has been deprecated: Use `ite_eq_right` instead
warning: lean/PvNP/RealizableHardness/ActualBinaryMatrixHC46A7Transfer.lean:3178:10: `if_pos` has been deprecated: Use `ite_eq_left` instead
warning: lean/PvNP/RealizableHardness/ActualBinaryMatrixHC46A7Transfer.lean:3437:10: `if_neg` has been deprecated: Use `ite_eq_right` instead
warning: lean/PvNP/RealizableHardness/ActualBinaryMatrixHC46A7Transfer.lean:3578:6: try 'simp' instead of 'simpa'

Note: This linter can be disabled with `set_option linter.unnecessarySimpa false`
warning: lean/PvNP/RealizableHardness/ActualBinaryMatrixHC46A7Transfer.lean:3582:8: `if_pos` has been deprecated: Use `ite_eq_left` instead
warning: lean/PvNP/RealizableHardness/ActualBinaryMatrixHC46A7Transfer.lean:3835:19: `if_pos` has been deprecated: Use `ite_eq_left` instead
warning: lean/PvNP/RealizableHardness/ActualBinaryMatrixHC46A7Transfer.lean:3839:19: `if_neg` has been deprecated: Use `ite_eq_right` instead
warning: lean/PvNP/RealizableHardness/ActualBinaryMatrixHC46A7Transfer.lean:3857:14: `if_pos` has been deprecated: Use `ite_eq_left` instead
warning: lean/PvNP/RealizableHardness/ActualBinaryMatrixHC46A7Transfer.lean:3857:36: `if_neg` has been deprecated: Use `ite_eq_right` instead
warning: lean/PvNP/RealizableHardness/ActualBinaryMatrixHC46A7Transfer.lean:3859:14: `if_neg` has been deprecated: Use `ite_eq_right` instead
warning: lean/PvNP/RealizableHardness/ActualBinaryMatrixHC46A7Transfer.lean:3864:10: `if_pos` has been deprecated: Use `ite_eq_left` instead
warning: lean/PvNP/RealizableHardness/ActualBinaryMatrixHC46A7Transfer.lean:3864:23: `if_pos` has been deprecated: Use `ite_eq_left` instead
warning: lean/PvNP/RealizableHardness/ActualBinaryMatrixHC46A7Transfer.lean:3864:45: `if_pos` has been deprecated: Use `ite_eq_left` instead
warning: lean/PvNP/RealizableHardness/ActualBinaryMatrixHC46A7Transfer.lean:3866:10: `if_neg` has been deprecated: Use `ite_eq_right` instead
warning: lean/PvNP/RealizableHardness/ActualBinaryMatrixHC46A7Transfer.lean:3866:23: `if_neg` has been deprecated: Use `ite_eq_right` instead
warning: lean/PvNP/RealizableHardness/ActualBinaryMatrixHC46A7Transfer.lean:3899:2: Try this: 
  haveI̵

The goal is a proposition, so `have` is preferred over `haveI`.
The difference between `have` and `haveI` is that `haveI` inlines the value.
But this is not relevant for proofs because of proof irrelevance.

Note: This linter can be disabled with `set_option linter.style.haveILetI false`
warning: lean/PvNP/RealizableHardness/ActualBinaryMatrixHC46A7Transfer.lean:3926:2: Try this: 
  haveI̵

The goal is a proposition, so `have` is preferred over `haveI`.
The difference between `have` and `haveI` is that `haveI` inlines the value.
But this is not relevant for proofs because of proof irrelevance.

Note: This linter can be disabled with `set_option linter.style.haveILetI false`
warning: lean/PvNP/RealizableHardness/ActualBinaryMatrixHC46A7Transfer.lean:3927:2: Try this: 
  haveI̵

The goal is a proposition, so `have` is preferred over `haveI`.
The difference between `have` and `haveI` is that `haveI` inlines the value.
But this is not relevant for proofs because of proof irrelevance.

Note: This linter can be disabled with `set_option linter.style.haveILetI false`
warning: lean/PvNP/RealizableHardness/ActualBinaryMatrixHC46A7Transfer.lean:3928:2: Try this: 
  haveI̵

The goal is a proposition, so `have` is preferred over `haveI`.
The difference between `have` and `haveI` is that `haveI` inlines the value.
But this is not relevant for proofs because of proof irrelevance.

Note: This linter can be disabled with `set_option linter.style.haveILetI false`
warning: lean/PvNP/RealizableHardness/ActualBinaryMatrixHC46A7Transfer.lean:3929:2: Try this: 
  haveI̵

The goal is a proposition, so `have` is preferred over `haveI`.
The difference between `have` and `haveI` is that `haveI` inlines the value.
But this is not relevant for proofs because of proof irrelevance.

Note: This linter can be disabled with `set_option linter.style.haveILetI false`
warning: lean/PvNP/RealizableHardness/ActualBinaryMatrixHC46A7Transfer.lean:3931:2: Try this: 
  haveI̵

The goal is a proposition, so `have` is preferred over `haveI`.
The difference between `have` and `haveI` is that `haveI` inlines the value.
But this is not relevant for proofs because of proof irrelevance.

Note: This linter can be disabled with `set_option linter.style.haveILetI false`
warning: lean/PvNP/RealizableHardness/ActualBinaryMatrixHC46A7Transfer.lean:3932:2: Try this: 
  haveI̵

The goal is a proposition, so `have` is preferred over `haveI`.
The difference between `have` and `haveI` is that `haveI` inlines the value.
But this is not relevant for proofs because of proof irrelevance.

Note: This linter can be disabled with `set_option linter.style.haveILetI false`
warning: lean/PvNP/RealizableHardness/ActualBinaryMatrixHC46A7Transfer.lean:3950:2: Try this: 
  haveI̵

The goal is a proposition, so `have` is preferred over `haveI`.
The difference between `have` and `haveI` is that `haveI` inlines the value.
But this is not relevant for proofs because of proof irrelevance.

Note: This linter can be disabled with `set_option linter.style.haveILetI false`
warning: lean/PvNP/RealizableHardness/ActualBinaryMatrixHC46A7Transfer.lean:3951:2: Try this: 
  haveI̵

The goal is a proposition, so `have` is preferred over `haveI`.
The difference between `have` and `haveI` is that `haveI` inlines the value.
But this is not relevant for proofs because of proof irrelevance.

Note: This linter can be disabled with `set_option linter.style.haveILetI false`
warning: lean/PvNP/RealizableHardness/ActualBinaryMatrixHC46A7Transfer.lean:3952:2: Try this: 
  haveI̵

The goal is a proposition, so `have` is preferred over `haveI`.
The difference between `have` and `haveI` is that `haveI` inlines the value.
But this is not relevant for proofs because of proof irrelevance.

Note: This linter can be disabled with `set_option linter.style.haveILetI false`
warning: lean/PvNP/RealizableHardness/ActualBinaryMatrixHC46A7Transfer.lean:3953:2: Try this: 
  haveI̵

The goal is a proposition, so `have` is preferred over `haveI`.
The difference between `have` and `haveI` is that `haveI` inlines the value.
But this is not relevant for proofs because of proof irrelevance.

Note: This linter can be disabled with `set_option linter.style.haveILetI false`
warning: lean/PvNP/RealizableHardness/ActualBinaryMatrixHC46A7Transfer.lean:3955:2: Try this: 
  haveI̵

The goal is a proposition, so `have` is preferred over `haveI`.
The difference between `have` and `haveI` is that `haveI` inlines the value.
But this is not relevant for proofs because of proof irrelevance.

Note: This linter can be disabled with `set_option linter.style.haveILetI false`
warning: lean/PvNP/RealizableHardness/ActualBinaryMatrixHC46A7Transfer.lean:3956:2: Try this: 
  haveI̵

The goal is a proposition, so `have` is preferred over `haveI`.
The difference between `have` and `haveI` is that `haveI` inlines the value.
But this is not relevant for proofs because of proof irrelevance.

Note: This linter can be disabled with `set_option linter.style.haveILetI false`
warning: lean/PvNP/RealizableHardness/ActualBinaryMatrixHC46A7Transfer.lean:4028:2: Try this: 
  haveI̵

The goal is a proposition, so `have` is preferred over `haveI`.
The difference between `have` and `haveI` is that `haveI` inlines the value.
But this is not relevant for proofs because of proof irrelevance.

Note: This linter can be disabled with `set_option linter.style.haveILetI false`
warning: lean/PvNP/RealizableHardness/ActualBinaryMatrixHC46A7Transfer.lean:4029:2: Try this: 
  haveI̵

The goal is a proposition, so `have` is preferred over `haveI`.
The difference between `have` and `haveI` is that `haveI` inlines the value.
But this is not relevant for proofs because of proof irrelevance.

Note: This linter can be disabled with `set_option linter.style.haveILetI false`
warning: lean/PvNP/RealizableHardness/ActualBinaryMatrixHC46A7Transfer.lean:4030:2: Try this: 
  haveI̵

The goal is a proposition, so `have` is preferred over `haveI`.
The difference between `have` and `haveI` is that `haveI` inlines the value.
But this is not relevant for proofs because of proof irrelevance.

Note: This linter can be disabled with `set_option linter.style.haveILetI false`
warning: lean/PvNP/RealizableHardness/ActualBinaryMatrixHC46A7Transfer.lean:4053:4: try 'simp' instead of 'simpa'

Note: This linter can be disabled with `set_option linter.unnecessarySimpa false`
warning: lean/PvNP/RealizableHardness/ActualBinaryMatrixHC46A7Transfer.lean:4208:4: try 'simp' instead of 'simpa'

Note: This linter can be disabled with `set_option linter.unnecessarySimpa false`
warning: lean/PvNP/RealizableHardness/ActualBinaryMatrixHC46A7Transfer.lean:4215:2: exponent 360 exceeds the threshold 256, exponentiation operation was not evaluated, use `set_option exponentiation.threshold <num>` to set a new threshold
warning: lean/PvNP/RealizableHardness/ActualBinaryMatrixHC46A7Transfer.lean:4228:37: This simp argument is unused:
  Complex.normSq_ofReal

Hint: Omit it from the simp argument list.
  [apply] simp

Note: This linter can be disabled with `set_option linter.unusedSimpArgs false`
warning: lean/PvNP/RealizableHardness/ActualBinaryMatrixHC46A7Transfer.lean:4250:23: `if_pos` has been deprecated: Use `ite_eq_left` instead
warning: lean/PvNP/RealizableHardness/ActualBinaryMatrixHC46A7Transfer.lean:4300:15: This simp argument is unused:
  Complex.normSq_ofReal

Hint: Omit it from the simp argument list.
  [apply] simp [h]

Note: This linter can be disabled with `set_option linter.unusedSimpArgs false`
warning: lean/PvNP/RealizableHardness/ActualBinaryMatrixHC46A7Transfer.lean:4301:15: This simp argument is unused:
  Complex.normSq_ofReal

Hint: Omit it from the simp argument list.
  [apply] simp [h]

Note: This linter can be disabled with `set_option linter.unusedSimpArgs false`
warning: lean/PvNP/RealizableHardness/ActualBinaryMatrixHC46A7Transfer.lean:4313:2: Try this: 
  haveI̵

The goal is a proposition, so `have` is preferred over `haveI`.
The difference between `have` and `haveI` is that `haveI` inlines the value.
But this is not relevant for proofs because of proof irrelevance.

Note: This linter can be disabled with `set_option linter.style.haveILetI false`
warning: lean/PvNP/RealizableHardness/ActualBinaryMatrixHC46A7Transfer.lean:4314:2: Try this: 
  haveI̵

The goal is a proposition, so `have` is preferred over `haveI`.
The difference between `have` and `haveI` is that `haveI` inlines the value.
But this is not relevant for proofs because of proof irrelevance.

Note: This linter can be disabled with `set_option linter.style.haveILetI false`
warning: lean/PvNP/RealizableHardness/ActualBinaryMatrixHC46A7Transfer.lean:4315:2: Try this: 
  haveI̵

The goal is a proposition, so `have` is preferred over `haveI`.
The difference between `have` and `haveI` is that `haveI` inlines the value.
But this is not relevant for proofs because of proof irrelevance.

Note: This linter can be disabled with `set_option linter.style.haveILetI false`
warning: lean/PvNP/RealizableHardness/ActualBinaryMatrixHC46A7Transfer.lean:4452:2: try 'simp' instead of 'simpa'

Note: This linter can be disabled with `set_option linter.unnecessarySimpa false`
warning: lean/PvNP/RealizableHardness/ActualBinaryMatrixHC46A7Transfer.lean:4469:52: This simp argument is unused:
  LinearMap.pi_apply

Hint: Omit it from the simp argument list.
  [apply] simp [a7Freq40, a7Incl39, a7Proj39, a7BasisVec, hi, hne]

Note: This linter can be disabled with `set_option linter.unusedSimpArgs false`
warning: lean/PvNP/RealizableHardness/ActualBinaryMatrixHC46A7Transfer.lean:4532:37: `if_neg` has been deprecated: Use `ite_eq_right` instead
warning: lean/PvNP/RealizableHardness/ActualBinaryMatrixHC46A7Transfer.lean:4552:20: This simp argument is unused:
  Submodule.mem_comap

Hint: Omit it from the simp argument list.
  [apply] simp [t1AmbientH, Submodule.mem_bot, Submodule.mkQ_apply]

Note: This linter can be disabled with `set_option linter.unusedSimpArgs false`
warning: lean/PvNP/RealizableHardness/ActualBinaryMatrixHC46A7Transfer.lean:4552:41: This simp argument is unused:
  Submodule.mem_bot

Hint: Omit it from the simp argument list.
  [apply] simp [t1AmbientH, Submodule.mem_comap, Submodule.mkQ_apply]

Note: This linter can be disabled with `set_option linter.unusedSimpArgs false`
warning: lean/PvNP/RealizableHardness/ActualBinaryMatrixHC46A7Transfer.lean:4552:60: This simp argument is unused:
  Submodule.mkQ_apply

Hint: Omit it from the simp argument list.
  [apply] simp [t1AmbientH, Submodule.mem_comap, Submodule.mem_bot]

Note: This linter can be disabled with `set_option linter.unusedSimpArgs false`
warning: lean/PvNP/RealizableHardness/ActualBinaryMatrixHC46A7Transfer.lean:4602:51: `if_pos` has been deprecated: Use `ite_eq_left` instead
warning: lean/PvNP/RealizableHardness/ActualBinaryMatrixHC46A7Transfer.lean:4715:61: `if_pos` has been deprecated: Use `ite_eq_left` instead
warning: lean/PvNP/RealizableHardness/ActualBinaryMatrixHC46A7Transfer.lean:4937:21: `if_pos` has been deprecated: Use `ite_eq_left` instead
warning: lean/PvNP/RealizableHardness/ActualBinaryMatrixHC46A7Transfer.lean:4949:4: `if_pos` has been deprecated: Use `ite_eq_left` instead
warning: lean/PvNP/RealizableHardness/ActualBinaryMatrixHC46A7Transfer.lean:4980:2: `LinearEquiv.ofLinear` has been deprecated: Use `LinearEquiv.ofLinearMap` instead
warning: lean/PvNP/RealizableHardness/ActualBinaryMatrixHC46A7Transfer.lean:5021:39: This simp argument is unused:
  LinearEquiv.coe_toLinearMap

Hint: Omit it from the simp argument list.
  [apply] simp [Z, LinearMap.comp_apply, LinearEquiv.apply_symm_apply]

Note: This linter can be disabled with `set_option linter.unusedSimpArgs false`
warning: lean/PvNP/RealizableHardness/ActualBinaryMatrixHC46A7Transfer.lean:5022:10: This simp argument is unused:
  LinearEquiv.apply_symm_apply

Hint: Omit it from the simp argument list.
  [apply] simp [Z, LinearMap.comp_apply, LinearEquiv.coe_toLinearMap]

Note: This linter can be disabled with `set_option linter.unusedSimpArgs false`
warning: lean/PvNP/RealizableHardness/ActualBinaryMatrixHC46A7Transfer.lean:5034:12: This simp argument is unused:
  Z

Hint: Omit it from the simp argument list.
  [apply] simp [LinearMap.comp_apply, LinearEquiv.coe_toLinearMap, hw]

Note: This linter can be disabled with `set_option linter.unusedSimpArgs false`
warning: lean/PvNP/RealizableHardness/ActualBinaryMatrixHC46A7Transfer.lean:5034:37: This simp argument is unused:
  LinearEquiv.coe_toLinearMap

Hint: Omit it from the simp argument list.
  [apply] simp [Z, LinearMap.comp_apply, hw]

Note: This linter can be disabled with `set_option linter.unusedSimpArgs false`
warning: lean/PvNP/RealizableHardness/ActualBinaryMatrixHC46A7Transfer.lean:5044:14: This simp argument is unused:
  LinearEquiv.coe_toLinearMap

Hint: Omit it from the simp argument list.
  [apply] simp

Note: This linter can be disabled with `set_option linter.unusedSimpArgs false`
warning: lean/PvNP/RealizableHardness/ActualBinaryMatrixHC46A7Transfer.lean:5055:10: This simp argument is unused:
  LinearEquiv.coe_toLinearMap

Hint: Omit it from the simp argument list.
  [apply] simp

Note: This linter can be disabled with `set_option linter.unusedSimpArgs false`
warning: lean/PvNP/RealizableHardness/ActualBinaryMatrixHC46A7Transfer.lean:5067:10: This simp argument is unused:
  LinearEquiv.coe_toLinearMap

Hint: Omit it from the simp argument list.
  [apply] simp

Note: This linter can be disabled with `set_option linter.unusedSimpArgs false`
warning: lean/PvNP/RealizableHardness/ActualBinaryMatrixHC46A7Transfer.lean:5335:58: This simp argument is unused:
  Finset.sum_pi_single

Hint: Omit it from the simp argument list.
  [apply] simp [LinearMap.toMatrix'_apply, Matrix.toLin'_apply]

Note: This linter can be disabled with `set_option linter.unusedSimpArgs false`
warning: lean/PvNP/RealizableHardness/ActualBinaryMatrixHC46A7Transfer.lean:5594:25: This simp argument is unused:
  LinearEquiv.symm_apply_eq

Hint: Omit it from the simp argument list.
  [apply] simp [eH, a7SubCast, Submodule.inclusion_apply]

Note: This linter can be disabled with `set_option linter.unusedSimpArgs false`
warning: lean/PvNP/RealizableHardness/ActualBinaryMatrixHC46A7Transfer.lean:5718:51: `if_pos` has been deprecated: Use `ite_eq_left` instead
warning: lean/PvNP/RealizableHardness/ActualBinaryMatrixHC46A7Transfer.lean:5937:41: `if_pos` has been deprecated: Use `ite_eq_left` instead
warning: lean/PvNP/RealizableHardness/ActualBinaryMatrixHC46A7Transfer.lean:6065:18: `if_true` has been deprecated: Use `ite_true` instead
warning: lean/PvNP/RealizableHardness/ActualBinaryMatrixHC46A7Transfer.lean:6076:18: `if_false` has been deprecated: Use `ite_false` instead
warning: lean/PvNP/RealizableHardness/ActualBinaryMatrixHC46A7Transfer.lean:6123:37: `if_pos` has been deprecated: Use `ite_eq_left` instead
warning: lean/PvNP/RealizableHardness/ActualBinaryMatrixHC46A7Transfer.lean:6243:33: `if_pos` has been deprecated: Use `ite_eq_left` instead
warning: lean/PvNP/RealizableHardness/ActualBinaryMatrixHC46A7Transfer.lean:6245:33: `if_pos` has been deprecated: Use `ite_eq_left` instead
warning: lean/PvNP/RealizableHardness/ActualBinaryMatrixHC46A7Transfer.lean:6291:2: Try this: 
  letI̵

The goal is a proposition, so `let` is preferred over `letI`.
The difference between `let` and `letI` is that `letI` inlines the value.
But this is not relevant for proofs because of proof irrelevance.

Note: This linter can be disabled with `set_option linter.style.haveILetI false`
warning: lean/PvNP/RealizableHardness/ActualBinaryMatrixHC46A7Transfer.lean:6292:2: Try this: 
  letI̵

The goal is a proposition, so `let` is preferred over `letI`.
The difference between `let` and `letI` is that `letI` inlines the value.
But this is not relevant for proofs because of proof irrelevance.

Note: This linter can be disabled with `set_option linter.style.haveILetI false`
warning: lean/PvNP/RealizableHardness/ActualBinaryMatrixHC46A7Transfer.lean:6293:2: Try this: 
  letI̵

The goal is a proposition, so `let` is preferred over `letI`.
The difference between `let` and `letI` is that `letI` inlines the value.
But this is not relevant for proofs because of proof irrelevance.

Note: This linter can be disabled with `set_option linter.style.haveILetI false`
warning: lean/PvNP/RealizableHardness/ActualBinaryMatrixHC46A7Transfer.lean:6299:2: Try this: 
  letI̵

The goal is a proposition, so `let` is preferred over `letI`.
The difference between `let` and `letI` is that `letI` inlines the value.
But this is not relevant for proofs because of proof irrelevance.

Note: This linter can be disabled with `set_option linter.style.haveILetI false`
warning: lean/PvNP/RealizableHardness/ActualBinaryMatrixHC46A7Transfer.lean:6344:14: This simp argument is unused:
  hsel

Hint: Omit it from the simp argument list.
  [apply] simp [hZW, hcomm]

Note: This linter can be disabled with `set_option linter.unusedSimpArgs false`
warning: lean/PvNP/RealizableHardness/ActualBinaryMatrixHC46A7Transfer.lean:6490:6: Unused tactic linter: `change (∑ Y ∈ (Finset.univ : Finset LeftY), _) = _` does nothing

Note: This linter can be disabled with `set_option linter.unusedTactic false`
warning: lean/PvNP/RealizableHardness/ActualBinaryMatrixHC46A7Transfer.lean:6558:25: `if_pos` has been deprecated: Use `ite_eq_left` instead
warning: lean/PvNP/RealizableHardness/ActualBinaryMatrixHC46A7Transfer.lean:6570:25: `if_pos` has been deprecated: Use `ite_eq_left` instead
warning: lean/PvNP/RealizableHardness/ActualBinaryMatrixHC46A7Transfer.lean:6703:10: `if_pos` has been deprecated: Use `ite_eq_left` instead
warning: lean/PvNP/RealizableHardness/ActualBinaryMatrixHC46A7Transfer.lean:6715:14: `if_neg` has been deprecated: Use `ite_eq_right` instead
warning: lean/PvNP/RealizableHardness/ActualBinaryMatrixHC46A7Transfer.lean:6717:12: `if_pos` has been deprecated: Use `ite_eq_left` instead
warning: lean/PvNP/RealizableHardness/ActualBinaryMatrixHC46A7Transfer.lean:6722:10: `if_neg` has been deprecated: Use `ite_eq_right` instead
warning: lean/PvNP/RealizableHardness/ActualBinaryMatrixHC46A7Transfer.lean:6726:12: `if_neg` has been deprecated: Use `ite_eq_right` instead
warning: lean/PvNP/RealizableHardness/ActualBinaryMatrixHC46A7Transfer.lean:6758:8: `if_neg` has been deprecated: Use `ite_eq_right` instead
warning: lean/PvNP/RealizableHardness/ActualBinaryMatrixHC46A7Transfer.lean:6897:12: `if_neg` has been deprecated: Use `ite_eq_right` instead
warning: lean/PvNP/RealizableHardness/ActualBinaryMatrixHC46A7Transfer.lean:7842:42: This simp argument is unused:
  LinearEquiv.symm_apply_apply

Hint: Omit it from the simp argument list.
  [apply] simp [LinearMap.comp_apply, eL, eR, LinearEquiv.apply_symm_apply]

Note: This linter can be disabled with `set_option linter.unusedSimpArgs false`
warning: lean/PvNP/RealizableHardness/ActualBinaryMatrixHC46A7Transfer.lean:7843:8: This simp argument is unused:
  LinearEquiv.apply_symm_apply

Hint: Omit it from the simp argument list.
  [apply] simp [LinearMap.comp_apply, eL, eR, LinearEquiv.symm_apply_apply]

Note: This linter can be disabled with `set_option linter.unusedSimpArgs false`
warning: lean/PvNP/RealizableHardness/ActualBinaryMatrixHC46A7Transfer.lean:7854:42: This simp argument is unused:
  LinearEquiv.apply_symm_apply

Hint: Omit it from the simp argument list.
  [apply] simp [LinearMap.comp_apply, eL, eR, LinearEquiv.symm_apply_apply]

Note: This linter can be disabled with `set_option linter.unusedSimpArgs false`
warning: lean/PvNP/RealizableHardness/ActualBinaryMatrixHC46A7Transfer.lean:7855:8: This simp argument is unused:
  LinearEquiv.symm_apply_apply

Hint: Omit it from the simp argument list.
  [apply] simp [LinearMap.comp_apply, eL, eR, LinearEquiv.apply_symm_apply]

Note: This linter can be disabled with `set_option linter.unusedSimpArgs false`
warning: lean/PvNP/RealizableHardness/ActualBinaryMatrixHC46A7Transfer.lean:8231:6: This simp argument is unused:
  LinearEquiv.symm_apply_apply

Hint: Omit it from the simp argument list.
  [apply] simp only [a9ThetaCarrier, LinearMap.comp_apply] at hpoint

Note: This linter can be disabled with `set_option linter.unusedSimpArgs false`
warning: lean/PvNP/RealizableHardness/ActualBinaryMatrixHC46A7Transfer.lean:8441:30: This simp argument is unused:
  LinearEquiv.coe_toLinearMap

Hint: Omit it from the simp argument list.
  [apply] simp [LinearMap.comp_apply, LinearEquiv.symm_apply_apply]

Note: This linter can be disabled with `set_option linter.unusedSimpArgs false`
warning: lean/PvNP/RealizableHardness/ActualBinaryMatrixHC46A7Transfer.lean:8640:10: `if_pos` has been deprecated: Use `ite_eq_left` instead
warning: lean/PvNP/RealizableHardness/ActualBinaryMatrixHC46A7Transfer.lean:8640:20: `if_pos` has been deprecated: Use `ite_eq_left` instead
warning: lean/PvNP/RealizableHardness/ActualBinaryMatrixHC46A7Transfer.lean:8640:30: `if_pos` has been deprecated: Use `ite_eq_left` instead
warning: lean/PvNP/RealizableHardness/ActualBinaryMatrixHC46A7Transfer.lean:8641:10: `if_neg` has been deprecated: Use `ite_eq_right` instead
warning: lean/PvNP/RealizableHardness/ActualBinaryMatrixHC46A7Transfer.lean:8641:20: `if_neg` has been deprecated: Use `ite_eq_right` instead
warning: lean/PvNP/RealizableHardness/ActualBinaryMatrixHC46A7Transfer.lean:8641:30: `if_neg` has been deprecated: Use `ite_eq_right` instead
warning: lean/PvNP/RealizableHardness/ActualBinaryMatrixHC46A7Transfer.lean:8659:10: `if_pos` has been deprecated: Use `ite_eq_left` instead
warning: lean/PvNP/RealizableHardness/ActualBinaryMatrixHC46A7Transfer.lean:8659:20: `if_pos` has been deprecated: Use `ite_eq_left` instead
warning: lean/PvNP/RealizableHardness/ActualBinaryMatrixHC46A7Transfer.lean:8660:10: `if_neg` has been deprecated: Use `ite_eq_right` instead
warning: lean/PvNP/RealizableHardness/ActualBinaryMatrixHC46A7Transfer.lean:8660:20: `if_neg` has been deprecated: Use `ite_eq_right` instead
warning: lean/PvNP/RealizableHardness/ActualBinaryMatrixHC46A7Transfer.lean:8702:10: `if_pos` has been deprecated: Use `ite_eq_left` instead
warning: lean/PvNP/RealizableHardness/ActualBinaryMatrixHC46A7Transfer.lean:8702:20: `if_pos` has been deprecated: Use `ite_eq_left` instead
warning: lean/PvNP/RealizableHardness/ActualBinaryMatrixHC46A7Transfer.lean:8703:10: `if_neg` has been deprecated: Use `ite_eq_right` instead
warning: lean/PvNP/RealizableHardness/ActualBinaryMatrixHC46A7Transfer.lean:8703:20: `if_neg` has been deprecated: Use `ite_eq_right` instead
⚠ [3393/3394] Replayed PvNP.RealizableHardness.ActualBinaryMatrixHC46A9AmbientFiber
warning: lean/PvNP/RealizableHardness/ActualBinaryMatrixHC46A9AmbientFiber.lean:437:40: try 'simp' instead of 'simpa'

Note: This linter can be disabled with `set_option linter.unnecessarySimpa false`
warning: lean/PvNP/RealizableHardness/ActualBinaryMatrixHC46A9AmbientFiber.lean:818:8: try 'simp' instead of 'simpa'

Note: This linter can be disabled with `set_option linter.unnecessarySimpa false`
warning: lean/PvNP/RealizableHardness/ActualBinaryMatrixHC46A9AmbientFiber.lean:851:4: Try this: intro hA u v huv
warning: lean/PvNP/RealizableHardness/ActualBinaryMatrixHC46A9AmbientFiber.lean:1014:2: Try this: 
  letI̵

The goal is a proposition, so `let` is preferred over `letI`.
The difference between `let` and `letI` is that `letI` inlines the value.
But this is not relevant for proofs because of proof irrelevance.

Note: This linter can be disabled with `set_option linter.style.haveILetI false`
warning: lean/PvNP/RealizableHardness/ActualBinaryMatrixHC46A9AmbientFiber.lean:1016:2: Try this: 
  letI̵

The goal is a proposition, so `let` is preferred over `letI`.
The difference between `let` and `letI` is that `letI` inlines the value.
But this is not relevant for proofs because of proof irrelevance.

Note: This linter can be disabled with `set_option linter.style.haveILetI false`
warning: lean/PvNP/RealizableHardness/ActualBinaryMatrixHC46A9AmbientFiber.lean:1065:2: Try this: 
  letI̵

The goal is a proposition, so `let` is preferred over `letI`.
The difference between `let` and `letI` is that `letI` inlines the value.
But this is not relevant for proofs because of proof irrelevance.

Note: This linter can be disabled with `set_option linter.style.haveILetI false`
warning: lean/PvNP/RealizableHardness/ActualBinaryMatrixHC46A9AmbientFiber.lean:1067:2: Try this: 
  letI̵

The goal is a proposition, so `let` is preferred over `letI`.
The difference between `let` and `letI` is that `letI` inlines the value.
But this is not relevant for proofs because of proof irrelevance.

Note: This linter can be disabled with `set_option linter.style.haveILetI false`
warning: lean/PvNP/RealizableHardness/ActualBinaryMatrixHC46A9AmbientFiber.lean:1150:2: Try this: 
  letI̵

The goal is a proposition, so `let` is preferred over `letI`.
The difference between `let` and `letI` is that `letI` inlines the value.
But this is not relevant for proofs because of proof irrelevance.

Note: This linter can be disabled with `set_option linter.style.haveILetI false`
warning: lean/PvNP/RealizableHardness/ActualBinaryMatrixHC46A9AmbientFiber.lean:1151:2: Try this: 
  letI̵

The goal is a proposition, so `let` is preferred over `letI`.
The difference between `let` and `letI` is that `letI` inlines the value.
But this is not relevant for proofs because of proof irrelevance.

Note: This linter can be disabled with `set_option linter.style.haveILetI false`
warning: lean/PvNP/RealizableHardness/ActualBinaryMatrixHC46A9AmbientFiber.lean:1152:2: Try this: 
  letI̵

The goal is a proposition, so `let` is preferred over `letI`.
The difference between `let` and `letI` is that `letI` inlines the value.
But this is not relevant for proofs because of proof irrelevance.

Note: This linter can be disabled with `set_option linter.style.haveILetI false`
warning: lean/PvNP/RealizableHardness/ActualBinaryMatrixHC46A9AmbientFiber.lean:1204:2: Try this: 
  letI̵

The goal is a proposition, so `let` is preferred over `letI`.
The difference between `let` and `letI` is that `letI` inlines the value.
But this is not relevant for proofs because of proof irrelevance.

Note: This linter can be disabled with `set_option linter.style.haveILetI false`
warning: lean/PvNP/RealizableHardness/ActualBinaryMatrixHC46A9AmbientFiber.lean:1235:2: Try this: 
  letI̵

The goal is a proposition, so `let` is preferred over `letI`.
The difference between `let` and `letI` is that `letI` inlines the value.
But this is not relevant for proofs because of proof irrelevance.

Note: This linter can be disabled with `set_option linter.style.haveILetI false`
warning: lean/PvNP/RealizableHardness/ActualBinaryMatrixHC46A9AmbientFiber.lean:1236:2: Try this: 
  letI̵

The goal is a proposition, so `let` is preferred over `letI`.
The difference between `let` and `letI` is that `letI` inlines the value.
But this is not relevant for proofs because of proof irrelevance.

Note: This linter can be disabled with `set_option linter.style.haveILetI false`
info: lean/PvNP/RealizableHardness/ActualBinaryMatrixHC46A9AmbientFiber.lean:1248:2: Try this:
  [apply] ring_nf
  
  The `ring` tactic failed to close the goal. Use `ring_nf` to obtain a normal form.
    
  Note that `ring` works primarily in *commutative* rings. If you have a noncommutative ring, abelian group or module, consider using `noncomm_ring`, `abel` or `module` instead.
✔ [3394/3394] Built PvNP.RealizableHardness.ActualBinaryMatrixHC46A9AmbientReindex (23s)
Build completed successfully (3394 jobs).
