ℹ [996/1040] Replayed PvNP.RealizableHardness.ExceptionRepair
info: lean/PvNP/RealizableHardness/ExceptionRepair.lean:200:0: 'PvNP.RealizableHardness.exception_completeness' depends on axioms: [propext, Classical.choice, Quot.sound]
info: lean/PvNP/RealizableHardness/ExceptionRepair.lean:201:0: 'PvNP.RealizableHardness.exception_soundness' depends on axioms: [propext, Classical.choice, Quot.sound]
ℹ [998/1040] Replayed PvNP.RealizableHardness.Formula
info: lean/PvNP/RealizableHardness/Formula.lean:93:0: 'PvNP.RealizableHardness.Formula.repair_complete' depends on axioms: [propext, Classical.choice, Quot.sound]
info: lean/PvNP/RealizableHardness/Formula.lean:94:0: 'PvNP.RealizableHardness.Formula.leaves_repair' depends on axioms: [propext]
info: lean/PvNP/RealizableHardness/Formula.lean:95:0: 'PvNP.RealizableHardness.Formula.repair_sound' depends on axioms: [propext, Classical.choice, Quot.sound]
⚠ [2124/2188] Replayed PvNP.RealizableHardness.WeightRounding
warning: lean/PvNP/RealizableHardness/WeightRounding.lean:47:56: `if_false` has been deprecated: Use `ite_false` instead
warning: lean/PvNP/RealizableHardness/WeightRounding.lean:47:56: `if_false` has been deprecated: Use `ite_false` instead
warning: lean/PvNP/RealizableHardness/WeightRounding.lean:47:32: This simp argument is unused:
  hx

Hint: Omit it from the simp argument list.
  [apply] simp only [Bool.false_eq_true, if_false, mul_zero, ite_true]

Note: This linter can be disabled with `set_option linter.unusedSimpArgs false`
warning: lean/PvNP/RealizableHardness/WeightRounding.lean:61:14: This simp argument is unused:
  hx

Hint: Omit it from the simp argument list.
  [apply] simp

Note: This linter can be disabled with `set_option linter.unusedSimpArgs false`
⚠ [2125/2188] Replayed PvNP.RealizableHardness.FiniteSampling
warning: lean/PvNP/RealizableHardness/FiniteSampling.lean:94:14: This simp argument is unused:
  hi

Hint: Omit it from the simp argument list.
  [apply] simp

Note: This linter can be disabled with `set_option linter.unusedSimpArgs false`
warning: lean/PvNP/RealizableHardness/FiniteSampling.lean:136:8: `if_neg` has been deprecated: Use `ite_eq_right` instead
⚠ [2126/2188] Replayed PvNP.RealizableHardness.InverseCDFSampler
warning: lean/PvNP/RealizableHardness/InverseCDFSampler.lean:119:10: This simp argument is unused:
  he

Hint: Omit it from the simp argument list.
  [apply] simp

Note: This linter can be disabled with `set_option linter.unusedSimpArgs false`
warning: lean/PvNP/RealizableHardness/InverseCDFSampler.lean:120:15: This simp argument is unused:
  he

Hint: Omit it from the simp argument list.
  [apply] simp only [Bool.true_eq, ↓reduceIte, mul_one]

Note: This linter can be disabled with `set_option linter.unusedSimpArgs false`
warning: lean/PvNP/RealizableHardness/InverseCDFSampler.lean:120:19: This simp argument is unused:
  Bool.true_eq

Hint: Omit it from the simp argument list.
  [apply] simp only [he, ↓reduceIte, mul_one]

Note: This linter can be disabled with `set_option linter.unusedSimpArgs false`
⚠ [2235/2341] Replayed PvNP.RealizableHardness.ActualTreeParseFP
warning: lean/PvNP/RealizableHardness/ActualTreeParseFP.lean:103:47: This simp argument is unused:
  h1

Hint: Omit it from the simp argument list.
  [apply] simp [Option.bind]

Note: This linter can be disabled with `set_option linter.unusedSimpArgs false`
warning: lean/PvNP/RealizableHardness/ActualTreeParseFP.lean:117:41: This simp argument is unused:
  h1

Hint: Omit it from the simp argument list.
  [apply] simp [Option.bind]

Note: This linter can be disabled with `set_option linter.unusedSimpArgs false`
warning: lean/PvNP/RealizableHardness/ActualTreeParseFP.lean:422:71: This simp argument is unused:
  applyCont

Hint: Omit it from the simp argument list.
  [apply] simp [semStep, hm, hr, evalState, CMMSACodec.Tree.parse]

Note: This linter can be disabled with `set_option linter.unusedSimpArgs false`
warning: lean/PvNP/RealizableHardness/ActualTreeParseFP.lean:428:43: This simp argument is unused:
  applyCont

Hint: Omit it from the simp argument list.
  [apply] simp [Option.bind]

Note: This linter can be disabled with `set_option linter.unusedSimpArgs false`
warning: lean/PvNP/RealizableHardness/ActualTreeParseFP.lean:487:58: Unused tactic linter: `omega` does nothing

Note: This linter can be disabled with `set_option linter.unusedTactic false`
warning: lean/PvNP/RealizableHardness/ActualTreeParseFP.lean:487:58: this tactic is never executed

Note: This linter can be disabled with `set_option linter.unreachableTactic false`
⚠ [2314/2383] Replayed PvNP.RealizableHardness.SamplingThreshold
warning: lean/PvNP/RealizableHardness/SamplingThreshold.lean:143:35: this tactic is never executed

Note: This linter can be disabled with `set_option linter.unreachableTactic false`
warning: lean/PvNP/RealizableHardness/SamplingThreshold.lean:143:35: Unused tactic linter: `ring` does nothing

Note: This linter can be disabled with `set_option linter.unusedTactic false`
⚠ [2349/2461] Replayed PvNP.RealizableHardness.RandomizedReductionAssembly
warning: lean/PvNP/RealizableHardness/RandomizedReductionAssembly.lean:20:8: This simp argument is unused:
  ← Finset.sum_filter

Hint: Omit it from the simp argument list.
  [apply] simp

Note: Simp arguments with `←` have the additional effect of removing the other direction from the simp set, even if the simp argument itself is unused. If the hint above does not work, try replacing `←` with `-` to only get that effect and silence this warning.

Note: This linter can be disabled with `set_option linter.unusedSimpArgs false`
warning: lean/PvNP/RealizableHardness/RandomizedReductionAssembly.lean:39:6: Unused tactic linter: `ring` does nothing

Note: This linter can be disabled with `set_option linter.unusedTactic false`
warning: lean/PvNP/RealizableHardness/RandomizedReductionAssembly.lean:39:6: this tactic is never executed

Note: This linter can be disabled with `set_option linter.unreachableTactic false`
⚠ [2429/2461] Replayed PvNP.RealizableHardness.BernoulliMGF
warning: lean/PvNP/RealizableHardness/BernoulliMGF.lean:32:17: This simp argument is unused:
  gap

Hint: Omit it from the simp argument list.
  [apply] simp only [gapSlope, id_eq]

Note: This linter can be disabled with `set_option linter.unusedSimpArgs false`
info: lean/PvNP/RealizableHardness/BernoulliMGF.lean:101:4: Try this:
  [apply] ring_nf
  
  The `ring` tactic failed to close the goal. Use `ring_nf` to obtain a normal form.
    
  Note that `ring` works primarily in *commutative* rings. If you have a noncommutative ring, abelian group or module, consider using `noncomm_ring`, `abel` or `module` instead.
⚠ [2430/2461] Replayed PvNP.RealizableHardness.FiniteConcentration
warning: lean/PvNP/RealizableHardness/FiniteConcentration.lean:180:8: `if_pos` has been deprecated: Use `ite_eq_left` instead
warning: lean/PvNP/RealizableHardness/FiniteConcentration.lean:184:8: `if_neg` has been deprecated: Use `ite_eq_right` instead
warning: lean/PvNP/RealizableHardness/FiniteConcentration.lean:220:22: This simp argument is unused:
  Fintype.card_fun

Hint: Omit it from the simp argument list.
  [apply] simp

Note: This linter can be disabled with `set_option linter.unusedSimpArgs false`
⚠ [2431/2461] Replayed PvNP.RealizableHardness.JointSamplingLaw
warning: lean/PvNP/RealizableHardness/JointSamplingLaw.lean:73:10: This simp argument is unused:
  he

Hint: Omit it from the simp argument list.
  [apply] simp

Note: This linter can be disabled with `set_option linter.unusedSimpArgs false`
warning: lean/PvNP/RealizableHardness/JointSamplingLaw.lean:74:15: This simp argument is unused:
  he

Hint: Omit it from the simp argument list.
  [apply] simp only [Bool.true_eq, ↓reduceIte, mul_one]

Note: This linter can be disabled with `set_option linter.unusedSimpArgs false`
warning: lean/PvNP/RealizableHardness/JointSamplingLaw.lean:74:19: This simp argument is unused:
  Bool.true_eq

Hint: Omit it from the simp argument list.
  [apply] simp only [he, ↓reduceIte, mul_one]

Note: This linter can be disabled with `set_option linter.unusedSimpArgs false`
⚠ [2433/2461] Replayed PvNP.RealizableHardness.SamplingFormulaPromises
warning: lean/PvNP/RealizableHardness/SamplingFormulaPromises.lean:26:12: Used `tac1 <;> tac2` where `(tac1; tac2)` would suffice

Note: This linter can be disabled with `set_option linter.unnecessarySeqFocus false`
warning: lean/PvNP/RealizableHardness/SamplingFormulaPromises.lean:77:2: Try this: 
  letI̵

The goal is a proposition, so `let` is preferred over `letI`.
The difference between `let` and `letI` is that `letI` inlines the value.
But this is not relevant for proofs because of proof irrelevance.

Note: This linter can be disabled with `set_option linter.style.haveILetI false`
warning: lean/PvNP/RealizableHardness/SamplingFormulaPromises.lean:92:2: Try this: 
  letI̵

The goal is a proposition, so `let` is preferred over `letI`.
The difference between `let` and `letI` is that `letI` inlines the value.
But this is not relevant for proofs because of proof irrelevance.

Note: This linter can be disabled with `set_option linter.style.haveILetI false`
warning: lean/PvNP/RealizableHardness/SamplingFormulaPromises.lean:125:19: `if_false` has been deprecated: Use `ite_false` instead
⚠ [2435/2461] Replayed PvNP.RealizableHardness.CMMSAEncoding
warning: lean/PvNP/RealizableHardness/CMMSAEncoding.lean:16:47: Used `tac1 <;> tac2` where `(tac1; tac2)` would suffice

Note: This linter can be disabled with `set_option linter.unnecessarySeqFocus false`
warning: lean/PvNP/RealizableHardness/CMMSAEncoding.lean:153:19: try 'simp' instead of 'simpa'

Note: This linter can be disabled with `set_option linter.unnecessarySimpa false`
warning: lean/PvNP/RealizableHardness/CMMSAEncoding.lean:149:35: Variable name `s` is not explicitly referenced.

Hint: The binding can be removed (if unused) or named `_` (if used implicitly). Alternatively, prefix the name with `_` to silence this warning:
  [apply] _s

Note: This linter can be disabled with `set_option linter.unusedVariables false`
⚠ [2436/2461] Replayed PvNP.RealizableHardness.CMMSAPipelineEncoding
warning: lean/PvNP/RealizableHardness/CMMSAPipelineEncoding.lean:57:2: Try this: 
  letI̵

The goal is a proposition, so `let` is preferred over `letI`.
The difference between `let` and `letI` is that `letI` inlines the value.
But this is not relevant for proofs because of proof irrelevance.

Note: This linter can be disabled with `set_option linter.style.haveILetI false`
warning: lean/PvNP/RealizableHardness/CMMSAPipelineEncoding.lean:102:74: This simp argument is unused:
  Equiv.coe_fn_mk

Hint: Omit it from the simp argument list.
  [apply] simp only [repairedFamily, coordinates, lengthEquiv, Equiv.trans_apply,
    FiniteRepairRoundingPipeline.outputFormula, Formula.eval_rename]

Note: This linter can be disabled with `set_option linter.unusedSimpArgs false`
warning: lean/PvNP/RealizableHardness/CMMSAPipelineEncoding.lean:132:2: Try this: 
  letI̵

The goal is a proposition, so `let` is preferred over `letI`.
The difference between `let` and `letI` is that `letI` inlines the value.
But this is not relevant for proofs because of proof irrelevance.

Note: This linter can be disabled with `set_option linter.style.haveILetI false`
warning: lean/PvNP/RealizableHardness/CMMSAPipelineEncoding.lean:171:2: Try this: 
  letI̵

The goal is a proposition, so `let` is preferred over `letI`.
The difference between `let` and `letI` is that `letI` inlines the value.
But this is not relevant for proofs because of proof irrelevance.

Note: This linter can be disabled with `set_option linter.style.haveILetI false`
warning: lean/PvNP/RealizableHardness/CMMSAPipelineEncoding.lean:179:2: Try this: 
  letI̵

The goal is a proposition, so `let` is preferred over `letI`.
The difference between `let` and `letI` is that `letI` inlines the value.
But this is not relevant for proofs because of proof irrelevance.

Note: This linter can be disabled with `set_option linter.style.haveILetI false`
⚠ [2437/2461] Replayed PvNP.RealizableHardness.ExecutableRounding
warning: lean/PvNP/RealizableHardness/ExecutableRounding.lean:144:2: Try this: 
  letI̵

The goal is a proposition, so `let` is preferred over `letI`.
The difference between `let` and `letI` is that `letI` inlines the value.
But this is not relevant for proofs because of proof irrelevance.

Note: This linter can be disabled with `set_option linter.style.haveILetI false`
warning: lean/PvNP/RealizableHardness/ExecutableRounding.lean:154:2: Try this: 
  letI̵

The goal is a proposition, so `let` is preferred over `letI`.
The difference between `let` and `letI` is that `letI` inlines the value.
But this is not relevant for proofs because of proof irrelevance.

Note: This linter can be disabled with `set_option linter.style.haveILetI false`
⚠ [2438/2461] Replayed PvNP.RealizableHardness.ExecutablePipeline
warning: lean/PvNP/RealizableHardness/ExecutablePipeline.lean:77:13: This simp argument is unused:
  Option.bind_some

Hint: Omit it from the simp argument list.
  [apply] simp only [ExecutableRounding.read_budgetTree ws M q hd]

Note: This linter can be disabled with `set_option linter.unusedSimpArgs false`
⚠ [2440/2461] Replayed PvNP.RealizableHardness.ActualDecodeInputFP
warning: lean/PvNP/RealizableHardness/ActualDecodeInputFP.lean:126:34: This simp argument is unused:
  selectHead_true

Hint: Omit it from the simp argument list.
  [apply] simp [splitNode, emptyFlag_nil]

Note: This linter can be disabled with `set_option linter.unusedSimpArgs false`
warning: lean/PvNP/RealizableHardness/ActualDecodeInputFP.lean:129:35: This simp argument is unused:
  selectHead_false

Hint: Omit it from the simp argument list.
  [apply] simp [splitNode, emptyFlag_cons, selectHead_false]

Note: This linter can be disabled with `set_option linter.unusedSimpArgs false`
warning: lean/PvNP/RealizableHardness/ActualDecodeInputFP.lean:129:53: This simp argument is unused:
  selectHead_false

Hint: Omit it from the simp argument list.
  [apply] simp [splitNode, emptyFlag_cons, selectHead_false]

Note: This linter can be disabled with `set_option linter.unusedSimpArgs false`
warning: lean/PvNP/RealizableHardness/ActualDecodeInputFP.lean:134:59: This simp argument is unused:
  selectHead_false

Hint: Omit it from the simp argument list.
  [apply] simp [splitNode, CMMSACodec.Tree.encode, emptyFlag_cons, selectHead_cons_true', dropOne_cons,
    treeParseTag_encode_append]

Note: This linter can be disabled with `set_option linter.unusedSimpArgs false`
warning: lean/PvNP/RealizableHardness/ActualDecodeInputFP.lean:205:32: Unused tactic linter: `omega` does nothing

Note: This linter can be disabled with `set_option linter.unusedTactic false`
warning: lean/PvNP/RealizableHardness/ActualDecodeInputFP.lean:205:32: this tactic is never executed

Note: This linter can be disabled with `set_option linter.unreachableTactic false`
warning: lean/PvNP/RealizableHardness/ActualDecodeInputFP.lean:283:14: This simp argument is unused:
  stripTrailing

Hint: Omit it from the simp argument list.
  [apply] simp at hb ⊢

Note: This linter can be disabled with `set_option linter.unusedSimpArgs false`
warning: lean/PvNP/RealizableHardness/ActualDecodeInputFP.lean:384:25: This simp argument is unused:
  Polynomial.eval_C

Hint: Omit it from the simp argument list.
  [apply] simp [pairFst_pair, pairSnd_pair, pair_length, Polynomial.eval_add, Polynomial.eval_mul, Polynomial.eval_X]

Note: This linter can be disabled with `set_option linter.unusedSimpArgs false`
warning: lean/PvNP/RealizableHardness/ActualDecodeInputFP.lean:480:8: This simp argument is unused:
  selectHead_false

Hint: Omit it from the simp argument list.
  [apply] simp [encodeDigSem, digSemStep, digStep, digPack, emptyFlag_cons]

Note: This linter can be disabled with `set_option linter.unusedSimpArgs false`
warning: lean/PvNP/RealizableHardness/ActualDecodeInputFP.lean:483:8: This simp argument is unused:
  selectHead_false

Hint: Omit it from the simp argument list.
  [apply] simp [encodeDigSem, digSemStep, digStep, digPack, emptyFlag_cons]

Note: This linter can be disabled with `set_option linter.unusedSimpArgs false`
warning: lean/PvNP/RealizableHardness/ActualDecodeInputFP.lean:491:47: This simp argument is unused:
  selectHead_true

Hint: Omit it from the simp argument list.
  [apply] simp [CMMSACodec.Tree.encode, hleaf, digSemStep, encodeDigSem, digPack]

Note: This linter can be disabled with `set_option linter.unusedSimpArgs false`
warning: lean/PvNP/RealizableHardness/ActualDecodeInputFP.lean:492:12: This simp argument is unused:
  encodeDigSem

Hint: Omit it from the simp argument list.
  [apply] simp [CMMSACodec.Tree.encode, hleaf, selectHead_true, digSemStep, digPack]

Note: This linter can be disabled with `set_option linter.unusedSimpArgs false`
warning: lean/PvNP/RealizableHardness/ActualDecodeInputFP.lean:492:26: This simp argument is unused:
  digPack

Hint: Omit it from the simp argument list.
  [apply] simp [CMMSACodec.Tree.encode, hleaf, selectHead_true, digSemStep, encodeDigSem]

Note: This linter can be disabled with `set_option linter.unusedSimpArgs false`
warning: lean/PvNP/RealizableHardness/ActualDecodeInputFP.lean:503:24: This simp argument is unused:
  selectHead_true

Hint: Omit it from the simp argument list.
  [apply] simp [hp, digSemStep, encodeDigSem, digPack]

Note: This linter can be disabled with `set_option linter.unusedSimpArgs false`
warning: lean/PvNP/RealizableHardness/ActualDecodeInputFP.lean:503:53: This simp argument is unused:
  encodeDigSem

Hint: Omit it from the simp argument list.
  [apply] simp [hp, selectHead_true, digSemStep, digPack]

Note: This linter can be disabled with `set_option linter.unusedSimpArgs false`
warning: lean/PvNP/RealizableHardness/ActualDecodeInputFP.lean:503:67: This simp argument is unused:
  digPack

Hint: Omit it from the simp argument list.
  [apply] simp [hp, selectHead_true, digSemStep, encodeDigSem]

Note: This linter can be disabled with `set_option linter.unusedSimpArgs false`
warning: lean/PvNP/RealizableHardness/ActualDecodeInputFP.lean:518:32: This simp argument is unused:
  selectHead_true

Hint: Omit it from the simp argument list.
  [apply] simp [ht, digSemStep, encodeDigSem, digPack]

Note: This linter can be disabled with `set_option linter.unusedSimpArgs false`
warning: lean/PvNP/RealizableHardness/ActualDecodeInputFP.lean:518:61: This simp argument is unused:
  encodeDigSem

Hint: Omit it from the simp argument list.
  [apply] simp [ht, selectHead_true, digSemStep, digPack]

Note: This linter can be disabled with `set_option linter.unusedSimpArgs false`
warning: lean/PvNP/RealizableHardness/ActualDecodeInputFP.lean:518:75: This simp argument is unused:
  digPack

Hint: Omit it from the simp argument list.
  [apply] simp [ht, selectHead_true, digSemStep, encodeDigSem]

Note: This linter can be disabled with `set_option linter.unusedSimpArgs false`
warning: lean/PvNP/RealizableHardness/ActualDecodeInputFP.lean:525:40: This simp argument is unused:
  encodeDigSem

Hint: Omit it from the simp argument list.
  [apply] simp [digSemStep, digPack]

Note: This linter can be disabled with `set_option linter.unusedSimpArgs false`
warning: lean/PvNP/RealizableHardness/ActualDecodeInputFP.lean:525:54: This simp argument is unused:
  digPack

Hint: Omit it from the simp argument list.
  [apply] simp [digSemStep, encodeDigSem]

Note: This linter can be disabled with `set_option linter.unusedSimpArgs false`
warning: lean/PvNP/RealizableHardness/ActualDecodeInputFP.lean:532:36: This simp argument is unused:
  encodeDigSem

Hint: Omit it from the simp argument list.
  [apply] simp [digSemStep, digPack]

Note: This linter can be disabled with `set_option linter.unusedSimpArgs false`
warning: lean/PvNP/RealizableHardness/ActualDecodeInputFP.lean:532:50: This simp argument is unused:
  digPack

Hint: Omit it from the simp argument list.
  [apply] simp [digSemStep, encodeDigSem]

Note: This linter can be disabled with `set_option linter.unusedSimpArgs false`
warning: lean/PvNP/RealizableHardness/ActualDecodeInputFP.lean:557:43: This simp argument is unused:
  List.append_assoc

Hint: Omit it from the simp argument list.
  [apply] simp

Note: This linter can be disabled with `set_option linter.unusedSimpArgs false`
warning: lean/PvNP/RealizableHardness/ActualDecodeInputFP.lean:564:51: This simp argument is unused:
  List.append_assoc

Hint: Omit it from the simp argument list.
  [apply] simp

Note: This linter can be disabled with `set_option linter.unusedSimpArgs false`
warning: lean/PvNP/RealizableHardness/ActualDecodeInputFP.lean:1113:24: Variable name `b` is not explicitly referenced.

Hint: The binding can be removed (if unused) or named `_` (if used implicitly). Alternatively, prefix the name with `_` to silence this warning:
  [apply] _b

Note: This linter can be disabled with `set_option linter.unusedVariables false`
warning: lean/PvNP/RealizableHardness/ActualDecodeInputFP.lean:1160:4: try 'simp' instead of 'simpa'

Note: This linter can be disabled with `set_option linter.unnecessarySimpa false`
warning: lean/PvNP/RealizableHardness/ActualDecodeInputFP.lean:1451:33: This simp argument is unused:
  List.zipWith

Hint: Omit it from the simp argument list.
  [apply] simp [List.replicate_succ, bitValue, Nat.pow_succ, ih] at *

Note: This linter can be disabled with `set_option linter.unusedSimpArgs false`
warning: lean/PvNP/RealizableHardness/ActualDecodeInputFP.lean:1456:33: This simp argument is unused:
  List.zipWith

Hint: Omit it from the simp argument list.
  [apply] simp [List.replicate_succ, bitValue, Nat.pow_succ, ih] at *

Note: This linter can be disabled with `set_option linter.unusedSimpArgs false`
warning: lean/PvNP/RealizableHardness/ActualDecodeInputFP.lean:1645:38: This simp argument is unused:
  List.length_replicate

Hint: Omit it from the simp argument list.
  [apply] simp [gcdRuler, List.length_append]

Note: This linter can be disabled with `set_option linter.unusedSimpArgs false`
warning: lean/PvNP/RealizableHardness/ActualDecodeInputFP.lean:1659:4: try 'simp' instead of 'simpa'

Note: This linter can be disabled with `set_option linter.unnecessarySimpa false`
warning: lean/PvNP/RealizableHardness/ActualDecodeInputFP.lean:1703:30: This simp argument is unused:
  selectHead_true

Hint: Omit it from the simp argument list.
  [apply] simp [hza, emptyFlag_nil]

Note: This linter can be disabled with `set_option linter.unusedSimpArgs false`
warning: lean/PvNP/RealizableHardness/ActualDecodeInputFP.lean:1711:32: This simp argument is unused:
  selectHead_true

Hint: Omit it from the simp argument list.
  [apply] simp [hzb, emptyFlag_nil]

Note: This linter can be disabled with `set_option linter.unusedSimpArgs false`
warning: lean/PvNP/RealizableHardness/ActualDecodeInputFP.lean:1934:10: This simp argument is unused:
  hz

Hint: Omit it from the simp argument list.
  [apply] simp [ha0]

Note: This linter can be disabled with `set_option linter.unusedSimpArgs false`
warning: lean/PvNP/RealizableHardness/ActualDecodeInputFP.lean:1941:34: This simp argument is unused:
  selectHead_true

Hint: Omit it from the simp argument list.
  [apply] simp [drop2Step, emptyFlag_nil]

Note: This linter can be disabled with `set_option linter.unusedSimpArgs false`
warning: lean/PvNP/RealizableHardness/ActualDecodeInputFP.lean:1945:35: This simp argument is unused:
  selectHead_false

Hint: Omit it from the simp argument list.
  [apply] simp [drop2Step, emptyFlag_cons, selectHead_cons_true']

Note: This linter can be disabled with `set_option linter.unusedSimpArgs false`
warning: lean/PvNP/RealizableHardness/ActualDecodeInputFP.lean:1948:35: This simp argument is unused:
  selectHead_false

Hint: Omit it from the simp argument list.
  [apply] simp [drop2Step, emptyFlag_cons, selectHead_cons_false', dropOne]

Note: This linter can be disabled with `set_option linter.unusedSimpArgs false`
warning: lean/PvNP/RealizableHardness/ActualDecodeInputFP.lean:2049:30: This simp argument is unused:
  selectHead_true

Hint: Omit it from the simp argument list.
  [apply] simp [hza, emptyFlag_nil]

Note: This linter can be disabled with `set_option linter.unusedSimpArgs false`
warning: lean/PvNP/RealizableHardness/ActualDecodeInputFP.lean:2056:32: This simp argument is unused:
  selectHead_true

Hint: Omit it from the simp argument list.
  [apply] simp [hzb, emptyFlag_nil]

Note: This linter can be disabled with `set_option linter.unusedSimpArgs false`
warning: lean/PvNP/RealizableHardness/ActualDecodeInputFP.lean:2151:29: This simp argument is unused:
  selectHead_true

Hint: Omit it from the simp argument list.
  [apply] simp [ha, emptyFlag_nil]

Note: This linter can be disabled with `set_option linter.unusedSimpArgs false`
warning: lean/PvNP/RealizableHardness/ActualDecodeInputFP.lean:2158:31: This simp argument is unused:
  selectHead_true

Hint: Omit it from the simp argument list.
  [apply] simp [hb, emptyFlag_nil]

Note: This linter can be disabled with `set_option linter.unusedSimpArgs false`
warning: lean/PvNP/RealizableHardness/ActualDecodeInputFP.lean:2185:45: This simp argument is unused:
  selectHead_true

Hint: Omit it from the simp argument list.
  [apply] simp [ha, emptyFlag_nil]

Note: This linter can be disabled with `set_option linter.unusedSimpArgs false`
warning: lean/PvNP/RealizableHardness/ActualDecodeInputFP.lean:2192:47: This simp argument is unused:
  selectHead_true

Hint: Omit it from the simp argument list.
  [apply] simp [hb, emptyFlag_nil]

Note: This linter can be disabled with `set_option linter.unusedSimpArgs false`
warning: lean/PvNP/RealizableHardness/ActualDecodeInputFP.lean:2426:41: This simp argument is unused:
  selectHead_true

Hint: Omit it from the simp argument list.
  [apply] simp [divStep, divPack, emptyFlag_nil]

Note: This linter can be disabled with `set_option linter.unusedSimpArgs false`
warning: lean/PvNP/RealizableHardness/ActualDecodeInputFP.lean:2464:5: Variable name `hb` is not explicitly referenced.

Hint: The binding can be removed (if unused) or named `_` (if used implicitly). Alternatively, prefix the name with `_` to silence this warning:
  [apply] _hb

Note: This linter can be disabled with `set_option linter.unusedVariables false`
warning: lean/PvNP/RealizableHardness/ActualDecodeInputFP.lean:2489:61: This simp argument is unused:
  selectHead_false

Hint: Omit it from the simp argument list.
  [apply] simp [divPack, pairFst_pair, pairSnd_pair, emptyFlag_cons]

Note: This linter can be disabled with `set_option linter.unusedSimpArgs false`
warning: lean/PvNP/RealizableHardness/ActualDecodeInputFP.lean:2495:12: This simp argument is unused:
  divPack

Hint: Omit it from the simp argument list.
  [apply] simp [hqlen]

Note: This linter can be disabled with `set_option linter.unusedSimpArgs false`
warning: lean/PvNP/RealizableHardness/ActualDecodeInputFP.lean:2497:12: This simp argument is unused:
  divPack

Hint: Omit it from the simp argument list.
  [apply] simp [dropOne_cons, hdrop, bitValue]

Note: This linter can be disabled with `set_option linter.unusedSimpArgs false`
warning: lean/PvNP/RealizableHardness/ActualDecodeInputFP.lean:2512:12: This simp argument is unused:
  divPack

Hint: Omit it from the simp argument list.
  [apply] simp [hqlen]

Note: This linter can be disabled with `set_option linter.unusedSimpArgs false`
warning: lean/PvNP/RealizableHardness/ActualDecodeInputFP.lean:2513:12: This simp argument is unused:
  divPack

Hint: Omit it from the simp argument list.
  [apply] simp [pairFst_pair, pairSnd_pair]

Note: This linter can be disabled with `set_option linter.unusedSimpArgs false`
warning: lean/PvNP/RealizableHardness/ActualDecodeInputFP.lean:2522:12: This simp argument is unused:
  divPack

Hint: Omit it from the simp argument list.
  [apply] simp [pairFst_pair, pairSnd_pair, dropOne_cons, bitValue]

Note: This linter can be disabled with `set_option linter.unusedSimpArgs false`
warning: lean/PvNP/RealizableHardness/ActualDecodeInputFP.lean:2569:4: try 'simp' instead of 'simpa'

Note: This linter can be disabled with `set_option linter.unnecessarySimpa false`
warning: lean/PvNP/RealizableHardness/ActualDecodeInputFP.lean:2592:40: This simp argument is unused:
  bitValue_bits

Hint: Omit it from the simp argument list.
  [apply] simp [divPack, stripTrailing_eq_bits]

Note: This linter can be disabled with `set_option linter.unusedSimpArgs false`
warning: lean/PvNP/RealizableHardness/ActualDecodeInputFP.lean:2602:32: This simp argument is unused:
  selectHead_true

Hint: Omit it from the simp argument list.
  [apply] simp [emptyFlag_nil]

Note: This linter can be disabled with `set_option linter.unusedSimpArgs false`
warning: lean/PvNP/RealizableHardness/ActualDecodeInputFP.lean:2606:36: This simp argument is unused:
  selectHead_true

Hint: Omit it from the simp argument list.
  [apply] simp [emptyFlag_nil]

Note: This linter can be disabled with `set_option linter.unusedSimpArgs false`
warning: lean/PvNP/RealizableHardness/ActualDecodeInputFP.lean:2702:50: `if_neg` has been deprecated: Use `ite_eq_right` instead
warning: lean/PvNP/RealizableHardness/ActualDecodeInputFP.lean:2701:29: This simp argument is unused:
  selectHead_true

Hint: Omit it from the simp argument list.
  [apply] simp [ha, emptyFlag_nil]

Note: This linter can be disabled with `set_option linter.unusedSimpArgs false`
warning: lean/PvNP/RealizableHardness/ActualDecodeInputFP.lean:2725:35: `if_neg` has been deprecated: Use `ite_eq_right` instead
warning: lean/PvNP/RealizableHardness/ActualDecodeInputFP.lean:2735:43: `if_neg` has been deprecated: Use `ite_eq_right` instead
warning: lean/PvNP/RealizableHardness/ActualDecodeInputFP.lean:2747:51: `if_neg` has been deprecated: Use `ite_eq_right` instead
warning: lean/PvNP/RealizableHardness/ActualDecodeInputFP.lean:2713:29: This simp argument is unused:
  selectHead_true

Hint: Omit it from the simp argument list.
  [apply] simp [ha, emptyFlag_nil]

Note: This linter can be disabled with `set_option linter.unusedSimpArgs false`
warning: lean/PvNP/RealizableHardness/ActualDecodeInputFP.lean:2716:31: This simp argument is unused:
  selectHead_true

Hint: Omit it from the simp argument list.
  [apply] simp [hb, emptyFlag_nil]

Note: This linter can be disabled with `set_option linter.unusedSimpArgs false`
warning: lean/PvNP/RealizableHardness/ActualDecodeInputFP.lean:2721:19: This simp argument is unused:
  selectHead_true

Hint: Omit it from the simp argument list.
  [apply] simp [heq]

Note: This linter can be disabled with `set_option linter.unusedSimpArgs false`
warning: lean/PvNP/RealizableHardness/ActualDecodeInputFP.lean:2751:37: This simp argument is unused:
  selectHead_true

Hint: Omit it from the simp argument list.
  [apply] simp [hlt, hcmp]

Note: This linter can be disabled with `set_option linter.unusedSimpArgs false`
warning: lean/PvNP/RealizableHardness/ActualDecodeInputFP.lean:2757:37: This simp argument is unused:
  selectHead_false

Hint: Omit it from the simp argument list.
  [apply] simp [hge, hcmp]

Note: This linter can be disabled with `set_option linter.unusedSimpArgs false`
warning: lean/PvNP/RealizableHardness/ActualDecodeInputFP.lean:2867:20: `if_pos` has been deprecated: Use `ite_eq_left` instead
warning: lean/PvNP/RealizableHardness/ActualDecodeInputFP.lean:2989:20: `if_neg` has been deprecated: Use `ite_eq_right` instead
warning: lean/PvNP/RealizableHardness/ActualDecodeInputFP.lean:2991:8: `if_pos` has been deprecated: Use `ite_eq_left` instead
warning: lean/PvNP/RealizableHardness/ActualDecodeInputFP.lean:2993:8: `if_neg` has been deprecated: Use `ite_eq_right` instead
warning: lean/PvNP/RealizableHardness/ActualDecodeInputFP.lean:2995:10: `if_pos` has been deprecated: Use `ite_eq_left` instead
warning: lean/PvNP/RealizableHardness/ActualDecodeInputFP.lean:2998:10: `if_neg` has been deprecated: Use `ite_eq_right` instead
warning: lean/PvNP/RealizableHardness/ActualDecodeInputFP.lean:3002:12: `if_pos` has been deprecated: Use `ite_eq_left` instead
warning: lean/PvNP/RealizableHardness/ActualDecodeInputFP.lean:3004:12: `if_neg` has been deprecated: Use `ite_eq_right` instead
warning: lean/PvNP/RealizableHardness/ActualDecodeInputFP.lean:3016:8: `if_pos` has been deprecated: Use `ite_eq_left` instead
warning: lean/PvNP/RealizableHardness/ActualDecodeInputFP.lean:3018:8: `if_neg` has been deprecated: Use `ite_eq_right` instead
warning: lean/PvNP/RealizableHardness/ActualDecodeInputFP.lean:3020:10: `if_pos` has been deprecated: Use `ite_eq_left` instead
warning: lean/PvNP/RealizableHardness/ActualDecodeInputFP.lean:3022:10: `if_neg` has been deprecated: Use `ite_eq_right` instead
warning: lean/PvNP/RealizableHardness/ActualDecodeInputFP.lean:3024:12: `if_pos` has been deprecated: Use `ite_eq_left` instead
warning: lean/PvNP/RealizableHardness/ActualDecodeInputFP.lean:3026:12: `if_neg` has been deprecated: Use `ite_eq_right` instead
warning: lean/PvNP/RealizableHardness/ActualDecodeInputFP.lean:3028:14: `if_pos` has been deprecated: Use `ite_eq_left` instead
warning: lean/PvNP/RealizableHardness/ActualDecodeInputFP.lean:3030:14: `if_neg` has been deprecated: Use `ite_eq_right` instead
warning: lean/PvNP/RealizableHardness/ActualDecodeInputFP.lean:3041:8: `if_pos` has been deprecated: Use `ite_eq_left` instead
warning: lean/PvNP/RealizableHardness/ActualDecodeInputFP.lean:3043:8: `if_neg` has been deprecated: Use `ite_eq_right` instead
warning: lean/PvNP/RealizableHardness/ActualDecodeInputFP.lean:3045:10: `if_pos` has been deprecated: Use `ite_eq_left` instead
warning: lean/PvNP/RealizableHardness/ActualDecodeInputFP.lean:3047:10: `if_neg` has been deprecated: Use `ite_eq_right` instead
warning: lean/PvNP/RealizableHardness/ActualDecodeInputFP.lean:3049:12: `if_pos` has been deprecated: Use `ite_eq_left` instead
warning: lean/PvNP/RealizableHardness/ActualDecodeInputFP.lean:3051:12: `if_neg` has been deprecated: Use `ite_eq_right` instead
warning: lean/PvNP/RealizableHardness/ActualDecodeInputFP.lean:3053:14: `if_pos` has been deprecated: Use `ite_eq_left` instead
warning: lean/PvNP/RealizableHardness/ActualDecodeInputFP.lean:3055:14: `if_neg` has been deprecated: Use `ite_eq_right` instead
warning: lean/PvNP/RealizableHardness/ActualDecodeInputFP.lean:3071:8: `if_pos` has been deprecated: Use `ite_eq_left` instead
warning: lean/PvNP/RealizableHardness/ActualDecodeInputFP.lean:3073:8: `if_neg` has been deprecated: Use `ite_eq_right` instead
warning: lean/PvNP/RealizableHardness/ActualDecodeInputFP.lean:3075:10: `if_pos` has been deprecated: Use `ite_eq_left` instead
warning: lean/PvNP/RealizableHardness/ActualDecodeInputFP.lean:3077:10: `if_neg` has been deprecated: Use `ite_eq_right` instead
warning: lean/PvNP/RealizableHardness/ActualDecodeInputFP.lean:3079:12: `if_pos` has been deprecated: Use `ite_eq_left` instead
warning: lean/PvNP/RealizableHardness/ActualDecodeInputFP.lean:3081:12: `if_neg` has been deprecated: Use `ite_eq_right` instead
warning: lean/PvNP/RealizableHardness/ActualDecodeInputFP.lean:3083:14: `if_pos` has been deprecated: Use `ite_eq_left` instead
warning: lean/PvNP/RealizableHardness/ActualDecodeInputFP.lean:3089:14: `if_neg` has been deprecated: Use `ite_eq_right` instead
warning: lean/PvNP/RealizableHardness/ActualDecodeInputFP.lean:3101:8: `if_pos` has been deprecated: Use `ite_eq_left` instead
warning: lean/PvNP/RealizableHardness/ActualDecodeInputFP.lean:3103:8: `if_neg` has been deprecated: Use `ite_eq_right` instead
warning: lean/PvNP/RealizableHardness/ActualDecodeInputFP.lean:3105:10: `if_pos` has been deprecated: Use `ite_eq_left` instead
warning: lean/PvNP/RealizableHardness/ActualDecodeInputFP.lean:3108:10: `if_neg` has been deprecated: Use `ite_eq_right` instead
warning: lean/PvNP/RealizableHardness/ActualDecodeInputFP.lean:3111:12: `if_pos` has been deprecated: Use `ite_eq_left` instead
warning: lean/PvNP/RealizableHardness/ActualDecodeInputFP.lean:3113:12: `if_neg` has been deprecated: Use `ite_eq_right` instead
warning: lean/PvNP/RealizableHardness/ActualDecodeInputFP.lean:3116:14: `if_pos` has been deprecated: Use `ite_eq_left` instead
warning: lean/PvNP/RealizableHardness/ActualDecodeInputFP.lean:3118:14: `if_neg` has been deprecated: Use `ite_eq_right` instead
warning: lean/PvNP/RealizableHardness/ActualDecodeInputFP.lean:3160:8: try 'simp' instead of 'simpa'

Note: This linter can be disabled with `set_option linter.unnecessarySimpa false`
warning: lean/PvNP/RealizableHardness/ActualDecodeInputFP.lean:3164:27: try 'simp' instead of 'simpa'

Note: This linter can be disabled with `set_option linter.unnecessarySimpa false`
warning: lean/PvNP/RealizableHardness/ActualDecodeInputFP.lean:3165:35: try 'simp' instead of 'simpa'

Note: This linter can be disabled with `set_option linter.unnecessarySimpa false`
warning: lean/PvNP/RealizableHardness/ActualDecodeInputFP.lean:3170:31: try 'simp' instead of 'simpa'

Note: This linter can be disabled with `set_option linter.unnecessarySimpa false`
warning: lean/PvNP/RealizableHardness/ActualDecodeInputFP.lean:3172:16: try 'simp' instead of 'simpa'

Note: This linter can be disabled with `set_option linter.unnecessarySimpa false`
warning: lean/PvNP/RealizableHardness/ActualDecodeInputFP.lean:3340:10: `if_pos` has been deprecated: Use `ite_eq_left` instead
warning: lean/PvNP/RealizableHardness/ActualDecodeInputFP.lean:3344:10: `if_neg` has been deprecated: Use `ite_eq_right` instead
warning: lean/PvNP/RealizableHardness/ActualDecodeInputFP.lean:3381:35: try 'simp' instead of 'simpa'

Note: This linter can be disabled with `set_option linter.unnecessarySimpa false`
warning: lean/PvNP/RealizableHardness/ActualDecodeInputFP.lean:3433:41: This simp argument is unused:
  List.append_assoc

Hint: Omit it from the simp argument list.
  [apply] simp [ratTree, CMMSACodec.Tree.encode]

Note: This linter can be disabled with `set_option linter.unusedSimpArgs false`
warning: lean/PvNP/RealizableHardness/ActualDecodeInputFP.lean:3485:18: try 'simp' instead of 'simpa'

Note: This linter can be disabled with `set_option linter.unnecessarySimpa false`
warning: lean/PvNP/RealizableHardness/ActualDecodeInputFP.lean:3461:8: This simp argument is unused:
  selectHead_true

Hint: Omit it from the simp argument list.
  [apply] simp [readRatOnEncode, CMMSACodec.Tree.encode, nodeLeft, splitNode_leaf, dropOne_nil, pairFst_nil,
    readDigitsTag_nil, emptyFlag_nil, readRat]

Note: This linter can be disabled with `set_option linter.unusedSimpArgs false`
warning: lean/PvNP/RealizableHardness/ActualDecodeInputFP.lean:3467:53: This simp argument is unused:
  selectHead_true

Hint: Omit it from the simp argument list.
  [apply] simp [readRat, readNat, hn, emptyFlag_nil]

Note: This linter can be disabled with `set_option linter.unusedSimpArgs false`
warning: lean/PvNP/RealizableHardness/ActualDecodeInputFP.lean:3472:61: This simp argument is unused:
  selectHead_true

Hint: Omit it from the simp argument list.
  [apply] simp [readRat, readNat, hn, hd, emptyFlag_nil]

Note: This linter can be disabled with `set_option linter.unusedSimpArgs false`
warning: lean/PvNP/RealizableHardness/ActualDecodeInputFP.lean:3480:18: This simp argument is unused:
  selectHead_true

Hint: Omit it from the simp argument list.
  [apply] simp [readRat, readNat, hn, hd, hz, emptyFlag_nil, h0]

Note: This linter can be disabled with `set_option linter.unusedSimpArgs false`
warning: lean/PvNP/RealizableHardness/ActualDecodeInputFP.lean:3497:44: This simp argument is unused:
  selectHead_false

Hint: Omit it from the simp argument list.
  [apply] simp [readRatTag, hparse, emptyFlag_cons, dropOne_cons, pairFst_pair, pairSnd_pair, emptyFlag_nil,
    selectHead_true]

Note: This linter can be disabled with `set_option linter.unusedSimpArgs false`
warning: lean/PvNP/RealizableHardness/ActualDecodeInputFP.lean:3498:47: This simp argument is unused:
  selectHead_true

Hint: Omit it from the simp argument list.
  [apply] simp [readRatTag, hparse, emptyFlag_cons, selectHead_false, dropOne_cons, pairFst_pair, pairSnd_pair,
    emptyFlag_nil]

Note: This linter can be disabled with `set_option linter.unusedSimpArgs false`
warning: lean/PvNP/RealizableHardness/ActualDecodeInputFP.lean:3562:17: This simp argument is unused:
  Rat.num_neg_eq_neg_num

Hint: Omit it from the simp argument list.
  [apply] simp [ratTree, Rat.den_neg_eq_den, Int.natAbs_neg]

Note: This linter can be disabled with `set_option linter.unusedSimpArgs false`
warning: lean/PvNP/RealizableHardness/ActualDecodeInputFP.lean:3562:41: This simp argument is unused:
  Rat.den_neg_eq_den

Hint: Omit it from the simp argument list.
  [apply] simp [ratTree, Rat.num_neg_eq_neg_num, Int.natAbs_neg]

Note: This linter can be disabled with `set_option linter.unusedSimpArgs false`
warning: lean/PvNP/RealizableHardness/ActualDecodeInputFP.lean:3657:23: This simp argument is unused:
  selectHead_true

Hint: Omit it from the simp argument list.
  [apply] simp [readSignedOnEncode, CMMSACodec.Tree.encode, splitNode_leaf, emptyFlag_nil, readSigned]

Note: This linter can be disabled with `set_option linter.unusedSimpArgs false`
warning: lean/PvNP/RealizableHardness/ActualDecodeInputFP.lean:3668:51: This simp argument is unused:
  selectHead_true

Hint: Omit it from the simp argument list.
  [apply] simp [readSigned, hr, emptyFlag_nil]

Note: This linter can be disabled with `set_option linter.unusedSimpArgs false`
warning: lean/PvNP/RealizableHardness/ActualDecodeInputFP.lean:3690:59: This simp argument is unused:
  selectHead_true

Hint: Omit it from the simp argument list.
  [apply] simp [readSigned, hr, emptyFlag_nil]

Note: This linter can be disabled with `set_option linter.unusedSimpArgs false`
warning: lean/PvNP/RealizableHardness/ActualDecodeInputFP.lean:3738:47: This simp argument is unused:
  selectHead_false

Hint: Omit it from the simp argument list.
  [apply] simp [readSignedTag, hparse, emptyFlag_cons, dropOne_cons, pairFst_pair, pairSnd_pair, emptyFlag_nil,
    selectHead_true]

Note: This linter can be disabled with `set_option linter.unusedSimpArgs false`
warning: lean/PvNP/RealizableHardness/ActualDecodeInputFP.lean:3739:47: This simp argument is unused:
  selectHead_true

Hint: Omit it from the simp argument list.
  [apply] simp [readSignedTag, hparse, emptyFlag_cons, selectHead_false, dropOne_cons, pairFst_pair, pairSnd_pair,
    emptyFlag_nil]

Note: This linter can be disabled with `set_option linter.unusedSimpArgs false`
warning: lean/PvNP/RealizableHardness/ActualDecodeInputFP.lean:4034:8: This simp argument is unused:
  selectHead_false

Hint: Omit it from the simp argument list.
  [apply] simp [encodeListSem, listSemStep, listStep, digPack, emptyFlag_cons]

Note: This linter can be disabled with `set_option linter.unusedSimpArgs false`
warning: lean/PvNP/RealizableHardness/ActualDecodeInputFP.lean:4037:8: This simp argument is unused:
  selectHead_false

Hint: Omit it from the simp argument list.
  [apply] simp [encodeListSem, listSemStep, listStep, digPack, emptyFlag_cons]

Note: This linter can be disabled with `set_option linter.unusedSimpArgs false`
warning: lean/PvNP/RealizableHardness/ActualDecodeInputFP.lean:4045:47: This simp argument is unused:
  selectHead_true

Hint: Omit it from the simp argument list.
  [apply] simp [CMMSACodec.Tree.encode, hleaf, listSemStep, encodeListSem, digPack]

Note: This linter can be disabled with `set_option linter.unusedSimpArgs false`
warning: lean/PvNP/RealizableHardness/ActualDecodeInputFP.lean:4046:12: This simp argument is unused:
  encodeListSem

Hint: Omit it from the simp argument list.
  [apply] simp [CMMSACodec.Tree.encode, hleaf, selectHead_true, listSemStep, digPack]

Note: This linter can be disabled with `set_option linter.unusedSimpArgs false`
warning: lean/PvNP/RealizableHardness/ActualDecodeInputFP.lean:4046:27: This simp argument is unused:
  digPack

Hint: Omit it from the simp argument list.
  [apply] simp [CMMSACodec.Tree.encode, hleaf, selectHead_true, listSemStep, encodeListSem]

Note: This linter can be disabled with `set_option linter.unusedSimpArgs false`
warning: lean/PvNP/RealizableHardness/ActualDecodeInputFP.lean:4056:52: This simp argument is unused:
  selectHead_true

Hint: Omit it from the simp argument list.
  [apply] simp [listSemStep, hr, emptyFlag_nil, encodeListSem, digPack]

Note: This linter can be disabled with `set_option linter.unusedSimpArgs false`
warning: lean/PvNP/RealizableHardness/ActualDecodeInputFP.lean:4057:16: This simp argument is unused:
  encodeListSem

Hint: Omit it from the simp argument list.
  [apply] simp [listSemStep, hr, emptyFlag_nil, selectHead_true, digPack]

Note: This linter can be disabled with `set_option linter.unusedSimpArgs false`
warning: lean/PvNP/RealizableHardness/ActualDecodeInputFP.lean:4057:31: This simp argument is unused:
  digPack

Hint: Omit it from the simp argument list.
  [apply] simp [listSemStep, hr, emptyFlag_nil, selectHead_true, encodeListSem]

Note: This linter can be disabled with `set_option linter.unusedSimpArgs false`
warning: lean/PvNP/RealizableHardness/ActualDecodeInputFP.lean:4059:53: This simp argument is unused:
  selectHead_false

Hint: Omit it from the simp argument list.
  [apply] simp [listSemStep, hr, emptyFlag_cons, encodeListSem, digPack]

Note: This linter can be disabled with `set_option linter.unusedSimpArgs false`
warning: lean/PvNP/RealizableHardness/ActualDecodeInputFP.lean:4060:16: This simp argument is unused:
  encodeListSem

Hint: Omit it from the simp argument list.
  [apply] simp [listSemStep, hr, emptyFlag_cons, selectHead_false, digPack]

Note: This linter can be disabled with `set_option linter.unusedSimpArgs false`
warning: lean/PvNP/RealizableHardness/ActualDecodeInputFP.lean:4060:31: This simp argument is unused:
  digPack

Hint: Omit it from the simp argument list.
  [apply] simp [listSemStep, hr, emptyFlag_cons, selectHead_false, encodeListSem]

Note: This linter can be disabled with `set_option linter.unusedSimpArgs false`
warning: lean/PvNP/RealizableHardness/ActualDecodeInputFP.lean:4096:26: This simp argument is unused:
  hp

Hint: Omit it from the simp argument list.
  [apply] simp

Note: This linter can be disabled with `set_option linter.unusedSimpArgs false`
warning: lean/PvNP/RealizableHardness/ActualDecodeInputFP.lean:4098:20: This simp argument is unused:
  hp

Hint: Omit it from the simp argument list.
  [apply] simp

Note: This linter can be disabled with `set_option linter.unusedSimpArgs false`
warning: lean/PvNP/RealizableHardness/ActualDecodeInputFP.lean:4100:30: This simp argument is unused:
  hq

Hint: Omit it from the simp argument list.
  [apply] simp

Note: This linter can be disabled with `set_option linter.unusedSimpArgs false`
warning: lean/PvNP/RealizableHardness/ActualDecodeInputFP.lean:4102:24: This simp argument is unused:
  hq

Hint: Omit it from the simp argument list.
  [apply] simp

Note: This linter can be disabled with `set_option linter.unusedSimpArgs false`
warning: lean/PvNP/RealizableHardness/ActualDecodeInputFP.lean:4403:45: This simp argument is unused:
  selectHead_false

Hint: Omit it from the simp argument list.
  [apply] simp [readListTag, hparse, emptyFlag_cons, dropOne_cons, pairFst_pair, pairSnd_pair, emptyFlag_nil,
    selectHead_true]

Note: This linter can be disabled with `set_option linter.unusedSimpArgs false`
warning: lean/PvNP/RealizableHardness/ActualDecodeInputFP.lean:4404:47: This simp argument is unused:
  selectHead_true

Hint: Omit it from the simp argument list.
  [apply] simp [readListTag, hparse, emptyFlag_cons, selectHead_false, dropOne_cons, pairFst_pair, pairSnd_pair,
    emptyFlag_nil]

Note: This linter can be disabled with `set_option linter.unusedSimpArgs false`
warning: lean/PvNP/RealizableHardness/ActualDecodeInputFP.lean:4429:57: This simp argument is unused:
  List.append_assoc

Hint: Omit it from the simp argument list.
  [apply] simp [wrapAndEnc, formulaTree, CMMSACodec.Tree.encode]

Note: This linter can be disabled with `set_option linter.unusedSimpArgs false`
warning: lean/PvNP/RealizableHardness/ActualDecodeInputFP.lean:4435:56: This simp argument is unused:
  List.append_assoc

Hint: Omit it from the simp argument list.
  [apply] simp [wrapOrEnc, formulaTree, CMMSACodec.Tree.encode]

Note: This linter can be disabled with `set_option linter.unusedSimpArgs false`
warning: lean/PvNP/RealizableHardness/ActualDecodeInputFP.lean:4491:33: This simp argument is unused:
  Option.bind

Hint: Omit it from the simp argument list.
  [apply] simp only [hn] at h

Note: This linter can be disabled with `set_option linter.unusedSimpArgs false`
warning: lean/PvNP/RealizableHardness/ActualDecodeInputFP.lean:4509:30: This simp argument is unused:
  CMMSACodec.Tree.encode

Hint: Omit it from the simp argument list.
  [apply] simp at hblen ⊢

Note: This linter can be disabled with `set_option linter.unusedSimpArgs false`
warning: lean/PvNP/RealizableHardness/ActualDecodeInputFP.lean:4556:33: This simp argument is unused:
  Option.bind

Hint: Omit it from the simp argument list.
  [apply] simp only [hn] at h

Note: This linter can be disabled with `set_option linter.unusedSimpArgs false`
warning: lean/PvNP/RealizableHardness/ActualDecodeInputFP.lean:4575:53: This simp argument is unused:
  Option.bind

Hint: Omit it from the simp argument list.
  [apply] simp only [hp, hq] at h

Note: This linter can be disabled with `set_option linter.unusedSimpArgs false`
warning: lean/PvNP/RealizableHardness/ActualDecodeInputFP.lean:4580:56: This simp argument is unused:
  List.length_nil

Hint: Omit it from the simp argument list.
  [apply] simp [formulaTree, CMMSACodec.Tree.encode, List.length_cons, List.length_append]

Note: This linter can be disabled with `set_option linter.unusedSimpArgs false`
warning: lean/PvNP/RealizableHardness/ActualDecodeInputFP.lean:4611:33: This simp argument is unused:
  Option.bind

Hint: Omit it from the simp argument list.
  [apply] simp only [hn] at h

Note: This linter can be disabled with `set_option linter.unusedSimpArgs false`
warning: lean/PvNP/RealizableHardness/ActualDecodeInputFP.lean:4645:61: This simp argument is unused:
  Option.bind

Hint: Omit it from the simp argument list.
  [apply] simp only [hp, hq] at h

Note: This linter can be disabled with `set_option linter.unusedSimpArgs false`
warning: lean/PvNP/RealizableHardness/ActualDecodeInputFP.lean:4652:44: This simp argument is unused:
  List.length_nil

Hint: Omit it from the simp argument list.
  [apply] simp [formulaTree, CMMSACodec.Tree.encode, List.length_cons, List.length_append]

Note: This linter can be disabled with `set_option linter.unusedSimpArgs false`
warning: lean/PvNP/RealizableHardness/ActualDecodeInputFP.lean:4682:17: Variable name `hlt` is not explicitly referenced.

Hint: The binding can be removed (if unused) or named `_` (if used implicitly). Alternatively, prefix the name with `_` to silence this warning:
  [apply] _hlt

Note: This linter can be disabled with `set_option linter.unusedVariables false`
warning: lean/PvNP/RealizableHardness/ActualDecodeInputFP.lean:4738:70: This simp argument is unused:
  hr

Hint: Omit it from the simp argument list.
  [apply] simp

Note: This linter can be disabled with `set_option linter.unusedSimpArgs false`
warning: lean/PvNP/RealizableHardness/ActualDecodeInputFP.lean:4749:30: This simp argument is unused:
  hn

Hint: Omit it from the simp argument list.
  [apply] simp

Note: This linter can be disabled with `set_option linter.unusedSimpArgs false`
warning: lean/PvNP/RealizableHardness/ActualDecodeInputFP.lean:4751:24: This simp argument is unused:
  hn

Hint: Omit it from the simp argument list.
  [apply] simp

Note: This linter can be disabled with `set_option linter.unusedSimpArgs false`
warning: lean/PvNP/RealizableHardness/ActualDecodeInputFP.lean:4753:31: This simp argument is unused:
  applyFormCont

Hint: Omit it from the simp argument list.
  [apply] simp [hlt, wrapVarEnc_eq ⟨k, hlt⟩]

Note: This linter can be disabled with `set_option linter.unusedSimpArgs false`
warning: lean/PvNP/RealizableHardness/ActualDecodeInputFP.lean:4765:42: This simp argument is unused:
  hp

Hint: Omit it from the simp argument list.
  [apply] simp

Note: This linter can be disabled with `set_option linter.unusedSimpArgs false`
warning: lean/PvNP/RealizableHardness/ActualDecodeInputFP.lean:4768:46: This simp argument is unused:
  hp

Hint: Omit it from the simp argument list.
  [apply] simp [hq]

Note: This linter can be disabled with `set_option linter.unusedSimpArgs false`
warning: lean/PvNP/RealizableHardness/ActualDecodeInputFP.lean:4768:50: This simp argument is unused:
  hq

Hint: Omit it from the simp argument list.
  [apply] simp [hp]

Note: This linter can be disabled with `set_option linter.unusedSimpArgs false`
warning: lean/PvNP/RealizableHardness/ActualDecodeInputFP.lean:4769:49: This simp argument is unused:
  hp

Hint: Omit it from the simp argument list.
  [apply] simp [hq, wrapAndEnc_eq]

Note: This linter can be disabled with `set_option linter.unusedSimpArgs false`
warning: lean/PvNP/RealizableHardness/ActualDecodeInputFP.lean:4769:53: This simp argument is unused:
  hq

Hint: Omit it from the simp argument list.
  [apply] simp [hp, wrapAndEnc_eq]

Note: This linter can be disabled with `set_option linter.unusedSimpArgs false`
warning: lean/PvNP/RealizableHardness/ActualDecodeInputFP.lean:4780:50: This simp argument is unused:
  hp

Hint: Omit it from the simp argument list.
  [apply] simp

Note: This linter can be disabled with `set_option linter.unusedSimpArgs false`
warning: lean/PvNP/RealizableHardness/ActualDecodeInputFP.lean:4783:54: This simp argument is unused:
  hp

Hint: Omit it from the simp argument list.
  [apply] simp [hq]

Note: This linter can be disabled with `set_option linter.unusedSimpArgs false`
warning: lean/PvNP/RealizableHardness/ActualDecodeInputFP.lean:4783:58: This simp argument is unused:
  hq

Hint: Omit it from the simp argument list.
  [apply] simp [hp]

Note: This linter can be disabled with `set_option linter.unusedSimpArgs false`
warning: lean/PvNP/RealizableHardness/ActualDecodeInputFP.lean:4784:57: This simp argument is unused:
  hp

Hint: Omit it from the simp argument list.
  [apply] simp [hq, wrapOrEnc_eq]

Note: This linter can be disabled with `set_option linter.unusedSimpArgs false`
warning: lean/PvNP/RealizableHardness/ActualDecodeInputFP.lean:4784:61: This simp argument is unused:
  hq

Hint: Omit it from the simp argument list.
  [apply] simp [hp, wrapOrEnc_eq]

Note: This linter can be disabled with `set_option linter.unusedSimpArgs false`
warning: lean/PvNP/RealizableHardness/ActualDecodeInputFP.lean:4827:72: This simp argument is unused:
  stackWork

Hint: Omit it from the simp argument list.
  [apply] simp [formSemStep, formMeasure, CMMSACodec.Tree.encode]

Note: This linter can be disabled with `set_option linter.unusedSimpArgs false`
warning: lean/PvNP/RealizableHardness/ActualDecodeInputFP.lean:4833:30: This simp argument is unused:
  stackWork

Hint: Omit it from the simp argument list.
  [apply] simp

Note: This linter can be disabled with `set_option linter.unusedSimpArgs false`
warning: lean/PvNP/RealizableHardness/ActualDecodeInputFP.lean:4836:31: This simp argument is unused:
  stackWork

Hint: Omit it from the simp argument list.
  [apply] simp [hlt]

Note: This linter can be disabled with `set_option linter.unusedSimpArgs false`
warning: lean/PvNP/RealizableHardness/ActualDecodeInputFP.lean:4840:31: This simp argument is unused:
  stackWork

Hint: Omit it from the simp argument list.
  [apply] simp [hlt]

Note: This linter can be disabled with `set_option linter.unusedSimpArgs false`
warning: lean/PvNP/RealizableHardness/ActualDecodeInputFP.lean:4848:82: This simp argument is unused:
  stackWork

Hint: Omit it from the simp argument list.
  [apply] simp [formSemStep, formMeasure, CMMSACodec.Tree.encode]

Note: This linter can be disabled with `set_option linter.unusedSimpArgs false`
warning: lean/PvNP/RealizableHardness/ActualDecodeInputFP.lean:4851:28: This simp argument is unused:
  encode_node_length

Hint: Omit it from the simp argument list.
  [apply] simp [formSemStep, formMeasure, stackWork, frameWork, encode_andTag, CMMSACodec.Tree.encode]

Note: This linter can be disabled with `set_option linter.unusedSimpArgs false`
warning: lean/PvNP/RealizableHardness/ActualDecodeInputFP.lean:4851:48: This simp argument is unused:
  encode_andTag

Hint: Omit it from the simp argument list.
  [apply] simp [formSemStep, formMeasure, stackWork, frameWork, encode_node_length, CMMSACodec.Tree.encode]

Note: This linter can be disabled with `set_option linter.unusedSimpArgs false`
warning: lean/PvNP/RealizableHardness/ActualDecodeInputFP.lean:4861:36: This simp argument is unused:
  stackWork

Hint: Omit it from the simp argument list.
  [apply] simp [formSemStep, formMeasure, CMMSACodec.Tree.encode]

Note: This linter can be disabled with `set_option linter.unusedSimpArgs false`
warning: lean/PvNP/RealizableHardness/ActualDecodeInputFP.lean:4864:36: This simp argument is unused:
  encode_node_length

Hint: Omit it from the simp argument list.
  [apply] simp [formSemStep, formMeasure, stackWork, frameWork, encode_orTag, CMMSACodec.Tree.encode]

Note: This linter can be disabled with `set_option linter.unusedSimpArgs false`
warning: lean/PvNP/RealizableHardness/ActualDecodeInputFP.lean:4864:56: This simp argument is unused:
  encode_orTag

Hint: Omit it from the simp argument list.
  [apply] simp [formSemStep, formMeasure, stackWork, frameWork, encode_node_length, CMMSACodec.Tree.encode]

Note: This linter can be disabled with `set_option linter.unusedSimpArgs false`
warning: lean/PvNP/RealizableHardness/ActualDecodeInputFP.lean:4867:86: This simp argument is unused:
  stackWork

Hint: Omit it from the simp argument list.
  [apply] simp [formSemStep, formMeasure, CMMSACodec.Tree.encode]

Note: This linter can be disabled with `set_option linter.unusedSimpArgs false`
warning: lean/PvNP/RealizableHardness/ActualDecodeInputFP.lean:4869:82: This simp argument is unused:
  stackWork

Hint: Omit it from the simp argument list.
  [apply] simp [formSemStep, formMeasure, CMMSACodec.Tree.encode]

Note: This linter can be disabled with `set_option linter.unusedSimpArgs false`
warning: lean/PvNP/RealizableHardness/ActualDecodeInputFP.lean:4871:74: This simp argument is unused:
  stackWork

Hint: Omit it from the simp argument list.
  [apply] simp [formSemStep, formMeasure, CMMSACodec.Tree.encode]

Note: This linter can be disabled with `set_option linter.unusedSimpArgs false`
warning: lean/PvNP/RealizableHardness/ActualDecodeInputFP.lean:5285:27: This simp argument is unused:
  selectHead_true

Hint: Omit it from the simp argument list.
  [apply] simp [emptyFlag_nil, formFailSt, encodeFormSem, encodeFormMode, encodeFormStack]

Note: This linter can be disabled with `set_option linter.unusedSimpArgs false`
warning: lean/PvNP/RealizableHardness/ActualDecodeInputFP.lean:5289:28: This simp argument is unused:
  selectHead_false

Hint: Omit it from the simp argument list.
  [apply] simp [emptyFlag_cons, dropOne_cons, pairFst_pair, pairSnd_pair]

Note: This linter can be disabled with `set_option linter.unusedSimpArgs false`
warning: lean/PvNP/RealizableHardness/ActualDecodeInputFP.lean:5293:31: This simp argument is unused:
  selectHead_true

Hint: Omit it from the simp argument list.
  [apply] simp [emptyFlag_nil, formMk, formExpandMode, encodeFormSem, encodeFormMode, encodeFormStack]

Note: This linter can be disabled with `set_option linter.unusedSimpArgs false`
warning: lean/PvNP/RealizableHardness/ActualDecodeInputFP.lean:5296:32: This simp argument is unused:
  selectHead_false

Hint: Omit it from the simp argument list.
  [apply] simp [emptyFlag_cons, formFailSt, encodeFormSem, encodeFormMode, encodeFormStack]

Note: This linter can be disabled with `set_option linter.unusedSimpArgs false`
warning: lean/PvNP/RealizableHardness/ActualDecodeInputFP.lean:5320:48: This simp argument is unused:
  selectHead_true

Hint: Omit it from the simp argument list.
  [apply] simp [encodeFormStack, emptyFlag_nil, formMk, formSuccessMode, formSemStep, encodeFormSem, encodeFormMode,
    encodeFormStack]

Note: This linter can be disabled with `set_option linter.unusedSimpArgs false`
warning: lean/PvNP/RealizableHardness/ActualDecodeInputFP.lean:5321:42: This simp argument is unused:
  encodeFormSem

Hint: Omit it from the simp argument list.
  [apply] simp [encodeFormStack, emptyFlag_nil, selectHead_true, formMk, formSuccessMode, formSemStep, encodeFormMode,
    encodeFormStack]

Note: This linter can be disabled with `set_option linter.unusedSimpArgs false`
warning: lean/PvNP/RealizableHardness/ActualDecodeInputFP.lean:5321:57: This simp argument is unused:
  encodeFormMode

Hint: Omit it from the simp argument list.
  [apply] simp [encodeFormStack, emptyFlag_nil, selectHead_true, formMk, formSuccessMode, formSemStep, encodeFormSem,
    encodeFormStack]

Note: This linter can be disabled with `set_option linter.unusedSimpArgs false`
warning: lean/PvNP/RealizableHardness/ActualDecodeInputFP.lean:5338:20: This simp argument is unused:
  encodeFormSem

Hint: Omit it from the simp argument list.
  [apply] simp [formMk, formExpandMode, combineFrame, formSemStep, encodeFormMode, encodeFormStack, encodeFormFrame]

Note: This linter can be disabled with `set_option linter.unusedSimpArgs false`
warning: lean/PvNP/RealizableHardness/ActualDecodeInputFP.lean:5338:35: This simp argument is unused:
  encodeFormMode

Hint: Omit it from the simp argument list.
  [apply] simp [formMk, formExpandMode, combineFrame, formSemStep, encodeFormSem, encodeFormStack, encodeFormFrame]

Note: This linter can be disabled with `set_option linter.unusedSimpArgs false`
warning: lean/PvNP/RealizableHardness/ActualDecodeInputFP.lean:5351:20: This simp argument is unused:
  encodeFormSem

Hint: Omit it from the simp argument list.
  [apply] simp [formMk, formReduceMode, formSemStep, encodeFormMode, encodeFormStack, encodeFormFrame, selectHead_true,
    selectHead_false]

Note: This linter can be disabled with `set_option linter.unusedSimpArgs false`
warning: lean/PvNP/RealizableHardness/ActualDecodeInputFP.lean:5351:35: This simp argument is unused:
  encodeFormMode

Hint: Omit it from the simp argument list.
  [apply] simp [formMk, formReduceMode, formSemStep, encodeFormSem, encodeFormStack, encodeFormFrame, selectHead_true,
    selectHead_false]

Note: This linter can be disabled with `set_option linter.unusedSimpArgs false`
warning: lean/PvNP/RealizableHardness/ActualDecodeInputFP.lean:5351:51: This simp argument is unused:
  encodeFormStack

Hint: Omit it from the simp argument list.
  [apply] simp [formMk, formReduceMode, formSemStep, encodeFormSem, encodeFormMode, encodeFormFrame, selectHead_true,
    selectHead_false]

Note: This linter can be disabled with `set_option linter.unusedSimpArgs false`
warning: lean/PvNP/RealizableHardness/ActualDecodeInputFP.lean:5351:68: This simp argument is unused:
  encodeFormFrame

Hint: Omit it from the simp argument list.
  [apply] simp [formMk, formReduceMode, formSemStep, encodeFormSem, encodeFormMode, encodeFormStack, selectHead_true,
    selectHead_false]

Note: This linter can be disabled with `set_option linter.unusedSimpArgs false`
warning: lean/PvNP/RealizableHardness/ActualDecodeInputFP.lean:5352:20: This simp argument is unused:
  selectHead_true

Hint: Omit it from the simp argument list.
  [apply] simp [formMk, formReduceMode, formSemStep, encodeFormSem, encodeFormMode, encodeFormStack, encodeFormFrame,
    selectHead_false]

Note: This linter can be disabled with `set_option linter.unusedSimpArgs false`
warning: lean/PvNP/RealizableHardness/ActualDecodeInputFP.lean:5352:37: This simp argument is unused:
  selectHead_false

Hint: Omit it from the simp argument list.
  [apply] simp [formMk, formReduceMode, formSemStep, encodeFormSem, encodeFormMode, encodeFormStack, encodeFormFrame,
    selectHead_true]

Note: This linter can be disabled with `set_option linter.unusedSimpArgs false`
warning: lean/PvNP/RealizableHardness/ActualDecodeInputFP.lean:5361:12: This simp argument is unused:
  selectHead_true

Hint: Omit it from the simp argument list.
  [apply] simp [CMMSACodec.Tree.encode, splitNode_leaf, emptyFlag_nil, formFailSt, formSemStep, encodeFormSem,
    encodeFormMode, encodeFormStack]

Note: This linter can be disabled with `set_option linter.unusedSimpArgs false`
warning: lean/PvNP/RealizableHardness/ActualDecodeInputFP.lean:5375:43: This simp argument is unused:
  selectHead_true

Hint: Omit it from the simp argument list.
  [apply] simp [hn, emptyFlag_nil, formFailSt, formSemStep, encodeFormSem, encodeFormMode, encodeFormStack]

Note: This linter can be disabled with `set_option linter.unusedSimpArgs false`
warning: lean/PvNP/RealizableHardness/ActualDecodeInputFP.lean:5378:24: This simp argument is unused:
  hn

Hint: Omit it from the simp argument list.
  [apply] simp [emptyFlag_cons, selectHead_false, dropOne_cons, readDigitsTag_of_tree]

Note: This linter can be disabled with `set_option linter.unusedSimpArgs false`
warning: lean/PvNP/RealizableHardness/ActualDecodeInputFP.lean:5378:44: This simp argument is unused:
  selectHead_false

Hint: Omit it from the simp argument list.
  [apply] simp [hn, emptyFlag_cons, dropOne_cons, readDigitsTag_of_tree]

Note: This linter can be disabled with `set_option linter.unusedSimpArgs false`
warning: lean/PvNP/RealizableHardness/ActualDecodeInputFP.lean:5393:38: This simp argument is unused:
  selectHead_true

Hint: Omit it from the simp argument list.
  [apply] simp [hn, ht, formMk, formReduceMode, wrapVarEnc, formSemStep, hlt, encodeFormSem, encodeFormMode,
    encodeFormStack]

Note: This linter can be disabled with `set_option linter.unusedSimpArgs false`
warning: lean/PvNP/RealizableHardness/ActualDecodeInputFP.lean:5395:26: This simp argument is unused:
  encodeFormStack

Hint: Omit it from the simp argument list.
  [apply] simp [hn, ht, selectHead_true, formMk, formReduceMode, wrapVarEnc, formSemStep, hlt, encodeFormSem,
    encodeFormMode]

Note: This linter can be disabled with `set_option linter.unusedSimpArgs false`
warning: lean/PvNP/RealizableHardness/ActualDecodeInputFP.lean:5402:42: This simp argument is unused:
  selectHead_false

Hint: Omit it from the simp argument list.
  [apply] simp [hn, hfalse, formFailSt, formSemStep, hlt, encodeFormSem, encodeFormMode, encodeFormStack]

Note: This linter can be disabled with `set_option linter.unusedSimpArgs false`
warning: lean/PvNP/RealizableHardness/ActualDecodeInputFP.lean:5424:28: This simp argument is unused:
  selectHead_true

Hint: Omit it from the simp argument list.
  [apply] simp [CMMSACodec.Tree.encode, splitNode_leaf, emptyFlag_nil, formFailSt, formSemStep, encodeFormSem,
    encodeFormMode, encodeFormStack]

Note: This linter can be disabled with `set_option linter.unusedSimpArgs false`
warning: lean/PvNP/RealizableHardness/ActualDecodeInputFP.lean:5427:64: This simp argument is unused:
  selectHead_false

Hint: Omit it from the simp argument list.
  [apply] simp [splitNode_node, emptyFlag_cons, nodeLeft_node, nodeRight_node, formMk, formExpandMode, waitRightFrame,
    formSemStep, encodeFormSem, encodeFormMode, encodeFormStack, encodeFormFrame]

Note: This linter can be disabled with `set_option linter.unusedSimpArgs false`
warning: lean/PvNP/RealizableHardness/ActualDecodeInputFP.lean:5454:51: This simp argument is unused:
  selectHead_true

Hint: Omit it from the simp argument list.
  [apply] simp [CMMSACodec.Tree.encode, splitNode_leaf, emptyFlag_nil, formFailSt, formSemStep, encodeFormSem,
    encodeFormMode, encodeFormStack]

Note: This linter can be disabled with `set_option linter.unusedSimpArgs false`
warning: lean/PvNP/RealizableHardness/ActualDecodeInputFP.lean:5458:72: This simp argument is unused:
  selectHead_false

Hint: Omit it from the simp argument list.
  [apply] simp [splitNode_node, emptyFlag_cons, nodeLeft_node, nodeRight_node, formMk, formExpandMode, waitRightFrame,
    formSemStep, encodeFormSem, encodeFormMode, encodeFormStack, encodeFormFrame]

Note: This linter can be disabled with `set_option linter.unusedSimpArgs false`
warning: lean/PvNP/RealizableHardness/ActualDecodeInputFP.lean:5939:36: This simp argument is unused:
  encode_node_length

Hint: Omit it from the simp argument list.
  [apply] simp [encode_andTag, CMMSACodec.Tree.encode] at ht0 ⊢

Note: This linter can be disabled with `set_option linter.unusedSimpArgs false`
warning: lean/PvNP/RealizableHardness/ActualDecodeInputFP.lean:5939:56: This simp argument is unused:
  encode_andTag

Hint: Omit it from the simp argument list.
  [apply] simp [encode_node_length, CMMSACodec.Tree.encode] at ht0 ⊢

Note: This linter can be disabled with `set_option linter.unusedSimpArgs false`
warning: lean/PvNP/RealizableHardness/ActualDecodeInputFP.lean:5946:34: This simp argument is unused:
  encode_node_length

Hint: Omit it from the simp argument list.
  [apply] simp [encode_andTag, CMMSACodec.Tree.encode] at ht0 ⊢

Note: This linter can be disabled with `set_option linter.unusedSimpArgs false`
warning: lean/PvNP/RealizableHardness/ActualDecodeInputFP.lean:5946:54: This simp argument is unused:
  encode_andTag

Hint: Omit it from the simp argument list.
  [apply] simp [encode_node_length, CMMSACodec.Tree.encode] at ht0 ⊢

Note: This linter can be disabled with `set_option linter.unusedSimpArgs false`
warning: lean/PvNP/RealizableHardness/ActualDecodeInputFP.lean:5995:44: This simp argument is unused:
  encode_node_length

Hint: Omit it from the simp argument list.
  [apply] simp [encode_orTag, CMMSACodec.Tree.encode] at ht0 ⊢

Note: This linter can be disabled with `set_option linter.unusedSimpArgs false`
warning: lean/PvNP/RealizableHardness/ActualDecodeInputFP.lean:5995:64: This simp argument is unused:
  encode_orTag

Hint: Omit it from the simp argument list.
  [apply] simp [encode_node_length, CMMSACodec.Tree.encode] at ht0 ⊢

Note: This linter can be disabled with `set_option linter.unusedSimpArgs false`
warning: lean/PvNP/RealizableHardness/ActualDecodeInputFP.lean:6002:42: This simp argument is unused:
  encode_node_length

Hint: Omit it from the simp argument list.
  [apply] simp [encode_orTag, CMMSACodec.Tree.encode] at ht0 ⊢

Note: This linter can be disabled with `set_option linter.unusedSimpArgs false`
warning: lean/PvNP/RealizableHardness/ActualDecodeInputFP.lean:6002:62: This simp argument is unused:
  encode_orTag

Hint: Omit it from the simp argument list.
  [apply] simp [encode_node_length, CMMSACodec.Tree.encode] at ht0 ⊢

Note: This linter can be disabled with `set_option linter.unusedSimpArgs false`
warning: lean/PvNP/RealizableHardness/ActualDecodeInputFP.lean:6127:53: This simp argument is unused:
  List.append_assoc

Hint: Omit it from the simp argument list.
  [apply] simp [wrapRowEnc, rowTree, CMMSACodec.Tree.encode]

Note: This linter can be disabled with `set_option linter.unusedSimpArgs false`
warning: lean/PvNP/RealizableHardness/ActualDecodeInputFP.lean:6174:8: This simp argument is unused:
  selectHead_true

Hint: Omit it from the simp argument list.
  [apply] simp [CMMSACodec.Tree.encode, splitNode_leaf, emptyFlag_nil, readRow]

Note: This linter can be disabled with `set_option linter.unusedSimpArgs false`
warning: lean/PvNP/RealizableHardness/ActualDecodeInputFP.lean:6176:44: This simp argument is unused:
  selectHead_false

Hint: Omit it from the simp argument list.
  [apply] simp [splitNode_node, emptyFlag_cons, dropOne_cons, nodeLeft_node, nodeRight_node, readSignedTag_of_tree]

Note: This linter can be disabled with `set_option linter.unusedSimpArgs false`
warning: lean/PvNP/RealizableHardness/ActualDecodeInputFP.lean:6176:62: This simp argument is unused:
  dropOne_cons

Hint: Omit it from the simp argument list.
  [apply] simp [splitNode_node, emptyFlag_cons, selectHead_false, nodeLeft_node, nodeRight_node, readSignedTag_of_tree]

Note: This linter can be disabled with `set_option linter.unusedSimpArgs false`
warning: lean/PvNP/RealizableHardness/ActualDecodeInputFP.lean:6180:44: This simp argument is unused:
  selectHead_true

Hint: Omit it from the simp argument list.
  [apply] simp [readRow, hs, emptyFlag_nil]

Note: This linter can be disabled with `set_option linter.unusedSimpArgs false`
warning: lean/PvNP/RealizableHardness/ActualDecodeInputFP.lean:6182:45: This simp argument is unused:
  selectHead_false

Hint: Omit it from the simp argument list.
  [apply] simp [readRow, hs, emptyFlag_cons, dropOne_cons, readFormulaTag_of_pair]

Note: This linter can be disabled with `set_option linter.unusedSimpArgs false`
warning: lean/PvNP/RealizableHardness/ActualDecodeInputFP.lean:6186:20: This simp argument is unused:
  hf

Hint: Omit it from the simp argument list.
  [apply] simp [emptyFlag_nil, selectHead_true]

Note: This linter can be disabled with `set_option linter.unusedSimpArgs false`
warning: lean/PvNP/RealizableHardness/ActualDecodeInputFP.lean:6186:39: This simp argument is unused:
  selectHead_true

Hint: Omit it from the simp argument list.
  [apply] simp [hf, emptyFlag_nil]

Note: This linter can be disabled with `set_option linter.unusedSimpArgs false`
warning: lean/PvNP/RealizableHardness/ActualDecodeInputFP.lean:6189:20: This simp argument is unused:
  hf

Hint: Omit it from the simp argument list.
  [apply] simp [emptyFlag_cons, selectHead_false, dropOne_cons, hw]

Note: This linter can be disabled with `set_option linter.unusedSimpArgs false`
warning: lean/PvNP/RealizableHardness/ActualDecodeInputFP.lean:6189:40: This simp argument is unused:
  selectHead_false

Hint: Omit it from the simp argument list.
  [apply] simp [hf, emptyFlag_cons, dropOne_cons, hw]

Note: This linter can be disabled with `set_option linter.unusedSimpArgs false`
warning: lean/PvNP/RealizableHardness/ActualDecodeInputFP.lean:6472:24: This simp argument is unused:
  selectHead_false

Hint: Omit it from the simp argument list.
  [apply] simp [encodeRowListSem, rowListSemStep, rowStep, rowSt, digPack, emptyFlag_cons]

Note: This linter can be disabled with `set_option linter.unusedSimpArgs false`
warning: lean/PvNP/RealizableHardness/ActualDecodeInputFP.lean:6475:24: This simp argument is unused:
  selectHead_false

Hint: Omit it from the simp argument list.
  [apply] simp [encodeRowListSem, rowListSemStep, rowStep, rowSt, digPack, emptyFlag_cons]

Note: This linter can be disabled with `set_option linter.unusedSimpArgs false`
warning: lean/PvNP/RealizableHardness/ActualDecodeInputFP.lean:6483:47: This simp argument is unused:
  selectHead_true

Hint: Omit it from the simp argument list.
  [apply] simp [CMMSACodec.Tree.encode, hleaf, rowListSemStep, encodeRowListSem, rowSt, digPack]

Note: This linter can be disabled with `set_option linter.unusedSimpArgs false`
warning: lean/PvNP/RealizableHardness/ActualDecodeInputFP.lean:6484:12: This simp argument is unused:
  encodeRowListSem

Hint: Omit it from the simp argument list.
  [apply] simp [CMMSACodec.Tree.encode, hleaf, selectHead_true, rowListSemStep, rowSt, digPack]

Note: This linter can be disabled with `set_option linter.unusedSimpArgs false`
warning: lean/PvNP/RealizableHardness/ActualDecodeInputFP.lean:6484:30: This simp argument is unused:
  rowSt

Hint: Omit it from the simp argument list.
  [apply] simp [CMMSACodec.Tree.encode, hleaf, selectHead_true, rowListSemStep, encodeRowListSem, digPack]

Note: This linter can be disabled with `set_option linter.unusedSimpArgs false`
warning: lean/PvNP/RealizableHardness/ActualDecodeInputFP.lean:6484:37: This simp argument is unused:
  digPack

Hint: Omit it from the simp argument list.
  [apply] simp [CMMSACodec.Tree.encode, hleaf, selectHead_true, rowListSemStep, encodeRowListSem, rowSt]

Note: This linter can be disabled with `set_option linter.unusedSimpArgs false`
warning: lean/PvNP/RealizableHardness/ActualDecodeInputFP.lean:6494:55: This simp argument is unused:
  selectHead_true

Hint: Omit it from the simp argument list.
  [apply] simp [rowListSemStep, hr, emptyFlag_nil, encodeRowListSem, rowSt, digPack]

Note: This linter can be disabled with `set_option linter.unusedSimpArgs false`
warning: lean/PvNP/RealizableHardness/ActualDecodeInputFP.lean:6495:16: This simp argument is unused:
  encodeRowListSem

Hint: Omit it from the simp argument list.
  [apply] simp [rowListSemStep, hr, emptyFlag_nil, selectHead_true, rowSt, digPack]

Note: This linter can be disabled with `set_option linter.unusedSimpArgs false`
warning: lean/PvNP/RealizableHardness/ActualDecodeInputFP.lean:6495:34: This simp argument is unused:
  rowSt

Hint: Omit it from the simp argument list.
  [apply] simp [rowListSemStep, hr, emptyFlag_nil, selectHead_true, encodeRowListSem, digPack]

Note: This linter can be disabled with `set_option linter.unusedSimpArgs false`
warning: lean/PvNP/RealizableHardness/ActualDecodeInputFP.lean:6495:41: This simp argument is unused:
  digPack

Hint: Omit it from the simp argument list.
  [apply] simp [rowListSemStep, hr, emptyFlag_nil, selectHead_true, encodeRowListSem, rowSt]

Note: This linter can be disabled with `set_option linter.unusedSimpArgs false`
warning: lean/PvNP/RealizableHardness/ActualDecodeInputFP.lean:6497:56: This simp argument is unused:
  selectHead_false

Hint: Omit it from the simp argument list.
  [apply] simp [rowListSemStep, hr, emptyFlag_cons, encodeRowListSem, rowSt, digPack]

Note: This linter can be disabled with `set_option linter.unusedSimpArgs false`
warning: lean/PvNP/RealizableHardness/ActualDecodeInputFP.lean:6498:16: This simp argument is unused:
  encodeRowListSem

Hint: Omit it from the simp argument list.
  [apply] simp [rowListSemStep, hr, emptyFlag_cons, selectHead_false, rowSt, digPack]

Note: This linter can be disabled with `set_option linter.unusedSimpArgs false`
warning: lean/PvNP/RealizableHardness/ActualDecodeInputFP.lean:6498:34: This simp argument is unused:
  rowSt

Hint: Omit it from the simp argument list.
  [apply] simp [rowListSemStep, hr, emptyFlag_cons, selectHead_false, encodeRowListSem, digPack]

Note: This linter can be disabled with `set_option linter.unusedSimpArgs false`
warning: lean/PvNP/RealizableHardness/ActualDecodeInputFP.lean:6498:41: This simp argument is unused:
  digPack

Hint: Omit it from the simp argument list.
  [apply] simp [rowListSemStep, hr, emptyFlag_cons, selectHead_false, encodeRowListSem, rowSt]

Note: This linter can be disabled with `set_option linter.unusedSimpArgs false`
warning: lean/PvNP/RealizableHardness/ActualDecodeInputFP.lean:6536:26: This simp argument is unused:
  hp

Hint: Omit it from the simp argument list.
  [apply] simp

Note: This linter can be disabled with `set_option linter.unusedSimpArgs false`
warning: lean/PvNP/RealizableHardness/ActualDecodeInputFP.lean:6538:20: This simp argument is unused:
  hp

Hint: Omit it from the simp argument list.
  [apply] simp

Note: This linter can be disabled with `set_option linter.unusedSimpArgs false`
warning: lean/PvNP/RealizableHardness/ActualDecodeInputFP.lean:6540:30: This simp argument is unused:
  hq

Hint: Omit it from the simp argument list.
  [apply] simp

Note: This linter can be disabled with `set_option linter.unusedSimpArgs false`
warning: lean/PvNP/RealizableHardness/ActualDecodeInputFP.lean:6542:24: This simp argument is unused:
  hq

Hint: Omit it from the simp argument list.
  [apply] simp

Note: This linter can be disabled with `set_option linter.unusedSimpArgs false`
warning: lean/PvNP/RealizableHardness/ActualDecodeInputFP.lean:6898:23: This simp argument is unused:
  selectHead_true

Hint: Omit it from the simp argument list.
  [apply] simp [readParametersTag, CMMSACodec.Tree.encode, splitNode_leaf, emptyFlag_nil, readParameters]

Note: This linter can be disabled with `set_option linter.unusedSimpArgs false`
warning: lean/PvNP/RealizableHardness/ActualDecodeInputFP.lean:6900:63: This simp argument is unused:
  selectHead_false

Hint: Omit it from the simp argument list.
  [apply] simp [readParametersTag, splitNode_node, emptyFlag_cons, dropOne_cons, nodeLeft_node, nodeRight_node]

Note: This linter can be disabled with `set_option linter.unusedSimpArgs false`
warning: lean/PvNP/RealizableHardness/ActualDecodeInputFP.lean:6901:8: This simp argument is unused:
  dropOne_cons

Hint: Omit it from the simp argument list.
  [apply] simp [readParametersTag, splitNode_node, emptyFlag_cons, selectHead_false, nodeLeft_node, nodeRight_node]

Note: This linter can be disabled with `set_option linter.unusedSimpArgs false`
warning: lean/PvNP/RealizableHardness/ActualDecodeInputFP.lean:6905:12: This simp argument is unused:
  selectHead_true

Hint: Omit it from the simp argument list.
  [apply] simp [CMMSACodec.Tree.encode, splitNode_leaf, emptyFlag_nil, readParameters]

Note: This linter can be disabled with `set_option linter.unusedSimpArgs false`
warning: lean/PvNP/RealizableHardness/ActualDecodeInputFP.lean:6907:48: This simp argument is unused:
  selectHead_false

Hint: Omit it from the simp argument list.
  [apply] simp [splitNode_node, emptyFlag_cons, dropOne_cons, nodeLeft_node, nodeRight_node]

Note: This linter can be disabled with `set_option linter.unusedSimpArgs false`
warning: lean/PvNP/RealizableHardness/ActualDecodeInputFP.lean:6907:66: This simp argument is unused:
  dropOne_cons

Hint: Omit it from the simp argument list.
  [apply] simp [splitNode_node, emptyFlag_cons, selectHead_false, nodeLeft_node, nodeRight_node]

Note: This linter can be disabled with `set_option linter.unusedSimpArgs false`
warning: lean/PvNP/RealizableHardness/ActualDecodeInputFP.lean:6912:16: This simp argument is unused:
  selectHead_true

Hint: Omit it from the simp argument list.
  [apply] simp [CMMSACodec.Tree.encode, splitNode_leaf, emptyFlag_nil, readParameters]

Note: This linter can be disabled with `set_option linter.unusedSimpArgs false`
warning: lean/PvNP/RealizableHardness/ActualDecodeInputFP.lean:6914:52: This simp argument is unused:
  selectHead_false

Hint: Omit it from the simp argument list.
  [apply] simp [splitNode_node, emptyFlag_cons, dropOne_cons, nodeLeft_node, nodeRight_node, readSignedTag_of_tree]

Note: This linter can be disabled with `set_option linter.unusedSimpArgs false`
warning: lean/PvNP/RealizableHardness/ActualDecodeInputFP.lean:6915:16: This simp argument is unused:
  dropOne_cons

Hint: Omit it from the simp argument list.
  [apply] simp [splitNode_node, emptyFlag_cons, selectHead_false, nodeLeft_node, nodeRight_node, readSignedTag_of_tree]

Note: This linter can be disabled with `set_option linter.unusedSimpArgs false`
warning: lean/PvNP/RealizableHardness/ActualDecodeInputFP.lean:6919:59: This simp argument is unused:
  selectHead_true

Hint: Omit it from the simp argument list.
  [apply] simp [readParameters, hs, emptyFlag_nil]

Note: This linter can be disabled with `set_option linter.unusedSimpArgs false`
warning: lean/PvNP/RealizableHardness/ActualDecodeInputFP.lean:6921:60: This simp argument is unused:
  selectHead_false

Hint: Omit it from the simp argument list.
  [apply] simp [readParameters, hs, emptyFlag_cons, dropOne_cons, readSignedTag_of_tree]

Note: This linter can be disabled with `set_option linter.unusedSimpArgs false`
warning: lean/PvNP/RealizableHardness/ActualDecodeInputFP.lean:6922:34: This simp argument is unused:
  readSignedTag_of_tree

Hint: Omit it from the simp argument list.
  [apply] simp [readParameters, hs, emptyFlag_cons, selectHead_false, dropOne_cons]

Note: This linter can be disabled with `set_option linter.unusedSimpArgs false`
warning: lean/PvNP/RealizableHardness/ActualDecodeInputFP.lean:6925:28: This simp argument is unused:
  he

Hint: Omit it from the simp argument list.
  [apply] simp [emptyFlag_nil, selectHead_true]

Note: This linter can be disabled with `set_option linter.unusedSimpArgs false`
warning: lean/PvNP/RealizableHardness/ActualDecodeInputFP.lean:6925:47: This simp argument is unused:
  selectHead_true

Hint: Omit it from the simp argument list.
  [apply] simp [he, emptyFlag_nil]

Note: This linter can be disabled with `set_option linter.unusedSimpArgs false`
warning: lean/PvNP/RealizableHardness/ActualDecodeInputFP.lean:6927:28: This simp argument is unused:
  he

Hint: Omit it from the simp argument list.
  [apply] simp [emptyFlag_cons, selectHead_false, dropOne_cons, readSignedTag_of_tree]

Note: This linter can be disabled with `set_option linter.unusedSimpArgs false`
warning: lean/PvNP/RealizableHardness/ActualDecodeInputFP.lean:6927:48: This simp argument is unused:
  selectHead_false

Hint: Omit it from the simp argument list.
  [apply] simp [he, emptyFlag_cons, dropOne_cons, readSignedTag_of_tree]

Note: This linter can be disabled with `set_option linter.unusedSimpArgs false`
warning: lean/PvNP/RealizableHardness/ActualDecodeInputFP.lean:6928:24: This simp argument is unused:
  readSignedTag_of_tree

Hint: Omit it from the simp argument list.
  [apply] simp [he, emptyFlag_cons, selectHead_false, dropOne_cons]

Note: This linter can be disabled with `set_option linter.unusedSimpArgs false`
warning: lean/PvNP/RealizableHardness/ActualDecodeInputFP.lean:6931:32: This simp argument is unused:
  hg

Hint: Omit it from the simp argument list.
  [apply] simp [emptyFlag_nil, selectHead_true]

Note: This linter can be disabled with `set_option linter.unusedSimpArgs false`
warning: lean/PvNP/RealizableHardness/ActualDecodeInputFP.lean:6931:51: This simp argument is unused:
  selectHead_true

Hint: Omit it from the simp argument list.
  [apply] simp [hg, emptyFlag_nil]

Note: This linter can be disabled with `set_option linter.unusedSimpArgs false`
warning: lean/PvNP/RealizableHardness/ActualDecodeInputFP.lean:6933:32: This simp argument is unused:
  hg

Hint: Omit it from the simp argument list.
  [apply] simp [emptyFlag_cons, selectHead_false, dropOne_cons, readNatTag_of_tree]

Note: This linter can be disabled with `set_option linter.unusedSimpArgs false`
warning: lean/PvNP/RealizableHardness/ActualDecodeInputFP.lean:6933:52: This simp argument is unused:
  selectHead_false

Hint: Omit it from the simp argument list.
  [apply] simp [hg, emptyFlag_cons, dropOne_cons, readNatTag_of_tree]

Note: This linter can be disabled with `set_option linter.unusedSimpArgs false`
warning: lean/PvNP/RealizableHardness/ActualDecodeInputFP.lean:6937:36: This simp argument is unused:
  hk

Hint: Omit it from the simp argument list.
  [apply] simp [emptyFlag_nil, selectHead_true]

Note: This linter can be disabled with `set_option linter.unusedSimpArgs false`
warning: lean/PvNP/RealizableHardness/ActualDecodeInputFP.lean:6937:55: This simp argument is unused:
  selectHead_true

Hint: Omit it from the simp argument list.
  [apply] simp [hk, emptyFlag_nil]

Note: This linter can be disabled with `set_option linter.unusedSimpArgs false`
warning: lean/PvNP/RealizableHardness/ActualDecodeInputFP.lean:6941:36: This simp argument is unused:
  hk

Hint: Omit it from the simp argument list.
  [apply] simp [emptyFlag_cons, selectHead_false, dropOne_cons, hw]

Note: This linter can be disabled with `set_option linter.unusedSimpArgs false`
warning: lean/PvNP/RealizableHardness/ActualDecodeInputFP.lean:6941:56: This simp argument is unused:
  selectHead_false

Hint: Omit it from the simp argument list.
  [apply] simp [hk, emptyFlag_cons, dropOne_cons, hw]

Note: This linter can be disabled with `set_option linter.unusedSimpArgs false`
warning: lean/PvNP/RealizableHardness/ActualDecodeInputFP.lean:6977:22: Variable name `a` is not explicitly referenced.

Hint: The binding can be removed (if unused) or named `_` (if used implicitly). Alternatively, prefix the name with `_` to silence this warning:
  [apply] _a

Note: This linter can be disabled with `set_option linter.unusedVariables false`
warning: lean/PvNP/RealizableHardness/ActualDecodeInputFP.lean:7188:27: This simp argument is unused:
  selectHead_true

Hint: Omit it from the simp argument list.
  [apply] simp [emptyFlag_nil, mulVal, hrem, bitValue]

Note: This linter can be disabled with `set_option linter.unusedSimpArgs false`
warning: lean/PvNP/RealizableHardness/ActualDecodeInputFP.lean:7211:27: This simp argument is unused:
  selectHead_true

Hint: Omit it from the simp argument list.
  [apply] simp [emptyFlag_nil, dropOne_nil, hrem]

Note: This linter can be disabled with `set_option linter.unusedSimpArgs false`
warning: lean/PvNP/RealizableHardness/ActualDecodeInputFP.lean:7213:28: This simp argument is unused:
  selectHead_false

Hint: Omit it from the simp argument list.
  [apply] simp [emptyFlag_cons, dropOne_cons, mulPack, hrem]

Note: This linter can be disabled with `set_option linter.unusedSimpArgs false`
warning: lean/PvNP/RealizableHardness/ActualDecodeInputFP.lean:7213:69: This simp argument is unused:
  hrem

Hint: Omit it from the simp argument list.
  [apply] simp [emptyFlag_cons, selectHead_false, dropOne_cons, mulPack]

Note: This linter can be disabled with `set_option linter.unusedSimpArgs false`
warning: lean/PvNP/RealizableHardness/ActualDecodeInputFP.lean:7222:37: This simp argument is unused:
  Nat.add_comm

Hint: Omit it from the simp argument list.
  [apply] simp [dropOne, List.drop_drop]

Note: This linter can be disabled with `set_option linter.unusedSimpArgs false`
warning: lean/PvNP/RealizableHardness/ActualDecodeInputFP.lean:7263:40: This simp argument is unused:
  List.length_replicate

Hint: Omit it from the simp argument list.
  [apply] simp [validBound, List.length_append]

Note: This linter can be disabled with `set_option linter.unusedSimpArgs false`
warning: lean/PvNP/RealizableHardness/ActualDecodeInputFP.lean:7527:4: try 'simp' instead of 'simpa'

Note: This linter can be disabled with `set_option linter.unnecessarySimpa false`
warning: lean/PvNP/RealizableHardness/ActualDecodeInputFP.lean:7728:37: This simp argument is unused:
  selectHead_true

Hint: Omit it from the simp argument list.
  [apply] simp [readTableTag, emptyFlag_nil]

Note: This linter can be disabled with `set_option linter.unusedSimpArgs false`
warning: lean/PvNP/RealizableHardness/ActualDecodeInputFP.lean:7821:25: This simp argument is unused:
  hd

Hint: Omit it from the simp argument list.
  [apply] simp [foldAcc_nil]

Note: This linter can be disabled with `set_option linter.unusedSimpArgs false`
warning: lean/PvNP/RealizableHardness/ActualDecodeInputFP.lean:7926:27: This simp argument is unused:
  Nat.add_mul

Hint: Omit it from the simp argument list.
  [apply] simp [Nat.mul_add, Nat.mul_assoc, Nat.mul_left_comm, Nat.mul_comm]

Note: This linter can be disabled with `set_option linter.unusedSimpArgs false`
warning: lean/PvNP/RealizableHardness/ActualDecodeInputFP.lean:7973:10: This simp argument is unused:
  List.length_append

Hint: Omit it from the simp argument list.
  [apply] simp [digitTree, CMMSACodec.Tree.encode, List.length_cons]

Note: This linter can be disabled with `set_option linter.unusedSimpArgs false`
warning: lean/PvNP/RealizableHardness/ActualDecodeInputFP.lean:8030:12: This simp argument is unused:
  rowsEnc_nil

Hint: Omit it from the simp argument list.
  [apply] simp [rowsEnc]

Note: This linter can be disabled with `set_option linter.unusedSimpArgs false`
warning: lean/PvNP/RealizableHardness/ActualDecodeInputFP.lean:8139:26: This simp argument is unused:
  pairFst_pair

Hint: Omit it from the simp argument list.
  [apply] simp [vSeen, validPack, pairSnd_pair]

Note: This linter can be disabled with `set_option linter.unusedSimpArgs false`
warning: lean/PvNP/RealizableHardness/ActualDecodeInputFP.lean:8149:47: This simp argument is unused:
  selectHead_false

Hint: Omit it from the simp argument list.
  [apply] simp [validStep, vFlag_pack, emptyFlag_cons]

Note: This linter can be disabled with `set_option linter.unusedSimpArgs false`
warning: lean/PvNP/RealizableHardness/ActualDecodeInputFP.lean:8160:46: This simp argument is unused:
  selectHead_true

Hint: Omit it from the simp argument list.
  [apply] simp [validStep, vFlag_pack, emptyFlag_nil]

Note: This linter can be disabled with `set_option linter.unusedSimpArgs false`
warning: lean/PvNP/RealizableHardness/ActualDecodeInputFP.lean:8167:37: This simp argument is unused:
  selectHead_true

Hint: Omit it from the simp argument list.
  [apply] simp [validLeaf, vRem_pack, hleaf]

Note: This linter can be disabled with `set_option linter.unusedSimpArgs false`
warning: lean/PvNP/RealizableHardness/ActualDecodeInputFP.lean:8185:26: This simp argument is unused:
  rowsEnc_cons

Hint: Omit it from the simp argument list.
  [apply] simp [vRest, vRem_pack, nodeRight_node, rowsEnc, listTree]

Note: This linter can be disabled with `set_option linter.unusedSimpArgs false`
warning: lean/PvNP/RealizableHardness/ActualDecodeInputFP.lean:8234:57: This simp argument is unused:
  selectHead_false

Hint: Omit it from the simp argument list.
  [apply] simp [validLeaf, vRem_pack, eqFlag_eq_false_of_ne hne]

Note: This linter can be disabled with `set_option linter.unusedSimpArgs false`
warning: lean/PvNP/RealizableHardness/ActualDecodeInputFP.lean:8242:4: This simp argument is unused:
  selectHead_false

Hint: Omit it from the simp argument list.
  [apply] simp [validRemNode, vRem_pack, rowsEnc_cons, splitNode_node, emptyFlag_cons]

Note: This linter can be disabled with `set_option linter.unusedSimpArgs false`
warning: lean/PvNP/RealizableHardness/ActualDecodeInputFP.lean:8250:4: This simp argument is unused:
  selectHead_false

Hint: Omit it from the simp argument list.
  [apply] simp [validRowNode, vRow_cons, rowTree, splitNode_node, emptyFlag_cons]

Note: This linter can be disabled with `set_option linter.unusedSimpArgs false`
warning: lean/PvNP/RealizableHardness/ActualDecodeInputFP.lean:8264:64: This simp argument is unused:
  selectHead_false

Hint: Omit it from the simp argument list.
  [apply] simp [validSign, vSig_cons, hsign, eqFlag_eq_false_of_ne hne, vFail_pack]

Note: This linter can be disabled with `set_option linter.unusedSimpArgs false`
warning: lean/PvNP/RealizableHardness/ActualDecodeInputFP.lean:8301:4: This simp argument is unused:
  selectHead_false

Hint: Omit it from the simp argument list.
  [apply] simp [validNRead, vRat_cons, ratTree, nodeLeft_node, hdig, emptyFlag_cons]

Note: This linter can be disabled with `set_option linter.unusedSimpArgs false`
warning: lean/PvNP/RealizableHardness/ActualDecodeInputFP.lean:8313:4: This simp argument is unused:
  selectHead_false

Hint: Omit it from the simp argument list.
  [apply] simp [validDRead, vRat_cons, ratTree, nodeRight_node, hdig, emptyFlag_cons]

Note: This linter can be disabled with `set_option linter.unusedSimpArgs false`
warning: lean/PvNP/RealizableHardness/ActualDecodeInputFP.lean:8323:61: This simp argument is unused:
  selectHead_false

Hint: Omit it from the simp argument list.
  [apply] simp [validDigitsOk, vDBits_cons, emptyFlag_of_ne_nil hne]

Note: This linter can be disabled with `set_option linter.unusedSimpArgs false`
warning: lean/PvNP/RealizableHardness/ActualDecodeInputFP.lean:8328:5: Variable name `hnum` is not explicitly referenced.

Hint: The binding can be removed (if unused) or named `_` (if used implicitly). Alternatively, prefix the name with `_` to silence this warning:
  [apply] _hnum

Note: This linter can be disabled with `set_option linter.unusedVariables false`
warning: lean/PvNP/RealizableHardness/ActualDecodeInputFP.lean:8329:5: Variable name `hden` is not explicitly referenced.

Hint: The binding can be removed (if unused) or named `_` (if used implicitly). Alternatively, prefix the name with `_` to silence this warning:
  [apply] _hden

Note: This linter can be disabled with `set_option linter.unusedVariables false`
warning: lean/PvNP/RealizableHardness/ActualDecodeInputFP.lean:8381:19: This simp argument is unused:
  bits_zero

Hint: Omit it from the simp argument list.
  [apply] simp [validInit, bits_one, validSeen]

Note: This linter can be disabled with `set_option linter.unusedSimpArgs false`
warning: lean/PvNP/RealizableHardness/ActualDecodeInputFP.lean:8381:30: This simp argument is unused:
  bits_one

Hint: Omit it from the simp argument list.
  [apply] simp [validInit, bits_zero, validSeen]

Note: This linter can be disabled with `set_option linter.unusedSimpArgs false`
warning: lean/PvNP/RealizableHardness/ActualDecodeInputFP.lean:8406:12: This simp argument is unused:
  foldAcc_append

Hint: Omit it from the simp argument list.
  [apply] simp [validSeen]

Note: This linter can be disabled with `set_option linter.unusedSimpArgs false`
warning: lean/PvNP/RealizableHardness/ActualDecodeInputFP.lean:8482:8: try 'simp' instead of 'simpa'

Note: This linter can be disabled with `set_option linter.unnecessarySimpa false`
warning: lean/PvNP/RealizableHardness/ActualDecodeInputFP.lean:8520:38: This simp argument is unused:
  selectHead_false

Hint: Omit it from the simp argument list.
  [apply] simp [validStep, h, emptyFlag_cons]

Note: This linter can be disabled with `set_option linter.unusedSimpArgs false`
warning: lean/PvNP/RealizableHardness/ActualDecodeInputFP.lean:8565:23: This simp argument is unused:
  hs

Hint: Omit it from the simp argument list.
  [apply] simp [selectHead_cons_false']

Note: This linter can be disabled with `set_option linter.unusedSimpArgs false`
warning: lean/PvNP/RealizableHardness/ActualDecodeInputFP.lean:8567:16: This simp argument is unused:
  hs

Hint: Omit it from the simp argument list.
  [apply] simp [selectHead_cons_true', h, emptyFlag_cons, selectHead_false]

Note: This linter can be disabled with `set_option linter.unusedSimpArgs false`
warning: lean/PvNP/RealizableHardness/ActualDecodeInputFP.lean:8567:62: This simp argument is unused:
  selectHead_false

Hint: Omit it from the simp argument list.
  [apply] simp [hs, selectHead_cons_true', h, emptyFlag_cons]

Note: This linter can be disabled with `set_option linter.unusedSimpArgs false`
warning: lean/PvNP/RealizableHardness/ActualDecodeInputFP.lean:8673:54: `if_pos` has been deprecated: Use `ite_eq_left` instead
warning: lean/PvNP/RealizableHardness/ActualDecodeInputFP.lean:8693:18: `if_neg` has been deprecated: Use `ite_eq_right` instead
warning: lean/PvNP/RealizableHardness/ActualDecodeInputFP.lean:8702:40: `if_neg` has been deprecated: Use `ite_eq_right` instead
warning: lean/PvNP/RealizableHardness/ActualDecodeInputFP.lean:8692:44: This simp argument is unused:
  selectHead_false

Hint: Omit it from the simp argument list.
  [apply] simp [vNum_pack, vDen_pack, hneq]

Note: This linter can be disabled with `set_option linter.unusedSimpArgs false`
warning: lean/PvNP/RealizableHardness/ActualDecodeInputFP.lean:8712:38: This simp argument is unused:
  selectHead_false

Hint: Omit it from the simp argument list.
  [apply] simp [readTableTag, emptyFlag_cons, dropOne_cons]

Note: This linter can be disabled with `set_option linter.unusedSimpArgs false`
warning: lean/PvNP/RealizableHardness/ActualDecodeInputFP.lean:8718:10: This simp argument is unused:
  selectHead_true

Hint: Omit it from the simp argument list.
  [apply] simp

Note: This linter can be disabled with `set_option linter.unusedSimpArgs false`
warning: lean/PvNP/RealizableHardness/ActualDecodeInputFP.lean:8777:26: This simp argument is unused:
  List.length_replicate

Hint: Omit it from the simp argument list.
  [apply] simp [lenWidth, lenArg]

Note: This linter can be disabled with `set_option linter.unusedSimpArgs false`
warning: lean/PvNP/RealizableHardness/ActualDecodeInputFP.lean:8902:63: This simp argument is unused:
  selectHead_false

Hint: Omit it from the simp argument list.
  [apply] simp [encodeLenSem, lenSemStep, lenPack, emptyFlag_cons]

Note: This linter can be disabled with `set_option linter.unusedSimpArgs false`
warning: lean/PvNP/RealizableHardness/ActualDecodeInputFP.lean:8905:19: This simp argument is unused:
  selectHead_true

Hint: Omit it from the simp argument list.
  [apply] simp [hleaf]

Note: This linter can be disabled with `set_option linter.unusedSimpArgs false`
warning: lean/PvNP/RealizableHardness/ActualDecodeInputFP.lean:8913:56: This simp argument is unused:
  selectHead_false

Hint: Omit it from the simp argument list.
  [apply] simp [CMMSACodec.Tree.encode, emptyFlag_cons, hleaf, selectHead_true, lenSemStep, encodeLenSem, lenPack]

Note: This linter can be disabled with `set_option linter.unusedSimpArgs false`
warning: lean/PvNP/RealizableHardness/ActualDecodeInputFP.lean:8914:12: This simp argument is unused:
  selectHead_true

Hint: Omit it from the simp argument list.
  [apply] simp [CMMSACodec.Tree.encode, emptyFlag_cons, selectHead_false, hleaf, lenSemStep, encodeLenSem, lenPack]

Note: This linter can be disabled with `set_option linter.unusedSimpArgs false`
warning: lean/PvNP/RealizableHardness/ActualDecodeInputFP.lean:8914:41: This simp argument is unused:
  encodeLenSem

Hint: Omit it from the simp argument list.
  [apply] simp [CMMSACodec.Tree.encode, emptyFlag_cons, selectHead_false, hleaf, selectHead_true, lenSemStep, lenPack]

Note: This linter can be disabled with `set_option linter.unusedSimpArgs false`
warning: lean/PvNP/RealizableHardness/ActualDecodeInputFP.lean:8914:55: This simp argument is unused:
  lenPack

Hint: Omit it from the simp argument list.
  [apply] simp [CMMSACodec.Tree.encode, emptyFlag_cons, selectHead_false, hleaf, selectHead_true, lenSemStep,
    encodeLenSem]

Note: This linter can be disabled with `set_option linter.unusedSimpArgs false`
warning: lean/PvNP/RealizableHardness/ActualDecodeInputFP.lean:8919:56: This simp argument is unused:
  selectHead_false

Hint: Omit it from the simp argument list.
  [apply] simp [CMMSACodec.Tree.encode, emptyFlag_cons]

Note: This linter can be disabled with `set_option linter.unusedSimpArgs false`
warning: lean/PvNP/RealizableHardness/ActualDecodeInputFP.lean:8924:28: This simp argument is unused:
  encodeLenSem

Hint: Omit it from the simp argument list.
  [apply] simp [lenSemStep, lenPack]

Note: This linter can be disabled with `set_option linter.unusedSimpArgs false`
warning: lean/PvNP/RealizableHardness/ActualDecodeInputFP.lean:8924:42: This simp argument is unused:
  lenPack

Hint: Omit it from the simp argument list.
  [apply] simp [lenSemStep, encodeLenSem]

Note: This linter can be disabled with `set_option linter.unusedSimpArgs false`
warning: lean/PvNP/RealizableHardness/ActualDecodeInputFP.lean:9214:32: `if_pos` has been deprecated: Use `ite_eq_left` instead
warning: lean/PvNP/RealizableHardness/ActualDecodeInputFP.lean:9241:32: `if_neg` has been deprecated: Use `ite_eq_right` instead
warning: lean/PvNP/RealizableHardness/ActualDecodeInputFP.lean:9170:63: This simp argument is unused:
  selectHead_true

Hint: Omit it from the simp argument list.
  [apply] simp [readInputTag, inputWTag, inputRArg, inputRTag, inputTTag, inputPArg, inputPTag, inputBArg, inputBTag,
    inputMArg, inputMTag, inputWrap, CMMSACodec.Tree.encode, splitNode_leaf, emptyFlag_nil, readInput]

Note: This linter can be disabled with `set_option linter.unusedSimpArgs false`
warning: lean/PvNP/RealizableHardness/ActualDecodeInputFP.lean:9175:40: This simp argument is unused:
  selectHead_false

Hint: Omit it from the simp argument list.
  [apply] simp [readInputTag, inputWTag, inputRArg, inputRTag, inputTTag, inputPArg, inputPTag, inputBArg, inputBTag,
    inputMArg, inputMTag, inputWrap, splitNode_node, emptyFlag_cons, dropOne_cons, nodeLeft_node, nodeRight_node]

Note: This linter can be disabled with `set_option linter.unusedSimpArgs false`
warning: lean/PvNP/RealizableHardness/ActualDecodeInputFP.lean:9175:58: This simp argument is unused:
  dropOne_cons

Hint: Omit it from the simp argument list.
  [apply] simp [readInputTag, inputWTag, inputRArg, inputRTag, inputTTag, inputPArg, inputPTag, inputBArg, inputBTag,
    inputMArg, inputMTag, inputWrap, splitNode_node, emptyFlag_cons, selectHead_false, nodeLeft_node, nodeRight_node]

Note: This linter can be disabled with `set_option linter.unusedSimpArgs false`
warning: lean/PvNP/RealizableHardness/ActualDecodeInputFP.lean:9180:12: This simp argument is unused:
  selectHead_true

Hint: Omit it from the simp argument list.
  [apply] simp [CMMSACodec.Tree.encode, splitNode_leaf, emptyFlag_nil, readInput]

Note: This linter can be disabled with `set_option linter.unusedSimpArgs false`
warning: lean/PvNP/RealizableHardness/ActualDecodeInputFP.lean:9182:48: This simp argument is unused:
  selectHead_false

Hint: Omit it from the simp argument list.
  [apply] simp [splitNode_node, emptyFlag_cons, dropOne_cons, nodeLeft_node, nodeRight_node]

Note: This linter can be disabled with `set_option linter.unusedSimpArgs false`
warning: lean/PvNP/RealizableHardness/ActualDecodeInputFP.lean:9182:66: This simp argument is unused:
  dropOne_cons

Hint: Omit it from the simp argument list.
  [apply] simp [splitNode_node, emptyFlag_cons, selectHead_false, nodeLeft_node, nodeRight_node]

Note: This linter can be disabled with `set_option linter.unusedSimpArgs false`
warning: lean/PvNP/RealizableHardness/ActualDecodeInputFP.lean:9187:16: This simp argument is unused:
  selectHead_true

Hint: Omit it from the simp argument list.
  [apply] simp [CMMSACodec.Tree.encode, splitNode_leaf, emptyFlag_nil, readInput]

Note: This linter can be disabled with `set_option linter.unusedSimpArgs false`
warning: lean/PvNP/RealizableHardness/ActualDecodeInputFP.lean:9189:52: This simp argument is unused:
  selectHead_false

Hint: Omit it from the simp argument list.
  [apply] simp [splitNode_node, emptyFlag_cons, dropOne_cons, nodeLeft_node, nodeRight_node]

Note: This linter can be disabled with `set_option linter.unusedSimpArgs false`
warning: lean/PvNP/RealizableHardness/ActualDecodeInputFP.lean:9190:16: This simp argument is unused:
  dropOne_cons

Hint: Omit it from the simp argument list.
  [apply] simp [splitNode_node, emptyFlag_cons, selectHead_false, nodeLeft_node, nodeRight_node]

Note: This linter can be disabled with `set_option linter.unusedSimpArgs false`
warning: lean/PvNP/RealizableHardness/ActualDecodeInputFP.lean:9194:20: This simp argument is unused:
  selectHead_true

Hint: Omit it from the simp argument list.
  [apply] simp [CMMSACodec.Tree.encode, splitNode_leaf, emptyFlag_nil, readInput]

Note: This linter can be disabled with `set_option linter.unusedSimpArgs false`
warning: lean/PvNP/RealizableHardness/ActualDecodeInputFP.lean:9196:56: This simp argument is unused:
  selectHead_false

Hint: Omit it from the simp argument list.
  [apply] simp [splitNode_node, emptyFlag_cons, dropOne_cons, nodeLeft_node, nodeRight_node, readListTag_of_tree]

Note: This linter can be disabled with `set_option linter.unusedSimpArgs false`
warning: lean/PvNP/RealizableHardness/ActualDecodeInputFP.lean:9197:20: This simp argument is unused:
  dropOne_cons

Hint: Omit it from the simp argument list.
  [apply] simp [splitNode_node, emptyFlag_cons, selectHead_false, nodeLeft_node, nodeRight_node, readListTag_of_tree]

Note: This linter can be disabled with `set_option linter.unusedSimpArgs false`
warning: lean/PvNP/RealizableHardness/ActualDecodeInputFP.lean:9201:58: This simp argument is unused:
  selectHead_true

Hint: Omit it from the simp argument list.
  [apply] simp [readInput, hw, emptyFlag_nil]

Note: This linter can be disabled with `set_option linter.unusedSimpArgs false`
warning: lean/PvNP/RealizableHardness/ActualDecodeInputFP.lean:9203:59: This simp argument is unused:
  selectHead_false

Hint: Omit it from the simp argument list.
  [apply] simp [readInput, hw, emptyFlag_cons, dropOne_cons, listLenBits_of_listTree, List.length_map,
    readRowListTag_of_pair]

Note: This linter can be disabled with `set_option linter.unusedSimpArgs false`
warning: lean/PvNP/RealizableHardness/ActualDecodeInputFP.lean:9208:32: This simp argument is unused:
  hr

Hint: Omit it from the simp argument list.
  [apply] simp [readTableTag_empty, emptyFlag_nil, selectHead_true]

Note: This linter can be disabled with `set_option linter.unusedSimpArgs false`
warning: lean/PvNP/RealizableHardness/ActualDecodeInputFP.lean:9209:28: This simp argument is unused:
  selectHead_true

Hint: Omit it from the simp argument list.
  [apply] simp [hr, readTableTag_empty, emptyFlag_nil]

Note: This linter can be disabled with `set_option linter.unusedSimpArgs false`
warning: lean/PvNP/RealizableHardness/ActualDecodeInputFP.lean:9211:32: This simp argument is unused:
  hr

Hint: Omit it from the simp argument list.
  [apply] simp

Note: This linter can be disabled with `set_option linter.unusedSimpArgs false`
warning: lean/PvNP/RealizableHardness/ActualDecodeInputFP.lean:9215:50: This simp argument is unused:
  selectHead_false

Hint: Omit it from the simp argument list.
  [apply] simp [emptyFlag_cons, dropOne_cons, FiniteSourceSampler.readTable, hval, readParametersTag_of_tree]

Note: This linter can be disabled with `set_option linter.unusedSimpArgs false`
warning: lean/PvNP/RealizableHardness/ActualDecodeInputFP.lean:9220:38: This simp argument is unused:
  hp

Hint: Omit it from the simp argument list.
  [apply] simp [emptyFlag_nil, selectHead_true]

Note: This linter can be disabled with `set_option linter.unusedSimpArgs false`
warning: lean/PvNP/RealizableHardness/ActualDecodeInputFP.lean:9220:57: This simp argument is unused:
  selectHead_true

Hint: Omit it from the simp argument list.
  [apply] simp [hp, emptyFlag_nil]

Note: This linter can be disabled with `set_option linter.unusedSimpArgs false`
warning: lean/PvNP/RealizableHardness/ActualDecodeInputFP.lean:9222:38: This simp argument is unused:
  hp

Hint: Omit it from the simp argument list.
  [apply] simp [emptyFlag_cons, selectHead_false, dropOne_cons, readNatTag_of_tree]

Note: This linter can be disabled with `set_option linter.unusedSimpArgs false`
warning: lean/PvNP/RealizableHardness/ActualDecodeInputFP.lean:9222:58: This simp argument is unused:
  selectHead_false

Hint: Omit it from the simp argument list.
  [apply] simp [hp, emptyFlag_cons, dropOne_cons, readNatTag_of_tree]

Note: This linter can be disabled with `set_option linter.unusedSimpArgs false`
warning: lean/PvNP/RealizableHardness/ActualDecodeInputFP.lean:9226:42: This simp argument is unused:
  hb

Hint: Omit it from the simp argument list.
  [apply] simp [emptyFlag_nil, selectHead_true]

Note: This linter can be disabled with `set_option linter.unusedSimpArgs false`
warning: lean/PvNP/RealizableHardness/ActualDecodeInputFP.lean:9226:61: This simp argument is unused:
  selectHead_true

Hint: Omit it from the simp argument list.
  [apply] simp [hb, emptyFlag_nil]

Note: This linter can be disabled with `set_option linter.unusedSimpArgs false`
warning: lean/PvNP/RealizableHardness/ActualDecodeInputFP.lean:9228:42: This simp argument is unused:
  hb

Hint: Omit it from the simp argument list.
  [apply] simp [emptyFlag_cons, selectHead_false, dropOne_cons, readNatTag_of_tree]

Note: This linter can be disabled with `set_option linter.unusedSimpArgs false`
warning: lean/PvNP/RealizableHardness/ActualDecodeInputFP.lean:9228:62: This simp argument is unused:
  selectHead_false

Hint: Omit it from the simp argument list.
  [apply] simp [hb, emptyFlag_cons, dropOne_cons, readNatTag_of_tree]

Note: This linter can be disabled with `set_option linter.unusedSimpArgs false`
warning: lean/PvNP/RealizableHardness/ActualDecodeInputFP.lean:9229:52: This simp argument is unused:
  readNatTag_of_tree

Hint: Omit it from the simp argument list.
  [apply] simp [hb, emptyFlag_cons, selectHead_false, dropOne_cons]

Note: This linter can be disabled with `set_option linter.unusedSimpArgs false`
warning: lean/PvNP/RealizableHardness/ActualDecodeInputFP.lean:9232:46: This simp argument is unused:
  hm

Hint: Omit it from the simp argument list.
  [apply] simp [emptyFlag_nil, selectHead_true]

Note: This linter can be disabled with `set_option linter.unusedSimpArgs false`
warning: lean/PvNP/RealizableHardness/ActualDecodeInputFP.lean:9233:42: This simp argument is unused:
  selectHead_true

Hint: Omit it from the simp argument list.
  [apply] simp [hm, emptyFlag_nil]

Note: This linter can be disabled with `set_option linter.unusedSimpArgs false`
warning: lean/PvNP/RealizableHardness/ActualDecodeInputFP.lean:9238:46: This simp argument is unused:
  hm

Hint: Omit it from the simp argument list.
  [apply] simp [emptyFlag_cons, selectHead_false, dropOne_cons]

Note: This linter can be disabled with `set_option linter.unusedSimpArgs false`
warning: lean/PvNP/RealizableHardness/ActualDecodeInputFP.lean:9239:42: This simp argument is unused:
  selectHead_false

Hint: Omit it from the simp argument list.
  [apply] simp [hm, emptyFlag_cons, dropOne_cons]

Note: This linter can be disabled with `set_option linter.unusedSimpArgs false`
warning: lean/PvNP/RealizableHardness/ActualDecodeInputFP.lean:9242:49: This simp argument is unused:
  selectHead_true

Hint: Omit it from the simp argument list.
  [apply] simp [emptyFlag_nil, FiniteSourceSampler.readTable, hval]

Note: This linter can be disabled with `set_option linter.unusedSimpArgs false`
warning: lean/PvNP/RealizableHardness/ActualDecodeInputFP.lean:9254:45: This simp argument is unused:
  selectHead_true

Hint: Omit it from the simp argument list.
  [apply] simp [treeParseTag, hp, emptyFlag_nil]

Note: This linter can be disabled with `set_option linter.unusedSimpArgs false`
warning: lean/PvNP/RealizableHardness/ActualDecodeInputFP.lean:9257:46: This simp argument is unused:
  selectHead_false

Hint: Omit it from the simp argument list.
  [apply] simp [treeParseTag, hp, emptyFlag_cons, dropOne_cons, pairFst_pair, pairSnd_pair]

Note: This linter can be disabled with `set_option linter.unusedSimpArgs false`
warning: lean/PvNP/RealizableHardness/ActualDecodeInputFP.lean:9264:32: This simp argument is unused:
  selectHead_false

Hint: Omit it from the simp argument list.
  [apply] simp [emptyFlag_cons]

Note: This linter can be disabled with `set_option linter.unusedSimpArgs false`
⚠ [2459/2461] Replayed PvNP.RealizableHardness.ExecutableSamplingPolicy
warning: lean/PvNP/RealizableHardness/ExecutableSamplingPolicy.lean:199:6: `if_pos` has been deprecated: Use `ite_eq_left` instead
⚠ [2460/2461] Built PvNP.RealizableHardness.ActualSelectedCmmsaSeededMap (20s)
warning: lean/PvNP/RealizableHardness/ActualSelectedCmmsaSeededMap.lean:961:63: This simp argument is unused:
  nodeRight_node

Hint: Omit it from the simp argument list.
  [apply] simp only [nuFalseDigit, nuTrueDigit, nodeLeft_node]

Note: This linter can be disabled with `set_option linter.unusedSimpArgs false`
warning: lean/PvNP/RealizableHardness/ActualSelectedCmmsaSeededMap.lean:968:24: This simp argument is unused:
  nuFalseDigit

Hint: Omit it from the simp argument list.
  [apply] simp [hp, nuRulerOf_pack, nuRem_pack, nodeRight_node, nuPow_pack, nuAcc_pack, nuClamp, nuClamp_add, nuSemStep,
    encodeNu]

Note: This linter can be disabled with `set_option linter.unusedSimpArgs false`
warning: lean/PvNP/RealizableHardness/ActualSelectedCmmsaSeededMap.lean:969:49: This simp argument is unused:
  nuClamp_add

Hint: Omit it from the simp argument list.
  [apply] simp [hp, nuFalseDigit, nuRulerOf_pack, nuRem_pack, nodeRight_node, nuPow_pack, nuAcc_pack, nuClamp,
    nuSemStep, encodeNu]

Note: This linter can be disabled with `set_option linter.unusedSimpArgs false`
warning: lean/PvNP/RealizableHardness/ActualSelectedCmmsaSeededMap.lean:991:32: This simp argument is unused:
  nuTrueDigit

Hint: Omit it from the simp argument list.
  [apply] simp [ht, nuRulerOf_pack, nuRem_pack, nodeRight_node, nuPow_pack, nuAcc_pack, nuClamp, nuClamp_add, nuSemStep,
    encodeNu]

Note: This linter can be disabled with `set_option linter.unusedSimpArgs false`
warning: lean/PvNP/RealizableHardness/ActualSelectedCmmsaSeededMap.lean:992:73: This simp argument is unused:
  nuClamp_add

Hint: Omit it from the simp argument list.
  [apply] simp [ht, nuTrueDigit, nuRulerOf_pack, nuRem_pack, nodeRight_node, nuPow_pack, nuAcc_pack, nuClamp, nuSemStep,
    encodeNu]

Note: This linter can be disabled with `set_option linter.unusedSimpArgs false`
warning: lean/PvNP/RealizableHardness/ActualSelectedCmmsaSeededMap.lean:1035:11: Variable name `a` is not explicitly referenced.

Hint: The binding can be removed (if unused) or named `_` (if used implicitly). Alternatively, prefix the name with `_` to silence this warning:
  [apply] _a

Note: This linter can be disabled with `set_option linter.unusedVariables false`
warning: lean/PvNP/RealizableHardness/ActualSelectedCmmsaSeededMap.lean:1038:21: Variable name `ha` is not explicitly referenced.

Hint: The binding can be removed (if unused) or named `_` (if used implicitly). Alternatively, prefix the name with `_` to silence this warning:
  [apply] _ha

Note: This linter can be disabled with `set_option linter.unusedVariables false`
info: lean/PvNP/RealizableHardness/ActualSelectedCmmsaSeededMap.lean:1090:14: Try this:
  [apply] ring_nf
  
  The `ring` tactic failed to close the goal. Use `ring_nf` to obtain a normal form.
    
  Note that `ring` works primarily in *commutative* rings. If you have a noncommutative ring, abelian group or module, consider using `noncomm_ring`, `abel` or `module` instead.
warning: lean/PvNP/RealizableHardness/ActualSelectedCmmsaSeededMap.lean:1115:18: This simp argument is unused:
  Nat.min_eq_left hL

Hint: Omit it from the simp argument list.
  [apply] simp [Nat.min_eq_left hR]

Note: This linter can be disabled with `set_option linter.unusedSimpArgs false`
warning: lean/PvNP/RealizableHardness/ActualSelectedCmmsaSeededMap.lean:1167:10: This simp argument is unused:
  List.length_append

Hint: Omit it from the simp argument list.
  [apply] simp [digitTree, CMMSACodec.Tree.encode, List.length_cons]

Note: This linter can be disabled with `set_option linter.unusedSimpArgs false`
ℹ [2461/2461] Built PvNP.RealizableHardness.ActualSelectedCmmsaSeededMapChecks (1.4s)
info: lean/PvNP/RealizableHardness/ActualSelectedCmmsaSeededMapChecks.lean:19:0: PvNP.RealizableHardness.ActualSelectedCmmsaSeededMap.selectedPairedRun (L : ℕ) (eps : ℚ) : List Bool → List Bool
info: lean/PvNP/RealizableHardness/ActualSelectedCmmsaSeededMapChecks.lean:20:0: PvNP.RealizableHardness.ActualSelectedCmmsaSeededMap.selectedCoinRuler (eps : ℚ) : List Bool → List Bool
info: lean/PvNP/RealizableHardness/ActualSelectedCmmsaSeededMapChecks.lean:21:0: PvNP.RealizableHardness.ActualSelectedCmmsaSeededMap.selectedCoinRuler_mem_FP (eps : ℚ) : selectedCoinRuler eps ∈ FP
info: lean/PvNP/RealizableHardness/ActualSelectedCmmsaSeededMapChecks.lean:22:0: PvNP.RealizableHardness.ActualSelectedCmmsaSeededMap.paddedRunGuardTag (eps : ℚ) (z : List Bool) : List Bool
info: lean/PvNP/RealizableHardness/ActualSelectedCmmsaSeededMapChecks.lean:23:0: PvNP.RealizableHardness.ActualSelectedCmmsaSeededMap.paddedRunGuardTag_mem_FP (eps : ℚ) : paddedRunGuardTag eps ∈ FP
info: lean/PvNP/RealizableHardness/ActualSelectedCmmsaSeededMapChecks.lean:24:0: PvNP.RealizableHardness.ActualSelectedCmmsaSeededMap.paddedRunGuardTag_eq (eps : ℚ) (z : List Bool) :
  paddedRunGuardTag eps z =
    match decodeInput (pairFst z) with
    | none => []
    | some val =>
      if (pairSnd z).length = coinRuler eps (pairFst z).length then true :: pair (pairFst z) (pairSnd z) else []
info: lean/PvNP/RealizableHardness/ActualSelectedCmmsaSeededMapChecks.lean:25:0: PvNP.RealizableHardness.ActualSelectedCmmsaSeededMap.paddedRunGuardTag_empty (eps : ℚ) : paddedRunGuardTag eps [] = []
info: lean/PvNP/RealizableHardness/ActualSelectedCmmsaSeededMapChecks.lean:26:0: PvNP.RealizableHardness.ActualSelectedCmmsaSeededMap.runOptionGuardTag (z : List Bool) : List Bool
info: lean/PvNP/RealizableHardness/ActualSelectedCmmsaSeededMapChecks.lean:27:0: PvNP.RealizableHardness.ActualSelectedCmmsaSeededMap.runOptionGuardTag_mem_FP : runOptionGuardTag ∈ FP
info: lean/PvNP/RealizableHardness/ActualSelectedCmmsaSeededMapChecks.lean:28:0: PvNP.RealizableHardness.ActualSelectedCmmsaSeededMap.runOptionGuardTag_none (z : List Bool)
  (h : decodeInput (pairFst z) = none) : runOptionGuardTag z = []
info: lean/PvNP/RealizableHardness/ActualSelectedCmmsaSeededMapChecks.lean:29:0: PvNP.RealizableHardness.ActualSelectedCmmsaSeededMap.runOptionGuardTag_empty : runOptionGuardTag [] = []
info: lean/PvNP/RealizableHardness/ActualSelectedCmmsaSeededMapChecks.lean:30:0: PvNP.RealizableHardness.ActualSelectedCmmsaSeededMap.runOptionGuardTag_eq (z : List Bool) (x : Input)
  (h : decodeInput (pairFst z) = some x) :
  runOptionGuardTag z = if (pairSnd z).length = x.trials * x.precision then true :: pair (pairFst z) (pairSnd z) else []
info: lean/PvNP/RealizableHardness/ActualSelectedCmmsaSeededMapChecks.lean:31:0: PvNP.RealizableHardness.ActualSelectedCmmsaSeededMap.runOptionTruncationTag (z : List Bool) : List Bool
info: lean/PvNP/RealizableHardness/ActualSelectedCmmsaSeededMapChecks.lean:32:0: PvNP.RealizableHardness.ActualSelectedCmmsaSeededMap.runOptionTruncationTag_mem_FP : runOptionTruncationTag ∈ FP
info: lean/PvNP/RealizableHardness/ActualSelectedCmmsaSeededMapChecks.lean:33:0: PvNP.RealizableHardness.ActualSelectedCmmsaSeededMap.runOptionTruncationTag_eq (z : List Bool) (x : Input)
  (h : decodeInput (pairFst z) = some x) :
  runOptionTruncationTag z =
    List.take (min ((pairSnd z).length + 1) x.trials * min ((pairSnd z).length + 1) x.precision) (pairSnd z)
info: lean/PvNP/RealizableHardness/ActualSelectedCmmsaSeededMapChecks.lean:35:0: 'PvNP.RealizableHardness.ActualSelectedCmmsaSeededMap.selectedCoinRuler_mem_FP' depends on axioms: [propext,
 Classical.choice,
 Quot.sound]
info: lean/PvNP/RealizableHardness/ActualSelectedCmmsaSeededMapChecks.lean:36:0: 'PvNP.RealizableHardness.ActualSelectedCmmsaSeededMap.paddedRunGuardTag_mem_FP' depends on axioms: [propext,
 Classical.choice,
 Quot.sound]
info: lean/PvNP/RealizableHardness/ActualSelectedCmmsaSeededMapChecks.lean:37:0: 'PvNP.RealizableHardness.ActualSelectedCmmsaSeededMap.paddedRunGuardTag_eq' depends on axioms: [propext,
 Classical.choice,
 Quot.sound]
info: lean/PvNP/RealizableHardness/ActualSelectedCmmsaSeededMapChecks.lean:38:0: 'PvNP.RealizableHardness.ActualSelectedCmmsaSeededMap.paddedRunGuardTag_empty' depends on axioms: [propext,
 Classical.choice,
 Quot.sound]
info: lean/PvNP/RealizableHardness/ActualSelectedCmmsaSeededMapChecks.lean:39:0: 'PvNP.RealizableHardness.ActualSelectedCmmsaSeededMap.runOptionGuardTag_mem_FP' depends on axioms: [propext,
 Classical.choice,
 Quot.sound]
info: lean/PvNP/RealizableHardness/ActualSelectedCmmsaSeededMapChecks.lean:40:0: 'PvNP.RealizableHardness.ActualSelectedCmmsaSeededMap.runOptionGuardTag_none' depends on axioms: [propext,
 Classical.choice,
 Quot.sound]
info: lean/PvNP/RealizableHardness/ActualSelectedCmmsaSeededMapChecks.lean:41:0: 'PvNP.RealizableHardness.ActualSelectedCmmsaSeededMap.runOptionGuardTag_empty' depends on axioms: [propext,
 Classical.choice,
 Quot.sound]
info: lean/PvNP/RealizableHardness/ActualSelectedCmmsaSeededMapChecks.lean:42:0: 'PvNP.RealizableHardness.ActualSelectedCmmsaSeededMap.runOptionGuardTag_eq' depends on axioms: [propext,
 Classical.choice,
 Quot.sound]
info: lean/PvNP/RealizableHardness/ActualSelectedCmmsaSeededMapChecks.lean:43:0: 'PvNP.RealizableHardness.ActualSelectedCmmsaSeededMap.runOptionTruncationTag_mem_FP' depends on axioms: [propext,
 Classical.choice,
 Quot.sound]
info: lean/PvNP/RealizableHardness/ActualSelectedCmmsaSeededMapChecks.lean:44:0: 'PvNP.RealizableHardness.ActualSelectedCmmsaSeededMap.runOptionTruncationTag_eq' depends on axioms: [propext,
 Classical.choice,
 Quot.sound]
Build completed successfully (2461 jobs).
