⚠ [3350/3396] Built PvNP.RealizableHardness.ActualStarQuestionSupport (2.7s)
warning: lean/PvNP/RealizableHardness/ActualStarQuestionSupport.lean:16:0: automatically included section variable(s) unused in theorem `PvNP.RealizableHardness.ActualStarQuestionSupport.excluded_row_points_eq`:
  [Fintype X]
  [Fintype E]
consider restructuring your `variable` declarations so that the variables are not in scope or explicitly omit them:
  omit [Fintype X] [Fintype E] in theorem ...

Note: This linter can be disabled with `set_option linter.unusedSectionVars false`
info: lean/PvNP/RealizableHardness/ActualStarQuestionSupport.lean:84:0: 'PvNP.RealizableHardness.ActualStarQuestionSupport.excluded_row_points_eq' depends on axioms: [propext,
 Classical.choice,
 Quot.sound]
info: lean/PvNP/RealizableHardness/ActualStarQuestionSupport.lean:85:0: 'PvNP.RealizableHardness.ActualStarQuestionSupport.excluded_row_overlap_le_one' depends on axioms: [propext,
 Classical.choice,
 Quot.sound]
info: lean/PvNP/RealizableHardness/ActualStarQuestionSupport.lean:86:0: 'PvNP.RealizableHardness.ActualStarQuestionSupport.new_row_private_coordinate' depends on axioms: [propext,
 Classical.choice,
 Quot.sound]
✔ [3351/3396] Built PvNP.RealizableHardness.RandomizedReduction (5.5s)
✔ [3352/3405] Built PvNP.RealizableHardness.SubmoduleFunctionalGluing (6.0s)
✔ [3353/3405] Built PvNP.RealizableHardness.ActualCmmsaParameterReconciliation (7.5s)
⚠ [3355/3406] Built PvNP.RealizableHardness.ActualStarSpanIntersection (5.1s)
warning: lean/PvNP/RealizableHardness/ActualStarSpanIntersection.lean:33:0: automatically included section variable(s) unused in theorem `PvNP.RealizableHardness.ActualStarSpanIntersection.equationVector_mem_coordinateSpace`:
  [Fintype X]
  [Fintype E]
  [DecidableEq E]
consider restructuring your `variable` declarations so that the variables are not in scope or explicitly omit them:
  omit [Fintype X] [Fintype E] [DecidableEq E] in theorem ...

Note: This linter can be disabled with `set_option linter.unusedSectionVars false`
warning: lean/PvNP/RealizableHardness/ActualStarSpanIntersection.lean:43:0: automatically included section variable(s) unused in theorem `PvNP.RealizableHardness.ActualStarSpanIntersection.equationVector_mem_equationSpan`:
  [Fintype X]
  [Fintype E]
  [DecidableEq E]
consider restructuring your `variable` declarations so that the variables are not in scope or explicitly omit them:
  omit [Fintype X] [Fintype E] [DecidableEq E] in theorem ...

Note: This linter can be disabled with `set_option linter.unusedSectionVars false`
info: lean/PvNP/RealizableHardness/ActualStarSpanIntersection.lean:109:0: 'PvNP.RealizableHardness.ActualStarSpanIntersection.equationSpan_inf_coordinateSpace' depends on axioms: [propext,
 Classical.choice,
 Quot.sound]
⚠ [3356/3437] Built PvNP.RealizableHardness.EqualityGadget (8.2s)
warning: lean/PvNP/RealizableHardness/EqualityGadget.lean:112:0: automatically included section variable(s) unused in theorem `PvNP.RealizableHardness.EqualityGadget.relabeled_row_injective`:
  [DecidableEq V]
consider restructuring your `variable` declarations so that the variables are not in scope or explicitly omit them:
  omit [DecidableEq V] in theorem ...

Note: This linter can be disabled with `set_option linter.unusedSectionVars false`
warning: lean/PvNP/RealizableHardness/EqualityGadget.lean:115:0: automatically included section variable(s) unused in theorem `PvNP.RealizableHardness.EqualityGadget.relabeled_support_card`:
  [DecidableEq V]
consider restructuring your `variable` declarations so that the variables are not in scope or explicitly omit them:
  omit [DecidableEq V] in theorem ...

Note: This linter can be disabled with `set_option linter.unusedSectionVars false`
warning: lean/PvNP/RealizableHardness/EqualityGadget.lean:118:0: automatically included section variable(s) unused in theorem `PvNP.RealizableHardness.EqualityGadget.relabeled_support_injective`:
  [DecidableEq V]
consider restructuring your `variable` declarations so that the variables are not in scope or explicitly omit them:
  omit [DecidableEq V] in theorem ...

Note: This linter can be disabled with `set_option linter.unusedSectionVars false`
warning: lean/PvNP/RealizableHardness/EqualityGadget.lean:144:0: automatically included section variable(s) unused in theorem `PvNP.RealizableHardness.EqualityGadget.relabeled_satisfied`:
  [DecidableEq V]
consider restructuring your `variable` declarations so that the variables are not in scope or explicitly omit them:
  omit [DecidableEq V] in theorem ...

Note: This linter can be disabled with `set_option linter.unusedSectionVars false`
warning: lean/PvNP/RealizableHardness/EqualityGadget.lean:148:0: automatically included section variable(s) unused in theorem `PvNP.RealizableHardness.EqualityGadget.relabeled_violations_lower`:
  [DecidableEq V]
consider restructuring your `variable` declarations so that the variables are not in scope or explicitly omit them:
  omit [DecidableEq V] in theorem ...

Note: This linter can be disabled with `set_option linter.unusedSectionVars false`
⚠ [3358/3454] Built PvNP.RealizableHardness.StarListDecoding (8.5s)
warning: lean/PvNP/RealizableHardness/StarListDecoding.lean:44:8: automatically included section variable(s) unused in theorem `PvNP.RealizableHardness.StarListDecoding.Star.center_mem`:
  [Fintype V]
  [(v : V) → Fintype (Sigma v)]
  [∀ (v : V), Nonempty (Sigma v)]
consider restructuring your `variable` declarations so that the variables are not in scope or explicitly omit them:
  omit [Fintype V] [(v : V) → Fintype (Sigma v)] [∀ (v : V), Nonempty (Sigma v)] in theorem ...

Note: This linter can be disabled with `set_option linter.unusedSectionVars false`
warning: lean/PvNP/RealizableHardness/StarListDecoding.lean:48:8: automatically included section variable(s) unused in theorem `PvNP.RealizableHardness.StarListDecoding.Star.leaf_mem`:
  [Fintype V]
  [(v : V) → Fintype (Sigma v)]
  [∀ (v : V), Nonempty (Sigma v)]
consider restructuring your `variable` declarations so that the variables are not in scope or explicitly omit them:
  omit [Fintype V] [(v : V) → Fintype (Sigma v)] [∀ (v : V), Nonempty (Sigma v)] in theorem ...

Note: This linter can be disabled with `set_option linter.unusedSectionVars false`
warning: lean/PvNP/RealizableHardness/StarListDecoding.lean:63:0: automatically included section variable(s) unused in theorem `PvNP.RealizableHardness.StarListDecoding.choices_nonempty`:
  [Fintype V]
  [(v : V) → Fintype (Sigma v)]
consider restructuring your `variable` declarations so that the variables are not in scope or explicitly omit them:
  omit [Fintype V] [(v : V) → Fintype (Sigma v)] in theorem ...

Note: This linter can be disabled with `set_option linter.unusedSectionVars false`
warning: lean/PvNP/RealizableHardness/StarListDecoding.lean:77:0: automatically included section variable(s) unused in theorem `PvNP.RealizableHardness.StarListDecoding.coordMass_nonneg`:
  [Fintype V]
  [(v : V) → Fintype (Sigma v)]
consider restructuring your `variable` declarations so that the variables are not in scope or explicitly omit them:
  omit [Fintype V] [(v : V) → Fintype (Sigma v)] in theorem ...

Note: This linter can be disabled with `set_option linter.unusedSectionVars false`
warning: lean/PvNP/RealizableHardness/StarListDecoding.lean:110:8: `if_neg` has been deprecated: Use `ite_eq_right` instead
warning: lean/PvNP/RealizableHardness/StarListDecoding.lean:113:51: `if_neg` has been deprecated: Use `ite_eq_right` instead
warning: lean/PvNP/RealizableHardness/StarListDecoding.lean:179:0: automatically included section variable(s) unused in theorem `PvNP.RealizableHardness.StarListDecoding.slotSum_nonneg`:
  [Fintype V]
  [(v : V) → Fintype (Sigma v)]
  [∀ (v : V), Nonempty (Sigma v)]
consider restructuring your `variable` declarations so that the variables are not in scope or explicitly omit them:
  omit [Fintype V] [(v : V) → Fintype (Sigma v)] [∀ (v : V), Nonempty (Sigma v)] in theorem ...

Note: This linter can be disabled with `set_option linter.unusedSectionVars false`
warning: lean/PvNP/RealizableHardness/StarListDecoding.lean:183:0: automatically included section variable(s) unused in theorem `PvNP.RealizableHardness.StarListDecoding.slot_product_le`:
  [Fintype V]
  [(v : V) → Fintype (Sigma v)]
  [∀ (v : V), Nonempty (Sigma v)]
consider restructuring your `variable` declarations so that the variables are not in scope or explicitly omit them:
  omit [Fintype V] [(v : V) → Fintype (Sigma v)] [∀ (v : V), Nonempty (Sigma v)] in theorem ...

Note: This linter can be disabled with `set_option linter.unusedSectionVars false`
warning: lean/PvNP/RealizableHardness/StarListDecoding.lean:199:15: Variable name `hrho` is not explicitly referenced.

Hint: The binding can be removed (if unused) or named `_` (if used implicitly). Alternatively, prefix the name with `_` to silence this warning:
  [apply] _hrho

Note: This linter can be disabled with `set_option linter.unusedVariables false`
warning: lean/PvNP/RealizableHardness/StarListDecoding.lean:232:0: automatically included section variable(s) unused in theorem `PvNP.RealizableHardness.StarListDecoding.occurrenceWeight_nonneg`:
  [Fintype V]
  [(v : V) → Fintype (Sigma v)]
  [∀ (v : V), Nonempty (Sigma v)]
consider restructuring your `variable` declarations so that the variables are not in scope or explicitly omit them:
  omit [Fintype V] [(v : V) → Fintype (Sigma v)] [∀ (v : V), Nonempty (Sigma v)] in theorem ...

Note: This linter can be disabled with `set_option linter.unusedSectionVars false`
warning: lean/PvNP/RealizableHardness/StarListDecoding.lean:243:0: automatically included section variable(s) unused in theorem `PvNP.RealizableHardness.StarListDecoding.occurrenceWeight_sum`:
  [(v : V) → Fintype (Sigma v)]
  [∀ (v : V), Nonempty (Sigma v)]
consider restructuring your `variable` declarations so that the variables are not in scope or explicitly omit them:
  omit [(v : V) → Fintype (Sigma v)] [∀ (v : V), Nonempty (Sigma v)] in theorem ...

Note: This linter can be disabled with `set_option linter.unusedSectionVars false`
warning: lean/PvNP/RealizableHardness/StarListDecoding.lean:277:0: automatically included section variable(s) unused in theorem `PvNP.RealizableHardness.StarListDecoding.selectedWeight_eq`:
  [∀ (v : V), Nonempty (Sigma v)]
consider restructuring your `variable` declarations so that the variables are not in scope or explicitly omit them:
  omit [∀ (v : V), Nonempty (Sigma v)] in theorem ...

Note: This linter can be disabled with `set_option linter.unusedSectionVars false`
warning: lean/PvNP/RealizableHardness/StarListDecoding.lean:298:0: automatically included section variable(s) unused in theorem `PvNP.RealizableHardness.StarListDecoding.mean_slotSum`:
  [(v : V) → Fintype (Sigma v)]
  [∀ (v : V), Nonempty (Sigma v)]
consider restructuring your `variable` declarations so that the variables are not in scope or explicitly omit them:
  omit [(v : V) → Fintype (Sigma v)] [∀ (v : V), Nonempty (Sigma v)] in theorem ...

Note: This linter can be disabled with `set_option linter.unusedSectionVars false`
warning: lean/PvNP/RealizableHardness/StarListDecoding.lean:344:17: `if_pos` has been deprecated: Use `ite_eq_left` instead
warning: lean/PvNP/RealizableHardness/StarListDecoding.lean:346:17: `if_neg` has been deprecated: Use `ite_eq_right` instead
warning: lean/PvNP/RealizableHardness/StarListDecoding.lean:372:12: This simp argument is unused:
  hw

Hint: Omit it from the simp argument list.
  [apply] simp [hs, not_lt_of_ge, lt_of_not_ge, hp e, *]

Note: This linter can be disabled with `set_option linter.unusedSimpArgs false`
warning: lean/PvNP/RealizableHardness/StarListDecoding.lean:372:16: This simp argument is unused:
  hs

Hint: Omit it from the simp argument list.
  [apply] simp [hw, not_lt_of_ge, lt_of_not_ge, hp e, *]

Note: This linter can be disabled with `set_option linter.unusedSimpArgs false`
warning: lean/PvNP/RealizableHardness/StarListDecoding.lean:397:17: `if_pos` has been deprecated: Use `ite_eq_left` instead
warning: lean/PvNP/RealizableHardness/StarListDecoding.lean:401:17: `if_neg` has been deprecated: Use `ite_eq_right` instead
ℹ [3361/3459] Built PvNP.RealizableHardness.ExceptionRepair (8.9s)
info: lean/PvNP/RealizableHardness/ExceptionRepair.lean:200:0: 'PvNP.RealizableHardness.exception_completeness' depends on axioms: [propext, Classical.choice, Quot.sound]
info: lean/PvNP/RealizableHardness/ExceptionRepair.lean:201:0: 'PvNP.RealizableHardness.exception_soundness' depends on axioms: [propext, Classical.choice, Quot.sound]
✔ [3364/3460] Built PvNP.RealizableHardness.PortCycleReplacement (11s)
⚠ [3365/3460] Built PvNP.RealizableHardness.RandomizedReductionAssembly (6.4s)
warning: lean/PvNP/RealizableHardness/RandomizedReductionAssembly.lean:20:8: This simp argument is unused:
  ← Finset.sum_filter

Hint: Omit it from the simp argument list.
  [apply] simp

Note: Simp arguments with `←` have the additional effect of removing the other direction from the simp set, even if the simp argument itself is unused. If the hint above does not work, try replacing `←` with `-` to only get that effect and silence this warning.

Note: This linter can be disabled with `set_option linter.unusedSimpArgs false`
warning: lean/PvNP/RealizableHardness/RandomizedReductionAssembly.lean:39:6: Unused tactic linter: `ring` does nothing

Note: This linter can be disabled with `set_option linter.unusedTactic false`
warning: lean/PvNP/RealizableHardness/RandomizedReductionAssembly.lean:39:6: this tactic is never executed

Note: This linter can be disabled with `set_option linter.unreachableTactic false`
⚠ [3366/3460] Built PvNP.RealizableHardness.ActualStarRelationCount (3.6s)
warning: lean/PvNP/RealizableHardness/ActualStarRelationCount.lean:58:4: try 'simp' instead of 'simpa'

Note: This linter can be disabled with `set_option linter.unnecessarySimpa false`
ℹ [3367/3460] Built PvNP.RealizableHardness.Formula (3.8s)
info: lean/PvNP/RealizableHardness/Formula.lean:93:0: 'PvNP.RealizableHardness.Formula.repair_complete' depends on axioms: [propext, Classical.choice, Quot.sound]
info: lean/PvNP/RealizableHardness/Formula.lean:94:0: 'PvNP.RealizableHardness.Formula.leaves_repair' depends on axioms: [propext]
info: lean/PvNP/RealizableHardness/Formula.lean:95:0: 'PvNP.RealizableHardness.Formula.repair_sound' depends on axioms: [propext, Classical.choice, Quot.sound]
⚠ [3368/3460] Built PvNP.RealizableHardness.ActualCmmsaAdmissibilitySelector (6.8s)
warning: lean/PvNP/RealizableHardness/ActualCmmsaAdmissibilitySelector.lean:70:4: Try `simp at hmem` instead of `simpa using hmem`

Note: This linter can be disabled with `set_option linter.unnecessarySimpa false`
warning: lean/PvNP/RealizableHardness/ActualCmmsaAdmissibilitySelector.lean:110:54: Variable name `hd` is not explicitly referenced.

Hint: The binding can be removed (if unused) or named `_` (if used implicitly). Alternatively, prefix the name with `_` to silence this warning:
  [apply] _hd

Note: This linter can be disabled with `set_option linter.unusedVariables false`
⚠ [3369/3460] Built PvNP.RealizableHardness.BernoulliMGF (5.7s)
warning: lean/PvNP/RealizableHardness/BernoulliMGF.lean:32:17: This simp argument is unused:
  gap

Hint: Omit it from the simp argument list.
  [apply] simp only [gapSlope, id_eq]

Note: This linter can be disabled with `set_option linter.unusedSimpArgs false`
info: lean/PvNP/RealizableHardness/BernoulliMGF.lean:101:4: Try this:
  [apply] ring_nf
  
  The `ring` tactic failed to close the goal. Use `ring_nf` to obtain a normal form.
    
  Note that `ring` works primarily in *commutative* rings. If you have a noncommutative ring, abelian group or module, consider using `noncomm_ring`, `abel` or `module` instead.
⚠ [3370/3460] Built PvNP.RealizableHardness.ActualStarAffineFunctionalSelection (7.2s)
warning: lean/PvNP/RealizableHardness/ActualStarAffineFunctionalSelection.lean:34:2: Try this: 
  letI̵

The goal is a proposition, so `let` is preferred over `letI`.
The difference between `let` and `letI` is that `letI` inlines the value.
But this is not relevant for proofs because of proof irrelevance.

Note: This linter can be disabled with `set_option linter.style.haveILetI false`
warning: lean/PvNP/RealizableHardness/ActualStarAffineFunctionalSelection.lean:35:2: Try this: 
  letI̵

The goal is a proposition, so `let` is preferred over `letI`.
The difference between `let` and `letI` is that `letI` inlines the value.
But this is not relevant for proofs because of proof irrelevance.

Note: This linter can be disabled with `set_option linter.style.haveILetI false`
warning: lean/PvNP/RealizableHardness/ActualStarAffineFunctionalSelection.lean:37:2: Try this: 
  letI̵

The goal is a proposition, so `let` is preferred over `letI`.
The difference between `let` and `letI` is that `letI` inlines the value.
But this is not relevant for proofs because of proof irrelevance.

Note: This linter can be disabled with `set_option linter.style.haveILetI false`
warning: lean/PvNP/RealizableHardness/ActualStarAffineFunctionalSelection.lean:58:16: This simp argument is unused:
  hker

Hint: Omit it from the simp argument list.
  [apply] simp [z, e, LinearMap.quotKerEquivRange_apply_mk]

Note: This linter can be disabled with `set_option linter.unusedSimpArgs false`
warning: lean/PvNP/RealizableHardness/ActualStarAffineFunctionalSelection.lean:113:2: Try this: 
  letI̵

The goal is a proposition, so `let` is preferred over `letI`.
The difference between `let` and `letI` is that `letI` inlines the value.
But this is not relevant for proofs because of proof irrelevance.

Note: This linter can be disabled with `set_option linter.style.haveILetI false`
warning: lean/PvNP/RealizableHardness/ActualStarAffineFunctionalSelection.lean:114:2: Try this: 
  letI̵

The goal is a proposition, so `let` is preferred over `letI`.
The difference between `let` and `letI` is that `letI` inlines the value.
But this is not relevant for proofs because of proof irrelevance.

Note: This linter can be disabled with `set_option linter.style.haveILetI false`
warning: lean/PvNP/RealizableHardness/ActualStarAffineFunctionalSelection.lean:115:2: Try this: 
  letI̵

The goal is a proposition, so `let` is preferred over `letI`.
The difference between `let` and `letI` is that `letI` inlines the value.
But this is not relevant for proofs because of proof irrelevance.

Note: This linter can be disabled with `set_option linter.style.haveILetI false`
warning: lean/PvNP/RealizableHardness/ActualStarAffineFunctionalSelection.lean:116:2: Try this: 
  letI̵

The goal is a proposition, so `let` is preferred over `letI`.
The difference between `let` and `letI` is that `letI` inlines the value.
But this is not relevant for proofs because of proof irrelevance.

Note: This linter can be disabled with `set_option linter.style.haveILetI false`
warning: lean/PvNP/RealizableHardness/ActualStarAffineFunctionalSelection.lean:117:2: Try this: 
  letI̵

The goal is a proposition, so `let` is preferred over `letI`.
The difference between `let` and `letI` is that `letI` inlines the value.
But this is not relevant for proofs because of proof irrelevance.

Note: This linter can be disabled with `set_option linter.style.haveILetI false`
warning: lean/PvNP/RealizableHardness/ActualStarAffineFunctionalSelection.lean:121:2: Try this: 
  letI̵

The goal is a proposition, so `let` is preferred over `letI`.
The difference between `let` and `letI` is that `letI` inlines the value.
But this is not relevant for proofs because of proof irrelevance.

Note: This linter can be disabled with `set_option linter.style.haveILetI false`
warning: lean/PvNP/RealizableHardness/ActualStarAffineFunctionalSelection.lean:149:28: This simp argument is unused:
  Submodule.liftQ_apply

Hint: Omit it from the simp argument list.
  [apply] simp [fromDual, toDual, LinearMap.sub_apply, hF0, sub_add_cancel]

Note: This linter can be disabled with `set_option linter.unusedSimpArgs false`
warning: lean/PvNP/RealizableHardness/ActualStarAffineFunctionalSelection.lean:149:51: This simp argument is unused:
  LinearMap.sub_apply

Hint: Omit it from the simp argument list.
  [apply] simp [fromDual, toDual, Submodule.liftQ_apply, hF0, sub_add_cancel]

Note: This linter can be disabled with `set_option linter.unusedSimpArgs false`
warning: lean/PvNP/RealizableHardness/ActualStarAffineFunctionalSelection.lean:150:6: This simp argument is unused:
  hF0

Hint: Omit it from the simp argument list.
  [apply] simp [fromDual, toDual, Submodule.liftQ_apply, LinearMap.sub_apply, sub_add_cancel]

Note: This linter can be disabled with `set_option linter.unusedSimpArgs false`
warning: lean/PvNP/RealizableHardness/ActualStarAffineFunctionalSelection.lean:150:11: This simp argument is unused:
  sub_add_cancel

Hint: Omit it from the simp argument list.
  [apply] simp [fromDual, toDual, Submodule.liftQ_apply, LinearMap.sub_apply, hF0]

Note: This linter can be disabled with `set_option linter.unusedSimpArgs false`
warning: lean/PvNP/RealizableHardness/ActualStarAffineFunctionalSelection.lean:154:28: This simp argument is unused:
  Submodule.liftQ_apply

Hint: Omit it from the simp argument list.
  [apply] simp [fromDual, toDual, LinearMap.sub_apply]

Note: This linter can be disabled with `set_option linter.unusedSimpArgs false`
warning: lean/PvNP/RealizableHardness/ActualStarAffineFunctionalSelection.lean:154:51: This simp argument is unused:
  LinearMap.sub_apply

Hint: Omit it from the simp argument list.
  [apply] simp [fromDual, toDual, Submodule.liftQ_apply]

Note: This linter can be disabled with `set_option linter.unusedSimpArgs false`
⚠ [3371/3460] Built PvNP.RealizableHardness.PosteriorReweighting (8.1s)
warning: lean/PvNP/RealizableHardness/PosteriorReweighting.lean:25:0: automatically included section variable(s) unused in theorem `PvNP.RealizableHardness.PosteriorReweighting.marginal_nonneg`:
  [Fintype Q]
consider restructuring your `variable` declarations so that the variables are not in scope or explicitly omit them:
  omit [Fintype Q] in theorem ...

Note: This linter can be disabled with `set_option linter.unusedSectionVars false`
warning: lean/PvNP/RealizableHardness/PosteriorReweighting.lean:36:0: automatically included section variable(s) unused in theorem `PvNP.RealizableHardness.PosteriorReweighting.posterior_normalized`:
  [Fintype Q]
consider restructuring your `variable` declarations so that the variables are not in scope or explicitly omit them:
  omit [Fintype Q] in theorem ...

Note: This linter can be disabled with `set_option linter.unusedSectionVars false`
warning: lean/PvNP/RealizableHardness/PosteriorReweighting.lean:41:0: automatically included section variable(s) unused in theorem `PvNP.RealizableHardness.PosteriorReweighting.bayes_mass`:
  [Fintype Q]
consider restructuring your `variable` declarations so that the variables are not in scope or explicitly omit them:
  omit [Fintype Q] in theorem ...

Note: This linter can be disabled with `set_option linter.unusedSectionVars false`
warning: lean/PvNP/RealizableHardness/PosteriorReweighting.lean:46:0: automatically included section variable(s) unused in theorem `PvNP.RealizableHardness.PosteriorReweighting.zero_prior`:
  [Fintype Q]
consider restructuring your `variable` declarations so that the variables are not in scope or explicitly omit them:
  omit [Fintype Q] in theorem ...

Note: This linter can be disabled with `set_option linter.unusedSectionVars false`
warning: lean/PvNP/RealizableHardness/PosteriorReweighting.lean:49:0: automatically included section variable(s) unused in theorem `PvNP.RealizableHardness.PosteriorReweighting.bayes_ratio`:
  [Fintype Q]
consider restructuring your `variable` declarations so that the variables are not in scope or explicitly omit them:
  omit [Fintype Q] in theorem ...

Note: This linter can be disabled with `set_option linter.unusedSectionVars false`
warning: lean/PvNP/RealizableHardness/PosteriorReweighting.lean:56:0: automatically included section variable(s) unused in theorem `PvNP.RealizableHardness.PosteriorReweighting.joint_zero_of_marginal_zero`:
  [Fintype Q]
consider restructuring your `variable` declarations so that the variables are not in scope or explicitly omit them:
  omit [Fintype Q] in theorem ...

Note: This linter can be disabled with `set_option linter.unusedSectionVars false`
warning: lean/PvNP/RealizableHardness/PosteriorReweighting.lean:88:29: This simp argument is unused:
  hb

Hint: Omit it from the simp argument list.
  [apply] simp [hg, hr]

Note: This linter can be disabled with `set_option linter.unusedSimpArgs false`
warning: lean/PvNP/RealizableHardness/PosteriorReweighting.lean:90:17: This simp argument is unused:
  hb

Hint: Omit it from the simp argument list.
  [apply] simp only [hg, Bool.not_false, Bool.true_eq, ite_true]

Note: This linter can be disabled with `set_option linter.unusedSimpArgs false`
warning: lean/PvNP/RealizableHardness/PosteriorReweighting.lean:90:41: This simp argument is unused:
  Bool.true_eq

Hint: Omit it from the simp argument list.
  [apply] simp only [hb, hg, Bool.not_false, ite_true]

Note: This linter can be disabled with `set_option linter.unusedSimpArgs false`
warning: lean/PvNP/RealizableHardness/PosteriorReweighting.lean:100:20: Variable name `hz` is not explicitly referenced.

Hint: The binding can be removed (if unused) or named `_` (if used implicitly). Alternatively, prefix the name with `_` to silence this warning:
  [apply] _hz

Note: This linter can be disabled with `set_option linter.unusedVariables false`
warning: lean/PvNP/RealizableHardness/PosteriorReweighting.lean:109:17: This simp argument is unused:
  hg

Hint: Omit it from the simp argument list.
  [apply] simp only [Bool.not_false, Bool.true_eq, ite_true]

Note: This linter can be disabled with `set_option linter.unusedSimpArgs false`
warning: lean/PvNP/RealizableHardness/PosteriorReweighting.lean:109:37: This simp argument is unused:
  Bool.true_eq

Hint: Omit it from the simp argument list.
  [apply] simp only [hg, Bool.not_false, ite_true]

Note: This linter can be disabled with `set_option linter.unusedSimpArgs false`
warning: lean/PvNP/RealizableHardness/PosteriorReweighting.lean:116:17: This simp argument is unused:
  hg

Hint: Omit it from the simp argument list.
  [apply] simp only [Bool.not_true, Bool.false_eq_true, ite_false, add_zero]

Note: This linter can be disabled with `set_option linter.unusedSimpArgs false`
✔ [3372/3460] Built PvNP.RealizableHardness.CMMSACodec (4.5s)
⚠ [3373/3460] Built PvNP.RealizableHardness.StarFormulaInterface (5.2s)
warning: lean/PvNP/RealizableHardness/StarFormulaInterface.lean:61:12: This simp argument is unused:
  Bool.or_eq_true

Hint: Omit it from the simp argument list.
  [apply] simp

Note: This linter can be disabled with `set_option linter.unusedSimpArgs false`
warning: lean/PvNP/RealizableHardness/StarFormulaInterface.lean:72:0: automatically included section variable(s) unused in theorem `PvNP.RealizableHardness.StarFormulaInterface.localWitness_iff_listWitness`:
  [Fintype V]
consider restructuring your `variable` declarations so that the variables are not in scope or explicitly omit them:
  omit [Fintype V] in theorem ...

Note: This linter can be disabled with `set_option linter.unusedSectionVars false`
warning: lean/PvNP/RealizableHardness/StarFormulaInterface.lean:118:0: automatically included section variable(s) unused in theorem `PvNP.RealizableHardness.StarFormulaInterface.eval_leafFormula_iff`:
  [Fintype V]
  [∀ (x : V), Nonempty (Sigma x)]
consider restructuring your `variable` declarations so that the variables are not in scope or explicitly omit them:
  omit [Fintype V] [∀ (x : V), Nonempty (Sigma x)] in theorem ...

Note: This linter can be disabled with `set_option linter.unusedSectionVars false`
warning: lean/PvNP/RealizableHardness/StarFormulaInterface.lean:142:6: This simp argument is unused:
  Star.slot

Hint: Omit it from the simp argument list.
  [apply] simp [compile, eval_orMany_iff, eval_branch_iff, LocalWitness, selected, and_assoc, and_left_comm, and_comm]

Note: This linter can be disabled with `set_option linter.unusedSimpArgs false`
warning: lean/PvNP/RealizableHardness/StarFormulaInterface.lean:142:17: This simp argument is unused:
  and_assoc

Hint: Omit it from the simp argument list.
  [apply] simp [compile, eval_orMany_iff, eval_branch_iff, LocalWitness, selected, Star.slot, and_left_comm, and_comm]

Note: This linter can be disabled with `set_option linter.unusedSimpArgs false`
warning: lean/PvNP/RealizableHardness/StarFormulaInterface.lean:142:28: This simp argument is unused:
  and_left_comm

Hint: Omit it from the simp argument list.
  [apply] simp [compile, eval_orMany_iff, eval_branch_iff, LocalWitness, selected, Star.slot, and_assoc, and_comm]

Note: This linter can be disabled with `set_option linter.unusedSimpArgs false`
warning: lean/PvNP/RealizableHardness/StarFormulaInterface.lean:149:4: Try this: intro hc hex
✔ [3374/3460] Built PvNP.RealizableHardness.ExpanderCutInstantiation (7.0s)
⚠ [3375/3460] Built PvNP.RealizableHardness.WeightRounding (6.2s)
warning: lean/PvNP/RealizableHardness/WeightRounding.lean:47:56: `if_false` has been deprecated: Use `ite_false` instead
warning: lean/PvNP/RealizableHardness/WeightRounding.lean:47:56: `if_false` has been deprecated: Use `ite_false` instead
warning: lean/PvNP/RealizableHardness/WeightRounding.lean:47:32: This simp argument is unused:
  hx

Hint: Omit it from the simp argument list.
  [apply] simp only [Bool.false_eq_true, if_false, mul_zero, ite_true]

Note: This linter can be disabled with `set_option linter.unusedSimpArgs false`
warning: lean/PvNP/RealizableHardness/WeightRounding.lean:61:14: This simp argument is unused:
  hx

Hint: Omit it from the simp argument list.
  [apply] simp

Note: This linter can be disabled with `set_option linter.unusedSimpArgs false`
✔ [3376/3460] Built PvNP.RealizableHardness.ActualCMMSARandomizedReduction (3.8s)
⚠ [3377/3460] Built PvNP.RealizableHardness.StarCmmsaSemantics (3.7s)
warning: lean/PvNP/RealizableHardness/StarCmmsaSemantics.lean:68:0: automatically included section variable(s) unused in theorem `PvNP.RealizableHardness.StarCmmsaSemantics.assignmentCost_eq_selectedWeight`:
  [∀ (v : V), Nonempty (Sigma v)]
consider restructuring your `variable` declarations so that the variables are not in scope or explicitly omit them:
  omit [∀ (v : V), Nonempty (Sigma v)] in theorem ...

Note: This linter can be disabled with `set_option linter.unusedSectionVars false`
⚠ [3378/3460] Built PvNP.RealizableHardness.FiniteSampling (3.4s)
warning: lean/PvNP/RealizableHardness/FiniteSampling.lean:94:14: This simp argument is unused:
  hi

Hint: Omit it from the simp argument list.
  [apply] simp

Note: This linter can be disabled with `set_option linter.unusedSimpArgs false`
warning: lean/PvNP/RealizableHardness/FiniteSampling.lean:136:8: `if_neg` has been deprecated: Use `ite_eq_right` instead
✔ [3379/3460] Built PvNP.RealizableHardness.FixedPortCycleFamily (4.5s)
⚠ [3380/3460] Built PvNP.RealizableHardness.ActualCertifiedManuscriptParameters (9.6s)
warning: lean/PvNP/RealizableHardness/ActualCertifiedManuscriptParameters.lean:76:47: Variable name `hm` is not explicitly referenced.

Hint: The binding can be removed (if unused) or named `_` (if used implicitly). Alternatively, prefix the name with `_` to silence this warning:
  [apply] _hm

Note: This linter can be disabled with `set_option linter.unusedVariables false`
warning: lean/PvNP/RealizableHardness/ActualCertifiedManuscriptParameters.lean:77:5: Variable name `hdiv` is not explicitly referenced.

Hint: The binding can be removed (if unused) or named `_` (if used implicitly). Alternatively, prefix the name with `_` to silence this warning:
  [apply] _hdiv

Note: This linter can be disabled with `set_option linter.unusedVariables false`
warning: lean/PvNP/RealizableHardness/ActualCertifiedManuscriptParameters.lean:162:17: `if_neg` has been deprecated: Use `ite_eq_right` instead
warning: lean/PvNP/RealizableHardness/ActualCertifiedManuscriptParameters.lean:375:17: `if_neg` has been deprecated: Use `ite_eq_right` instead
warning: lean/PvNP/RealizableHardness/ActualCertifiedManuscriptParameters.lean:473:10: `if_neg` has been deprecated: Use `ite_eq_right` instead
✔ [3381/3460] Built PvNP.RealizableHardness.ActualTheorem1 (3.2s)
⚠ [3382/3460] Built PvNP.RealizableHardness.FiniteConcentration (4.9s)
warning: lean/PvNP/RealizableHardness/FiniteConcentration.lean:180:8: `if_pos` has been deprecated: Use `ite_eq_left` instead
warning: lean/PvNP/RealizableHardness/FiniteConcentration.lean:184:8: `if_neg` has been deprecated: Use `ite_eq_right` instead
warning: lean/PvNP/RealizableHardness/FiniteConcentration.lean:220:22: This simp argument is unused:
  Fintype.card_fun

Hint: Omit it from the simp argument list.
  [apply] simp

Note: This linter can be disabled with `set_option linter.unusedSimpArgs false`
✔ [3383/3460] Built PvNP.RealizableHardness.ActualFormulaProduct (5.3s)
⚠ [3384/3460] Built PvNP.RealizableHardness.TripleRestrictionRank (6.0s)
warning: lean/PvNP/RealizableHardness/TripleRestrictionRank.lean:41:39: This simp argument is unused:
  Fin.sum_univ_succ

Hint: Omit it from the simp argument list.
  [apply] simp [Fintype.sum_option, blockMass]

Note: This linter can be disabled with `set_option linter.unusedSimpArgs false`
warning: lean/PvNP/RealizableHardness/TripleRestrictionRank.lean:42:2: Used `tac1 <;> tac2` where `(tac1; tac2)` would suffice

Note: This linter can be disabled with `set_option linter.unnecessarySeqFocus false`
warning: lean/PvNP/RealizableHardness/TripleRestrictionRank.lean:49:26: `if_true` has been deprecated: Use `ite_true` instead
warning: lean/PvNP/RealizableHardness/TripleRestrictionRank.lean:69:19: `if_false` has been deprecated: Use `ite_false` instead
warning: lean/PvNP/RealizableHardness/TripleRestrictionRank.lean:91:25: `if_pos` has been deprecated: Use `ite_eq_left` instead
warning: lean/PvNP/RealizableHardness/TripleRestrictionRank.lean:92:25: `if_neg` has been deprecated: Use `ite_eq_right` instead
warning: lean/PvNP/RealizableHardness/TripleRestrictionRank.lean:92:50: `if_true` has been deprecated: Use `ite_true` instead
warning: lean/PvNP/RealizableHardness/TripleRestrictionRank.lean:105:19: `if_pos` has been deprecated: Use `ite_eq_left` instead
warning: lean/PvNP/RealizableHardness/TripleRestrictionRank.lean:106:19: `if_neg` has been deprecated: Use `ite_eq_right` instead
warning: lean/PvNP/RealizableHardness/TripleRestrictionRank.lean:92:36: This simp argument is unused:
  Bool.true_eq

Hint: Omit it from the simp argument list.
  [apply] simp only [events, if_neg hi, if_true]

Note: This linter can be disabled with `set_option linter.unusedSimpArgs false`
warning: lean/PvNP/RealizableHardness/TripleRestrictionRank.lean:112:39: This simp argument is unused:
  Fin.sum_univ_succ

Hint: Omit it from the simp argument list.
  [apply] simp [Fintype.sum_option, blockMass]

Note: This linter can be disabled with `set_option linter.unusedSimpArgs false`
warning: lean/PvNP/RealizableHardness/TripleRestrictionRank.lean:113:2: Used `tac1 <;> tac2` where `(tac1; tac2)` would suffice

Note: This linter can be disabled with `set_option linter.unnecessarySeqFocus false`
warning: lean/PvNP/RealizableHardness/TripleRestrictionRank.lean:121:20: This simp argument is unused:
  hd

Hint: Omit it from the simp argument list.
  [apply] simp

Note: This linter can be disabled with `set_option linter.unusedSimpArgs false`
warning: lean/PvNP/RealizableHardness/TripleRestrictionRank.lean:190:15: This simp argument is unused:
  Module.finrank_pi

Hint: Omit it from the simp argument list.
  [apply] simp [Coeff]

Note: This linter can be disabled with `set_option linter.unusedSimpArgs false`
warning: lean/PvNP/RealizableHardness/TripleRestrictionRank.lean:224:15: `if_pos` has been deprecated: Use `ite_eq_left` instead
warning: lean/PvNP/RealizableHardness/TripleRestrictionRank.lean:234:15: `if_neg` has been deprecated: Use `ite_eq_right` instead
warning: lean/PvNP/RealizableHardness/TripleRestrictionRank.lean:257:25: This simp argument is unused:
  Coeff

Hint: Omit it from the simp argument list.
  [apply] simp [s, Fintype.card_fun, ZMod.card]

Note: This linter can be disabled with `set_option linter.unusedSimpArgs false`
warning: lean/PvNP/RealizableHardness/TripleRestrictionRank.lean:257:32: This simp argument is unused:
  Fintype.card_fun

Hint: Omit it from the simp argument list.
  [apply] simp [s, Coeff, ZMod.card]

Note: This linter can be disabled with `set_option linter.unusedSimpArgs false`
warning: lean/PvNP/RealizableHardness/TripleRestrictionRank.lean:335:49: This simp argument is unused:
  mul_assoc

Hint: Omit it from the simp argument list.
  [apply] simp [evaluate, Finset.mul_sum, mul_left_comm]

Note: This linter can be disabled with `set_option linter.unusedSimpArgs false`
warning: lean/PvNP/RealizableHardness/TripleRestrictionRank.lean:433:69: This simp argument is unused:
  Module.finrank_pi

Hint: Omit it from the simp argument list.
  [apply] simp [Coeff]

Note: This linter can be disabled with `set_option linter.unusedSimpArgs false`
✔ [3385/3460] Built PvNP.RealizableHardness.ActualHeadlineParameters (5.8s)
✔ [3386/3460] Built PvNP.RealizableHardness.ActualGraphEdges (7.3s)
✔ [3387/3460] Built PvNP.RealizableHardness.TripleRestrictionDimension (3.4s)
⚠ [3388/3460] Built PvNP.RealizableHardness.SubspaceRestriction (3.9s)
warning: lean/PvNP/RealizableHardness/SubspaceRestriction.lean:123:52: This simp argument is unused:
  Module.finrank_pi

Hint: Omit it from the simp argument list.
  [apply] simp [codim, TripleRestrictionRank.Vector, Coord, Nat.mul_comm]

Note: This linter can be disabled with `set_option linter.unusedSimpArgs false`
warning: lean/PvNP/RealizableHardness/SubspaceRestriction.lean:126:52: This simp argument is unused:
  Module.finrank_pi

Hint: Omit it from the simp argument list.
  [apply] simp [codim, TripleRestrictionRank.Vector, Coord]

Note: This linter can be disabled with `set_option linter.unusedSimpArgs false`
✔ [3389/3460] Built PvNP.RealizableHardness.ActualCompiledProduct (4.2s)
✔ [3390/3460] Built PvNP.RealizableHardness.ActualManuscriptGapObstruction (5.5s)
⚠ [3391/3460] Built PvNP.RealizableHardness.GrassmannIncidence (3.2s)
warning: lean/PvNP/RealizableHardness/GrassmannIncidence.lean:64:2: Try this: 
  letI̵

The goal is a proposition, so `let` is preferred over `letI`.
The difference between `let` and `letI` is that `letI` inlines the value.
But this is not relevant for proofs because of proof irrelevance.

Note: This linter can be disabled with `set_option linter.style.haveILetI false`
warning: lean/PvNP/RealizableHardness/GrassmannIncidence.lean:79:17: This simp argument is unused:
  Module.finrank_pi

Hint: Omit it from the simp argument list.
  [apply] simp [Coeff]

Note: This linter can be disabled with `set_option linter.unusedSimpArgs false`
✔ [3392/3460] Built PvNP.RealizableHardness.ActualEqualityCloud (5.8s)
✔ [3393/3460] Built PvNP.RealizableHardness.ActualModifiedPcpCeiling (3.8s)
⚠ [3394/3460] Built PvNP.RealizableHardness.GrassmannCounting (3.6s)
warning: lean/PvNP/RealizableHardness/GrassmannCounting.lean:28:2: Try this: 
  letI̵

The goal is a proposition, so `let` is preferred over `letI`.
The difference between `let` and `letI` is that `letI` inlines the value.
But this is not relevant for proofs because of proof irrelevance.

Note: This linter can be disabled with `set_option linter.style.haveILetI false`
warning: lean/PvNP/RealizableHardness/GrassmannCounting.lean:60:0: automatically included section variable(s) unused in theorem `PvNP.RealizableHardness.GrassmannCounting.flatten_surjective`:
  [Finite V]
consider restructuring your `variable` declarations so that the variables are not in scope or explicitly omit them:
  omit [Finite V] in theorem ...

Note: This linter can be disabled with `set_option linter.unusedSectionVars false`
warning: lean/PvNP/RealizableHardness/GrassmannCounting.lean:111:2: Try this: 
  letI̵

The goal is a proposition, so `let` is preferred over `letI`.
The difference between `let` and `letI` is that `letI` inlines the value.
But this is not relevant for proofs because of proof irrelevance.

Note: This linter can be disabled with `set_option linter.style.haveILetI false`
warning: lean/PvNP/RealizableHardness/GrassmannCounting.lean:119:18: `if_pos` has been deprecated: Use `ite_eq_left` instead
warning: lean/PvNP/RealizableHardness/GrassmannCounting.lean:120:18: `if_neg` has been deprecated: Use `ite_eq_right` instead
warning: lean/PvNP/RealizableHardness/GrassmannCounting.lean:135:0: automatically included section variable(s) unused in theorem `PvNP.RealizableHardness.GrassmannCounting.include_injective`:
  [Finite V]
consider restructuring your `variable` declarations so that the variables are not in scope or explicitly omit them:
  omit [Finite V] in theorem ...

Note: This linter can be disabled with `set_option linter.unusedSectionVars false`
warning: lean/PvNP/RealizableHardness/GrassmannCounting.lean:144:0: automatically included section variable(s) unused in theorem `PvNP.RealizableHardness.GrassmannCounting.include_surjective`:
  [Finite V]
consider restructuring your `variable` declarations so that the variables are not in scope or explicitly omit them:
  omit [Finite V] in theorem ...

Note: This linter can be disabled with `set_option linter.unusedSectionVars false`
⚠ [3395/3460] Built PvNP.RealizableHardness.DropCountTail (4.1s)
warning: lean/PvNP/RealizableHardness/DropCountTail.lean:53:48: This simp argument is unused:
  Fin.sum_univ_succ

Hint: Omit it from the simp argument list.
  [apply] simp [Fintype.sum_option, blockMass, dropped]

Note: This linter can be disabled with `set_option linter.unusedSimpArgs false`
warning: lean/PvNP/RealizableHardness/DropCountTail.lean:54:2: Used `tac1 <;> tac2` where `(tac1; tac2)` would suffice

Note: This linter can be disabled with `set_option linter.unnecessarySeqFocus false`
warning: lean/PvNP/RealizableHardness/DropCountTail.lean:129:8: Unused tactic linter: `ring` does nothing

Note: This linter can be disabled with `set_option linter.unusedTactic false`
warning: lean/PvNP/RealizableHardness/DropCountTail.lean:129:8: this tactic is never executed

Note: This linter can be disabled with `set_option linter.unreachableTactic false`
warning: lean/PvNP/RealizableHardness/DropCountTail.lean:158:8: `if_neg` has been deprecated: Use `ite_eq_right` instead
warning: lean/PvNP/RealizableHardness/DropCountTail.lean:170:31: This simp argument is unused:
  h

Hint: Omit it from the simp argument list.
  [apply] simp [blockMass]

Note: This linter can be disabled with `set_option linter.unusedSimpArgs false`
✔ [3396/3460] Built PvNP.RealizableHardness.ActualOccurrenceAllocation (8.0s)
✔ [3397/3460] Built PvNP.RealizableHardness.ActualModifiedPcpCompiled (5.4s)
✔ [3398/3460] Built PvNP.RealizableHardness.GaussianRatio (5.5s)
✔ [3399/3460] Built PvNP.RealizableHardness.ActualGrassmannQueryBound (6.3s)
⚠ [3400/3460] Built PvNP.RealizableHardness.DropTailParameters (5.7s)
warning: lean/PvNP/RealizableHardness/DropTailParameters.lean:3:0: 'Mathlib.Data.Real.Archimedean' has been deprecated: please replace this import by

import Mathlib.Algebra.Order.AbsoluteValue.Basic
import Mathlib.Data.Rat.Floor
warning: lean/PvNP/RealizableHardness/DropTailParameters.lean:97:6: Unused tactic linter: `ring` does nothing

Note: This linter can be disabled with `set_option linter.unusedTactic false`
warning: lean/PvNP/RealizableHardness/DropTailParameters.lean:97:6: this tactic is never executed

Note: This linter can be disabled with `set_option linter.unreachableTactic false`
⚠ [3401/3460] Built PvNP.RealizableHardness.GrassmannFlagPosterior (7.2s)
warning: lean/PvNP/RealizableHardness/GrassmannFlagPosterior.lean:52:2: Try this: 
  letI̵

The goal is a proposition, so `let` is preferred over `letI`.
The difference between `let` and `letI` is that `letI` inlines the value.
But this is not relevant for proofs because of proof irrelevance.

Note: This linter can be disabled with `set_option linter.style.haveILetI false`
⚠ [3402/3460] Built PvNP.RealizableHardness.ActualMaximalPairLadder (7.8s)
warning: lean/PvNP/RealizableHardness/ActualMaximalPairLadder.lean:57:0: automatically included section variable(s) unused in theorem `PvNP.RealizableHardness.ActualMaximalPairLadder.compatibleExtension_refl`:
  [Fintype V]
consider restructuring your `variable` declarations so that the variables are not in scope or explicitly omit them:
  omit [Fintype V] in theorem ...

Note: This linter can be disabled with `set_option linter.unusedSectionVars false`
warning: lean/PvNP/RealizableHardness/ActualMaximalPairLadder.lean:63:0: automatically included section variable(s) unused in theorem `PvNP.RealizableHardness.ActualMaximalPairLadder.compatibleExtension_trans`:
  [Fintype V]
consider restructuring your `variable` declarations so that the variables are not in scope or explicitly omit them:
  omit [Fintype V] in theorem ...

Note: This linter can be disabled with `set_option linter.unusedSectionVars false`
warning: lean/PvNP/RealizableHardness/ActualMaximalPairLadder.lean:147:5: Variable name `h` is not explicitly referenced.

Hint: The binding can be removed (if unused) or named `_` (if used implicitly). Alternatively, prefix the name with `_` to silence this warning:
  [apply] _h

Note: This linter can be disabled with `set_option linter.unusedVariables false`
warning: lean/PvNP/RealizableHardness/ActualMaximalPairLadder.lean:227:32: Used `tac1 <;> tac2` where `(tac1; tac2)` would suffice

Note: This linter can be disabled with `set_option linter.unnecessarySeqFocus false`
✔ [3403/3460] Built PvNP.RealizableHardness.SamplerParameters (3.6s)
⚠ [3404/3460] Built PvNP.RealizableHardness.ActualGrassmannQueryCompiled (4.7s)
warning: lean/PvNP/RealizableHardness/ActualGrassmannQueryCompiled.lean:97:35: Variable name `hsig` is not explicitly referenced.

Hint: The binding can be removed (if unused) or named `_` (if used implicitly). Alternatively, prefix the name with `_` to silence this warning:
  [apply] _hsig

Note: This linter can be disabled with `set_option linter.unusedVariables false`
warning: lean/PvNP/RealizableHardness/ActualGrassmannQueryCompiled.lean:98:9: Variable name `hhn` is not explicitly referenced.

Hint: The binding can be removed (if unused) or named `_` (if used implicitly). Alternatively, prefix the name with `_` to silence this warning:
  [apply] _hhn

Note: This linter can be disabled with `set_option linter.unusedVariables false`
warning: lean/PvNP/RealizableHardness/ActualGrassmannQueryCompiled.lean:100:9: Variable name `hinv` is not explicitly referenced.

Hint: The binding can be removed (if unused) or named `_` (if used implicitly). Alternatively, prefix the name with `_` to silence this warning:
  [apply] _hinv

Note: This linter can be disabled with `set_option linter.unusedVariables false`
warning: lean/PvNP/RealizableHardness/ActualGrassmannQueryCompiled.lean:106:11: Variable name `hvalue` is not explicitly referenced.

Hint: The binding can be removed (if unused) or named `_` (if used implicitly). Alternatively, prefix the name with `_` to silence this warning:
  [apply] _hvalue

Note: This linter can be disabled with `set_option linter.unusedVariables false`
warning: lean/PvNP/RealizableHardness/ActualGrassmannQueryCompiled.lean:110:11: Variable name `hcost` is not explicitly referenced.

Hint: The binding can be removed (if unused) or named `_` (if used implicitly). Alternatively, prefix the name with `_` to silence this warning:
  [apply] _hcost

Note: This linter can be disabled with `set_option linter.unusedVariables false`
⚠ [3405/3460] Built PvNP.RealizableHardness.ActualFiniteLaw (4.9s)
warning: lean/PvNP/RealizableHardness/ActualFiniteLaw.lean:84:21: `if_true` has been deprecated: Use `ite_true` instead
warning: lean/PvNP/RealizableHardness/ActualFiniteLaw.lean:86:21: `if_false` has been deprecated: Use `ite_false` instead
warning: lean/PvNP/RealizableHardness/ActualFiniteLaw.lean:86:31: This simp argument is unused:
  zero_mul

Hint: Omit it from the simp argument list.
  [apply] simp only [hx, if_false]

Note: This linter can be disabled with `set_option linter.unusedSimpArgs false`
warning: lean/PvNP/RealizableHardness/ActualFiniteLaw.lean:241:60: This simp argument is unused:
  hn

Hint: Omit it from the simp argument list.
  [apply] simp [Finset.sum_const, Finset.card_univ, nsmul_eq_mul]

Note: This linter can be disabled with `set_option linter.unusedSimpArgs false`
warning: lean/PvNP/RealizableHardness/ActualFiniteLaw.lean:368:2: Try this: 
  letI̵

The goal is a proposition, so `let` is preferred over `letI`.
The difference between `let` and `letI` is that `letI` inlines the value.
But this is not relevant for proofs because of proof irrelevance.

Note: This linter can be disabled with `set_option linter.style.haveILetI false`
✔ [3406/3460] Built PvNP.RealizableHardness.ActualCnfQueryStar (6.6s)
⚠ [3407/3460] Built PvNP.RealizableHardness.ActualStarFiniteUnionBound (4.2s)
warning: lean/PvNP/RealizableHardness/ActualStarFiniteUnionBound.lean:36:10: `if_pos` has been deprecated: Use `ite_eq_left` instead
warning: lean/PvNP/RealizableHardness/ActualStarFiniteUnionBound.lean:37:67: `if_pos` has been deprecated: Use `ite_eq_left` instead
warning: lean/PvNP/RealizableHardness/ActualStarFiniteUnionBound.lean:53:10: `if_neg` has been deprecated: Use `ite_eq_right` instead
ℹ [3408/3460] Built PvNP.RealizableHardness.ActualCnfQueryStarChecks (3.5s)
info: lean/PvNP/RealizableHardness/ActualCnfQueryStarChecks.lean:126:0: 'PvNP.RealizableHardness.ActualCnfQueryStar.enc_accepts_of_sat' depends on axioms: [propext,
 Classical.choice,
 Quot.sound]
info: lean/PvNP/RealizableHardness/ActualCnfQueryStarChecks.lean:127:0: 'PvNP.RealizableHardness.ActualCnfQueryStar.localLiteralLabel_accepts_zero' depends on axioms: [propext,
 Classical.choice,
 Quot.sound]
info: lean/PvNP/RealizableHardness/ActualCnfQueryStarChecks.lean:128:0: 'PvNP.RealizableHardness.ActualCnfQueryStar.localLiteralLabel_score_eq' depends on axioms: [propext,
 Classical.choice,
 Quot.sound]
info: lean/PvNP/RealizableHardness/ActualCnfQueryStarChecks.lean:129:0: 'PvNP.RealizableHardness.ActualCnfQueryStarChecks.contradictoryEx_unsat' depends on axioms: [propext]
info: lean/PvNP/RealizableHardness/ActualCnfQueryStarChecks.lean:130:0: 'PvNP.RealizableHardness.ActualCnfQueryStar.cnfQuery_score_le' depends on axioms: [propext,
 Classical.choice,
 Quot.sound]
info: lean/PvNP/RealizableHardness/ActualCnfQueryStarChecks.lean:131:0: 'PvNP.RealizableHardness.ActualCnfQueryStar.cnfQuery_score_lt_one' depends on axioms: [propext,
 Classical.choice,
 Quot.sound]
info: lean/PvNP/RealizableHardness/ActualCnfQueryStarChecks.lean:132:0: 'PvNP.RealizableHardness.ActualCnfQueryStar.cnfQuery_sat_accepts_and_score_lt_one' depends on axioms: [propext,
 Classical.choice,
 Quot.sound]
info: lean/PvNP/RealizableHardness/ActualCnfQueryStarChecks.lean:133:0: 'PvNP.RealizableHardness.ActualCnfQueryStar.cnfQuery_score_le_rBlock' depends on axioms: [propext,
 Classical.choice,
 Quot.sound]
info: lean/PvNP/RealizableHardness/ActualCnfQueryStarChecks.lean:134:0: 'PvNP.RealizableHardness.ActualCnfQueryStar.cnfQuery_no_total_accept' depends on axioms: [propext,
 Classical.choice,
 Quot.sound]
info: lean/PvNP/RealizableHardness/ActualCnfQueryStarChecks.lean:135:0: 'PvNP.RealizableHardness.ActualCnfQueryStar.cnfQuery_sat_rBlock_partial_no_total' depends on axioms: [propext,
 Classical.choice,
 Quot.sound]
⚠ [3409/3460] Built PvNP.RealizableHardness.ActualFiniteIncidenceSampling (8.9s)
warning: lean/PvNP/RealizableHardness/ActualFiniteIncidenceSampling.lean:179:32: This simp argument is unused:
  Finset.mem_filter

Hint: Omit it from the simp argument list.
  [apply] simp only [Finset.sum_filter]

Note: This linter can be disabled with `set_option linter.unusedSimpArgs false`
warning: lean/PvNP/RealizableHardness/ActualFiniteIncidenceSampling.lean:281:34: This simp argument is unused:
  Finset.mem_univ

Hint: Omit it from the simp argument list.
  [apply] simp only [Finset.sum_filter, ite_true]

Note: This linter can be disabled with `set_option linter.unusedSimpArgs false`
warning: lean/PvNP/RealizableHardness/ActualFiniteIncidenceSampling.lean:281:51: This simp argument is unused:
  ite_true

Hint: Omit it from the simp argument list.
  [apply] simp only [Finset.sum_filter, Finset.mem_univ]

Note: This linter can be disabled with `set_option linter.unusedSimpArgs false`
warning: lean/PvNP/RealizableHardness/ActualFiniteIncidenceSampling.lean:598:10: `if_pos` has been deprecated: Use `ite_eq_left` instead
warning: lean/PvNP/RealizableHardness/ActualFiniteIncidenceSampling.lean:570:34: This simp argument is unused:
  Finset.mem_univ

Hint: Omit it from the simp argument list.
  [apply] simp only [Finset.sum_filter, ite_true]

Note: This linter can be disabled with `set_option linter.unusedSimpArgs false`
warning: lean/PvNP/RealizableHardness/ActualFiniteIncidenceSampling.lean:570:51: This simp argument is unused:
  ite_true

Hint: Omit it from the simp argument list.
  [apply] simp only [Finset.sum_filter, Finset.mem_univ]

Note: This linter can be disabled with `set_option linter.unusedSimpArgs false`
warning: lean/PvNP/RealizableHardness/ActualFiniteIncidenceSampling.lean:707:25: `if_true` has been deprecated: Use `ite_true` instead
warning: lean/PvNP/RealizableHardness/ActualFiniteIncidenceSampling.lean:707:15: This simp argument is unused:
  Prod.fst

Hint: Omit it from the simp argument list.
  [apply] simp only [if_true]

Note: This linter can be disabled with `set_option linter.unusedSimpArgs false`
warning: lean/PvNP/RealizableHardness/ActualFiniteIncidenceSampling.lean:770:32: This simp argument is unused:
  Finset.mem_univ

Hint: Omit it from the simp argument list.
  [apply] simp only [Finset.sum_filter, ite_true]

Note: This linter can be disabled with `set_option linter.unusedSimpArgs false`
warning: lean/PvNP/RealizableHardness/ActualFiniteIncidenceSampling.lean:770:49: This simp argument is unused:
  ite_true

Hint: Omit it from the simp argument list.
  [apply] simp only [Finset.sum_filter, Finset.mem_univ]

Note: This linter can be disabled with `set_option linter.unusedSimpArgs false`
warning: lean/PvNP/RealizableHardness/ActualFiniteIncidenceSampling.lean:790:2: Try this: 
  letI̵

The goal is a proposition, so `let` is preferred over `letI`.
The difference between `let` and `letI` is that `letI` inlines the value.
But this is not relevant for proofs because of proof irrelevance.

Note: This linter can be disabled with `set_option linter.style.haveILetI false`
warning: lean/PvNP/RealizableHardness/ActualFiniteIncidenceSampling.lean:809:8: `if_neg` has been deprecated: Use `ite_eq_right` instead
✔ [3410/3460] Built PvNP.RealizableHardness.ActualOccurrenceCounts (26s)
✔ [3411/3460] Built PvNP.RealizableHardness.ActualFinite3LinSource (3.3s)
⚠ [3412/3460] Built PvNP.RealizableHardness.ActualRhsFunctionalConstruction (3.7s)
warning: lean/PvNP/RealizableHardness/ActualRhsFunctionalConstruction.lean:14:0: automatically included section variable(s) unused in theorem `PvNP.RealizableHardness.ActualRhsFunctionalConstruction.equationVectors_linearIndependent`:
  [Fintype X]
  [Fintype E]
  [DecidableEq E]
consider restructuring your `variable` declarations so that the variables are not in scope or explicitly omit them:
  omit [Fintype X] [Fintype E] [DecidableEq E] in theorem ...

Note: This linter can be disabled with `set_option linter.unusedSectionVars false`
✔ [3413/3460] Built PvNP.RealizableHardness.ActualStarSideConditionAgreement (3.8s)
✔ [3414/3460] Built PvNP.RealizableHardness.ActualCompatibleRhsFunctional (3.4s)
✔ [3415/3460] Built PvNP.RealizableHardness.ActualPresentedLeafGluing (4.7s)
✔ [3416/3460] Built PvNP.RealizableHardness.ActualLeafTransport (3.6s)
✔ [3417/3460] Built PvNP.RealizableHardness.ActualLeafRelationLaws (4.0s)
⚠ [3418/3460] Built PvNP.RealizableHardness.ActualLeafTransportCoherence (6.0s)
warning: lean/PvNP/RealizableHardness/ActualLeafTransportCoherence.lean:15:8: automatically included section variable(s) unused in theorem `_private.PvNP.RealizableHardness.ActualLeafTransportCoherence.0.PvNP.RealizableHardness.ActualPresentedLeafGluing.goodQuestion_erase`:
  [Fintype X]
  [Fintype E]
  [DecidableEq X]
consider restructuring your `variable` declarations so that the variables are not in scope or explicitly omit them:
  omit [Fintype X] [Fintype E] [DecidableEq X] in theorem ...

Note: This linter can be disabled with `set_option linter.unusedSectionVars false`
✔ [3419/3460] Built PvNP.RealizableHardness.ActualLeafPresentationDescent (4.1s)
✔ [3420/3460] Built PvNP.RealizableHardness.ActualLeafCenterRestriction (3.8s)
✔ [3421/3460] Built PvNP.RealizableHardness.ActualLeafRepresentativeSampler (3.1s)
✔ [3422/3460] Built PvNP.RealizableHardness.ActualCliqueCollisionTransfer (3.2s)
✔ [3423/3460] Built PvNP.RealizableHardness.ActualLeafRejectionUnion (3.4s)
✔ [3424/3460] Built PvNP.RealizableHardness.ActualStarAcceptance (3.3s)
✔ [3425/3460] Built PvNP.RealizableHardness.ActualCliqueJointLaw (3.5s)
⚠ [3426/3460] Built PvNP.RealizableHardness.ActualCliqueScoreTransfer (3.0s)
warning: lean/PvNP/RealizableHardness/ActualCliqueScoreTransfer.lean:55:12: `if_pos` has been deprecated: Use `ite_eq_left` instead
warning: lean/PvNP/RealizableHardness/ActualCliqueScoreTransfer.lean:56:12: `if_neg` has been deprecated: Use `ite_eq_right` instead
warning: lean/PvNP/RealizableHardness/ActualCliqueScoreTransfer.lean:56:27: Unused tactic linter: `norm_num` does nothing

Note: This linter can be disabled with `set_option linter.unusedTactic false`
warning: lean/PvNP/RealizableHardness/ActualCliqueScoreTransfer.lean:56:27: this tactic is never executed

Note: This linter can be disabled with `set_option linter.unreachableTactic false`
warning: lean/PvNP/RealizableHardness/ActualCliqueScoreTransfer.lean:55:23: Used `tac1 <;> tac2` where `(tac1; tac2)` would suffice

Note: This linter can be disabled with `set_option linter.unnecessarySeqFocus false`
warning: lean/PvNP/RealizableHardness/ActualCliqueScoreTransfer.lean:68:12: `if_pos` has been deprecated: Use `ite_eq_left` instead
warning: lean/PvNP/RealizableHardness/ActualCliqueScoreTransfer.lean:69:12: `if_neg` has been deprecated: Use `ite_eq_right` instead
warning: lean/PvNP/RealizableHardness/ActualCliqueScoreTransfer.lean:68:27: Unused tactic linter: `norm_num` does nothing

Note: This linter can be disabled with `set_option linter.unusedTactic false`
warning: lean/PvNP/RealizableHardness/ActualCliqueScoreTransfer.lean:68:27: this tactic is never executed

Note: This linter can be disabled with `set_option linter.unreachableTactic false`
warning: lean/PvNP/RealizableHardness/ActualCliqueScoreTransfer.lean:69:23: Used `tac1 <;> tac2` where `(tac1; tac2)` would suffice

Note: This linter can be disabled with `set_option linter.unnecessarySeqFocus false`
⚠ [3427/3460] Built PvNP.RealizableHardness.ActualQuestionCenterDomainDraw (16s)
warning: lean/PvNP/RealizableHardness/ActualQuestionCenterDomainDraw.lean:192:51: This simp argument is unused:
  Nat.add_left_comm

Hint: Omit it from the simp argument list.
  [apply] simp [Nat.succ_mul, Nat.add_assoc, Nat.add_comm] at h'

Note: This linter can be disabled with `set_option linter.unusedSimpArgs false`
warning: lean/PvNP/RealizableHardness/ActualQuestionCenterDomainDraw.lean:285:20: Variable name `hh` is not explicitly referenced.

Hint: The binding can be removed (if unused) or named `_` (if used implicitly). Alternatively, prefix the name with `_` to silence this warning:
  [apply] _hh

Note: This linter can be disabled with `set_option linter.unusedVariables false`
warning: lean/PvNP/RealizableHardness/ActualQuestionCenterDomainDraw.lean:361:2: Try this: 
  letI̵

The goal is a proposition, so `let` is preferred over `letI`.
The difference between `let` and `letI` is that `letI` inlines the value.
But this is not relevant for proofs because of proof irrelevance.

Note: This linter can be disabled with `set_option linter.style.haveILetI false`
warning: lean/PvNP/RealizableHardness/ActualQuestionCenterDomainDraw.lean:372:2: Try this: 
  letI̵

The goal is a proposition, so `let` is preferred over `letI`.
The difference between `let` and `letI` is that `letI` inlines the value.
But this is not relevant for proofs because of proof irrelevance.

Note: This linter can be disabled with `set_option linter.style.haveILetI false`
warning: lean/PvNP/RealizableHardness/ActualQuestionCenterDomainDraw.lean:375:2: Try this: 
  letI̵

The goal is a proposition, so `let` is preferred over `letI`.
The difference between `let` and `letI` is that `letI` inlines the value.
But this is not relevant for proofs because of proof irrelevance.

Note: This linter can be disabled with `set_option linter.style.haveILetI false`
warning: lean/PvNP/RealizableHardness/ActualQuestionCenterDomainDraw.lean:446:51: This simp argument is unused:
  Nat.add_left_comm

Hint: Omit it from the simp argument list.
  [apply] simp [Nat.succ_mul, Nat.add_assoc, Nat.add_comm] at h'

Note: This linter can be disabled with `set_option linter.unusedSimpArgs false`
warning: lean/PvNP/RealizableHardness/ActualQuestionCenterDomainDraw.lean:481:4: try 'simp' instead of 'simpa'

Note: This linter can be disabled with `set_option linter.unnecessarySimpa false`
⚠ [3428/3460] Built PvNP.RealizableHardness.ActualQuestionCenterCollisionBound (6.6s)
warning: lean/PvNP/RealizableHardness/ActualQuestionCenterCollisionBound.lean:49:2: Try this: 
  letI̵

The goal is a proposition, so `let` is preferred over `letI`.
The difference between `let` and `letI` is that `letI` inlines the value.
But this is not relevant for proofs because of proof irrelevance.

Note: This linter can be disabled with `set_option linter.style.haveILetI false`
warning: lean/PvNP/RealizableHardness/ActualQuestionCenterCollisionBound.lean:44:0: Definition `PvNP.RealizableHardness.ActualQuestionCenterCollisionBound.domainTupleNonempty` of class type is semireducible. Most type class instances should be instance-reducible, so consider marking this
definition with `@[instance_reducible]`. If it is intentionally semireducible, this warning can be disabled with `set_option warn.classDefReducibility false`.
warning: lean/PvNP/RealizableHardness/ActualQuestionCenterCollisionBound.lean:44:0: Definition `domainTupleNonempty` is a proposition; use `theorem` instead of `def`

Note: This linter can be disabled with `set_option linter.defProp false`
warning: lean/PvNP/RealizableHardness/ActualQuestionCenterCollisionBound.lean:213:2: Try this: 
  letI̵

The goal is a proposition, so `let` is preferred over `letI`.
The difference between `let` and `letI` is that `letI` inlines the value.
But this is not relevant for proofs because of proof irrelevance.

Note: This linter can be disabled with `set_option linter.style.haveILetI false`
warning: lean/PvNP/RealizableHardness/ActualQuestionCenterCollisionBound.lean:214:2: Try this: 
  letI̵

The goal is a proposition, so `let` is preferred over `letI`.
The difference between `let` and `letI` is that `letI` inlines the value.
But this is not relevant for proofs because of proof irrelevance.

Note: This linter can be disabled with `set_option linter.style.haveILetI false`
warning: lean/PvNP/RealizableHardness/ActualQuestionCenterCollisionBound.lean:330:16: `if_pos` has been deprecated: Use `ite_eq_left` instead
warning: lean/PvNP/RealizableHardness/ActualQuestionCenterCollisionBound.lean:408:16: try 'simp' instead of 'simpa'

Note: This linter can be disabled with `set_option linter.unnecessarySimpa false`
warning: lean/PvNP/RealizableHardness/ActualQuestionCenterCollisionBound.lean:669:2: Try this: 
  letI̵

The goal is a proposition, so `let` is preferred over `letI`.
The difference between `let` and `letI` is that `letI` inlines the value.
But this is not relevant for proofs because of proof irrelevance.

Note: This linter can be disabled with `set_option linter.style.haveILetI false`
warning: lean/PvNP/RealizableHardness/ActualQuestionCenterCollisionBound.lean:688:16: `if_pos` has been deprecated: Use `ite_eq_left` instead
warning: lean/PvNP/RealizableHardness/ActualQuestionCenterCollisionBound.lean:690:16: `if_neg` has been deprecated: Use `ite_eq_right` instead
warning: lean/PvNP/RealizableHardness/ActualQuestionCenterCollisionBound.lean:692:10: `if_pos` has been deprecated: Use `ite_eq_left` instead
warning: lean/PvNP/RealizableHardness/ActualQuestionCenterCollisionBound.lean:693:10: `if_pos` has been deprecated: Use `ite_eq_left` instead
✔ [3429/3460] Built PvNP.RealizableHardness.ActualStarFixedRhoDimensionGuard (7.3s)
✔ [3430/3460] Built PvNP.RealizableHardness.ActualStarFixedRhoTwoIndexGuard (3.2s)
⚠ [3431/3460] Built PvNP.RealizableHardness.ActualMZ24FixedZoomListBound (12s)
warning: lean/PvNP/RealizableHardness/ActualMZ24FixedZoomListBound.lean:47:32: This simp argument is unused:
  Finset.mem_univ

Hint: Omit it from the simp argument list.
  [apply] simp only [Finset.sum_filter, ite_true]

Note: This linter can be disabled with `set_option linter.unusedSimpArgs false`
warning: lean/PvNP/RealizableHardness/ActualMZ24FixedZoomListBound.lean:47:49: This simp argument is unused:
  ite_true

Hint: Omit it from the simp argument list.
  [apply] simp only [Finset.sum_filter, Finset.mem_univ]

Note: This linter can be disabled with `set_option linter.unusedSimpArgs false`
warning: lean/PvNP/RealizableHardness/ActualMZ24FixedZoomListBound.lean:126:12: `if_pos` has been deprecated: Use `ite_eq_left` instead
warning: lean/PvNP/RealizableHardness/ActualMZ24FixedZoomListBound.lean:128:17: `if_neg` has been deprecated: Use `ite_eq_right` instead
warning: lean/PvNP/RealizableHardness/ActualMZ24FixedZoomListBound.lean:132:12: `if_pos` has been deprecated: Use `ite_eq_left` instead
warning: lean/PvNP/RealizableHardness/ActualMZ24FixedZoomListBound.lean:134:17: `if_neg` has been deprecated: Use `ite_eq_right` instead
warning: lean/PvNP/RealizableHardness/ActualMZ24FixedZoomListBound.lean:142:10: `if_pos` has been deprecated: Use `ite_eq_left` instead
warning: lean/PvNP/RealizableHardness/ActualMZ24FixedZoomListBound.lean:146:19: `if_neg` has been deprecated: Use `ite_eq_right` instead
warning: lean/PvNP/RealizableHardness/ActualMZ24FixedZoomListBound.lean:147:10: `if_neg` has been deprecated: Use `ite_eq_right` instead
warning: lean/PvNP/RealizableHardness/ActualMZ24FixedZoomListBound.lean:155:19: `if_pos` has been deprecated: Use `ite_eq_left` instead
warning: lean/PvNP/RealizableHardness/ActualMZ24FixedZoomListBound.lean:155:31: `if_neg` has been deprecated: Use `ite_eq_right` instead
warning: lean/PvNP/RealizableHardness/ActualMZ24FixedZoomListBound.lean:156:19: `if_neg` has been deprecated: Use `ite_eq_right` instead
warning: lean/PvNP/RealizableHardness/ActualMZ24FixedZoomListBound.lean:155:43: This simp argument is unused:
  one_mul

Hint: Omit it from the simp argument list.
  [apply] simp only [if_pos hxs, if_neg hys, mul_zero]

Note: This linter can be disabled with `set_option linter.unusedSimpArgs false`
warning: lean/PvNP/RealizableHardness/ActualMZ24FixedZoomListBound.lean:173:4: This simp argument is unused:
  Finset.sum_mul

Hint: Omit it from the simp argument list.
  [apply] simp only [Finset.sum_add_distrib, Finset.sum_sub_distrib, Finset.mul_sum]

Note: This linter can be disabled with `set_option linter.unusedSimpArgs false`
warning: lean/PvNP/RealizableHardness/ActualMZ24FixedZoomListBound.lean:173:20: This simp argument is unused:
  Finset.mul_sum

Hint: Omit it from the simp argument list.
  [apply] simp only [Finset.sum_add_distrib, Finset.sum_sub_distrib, Finset.sum_mul]

Note: This linter can be disabled with `set_option linter.unusedSimpArgs false`
warning: lean/PvNP/RealizableHardness/ActualMZ24FixedZoomListBound.lean:242:4: Try this: 
  letI̵

The goal is a proposition, so `let` is preferred over `letI`.
The difference between `let` and `letI` is that `letI` inlines the value.
But this is not relevant for proofs because of proof irrelevance.

Note: This linter can be disabled with `set_option linter.style.haveILetI false`
warning: lean/PvNP/RealizableHardness/ActualMZ24FixedZoomListBound.lean:341:24: `if_pos` has been deprecated: Use `ite_eq_left` instead
warning: lean/PvNP/RealizableHardness/ActualMZ24FixedZoomListBound.lean:343:29: `if_neg` has been deprecated: Use `ite_eq_right` instead
warning: lean/PvNP/RealizableHardness/ActualMZ24FixedZoomListBound.lean:434:4: Try this: 
  letI̵

The goal is a proposition, so `let` is preferred over `letI`.
The difference between `let` and `letI` is that `letI` inlines the value.
But this is not relevant for proofs because of proof irrelevance.

Note: This linter can be disabled with `set_option linter.style.haveILetI false`
warning: lean/PvNP/RealizableHardness/ActualMZ24FixedZoomListBound.lean:232:5: Variable name `hinj` is not explicitly referenced.

Hint: The binding can be removed (if unused) or named `_` (if used implicitly). Alternatively, prefix the name with `_` to silence this warning:
  [apply] _hinj

Note: This linter can be disabled with `set_option linter.unusedVariables false`
warning: lean/PvNP/RealizableHardness/ActualMZ24FixedZoomListBound.lean:620:8: try 'simp' instead of 'simpa'

Note: This linter can be disabled with `set_option linter.unnecessarySimpa false`
warning: lean/PvNP/RealizableHardness/ActualMZ24FixedZoomListBound.lean:623:4: try 'simp' instead of 'simpa'

Note: This linter can be disabled with `set_option linter.unnecessarySimpa false`
warning: lean/PvNP/RealizableHardness/ActualMZ24FixedZoomListBound.lean:571:27: Variable name `hb` is not explicitly referenced.

Hint: The binding can be removed (if unused) or named `_` (if used implicitly). Alternatively, prefix the name with `_` to silence this warning:
  [apply] _hb

Note: This linter can be disabled with `set_option linter.unusedVariables false`
warning: lean/PvNP/RealizableHardness/ActualMZ24FixedZoomListBound.lean:644:32: Variable name `hQW` is not explicitly referenced.

Hint: The binding can be removed (if unused) or named `_` (if used implicitly). Alternatively, prefix the name with `_` to silence this warning:
  [apply] _hQW

Note: This linter can be disabled with `set_option linter.unusedVariables false`
warning: lean/PvNP/RealizableHardness/ActualMZ24FixedZoomListBound.lean:740:6: try 'simp' instead of 'simpa'

Note: This linter can be disabled with `set_option linter.unnecessarySimpa false`
warning: lean/PvNP/RealizableHardness/ActualMZ24FixedZoomListBound.lean:804:6: try 'simp' instead of 'simpa'

Note: This linter can be disabled with `set_option linter.unnecessarySimpa false`
warning: lean/PvNP/RealizableHardness/ActualMZ24FixedZoomListBound.lean:847:11: Variable name `y` is not explicitly referenced.

Hint: The binding can be removed (if unused) or named `_` (if used implicitly). Alternatively, prefix the name with `_` to silence this warning:
  [apply] _y

Note: This linter can be disabled with `set_option linter.unusedVariables false`
warning: lean/PvNP/RealizableHardness/ActualMZ24FixedZoomListBound.lean:848:12: Variable name `y` is not explicitly referenced.

Hint: The binding can be removed (if unused) or named `_` (if used implicitly). Alternatively, prefix the name with `_` to silence this warning:
  [apply] _y

Note: This linter can be disabled with `set_option linter.unusedVariables false`
warning: lean/PvNP/RealizableHardness/ActualMZ24FixedZoomListBound.lean:862:32: Variable name `hQW` is not explicitly referenced.

Hint: The binding can be removed (if unused) or named `_` (if used implicitly). Alternatively, prefix the name with `_` to silence this warning:
  [apply] _hQW

Note: This linter can be disabled with `set_option linter.unusedVariables false`
warning: lean/PvNP/RealizableHardness/ActualMZ24FixedZoomListBound.lean:1322:2: Try this: 
  letI̵

The goal is a proposition, so `let` is preferred over `letI`.
The difference between `let` and `letI` is that `letI` inlines the value.
But this is not relevant for proofs because of proof irrelevance.

Note: This linter can be disabled with `set_option linter.style.haveILetI false`
warning: lean/PvNP/RealizableHardness/ActualMZ24FixedZoomListBound.lean:1325:2: Try this: 
  letI̵

The goal is a proposition, so `let` is preferred over `letI`.
The difference between `let` and `letI` is that `letI` inlines the value.
But this is not relevant for proofs because of proof irrelevance.

Note: This linter can be disabled with `set_option linter.style.haveILetI false`
warning: lean/PvNP/RealizableHardness/ActualMZ24FixedZoomListBound.lean:1326:2: Try this: 
  letI̵

The goal is a proposition, so `let` is preferred over `letI`.
The difference between `let` and `letI` is that `letI` inlines the value.
But this is not relevant for proofs because of proof irrelevance.

Note: This linter can be disabled with `set_option linter.style.haveILetI false`
warning: lean/PvNP/RealizableHardness/ActualMZ24FixedZoomListBound.lean:1327:2: Try this: 
  letI̵

The goal is a proposition, so `let` is preferred over `letI`.
The difference between `let` and `letI` is that `letI` inlines the value.
But this is not relevant for proofs because of proof irrelevance.

Note: This linter can be disabled with `set_option linter.style.haveILetI false`
warning: lean/PvNP/RealizableHardness/ActualMZ24FixedZoomListBound.lean:1332:37: This simp argument is unused:
  mul_left_comm

Hint: Omit it from the simp argument list.
  [apply] simp [Finset.sum_const, mul_assoc, mul_comm]

Note: This linter can be disabled with `set_option linter.unusedSimpArgs false`
warning: lean/PvNP/RealizableHardness/ActualMZ24FixedZoomListBound.lean:1346:2: Try this: 
  letI̵

The goal is a proposition, so `let` is preferred over `letI`.
The difference between `let` and `letI` is that `letI` inlines the value.
But this is not relevant for proofs because of proof irrelevance.

Note: This linter can be disabled with `set_option linter.style.haveILetI false`
warning: lean/PvNP/RealizableHardness/ActualMZ24FixedZoomListBound.lean:1349:2: Try this: 
  letI̵

The goal is a proposition, so `let` is preferred over `letI`.
The difference between `let` and `letI` is that `letI` inlines the value.
But this is not relevant for proofs because of proof irrelevance.

Note: This linter can be disabled with `set_option linter.style.haveILetI false`
warning: lean/PvNP/RealizableHardness/ActualMZ24FixedZoomListBound.lean:1337:5: Variable name `T` is not explicitly referenced.

Hint: The binding can be removed (if unused) or named `_` (if used implicitly). Alternatively, prefix the name with `_` to silence this warning:
  [apply] _T

Note: This linter can be disabled with `set_option linter.unusedVariables false`
warning: lean/PvNP/RealizableHardness/ActualMZ24FixedZoomListBound.lean:1358:26: This simp argument is unused:
  mul_assoc

Hint: Omit it from the simp argument list.
  [apply] simp [Finset.sum_const, mul_left_comm, mul_comm]

Note: This linter can be disabled with `set_option linter.unusedSimpArgs false`
warning: lean/PvNP/RealizableHardness/ActualMZ24FixedZoomListBound.lean:1358:37: This simp argument is unused:
  mul_left_comm

Hint: Omit it from the simp argument list.
  [apply] simp [Finset.sum_const, mul_assoc, mul_comm]

Note: This linter can be disabled with `set_option linter.unusedSimpArgs false`
warning: lean/PvNP/RealizableHardness/ActualMZ24FixedZoomListBound.lean:1358:52: This simp argument is unused:
  mul_comm

Hint: Omit it from the simp argument list.
  [apply] simp [Finset.sum_const, mul_assoc, mul_left_comm]

Note: This linter can be disabled with `set_option linter.unusedSimpArgs false`
warning: lean/PvNP/RealizableHardness/ActualMZ24FixedZoomListBound.lean:1406:2: Try this: 
  letI̵

The goal is a proposition, so `let` is preferred over `letI`.
The difference between `let` and `letI` is that `letI` inlines the value.
But this is not relevant for proofs because of proof irrelevance.

Note: This linter can be disabled with `set_option linter.style.haveILetI false`
⚠ [3432/3460] Built PvNP.RealizableHardness.ActualMZ24DistinctPairAggregation (5.3s)
warning: lean/PvNP/RealizableHardness/ActualMZ24DistinctPairAggregation.lean:27:8: automatically included section variable(s) unused in theorem `_private.PvNP.RealizableHardness.ActualMZ24DistinctPairAggregation.0.PvNP.RealizableHardness.ActualMZ24DistinctPairAggregation.transport_trans`:
  [Fintype V]
consider restructuring your `variable` declarations so that the variables are not in scope or explicitly omit them:
  omit [Fintype V] in theorem ...

Note: This linter can be disabled with `set_option linter.unusedSectionVars false`
warning: lean/PvNP/RealizableHardness/ActualMZ24DistinctPairAggregation.lean:34:8: automatically included section variable(s) unused in theorem `_private.PvNP.RealizableHardness.ActualMZ24DistinctPairAggregation.0.PvNP.RealizableHardness.ActualMZ24DistinctPairAggregation.transport_symm`:
  [Fintype V]
consider restructuring your `variable` declarations so that the variables are not in scope or explicitly omit them:
  omit [Fintype V] in theorem ...

Note: This linter can be disabled with `set_option linter.unusedSectionVars false`
warning: lean/PvNP/RealizableHardness/ActualMZ24DistinctPairAggregation.lean:41:0: automatically included section variable(s) unused in theorem `PvNP.RealizableHardness.ActualMZ24DistinctPairAggregation.decodedPair_ext_of_transport`:
  [Fintype V]
consider restructuring your `variable` declarations so that the variables are not in scope or explicitly omit them:
  omit [Fintype V] in theorem ...

Note: This linter can be disabled with `set_option linter.unusedSectionVars false`
warning: lean/PvNP/RealizableHardness/ActualMZ24DistinctPairAggregation.lean:71:0: automatically included section variable(s) unused in theorem `PvNP.RealizableHardness.ActualMZ24DistinctPairAggregation.pairSubspace_contains`:
  [Fintype V]
consider restructuring your `variable` declarations so that the variables are not in scope or explicitly omit them:
  omit [Fintype V] in theorem ...

Note: This linter can be disabled with `set_option linter.unusedSectionVars false`
warning: lean/PvNP/RealizableHardness/ActualMZ24DistinctPairAggregation.lean:160:0: automatically included section variable(s) unused in theorem `PvNP.RealizableHardness.ActualMZ24DistinctPairAggregation.pairWFiber_card_sum`:
  [Fintype V]
consider restructuring your `variable` declarations so that the variables are not in scope or explicitly omit them:
  omit [Fintype V] in theorem ...

Note: This linter can be disabled with `set_option linter.unusedSectionVars false`
warning: lean/PvNP/RealizableHardness/ActualMZ24DistinctPairAggregation.lean:208:10: Unused tactic linter: `ring` does nothing

Note: This linter can be disabled with `set_option linter.unusedTactic false`
warning: lean/PvNP/RealizableHardness/ActualMZ24DistinctPairAggregation.lean:208:10: this tactic is never executed

Note: This linter can be disabled with `set_option linter.unreachableTactic false`
warning: lean/PvNP/RealizableHardness/ActualMZ24DistinctPairAggregation.lean:280:0: automatically included section variable(s) unused in theorem `PvNP.RealizableHardness.ActualMZ24DistinctPairAggregation.pairSubspaces_exact_codim_partition`:
  [Fintype V]
consider restructuring your `variable` declarations so that the variables are not in scope or explicitly omit them:
  omit [Fintype V] in theorem ...

Note: This linter can be disabled with `set_option linter.unusedSectionVars false`
warning: lean/PvNP/RealizableHardness/ActualMZ24DistinctPairAggregation.lean:322:12: This simp argument is unused:
  hne

Hint: Omit it from the simp argument list.
  [apply] simp [ih]

Note: This linter can be disabled with `set_option linter.unusedSimpArgs false`
warning: lean/PvNP/RealizableHardness/ActualMZ24DistinctPairAggregation.lean:398:2: Unused tactic linter: `norm_num at h` does nothing

Note: This linter can be disabled with `set_option linter.unusedTactic false`
⚠ [3433/3460] Built PvNP.RealizableHardness.ActualMZ24ComplementRestriction (7.3s)
warning: lean/PvNP/RealizableHardness/ActualMZ24ComplementRestriction.lean:35:0: automatically included section variable(s) unused in theorem `PvNP.RealizableHardness.ActualMZ24ComplementRestriction.lift_complementSubspace`:
  [Fintype V]
consider restructuring your `variable` declarations so that the variables are not in scope or explicitly omit them:
  omit [Fintype V] in theorem ...

Note: This linter can be disabled with `set_option linter.unusedSectionVars false`
warning: lean/PvNP/RealizableHardness/ActualMZ24ComplementRestriction.lean:36:32: Variable name `hQW` is not explicitly referenced.

Hint: The binding can be removed (if unused) or named `_` (if used implicitly). Alternatively, prefix the name with `_` to silence this warning:
  [apply] _hQW

Note: This linter can be disabled with `set_option linter.unusedVariables false`
warning: lean/PvNP/RealizableHardness/ActualMZ24ComplementRestriction.lean:52:32: Variable name `hQW` is not explicitly referenced.

Hint: The binding can be removed (if unused) or named `_` (if used implicitly). Alternatively, prefix the name with `_` to silence this warning:
  [apply] _hQW

Note: This linter can be disabled with `set_option linter.unusedVariables false`
warning: lean/PvNP/RealizableHardness/ActualMZ24ComplementRestriction.lean:108:0: automatically included section variable(s) unused in theorem `PvNP.RealizableHardness.ActualMZ24ComplementRestriction.lift_le_of_le`:
  [Fintype V]
consider restructuring your `variable` declarations so that the variables are not in scope or explicitly omit them:
  omit [Fintype V] in theorem ...

Note: This linter can be disabled with `set_option linter.unusedSectionVars false`
warning: lean/PvNP/RealizableHardness/ActualMZ24ComplementRestriction.lean:109:32: Variable name `hQW` is not explicitly referenced.

Hint: The binding can be removed (if unused) or named `_` (if used implicitly). Alternatively, prefix the name with `_` to silence this warning:
  [apply] _hQW

Note: This linter can be disabled with `set_option linter.unusedVariables false`
warning: lean/PvNP/RealizableHardness/ActualMZ24ComplementRestriction.lean:116:0: automatically included section variable(s) unused in theorem `PvNP.RealizableHardness.ActualMZ24ComplementRestriction.lift_finrank`:
  [Fintype V]
consider restructuring your `variable` declarations so that the variables are not in scope or explicitly omit them:
  omit [Fintype V] in theorem ...

Note: This linter can be disabled with `set_option linter.unusedSectionVars false`
warning: lean/PvNP/RealizableHardness/ActualMZ24ComplementRestriction.lean:134:2: try 'simp' instead of 'simpa'

Note: This linter can be disabled with `set_option linter.unnecessarySimpa false`
warning: lean/PvNP/RealizableHardness/ActualMZ24ComplementRestriction.lean:123:0: automatically included section variable(s) unused in theorem `PvNP.RealizableHardness.ActualMZ24ComplementRestriction.complementSubspace_sup_lift`:
  [Fintype V]
consider restructuring your `variable` declarations so that the variables are not in scope or explicitly omit them:
  omit [Fintype V] in theorem ...

Note: This linter can be disabled with `set_option linter.unusedSectionVars false`
warning: lean/PvNP/RealizableHardness/ActualMZ24ComplementRestriction.lean:271:30: Variable name `had` is not explicitly referenced.

Hint: The binding can be removed (if unused) or named `_` (if used implicitly). Alternatively, prefix the name with `_` to silence this warning:
  [apply] _had

Note: This linter can be disabled with `set_option linter.unusedVariables false`
warning: lean/PvNP/RealizableHardness/ActualMZ24ComplementRestriction.lean:278:8: automatically included section variable(s) unused in theorem `_private.PvNP.RealizableHardness.ActualMZ24ComplementRestriction.0.PvNP.RealizableHardness.ActualMZ24ComplementRestriction.dependentTable_apply`:
  [Fintype V]
consider restructuring your `variable` declarations so that the variables are not in scope or explicitly omit them:
  omit [Fintype V] in theorem ...

Note: This linter can be disabled with `set_option linter.unusedSectionVars false`
warning: lean/PvNP/RealizableHardness/ActualMZ24ComplementRestriction.lean:285:8: automatically included section variable(s) unused in theorem `_private.PvNP.RealizableHardness.ActualMZ24ComplementRestriction.0.PvNP.RealizableHardness.ActualMZ24ComplementRestriction.grassCast_coe`:
  [Fintype V]
consider restructuring your `variable` declarations so that the variables are not in scope or explicitly omit them:
  omit [Fintype V] in theorem ...

Note: This linter can be disabled with `set_option linter.unusedSectionVars false`
⚠ [3434/3460] Built PvNP.RealizableHardness.ActualBinaryGrassmannIncidence (8.0s)
warning: lean/PvNP/RealizableHardness/ActualBinaryGrassmannIncidence.lean:49:8: automatically included section variable(s) unused in theorem `PvNP.RealizableHardness.ActualBinaryGrassmannIncidence.familyInter_empty`:
  [Fintype V]
  [Fintype I]
consider restructuring your `variable` declarations so that the variables are not in scope or explicitly omit them:
  omit [Fintype V] [Fintype I] in theorem ...

Note: This linter can be disabled with `set_option linter.unusedSectionVars false`
warning: lean/PvNP/RealizableHardness/ActualBinaryGrassmannIncidence.lean:53:8: automatically included section variable(s) unused in theorem `PvNP.RealizableHardness.ActualBinaryGrassmannIncidence.familyInter_singleton`:
  [Fintype V]
  [Fintype I]
consider restructuring your `variable` declarations so that the variables are not in scope or explicitly omit them:
  omit [Fintype V] [Fintype I] in theorem ...

Note: This linter can be disabled with `set_option linter.unusedSectionVars false`
warning: lean/PvNP/RealizableHardness/ActualBinaryGrassmannIncidence.lean:57:0: automatically included section variable(s) unused in theorem `PvNP.RealizableHardness.ActualBinaryGrassmannIncidence.familyInter_pair`:
  [Fintype V]
  [Fintype I]
consider restructuring your `variable` declarations so that the variables are not in scope or explicitly omit them:
  omit [Fintype V] [Fintype I] in theorem ...

Note: This linter can be disabled with `set_option linter.unusedSectionVars false`
warning: lean/PvNP/RealizableHardness/ActualBinaryGrassmannIncidence.lean:58:5: Variable name `hij` is not explicitly referenced.

Hint: The binding can be removed (if unused) or named `_` (if used implicitly). Alternatively, prefix the name with `_` to silence this warning:
  [apply] _hij

Note: This linter can be disabled with `set_option linter.unusedVariables false`
warning: lean/PvNP/RealizableHardness/ActualBinaryGrassmannIncidence.lean:60:21: This simp argument is unused:
  hij

Hint: Omit it from the simp argument list.
  [apply] simp [familyInter]

Note: This linter can be disabled with `set_option linter.unusedSimpArgs false`
warning: lean/PvNP/RealizableHardness/ActualBinaryGrassmannIncidence.lean:75:0: automatically included section variable(s) unused in theorem `PvNP.RealizableHardness.ActualBinaryGrassmannIncidence.genericUpTo_zero`:
  [Fintype V]
  [Fintype I]
consider restructuring your `variable` declarations so that the variables are not in scope or explicitly omit them:
  omit [Fintype V] [Fintype I] in theorem ...

Note: This linter can be disabled with `set_option linter.unusedSectionVars false`
warning: lean/PvNP/RealizableHardness/ActualBinaryGrassmannIncidence.lean:81:0: automatically included section variable(s) unused in theorem `PvNP.RealizableHardness.ActualBinaryGrassmannIncidence.genericUpTo_mono`:
  [Fintype V]
  [Fintype I]
consider restructuring your `variable` declarations so that the variables are not in scope or explicitly omit them:
  omit [Fintype V] [Fintype I] in theorem ...

Note: This linter can be disabled with `set_option linter.unusedSectionVars false`
warning: lean/PvNP/RealizableHardness/ActualBinaryGrassmannIncidence.lean:91:0: automatically included section variable(s) unused in theorem `PvNP.RealizableHardness.ActualBinaryGrassmannIncidence.genericUpTo_general`:
  [Fintype V]
  [Fintype I]
consider restructuring your `variable` declarations so that the variables are not in scope or explicitly omit them:
  omit [Fintype V] [Fintype I] in theorem ...

Note: This linter can be disabled with `set_option linter.unusedSectionVars false`
warning: lean/PvNP/RealizableHardness/ActualBinaryGrassmannIncidence.lean:111:32: This simp argument is unused:
  hij

Hint: Omit it from the simp argument list.
  [apply] simp

Note: This linter can be disabled with `set_option linter.unusedSimpArgs false`
warning: lean/PvNP/RealizableHardness/ActualBinaryGrassmannIncidence.lean:114:15: This simp argument is unused:
  Ne.symm hij

Hint: Omit it from the simp argument list.
  [apply] simp [hij]

Note: This linter can be disabled with `set_option linter.unusedSimpArgs false`
warning: lean/PvNP/RealizableHardness/ActualBinaryGrassmannIncidence.lean:131:0: automatically included section variable(s) unused in theorem `PvNP.RealizableHardness.ActualBinaryGrassmannIncidence.familyInter_image`:
  [Fintype V]
  [Fintype I]
consider restructuring your `variable` declarations so that the variables are not in scope or explicitly omit them:
  omit [Fintype V] [Fintype I] in theorem ...

Note: This linter can be disabled with `set_option linter.unusedSectionVars false`
warning: lean/PvNP/RealizableHardness/ActualBinaryGrassmannIncidence.lean:206:0: automatically included section variable(s) unused in theorem `PvNP.RealizableHardness.ActualBinaryGrassmannIncidence.grass_nonempty_of_le`:
  [Fintype V]
consider restructuring your `variable` declarations so that the variables are not in scope or explicitly omit them:
  omit [Fintype V] in theorem ...

Note: This linter can be disabled with `set_option linter.unusedSectionVars false`
warning: lean/PvNP/RealizableHardness/ActualBinaryGrassmannIncidence.lean:218:2: Try this: 
  letI̵

The goal is a proposition, so `let` is preferred over `letI`.
The difference between `let` and `letI` is that `letI` inlines the value.
But this is not relevant for proofs because of proof irrelevance.

Note: This linter can be disabled with `set_option linter.style.haveILetI false`
warning: lean/PvNP/RealizableHardness/ActualBinaryGrassmannIncidence.lean:217:14: This simp argument is unused:
  Module.finrank_pi

Hint: Omit it from the simp argument list.
  [apply] simp [Vn]

Note: This linter can be disabled with `set_option linter.unusedSimpArgs false`
warning: lean/PvNP/RealizableHardness/ActualBinaryGrassmannIncidence.lean:235:0: automatically included section variable(s) unused in theorem `PvNP.RealizableHardness.ActualBinaryGrassmannIncidence.bottomContained_card_nat`:
  [Fintype I]
consider restructuring your `variable` declarations so that the variables are not in scope or explicitly omit them:
  omit [Fintype I] in theorem ...

Note: This linter can be disabled with `set_option linter.unusedSectionVars false`
warning: lean/PvNP/RealizableHardness/ActualBinaryGrassmannIncidence.lean:254:11: Variable name `L` is not explicitly referenced.

Hint: The binding can be removed (if unused) or named `_` (if used implicitly). Alternatively, prefix the name with `_` to silence this warning:
  [apply] _L

Note: This linter can be disabled with `set_option linter.unusedVariables false`
warning: lean/PvNP/RealizableHardness/ActualBinaryGrassmannIncidence.lean:255:12: Variable name `L` is not explicitly referenced.

Hint: The binding can be removed (if unused) or named `_` (if used implicitly). Alternatively, prefix the name with `_` to silence this warning:
  [apply] _L

Note: This linter can be disabled with `set_option linter.unusedVariables false`
warning: lean/PvNP/RealizableHardness/ActualBinaryGrassmannIncidence.lean:257:0: automatically included section variable(s) unused in theorem `PvNP.RealizableHardness.ActualBinaryGrassmannIncidence.bottomPairContained_card_nat`:
  [Fintype I]
consider restructuring your `variable` declarations so that the variables are not in scope or explicitly omit them:
  omit [Fintype I] in theorem ...

Note: This linter can be disabled with `set_option linter.unusedSectionVars false`
warning: lean/PvNP/RealizableHardness/ActualBinaryGrassmannIncidence.lean:284:0: automatically included section variable(s) unused in theorem `PvNP.RealizableHardness.ActualBinaryGrassmannIncidence.bottomGeneralContained_card_nat`:
  [Fintype I]
consider restructuring your `variable` declarations so that the variables are not in scope or explicitly omit them:
  omit [Fintype I] in theorem ...

Note: This linter can be disabled with `set_option linter.unusedSectionVars false`
warning: lean/PvNP/RealizableHardness/ActualBinaryGrassmannIncidence.lean:372:0: automatically included section variable(s) unused in theorem `PvNP.RealizableHardness.ActualBinaryGrassmannIncidence.familyInter_complement`:
  [Fintype V]
  [Fintype I]
consider restructuring your `variable` declarations so that the variables are not in scope or explicitly omit them:
  omit [Fintype V] [Fintype I] in theorem ...

Note: This linter can be disabled with `set_option linter.unusedSectionVars false`
warning: lean/PvNP/RealizableHardness/ActualBinaryGrassmannIncidence.lean:400:0: automatically included section variable(s) unused in theorem `PvNP.RealizableHardness.ActualBinaryGrassmannIncidence.complementFamily_injective`:
  [Fintype I]
consider restructuring your `variable` declarations so that the variables are not in scope or explicitly omit them:
  omit [Fintype I] in theorem ...

Note: This linter can be disabled with `set_option linter.unusedSectionVars false`
warning: lean/PvNP/RealizableHardness/ActualBinaryGrassmannIncidence.lean:453:38: Variable name `C` is not explicitly referenced.

Hint: The binding can be removed (if unused) or named `_` (if used implicitly). Alternatively, prefix the name with `_` to silence this warning:
  [apply] _C

Note: This linter can be disabled with `set_option linter.unusedVariables false`
warning: lean/PvNP/RealizableHardness/ActualBinaryGrassmannIncidence.lean:464:2: Try this: 
  letI̵

The goal is a proposition, so `let` is preferred over `letI`.
The difference between `let` and `letI` is that `letI` inlines the value.
But this is not relevant for proofs because of proof irrelevance.

Note: This linter can be disabled with `set_option linter.style.haveILetI false`
warning: lean/PvNP/RealizableHardness/ActualBinaryGrassmannIncidence.lean:475:8: `if_pos` has been deprecated: Use `ite_eq_left` instead
warning: lean/PvNP/RealizableHardness/ActualBinaryGrassmannIncidence.lean:477:4: Try this: 
  letI̵

The goal is a proposition, so `let` is preferred over `letI`.
The difference between `let` and `letI` is that `letI` inlines the value.
But this is not relevant for proofs because of proof irrelevance.

Note: This linter can be disabled with `set_option linter.style.haveILetI false`
warning: lean/PvNP/RealizableHardness/ActualBinaryGrassmannIncidence.lean:478:10: `if_neg` has been deprecated: Use `ite_eq_right` instead
warning: lean/PvNP/RealizableHardness/ActualBinaryGrassmannIncidence.lean:488:0: automatically included section variable(s) unused in theorem `PvNP.RealizableHardness.ActualBinaryGrassmannIncidence.pointedContained_iff`:
  [Fintype I]
consider restructuring your `variable` declarations so that the variables are not in scope or explicitly omit them:
  omit [Fintype I] in theorem ...

Note: This linter can be disabled with `set_option linter.unusedSectionVars false`
warning: lean/PvNP/RealizableHardness/ActualBinaryGrassmannIncidence.lean:527:8: `if_pos` has been deprecated: Use `ite_eq_left` instead
warning: lean/PvNP/RealizableHardness/ActualBinaryGrassmannIncidence.lean:529:4: Try this: 
  letI̵

The goal is a proposition, so `let` is preferred over `letI`.
The difference between `let` and `letI` is that `letI` inlines the value.
But this is not relevant for proofs because of proof irrelevance.

Note: This linter can be disabled with `set_option linter.style.haveILetI false`
warning: lean/PvNP/RealizableHardness/ActualBinaryGrassmannIncidence.lean:530:10: `if_neg` has been deprecated: Use `ite_eq_right` instead
warning: lean/PvNP/RealizableHardness/ActualBinaryGrassmannIncidence.lean:551:15: `if_pos` has been deprecated: Use `ite_eq_left` instead
warning: lean/PvNP/RealizableHardness/ActualBinaryGrassmannIncidence.lean:606:8: `if_pos` has been deprecated: Use `ite_eq_left` instead
warning: lean/PvNP/RealizableHardness/ActualBinaryGrassmannIncidence.lean:609:4: Try this: 
  letI̵

The goal is a proposition, so `let` is preferred over `letI`.
The difference between `let` and `letI` is that `letI` inlines the value.
But this is not relevant for proofs because of proof irrelevance.

Note: This linter can be disabled with `set_option linter.style.haveILetI false`
warning: lean/PvNP/RealizableHardness/ActualBinaryGrassmannIncidence.lean:610:10: `if_neg` has been deprecated: Use `ite_eq_right` instead
warning: lean/PvNP/RealizableHardness/ActualBinaryGrassmannIncidence.lean:633:15: `if_pos` has been deprecated: Use `ite_eq_left` instead
warning: lean/PvNP/RealizableHardness/ActualBinaryGrassmannIncidence.lean:690:8: `if_pos` has been deprecated: Use `ite_eq_left` instead
warning: lean/PvNP/RealizableHardness/ActualBinaryGrassmannIncidence.lean:693:4: Try this: 
  letI̵

The goal is a proposition, so `let` is preferred over `letI`.
The difference between `let` and `letI` is that `letI` inlines the value.
But this is not relevant for proofs because of proof irrelevance.

Note: This linter can be disabled with `set_option linter.style.haveILetI false`
warning: lean/PvNP/RealizableHardness/ActualBinaryGrassmannIncidence.lean:694:10: `if_neg` has been deprecated: Use `ite_eq_right` instead
warning: lean/PvNP/RealizableHardness/ActualBinaryGrassmannIncidence.lean:716:15: `if_pos` has been deprecated: Use `ite_eq_left` instead
warning: lean/PvNP/RealizableHardness/ActualBinaryGrassmannIncidence.lean:761:37: Variable name `r` is not explicitly referenced.

Hint: The binding can be removed (if unused) or named `_` (if used implicitly). Alternatively, prefix the name with `_` to silence this warning:
  [apply] _r

Note: This linter can be disabled with `set_option linter.unusedVariables false`
warning: lean/PvNP/RealizableHardness/ActualBinaryGrassmannIncidence.lean:769:39: Variable name `r` is not explicitly referenced.

Hint: The binding can be removed (if unused) or named `_` (if used implicitly). Alternatively, prefix the name with `_` to silence this warning:
  [apply] _r

Note: This linter can be disabled with `set_option linter.unusedVariables false`
⚠ [3435/3460] Built PvNP.RealizableHardness.ActualMZ24GenericSubfamilyRepresentative (7.1s)
warning: lean/PvNP/RealizableHardness/ActualMZ24GenericSubfamilyRepresentative.lean:126:0: automatically included section variable(s) unused in theorem `PvNP.RealizableHardness.ActualMZ24GenericSubfamilyRepresentative.exists_positiveBucketRepresentative`:
  [Fintype V]
consider restructuring your `variable` declarations so that the variables are not in scope or explicitly omit them:
  omit [Fintype V] in theorem ...

Note: This linter can be disabled with `set_option linter.unusedSectionVars false`
⚠ [3436/3460] Built PvNP.RealizableHardness.ActualMZ24HyperplaneSupport (5.0s)
warning: lean/PvNP/RealizableHardness/ActualMZ24HyperplaneSupport.lean:32:0: automatically included section variable(s) unused in theorem `PvNP.RealizableHardness.ActualMZ24HyperplaneSupport.relativeCodim_eq_finrank_sub`:
  [Fintype V]
consider restructuring your `variable` declarations so that the variables are not in scope or explicitly omit them:
  omit [Fintype V] in theorem ...

Note: This linter can be disabled with `set_option linter.unusedSectionVars false`
warning: lean/PvNP/RealizableHardness/ActualMZ24HyperplaneSupport.lean:80:0: automatically included section variable(s) unused in theorem `PvNP.RealizableHardness.ActualMZ24HyperplaneSupport.hyperplane_ne_top`:
  [Fintype V]
consider restructuring your `variable` declarations so that the variables are not in scope or explicitly omit them:
  omit [Fintype V] in theorem ...

Note: This linter can be disabled with `set_option linter.unusedSectionVars false`
warning: lean/PvNP/RealizableHardness/ActualMZ24HyperplaneSupport.lean:95:2: Try this: 
  letI̵

The goal is a proposition, so `let` is preferred over `letI`.
The difference between `let` and `letI` is that `letI` inlines the value.
But this is not relevant for proofs because of proof irrelevance.

Note: This linter can be disabled with `set_option linter.style.haveILetI false`
warning: lean/PvNP/RealizableHardness/ActualMZ24HyperplaneSupport.lean:100:2: Try this: 
  letI̵

The goal is a proposition, so `let` is preferred over `letI`.
The difference between `let` and `letI` is that `letI` inlines the value.
But this is not relevant for proofs because of proof irrelevance.

Note: This linter can be disabled with `set_option linter.style.haveILetI false`
warning: lean/PvNP/RealizableHardness/ActualMZ24HyperplaneSupport.lean:203:32: This simp argument is unused:
  hn

Hint: Omit it from the simp argument list.
  [apply] simp [gaussian, frameProduct, hn1, hn0]

Note: This linter can be disabled with `set_option linter.unusedSimpArgs false`
warning: lean/PvNP/RealizableHardness/ActualMZ24HyperplaneSupport.lean:203:41: This simp argument is unused:
  hn0

Hint: Omit it from the simp argument list.
  [apply] simp [gaussian, frameProduct, hn, hn1]

Note: This linter can be disabled with `set_option linter.unusedSimpArgs false`
warning: lean/PvNP/RealizableHardness/ActualMZ24HyperplaneSupport.lean:215:2: Try this: 
  letI̵

The goal is a proposition, so `let` is preferred over `letI`.
The difference between `let` and `letI` is that `letI` inlines the value.
But this is not relevant for proofs because of proof irrelevance.

Note: This linter can be disabled with `set_option linter.style.haveILetI false`
warning: lean/PvNP/RealizableHardness/ActualMZ24HyperplaneSupport.lean:235:2: Try this: 
  letI̵

The goal is a proposition, so `let` is preferred over `letI`.
The difference between `let` and `letI` is that `letI` inlines the value.
But this is not relevant for proofs because of proof irrelevance.

Note: This linter can be disabled with `set_option linter.style.haveILetI false`
warning: lean/PvNP/RealizableHardness/ActualMZ24HyperplaneSupport.lean:279:32: Variable name `hWH` is not explicitly referenced.

Hint: The binding can be removed (if unused) or named `_` (if used implicitly). Alternatively, prefix the name with `_` to silence this warning:
  [apply] _hWH

Note: This linter can be disabled with `set_option linter.unusedVariables false`
warning: lean/PvNP/RealizableHardness/ActualMZ24HyperplaneSupport.lean:282:0: automatically included section variable(s) unused in theorem `PvNP.RealizableHardness.ActualMZ24HyperplaneSupport.restrictToHyperplane_map_recovery`:
  [Fintype V]
consider restructuring your `variable` declarations so that the variables are not in scope or explicitly omit them:
  omit [Fintype V] in theorem ...

Note: This linter can be disabled with `set_option linter.unusedSectionVars false`
⚠ [3437/3460] Built PvNP.RealizableHardness.ActualBinaryGrassmannSamplingBounds (13s)
warning: lean/PvNP/RealizableHardness/ActualBinaryGrassmannSamplingBounds.lean:483:2: try 'simp' instead of 'simpa'

Note: This linter can be disabled with `set_option linter.unnecessarySimpa false`
warning: lean/PvNP/RealizableHardness/ActualBinaryGrassmannSamplingBounds.lean:475:5: Variable name `hInj` is not explicitly referenced.

Hint: The binding can be removed (if unused) or named `_` (if used implicitly). Alternatively, prefix the name with `_` to silence this warning:
  [apply] _hInj

Note: This linter can be disabled with `set_option linter.unusedVariables false`
warning: lean/PvNP/RealizableHardness/ActualBinaryGrassmannSamplingBounds.lean:508:2: try 'simp' instead of 'simpa'

Note: This linter can be disabled with `set_option linter.unnecessarySimpa false`
warning: lean/PvNP/RealizableHardness/ActualBinaryGrassmannSamplingBounds.lean:513:5: Variable name `hInj` is not explicitly referenced.

Hint: The binding can be removed (if unused) or named `_` (if used implicitly). Alternatively, prefix the name with `_` to silence this warning:
  [apply] _hInj

Note: This linter can be disabled with `set_option linter.unusedVariables false`
warning: lean/PvNP/RealizableHardness/ActualBinaryGrassmannSamplingBounds.lean:744:29: Used `tac1 <;> tac2` where `(tac1; tac2)` would suffice

Note: This linter can be disabled with `set_option linter.unnecessarySeqFocus false`
warning: lean/PvNP/RealizableHardness/ActualBinaryGrassmannSamplingBounds.lean:769:32: Used `tac1 <;> tac2` where `(tac1; tac2)` would suffice

Note: This linter can be disabled with `set_option linter.unnecessarySeqFocus false`
warning: lean/PvNP/RealizableHardness/ActualBinaryGrassmannSamplingBounds.lean:769:45: Used `tac1 <;> tac2` where `(tac1; tac2)` would suffice

Note: This linter can be disabled with `set_option linter.unnecessarySeqFocus false`
warning: lean/PvNP/RealizableHardness/ActualBinaryGrassmannSamplingBounds.lean:784:5: Variable name `hInj` is not explicitly referenced.

Hint: The binding can be removed (if unused) or named `_` (if used implicitly). Alternatively, prefix the name with `_` to silence this warning:
  [apply] _hInj

Note: This linter can be disabled with `set_option linter.unusedVariables false`
warning: lean/PvNP/RealizableHardness/ActualBinaryGrassmannSamplingBounds.lean:792:15: This simp argument is unused:
  adviceComplement_finrank C

Hint: Omit it from the simp argument list.
  [apply] simp [haj]

Note: This linter can be disabled with `set_option linter.unusedSimpArgs false`
warning: lean/PvNP/RealizableHardness/ActualBinaryGrassmannSamplingBounds.lean:825:2: try 'simp' instead of 'simpa'

Note: This linter can be disabled with `set_option linter.unnecessarySimpa false`
warning: lean/PvNP/RealizableHardness/ActualBinaryGrassmannSamplingBounds.lean:844:15: `if_pos` has been deprecated: Use `ite_eq_left` instead
warning: lean/PvNP/RealizableHardness/ActualBinaryGrassmannSamplingBounds.lean:832:5: Variable name `hInj` is not explicitly referenced.

Hint: The binding can be removed (if unused) or named `_` (if used implicitly). Alternatively, prefix the name with `_` to silence this warning:
  [apply] _hInj

Note: This linter can be disabled with `set_option linter.unusedVariables false`
warning: lean/PvNP/RealizableHardness/ActualBinaryGrassmannSamplingBounds.lean:1092:29: Used `tac1 <;> tac2` where `(tac1; tac2)` would suffice

Note: This linter can be disabled with `set_option linter.unnecessarySeqFocus false`
warning: lean/PvNP/RealizableHardness/ActualBinaryGrassmannSamplingBounds.lean:1118:32: Used `tac1 <;> tac2` where `(tac1; tac2)` would suffice

Note: This linter can be disabled with `set_option linter.unnecessarySeqFocus false`
warning: lean/PvNP/RealizableHardness/ActualBinaryGrassmannSamplingBounds.lean:1118:45: Used `tac1 <;> tac2` where `(tac1; tac2)` would suffice

Note: This linter can be disabled with `set_option linter.unnecessarySeqFocus false`
⚠ [3438/3460] Built PvNP.RealizableHardness.ActualSourceStarLaw (4.6s)
warning: lean/PvNP/RealizableHardness/ActualSourceStarLaw.lean:65:2: Try this: 
  haveI̵

The goal is a proposition, so `have` is preferred over `haveI`.
The difference between `have` and `haveI` is that `haveI` inlines the value.
But this is not relevant for proofs because of proof irrelevance.

Note: This linter can be disabled with `set_option linter.style.haveILetI false`
warning: lean/PvNP/RealizableHardness/ActualSourceStarLaw.lean:75:2: Try this: 
  haveI̵

The goal is a proposition, so `have` is preferred over `haveI`.
The difference between `have` and `haveI` is that `haveI` inlines the value.
But this is not relevant for proofs because of proof irrelevance.

Note: This linter can be disabled with `set_option linter.style.haveILetI false`
warning: lean/PvNP/RealizableHardness/ActualSourceStarLaw.lean:78:36: Variable name `hdV` is not explicitly referenced.

Hint: The binding can be removed (if unused) or named `_` (if used implicitly). Alternatively, prefix the name with `_` to silence this warning:
  [apply] _hdV

Note: This linter can be disabled with `set_option linter.unusedVariables false`
warning: lean/PvNP/RealizableHardness/ActualSourceStarLaw.lean:85:26: This simp argument is unused:
  mul_assoc

Hint: Omit it from the simp argument list.
  [apply] simp [Finset.sum_const, mul_left_comm, mul_comm]

Note: This linter can be disabled with `set_option linter.unusedSimpArgs false`
warning: lean/PvNP/RealizableHardness/ActualSourceStarLaw.lean:85:37: This simp argument is unused:
  mul_left_comm

Hint: Omit it from the simp argument list.
  [apply] simp [Finset.sum_const, mul_assoc, mul_comm]

Note: This linter can be disabled with `set_option linter.unusedSimpArgs false`
warning: lean/PvNP/RealizableHardness/ActualSourceStarLaw.lean:85:52: This simp argument is unused:
  mul_comm

Hint: Omit it from the simp argument list.
  [apply] simp [Finset.sum_const, mul_assoc, mul_left_comm]

Note: This linter can be disabled with `set_option linter.unusedSimpArgs false`
warning: lean/PvNP/RealizableHardness/ActualSourceStarLaw.lean:110:2: Try this: 
  haveI̵

The goal is a proposition, so `have` is preferred over `haveI`.
The difference between `have` and `haveI` is that `haveI` inlines the value.
But this is not relevant for proofs because of proof irrelevance.

Note: This linter can be disabled with `set_option linter.style.haveILetI false`
warning: lean/PvNP/RealizableHardness/ActualSourceStarLaw.lean:111:2: Try this: 
  haveI̵

The goal is a proposition, so `have` is preferred over `haveI`.
The difference between `have` and `haveI` is that `haveI` inlines the value.
But this is not relevant for proofs because of proof irrelevance.

Note: This linter can be disabled with `set_option linter.style.haveILetI false`
warning: lean/PvNP/RealizableHardness/ActualSourceStarLaw.lean:119:2: Try this: 
  haveI̵

The goal is a proposition, so `have` is preferred over `haveI`.
The difference between `have` and `haveI` is that `haveI` inlines the value.
But this is not relevant for proofs because of proof irrelevance.

Note: This linter can be disabled with `set_option linter.style.haveILetI false`
⚠ [3439/3460] Built PvNP.RealizableHardness.ActualStarLineIncidence (4.8s)
warning: lean/PvNP/RealizableHardness/ActualStarLineIncidence.lean:36:2: Try this: 
  letI̵

The goal is a proposition, so `let` is preferred over `letI`.
The difference between `let` and `letI` is that `letI` inlines the value.
But this is not relevant for proofs because of proof irrelevance.

Note: This linter can be disabled with `set_option linter.style.haveILetI false`
warning: lean/PvNP/RealizableHardness/ActualStarLineIncidence.lean:38:2: Try this: 
  letI̵

The goal is a proposition, so `let` is preferred over `letI`.
The difference between `let` and `letI` is that `letI` inlines the value.
But this is not relevant for proofs because of proof irrelevance.

Note: This linter can be disabled with `set_option linter.style.haveILetI false`
⚠ [3440/3460] Built PvNP.RealizableHardness.ActualStarJointKernel (5.8s)
warning: lean/PvNP/RealizableHardness/ActualStarJointKernel.lean:45:0: automatically included section variable(s) unused in theorem `PvNP.RealizableHardness.ActualStarJointKernel.incrementSumMap_range`:
  [Finite V]
consider restructuring your `variable` declarations so that the variables are not in scope or explicitly omit them:
  omit [Finite V] in theorem ...

Note: This linter can be disabled with `set_option linter.unusedSectionVars false`
warning: lean/PvNP/RealizableHardness/ActualStarJointKernel.lean:73:2: Try this: 
  letI̵

The goal is a proposition, so `let` is preferred over `letI`.
The difference between `let` and `letI` is that `letI` inlines the value.
But this is not relevant for proofs because of proof irrelevance.

Note: This linter can be disabled with `set_option linter.style.haveILetI false`
warning: lean/PvNP/RealizableHardness/ActualStarJointKernel.lean:74:2: Try this: 
  letI̵

The goal is a proposition, so `let` is preferred over `letI`.
The difference between `let` and `letI` is that `letI` inlines the value.
But this is not relevant for proofs because of proof irrelevance.

Note: This linter can be disabled with `set_option linter.style.haveILetI false`
⚠ [3441/3460] Built PvNP.RealizableHardness.RobustSourceLineContainment (10s)
warning: lean/PvNP/RealizableHardness/RobustSourceLineContainment.lean:64:2: Try this: 
  letI̵

The goal is a proposition, so `let` is preferred over `letI`.
The difference between `let` and `letI` is that `letI` inlines the value.
But this is not relevant for proofs because of proof irrelevance.

Note: This linter can be disabled with `set_option linter.style.haveILetI false`
warning: lean/PvNP/RealizableHardness/RobustSourceLineContainment.lean:101:0: automatically included section variable(s) unused in theorem `PvNP.RealizableHardness.RobustSourceLineContainment.nontrivial_inf_iff_quotientImages`:
  [Finite V]
consider restructuring your `variable` declarations so that the variables are not in scope or explicitly omit them:
  omit [Finite V] in theorem ...

Note: This linter can be disabled with `set_option linter.unusedSectionVars false`
warning: lean/PvNP/RealizableHardness/RobustSourceLineContainment.lean:432:2: Try this: 
  letI̵

The goal is a proposition, so `let` is preferred over `letI`.
The difference between `let` and `letI` is that `letI` inlines the value.
But this is not relevant for proofs because of proof irrelevance.

Note: This linter can be disabled with `set_option linter.style.haveILetI false`
warning: lean/PvNP/RealizableHardness/RobustSourceLineContainment.lean:435:2: Try this: 
  letI̵

The goal is a proposition, so `let` is preferred over `letI`.
The difference between `let` and `letI` is that `letI` inlines the value.
But this is not relevant for proofs because of proof irrelevance.

Note: This linter can be disabled with `set_option linter.style.haveILetI false`
warning: lean/PvNP/RealizableHardness/RobustSourceLineContainment.lean:436:2: Try this: 
  letI̵

The goal is a proposition, so `let` is preferred over `letI`.
The difference between `let` and `letI` is that `letI` inlines the value.
But this is not relevant for proofs because of proof irrelevance.

Note: This linter can be disabled with `set_option linter.style.haveILetI false`
warning: lean/PvNP/RealizableHardness/RobustSourceLineContainment.lean:414:19: Variable name `hd` is not explicitly referenced.

Hint: The binding can be removed (if unused) or named `_` (if used implicitly). Alternatively, prefix the name with `_` to silence this warning:
  [apply] _hd

Note: This linter can be disabled with `set_option linter.unusedVariables false`
⚠ [3442/3460] Built PvNP.RealizableHardness.ActualStarExtensionProduct (4.0s)
warning: lean/PvNP/RealizableHardness/ActualStarExtensionProduct.lean:102:4: This simp argument is unused:
  Fintype.card_fun

Hint: Omit it from the simp argument list.
  [apply] simp [extensionTupleLaw, uniformLaw_apply, extensionLaw_apply, Finset.prod_const]

Note: This linter can be disabled with `set_option linter.unusedSimpArgs false`
warning: lean/PvNP/RealizableHardness/ActualStarExtensionProduct.lean:128:2: Try this: 
  letI̵

The goal is a proposition, so `let` is preferred over `letI`.
The difference between `let` and `letI` is that `letI` inlines the value.
But this is not relevant for proofs because of proof irrelevance.

Note: This linter can be disabled with `set_option linter.style.haveILetI false`
warning: lean/PvNP/RealizableHardness/ActualStarExtensionProduct.lean:129:2: Try this: 
  letI̵

The goal is a proposition, so `let` is preferred over `letI`.
The difference between `let` and `letI` is that `letI` inlines the value.
But this is not relevant for proofs because of proof irrelevance.

Note: This linter can be disabled with `set_option linter.style.haveILetI false`
warning: lean/PvNP/RealizableHardness/ActualStarExtensionProduct.lean:134:2: Try this: 
  letI̵

The goal is a proposition, so `let` is preferred over `letI`.
The difference between `let` and `letI` is that `letI` inlines the value.
But this is not relevant for proofs because of proof irrelevance.

Note: This linter can be disabled with `set_option linter.style.haveILetI false`
warning: lean/PvNP/RealizableHardness/ActualStarExtensionProduct.lean:185:10: `if_pos` has been deprecated: Use `ite_eq_left` instead
warning: lean/PvNP/RealizableHardness/ActualStarExtensionProduct.lean:190:10: `if_neg` has been deprecated: Use `ite_eq_right` instead
warning: lean/PvNP/RealizableHardness/ActualStarExtensionProduct.lean:213:19: Variable name `hdV` is not explicitly referenced.

Hint: The binding can be removed (if unused) or named `_` (if used implicitly). Alternatively, prefix the name with `_` to silence this warning:
  [apply] _hdV

Note: This linter can be disabled with `set_option linter.unusedVariables false`
⚠ [3443/3460] Built PvNP.RealizableHardness.ActualStarKernelSupport (4.3s)
warning: lean/PvNP/RealizableHardness/ActualStarKernelSupport.lean:33:0: automatically included section variable(s) unused in theorem `PvNP.RealizableHardness.ActualStarKernelSupport.kernelWitness_has_exact_support_relation`:
  [Finite V]
consider restructuring your `variable` declarations so that the variables are not in scope or explicitly omit them:
  omit [Finite V] in theorem ...

Note: This linter can be disabled with `set_option linter.unusedSectionVars false`
warning: lean/PvNP/RealizableHardness/ActualStarKernelSupport.lean:92:4: Try this: intro i hzero
⚠ [3444/3460] Built PvNP.RealizableHardness.ActualStarCoordinateExtensionLawBridge (3.7s)
warning: lean/PvNP/RealizableHardness/ActualStarCoordinateExtensionLawBridge.lean:98:2: Try this: 
  letI̵

The goal is a proposition, so `let` is preferred over `letI`.
The difference between `let` and `letI` is that `letI` inlines the value.
But this is not relevant for proofs because of proof irrelevance.

Note: This linter can be disabled with `set_option linter.style.haveILetI false`
warning: lean/PvNP/RealizableHardness/ActualStarCoordinateExtensionLawBridge.lean:99:2: Try this: 
  letI̵

The goal is a proposition, so `let` is preferred over `letI`.
The difference between `let` and `letI` is that `letI` inlines the value.
But this is not relevant for proofs because of proof irrelevance.

Note: This linter can be disabled with `set_option linter.style.haveILetI false`
warning: lean/PvNP/RealizableHardness/ActualStarCoordinateExtensionLawBridge.lean:123:2: Try this: 
  letI̵

The goal is a proposition, so `let` is preferred over `letI`.
The difference between `let` and `letI` is that `letI` inlines the value.
But this is not relevant for proofs because of proof irrelevance.

Note: This linter can be disabled with `set_option linter.style.haveILetI false`
warning: lean/PvNP/RealizableHardness/ActualStarCoordinateExtensionLawBridge.lean:124:2: Try this: 
  letI̵

The goal is a proposition, so `let` is preferred over `letI`.
The difference between `let` and `letI` is that `letI` inlines the value.
But this is not relevant for proofs because of proof irrelevance.

Note: This linter can be disabled with `set_option linter.style.haveILetI false`
⚠ [3445/3460] Built PvNP.RealizableHardness.ActualStarBadMassWitness (3.5s)
warning: lean/PvNP/RealizableHardness/ActualStarBadMassWitness.lean:48:2: Try this: 
  letI̵

The goal is a proposition, so `let` is preferred over `letI`.
The difference between `let` and `letI` is that `letI` inlines the value.
But this is not relevant for proofs because of proof irrelevance.

Note: This linter can be disabled with `set_option linter.style.haveILetI false`
warning: lean/PvNP/RealizableHardness/ActualStarBadMassWitness.lean:50:2: Try this: 
  letI̵

The goal is a proposition, so `let` is preferred over `letI`.
The difference between `let` and `letI` is that `letI` inlines the value.
But this is not relevant for proofs because of proof irrelevance.

Note: This linter can be disabled with `set_option linter.style.haveILetI false`
warning: lean/PvNP/RealizableHardness/ActualStarBadMassWitness.lean:39:26: Variable name `hS` is not explicitly referenced.

Hint: The binding can be removed (if unused) or named `_` (if used implicitly). Alternatively, prefix the name with `_` to silence this warning:
  [apply] _hS

Note: This linter can be disabled with `set_option linter.unusedVariables false`
warning: lean/PvNP/RealizableHardness/ActualStarBadMassWitness.lean:43:5: Variable name `hsum` is not explicitly referenced.

Hint: The binding can be removed (if unused) or named `_` (if used implicitly). Alternatively, prefix the name with `_` to silence this warning:
  [apply] _hsum

Note: This linter can be disabled with `set_option linter.unusedVariables false`
warning: lean/PvNP/RealizableHardness/ActualStarBadMassWitness.lean:116:2: Try this: 
  letI̵

The goal is a proposition, so `let` is preferred over `letI`.
The difference between `let` and `letI` is that `letI` inlines the value.
But this is not relevant for proofs because of proof irrelevance.

Note: This linter can be disabled with `set_option linter.style.haveILetI false`
warning: lean/PvNP/RealizableHardness/ActualStarBadMassWitness.lean:118:2: Try this: 
  letI̵

The goal is a proposition, so `let` is preferred over `letI`.
The difference between `let` and `letI` is that `letI` inlines the value.
But this is not relevant for proofs because of proof irrelevance.

Note: This linter can be disabled with `set_option linter.style.haveILetI false`
warning: lean/PvNP/RealizableHardness/ActualStarBadMassWitness.lean:110:5: Variable name `hsum` is not explicitly referenced.

Hint: The binding can be removed (if unused) or named `_` (if used implicitly). Alternatively, prefix the name with `_` to silence this warning:
  [apply] _hsum

Note: This linter can be disabled with `set_option linter.unusedVariables false`
⚠ [3446/3460] Built PvNP.RealizableHardness.ActualStarSupportCatalog (3.7s)
warning: lean/PvNP/RealizableHardness/ActualStarSupportCatalog.lean:99:2: Try this: 
  letI̵

The goal is a proposition, so `let` is preferred over `letI`.
The difference between `let` and `letI` is that `letI` inlines the value.
But this is not relevant for proofs because of proof irrelevance.

Note: This linter can be disabled with `set_option linter.style.haveILetI false`
warning: lean/PvNP/RealizableHardness/ActualStarSupportCatalog.lean:121:2: Try this: 
  letI̵

The goal is a proposition, so `let` is preferred over `letI`.
The difference between `let` and `letI` is that `letI` inlines the value.
But this is not relevant for proofs because of proof irrelevance.

Note: This linter can be disabled with `set_option linter.style.haveILetI false`
⚠ [3447/3460] Built PvNP.RealizableHardness.ActualStarFixedCenterFirstMoment (10s)
warning: lean/PvNP/RealizableHardness/ActualStarFixedCenterFirstMoment.lean:28:5: Variable name `r` is not explicitly referenced.

Hint: The binding can be removed (if unused) or named `_` (if used implicitly). Alternatively, prefix the name with `_` to silence this warning:
  [apply] _r

Note: This linter can be disabled with `set_option linter.unusedVariables false`
warning: lean/PvNP/RealizableHardness/ActualStarFixedCenterFirstMoment.lean:57:2: Try this: 
  letI̵

The goal is a proposition, so `let` is preferred over `letI`.
The difference between `let` and `letI` is that `letI` inlines the value.
But this is not relevant for proofs because of proof irrelevance.

Note: This linter can be disabled with `set_option linter.style.haveILetI false`
warning: lean/PvNP/RealizableHardness/ActualStarFixedCenterFirstMoment.lean:91:2: Try this: 
  letI̵

The goal is a proposition, so `let` is preferred over `letI`.
The difference between `let` and `letI` is that `letI` inlines the value.
But this is not relevant for proofs because of proof irrelevance.

Note: This linter can be disabled with `set_option linter.style.haveILetI false`
warning: lean/PvNP/RealizableHardness/ActualStarFixedCenterFirstMoment.lean:110:4: Try this: 
  letI̵

The goal is a proposition, so `let` is preferred over `letI`.
The difference between `let` and `letI` is that `letI` inlines the value.
But this is not relevant for proofs because of proof irrelevance.

Note: This linter can be disabled with `set_option linter.style.haveILetI false`
✔ [3448/3460] Built PvNP.RealizableHardness.ActualStarFixedCenterNumericalClosure (4.3s)
⚠ [3449/3460] Built PvNP.RealizableHardness.ActualStarDomainDrawEventBridge (4.7s)
warning: lean/PvNP/RealizableHardness/ActualStarDomainDrawEventBridge.lean:87:2: Try this: 
  letI̵

The goal is a proposition, so `let` is preferred over `letI`.
The difference between `let` and `letI` is that `letI` inlines the value.
But this is not relevant for proofs because of proof irrelevance.

Note: This linter can be disabled with `set_option linter.style.haveILetI false`
✔ [3450/3460] Built PvNP.RealizableHardness.ActualStarFixedCenterScalarClosure (4.4s)
⚠ [3451/3460] Built PvNP.RealizableHardness.ActualStarDomainDrawTwoIndexEventBridge (4.5s)
warning: lean/PvNP/RealizableHardness/ActualStarDomainDrawTwoIndexEventBridge.lean:53:2: Try this: 
  letI̵

The goal is a proposition, so `let` is preferred over `letI`.
The difference between `let` and `letI` is that `letI` inlines the value.
But this is not relevant for proofs because of proof irrelevance.

Note: This linter can be disabled with `set_option linter.style.haveILetI false`
✔ [3452/3460] Built PvNP.RealizableHardness.ActualStarAffineFunctionalSelectionForce (4.8s)
⚠ [3453/3460] Built PvNP.RealizableHardness.ActualStarAffineFunctionalSelectionForceSelection (4.7s)
warning: lean/PvNP/RealizableHardness/ActualStarAffineFunctionalSelectionForceSelection.lean:238:2: Try this: 
  letI̵

The goal is a proposition, so `let` is preferred over `letI`.
The difference between `let` and `letI` is that `letI` inlines the value.
But this is not relevant for proofs because of proof irrelevance.

Note: This linter can be disabled with `set_option linter.style.haveILetI false`
warning: lean/PvNP/RealizableHardness/ActualStarAffineFunctionalSelectionForceSelection.lean:239:2: Try this: 
  letI̵

The goal is a proposition, so `let` is preferred over `letI`.
The difference between `let` and `letI` is that `letI` inlines the value.
But this is not relevant for proofs because of proof irrelevance.

Note: This linter can be disabled with `set_option linter.style.haveILetI false`
warning: lean/PvNP/RealizableHardness/ActualStarAffineFunctionalSelectionForceSelection.lean:245:2: Try this: 
  letI̵

The goal is a proposition, so `let` is preferred over `letI`.
The difference between `let` and `letI` is that `letI` inlines the value.
But this is not relevant for proofs because of proof irrelevance.

Note: This linter can be disabled with `set_option linter.style.haveILetI false`
⚠ [3454/3460] Built PvNP.RealizableHardness.ActualStarSameLawTwoIndexComposition (6.9s)
warning: lean/PvNP/RealizableHardness/ActualStarSameLawTwoIndexComposition.lean:110:2: Try this: 
  letI̵

The goal is a proposition, so `let` is preferred over `letI`.
The difference between `let` and `letI` is that `letI` inlines the value.
But this is not relevant for proofs because of proof irrelevance.

Note: This linter can be disabled with `set_option linter.style.haveILetI false`
✔ [3455/3460] Built PvNP.RealizableHardness.ActualStarAcceptedRankGoodFiber (3.6s)
✔ [3456/3460] Built PvNP.RealizableHardness.ActualPredrawLeafTable (3.8s)
⚠ [3457/3460] Built PvNP.RealizableHardness.ActualStarAcceptedGoodMass (30s)
warning: lean/PvNP/RealizableHardness/ActualStarAcceptedGoodMass.lean:94:2: Try this: 
  haveI̵

The goal is a proposition, so `have` is preferred over `haveI`.
The difference between `have` and `haveI` is that `haveI` inlines the value.
But this is not relevant for proofs because of proof irrelevance.

Note: This linter can be disabled with `set_option linter.style.haveILetI false`
warning: lean/PvNP/RealizableHardness/ActualStarAcceptedGoodMass.lean:114:8: This simp argument is unused:
  Fintype.card_fun

Hint: Omit it from the simp argument list.
  [apply] simp [Fintype.card_fin, extension_card U htd]

Note: This linter can be disabled with `set_option linter.unusedSimpArgs false`
warning: lean/PvNP/RealizableHardness/ActualStarAcceptedGoodMass.lean:138:4: Try this: 
  haveI̵

The goal is a proposition, so `have` is preferred over `haveI`.
The difference between `have` and `haveI` is that `haveI` inlines the value.
But this is not relevant for proofs because of proof irrelevance.

Note: This linter can be disabled with `set_option linter.style.haveILetI false`
warning: lean/PvNP/RealizableHardness/ActualStarAcceptedGoodMass.lean:140:4: Try this: 
  letI̵

The goal is a proposition, so `let` is preferred over `letI`.
The difference between `let` and `letI` is that `letI` inlines the value.
But this is not relevant for proofs because of proof irrelevance.

Note: This linter can be disabled with `set_option linter.style.haveILetI false`
warning: lean/PvNP/RealizableHardness/ActualStarAcceptedGoodMass.lean:142:4: Try this: 
  letI̵

The goal is a proposition, so `let` is preferred over `letI`.
The difference between `let` and `letI` is that `letI` inlines the value.
But this is not relevant for proofs because of proof irrelevance.

Note: This linter can be disabled with `set_option linter.style.haveILetI false`
warning: lean/PvNP/RealizableHardness/ActualStarAcceptedGoodMass.lean:211:6: Try this: 
  haveI̵

The goal is a proposition, so `have` is preferred over `haveI`.
The difference between `have` and `haveI` is that `haveI` inlines the value.
But this is not relevant for proofs because of proof irrelevance.

Note: This linter can be disabled with `set_option linter.style.haveILetI false`
warning: lean/PvNP/RealizableHardness/ActualStarAcceptedGoodMass.lean:209:4: Try this: 
  haveI̵

The goal is a proposition, so `have` is preferred over `haveI`.
The difference between `have` and `haveI` is that `haveI` inlines the value.
But this is not relevant for proofs because of proof irrelevance.

Note: This linter can be disabled with `set_option linter.style.haveILetI false`
warning: lean/PvNP/RealizableHardness/ActualStarAcceptedGoodMass.lean:202:48: This simp argument is unused:
  nsmul_eq_mul

Hint: Omit it from the simp argument list.
  [apply] simp [Finset.sum_const, Finset.card_univ]

Note: This linter can be disabled with `set_option linter.unusedSimpArgs false`
warning: lean/PvNP/RealizableHardness/ActualStarAcceptedGoodMass.lean:331:6: Try this: 
  haveI̵

The goal is a proposition, so `have` is preferred over `haveI`.
The difference between `have` and `haveI` is that `haveI` inlines the value.
But this is not relevant for proofs because of proof irrelevance.

Note: This linter can be disabled with `set_option linter.style.haveILetI false`
warning: lean/PvNP/RealizableHardness/ActualStarAcceptedGoodMass.lean:362:6: try 'simp' instead of 'simpa'

Note: This linter can be disabled with `set_option linter.unnecessarySimpa false`
warning: lean/PvNP/RealizableHardness/ActualStarAcceptedGoodMass.lean:501:16: `if_pos` has been deprecated: Use `ite_eq_left` instead
warning: lean/PvNP/RealizableHardness/ActualStarAcceptedGoodMass.lean:664:2: Try this: 
  haveI̵

The goal is a proposition, so `have` is preferred over `haveI`.
The difference between `have` and `haveI` is that `haveI` inlines the value.
But this is not relevant for proofs because of proof irrelevance.

Note: This linter can be disabled with `set_option linter.style.haveILetI false`
warning: lean/PvNP/RealizableHardness/ActualStarAcceptedGoodMass.lean:700:2: Try this: 
  haveI̵

The goal is a proposition, so `have` is preferred over `haveI`.
The difference between `have` and `haveI` is that `haveI` inlines the value.
But this is not relevant for proofs because of proof irrelevance.

Note: This linter can be disabled with `set_option linter.style.haveILetI false`
warning: lean/PvNP/RealizableHardness/ActualStarAcceptedGoodMass.lean:722:5: Variable name `hsel` is not explicitly referenced.

Hint: The binding can be removed (if unused) or named `_` (if used implicitly). Alternatively, prefix the name with `_` to silence this warning:
  [apply] _hsel

Note: This linter can be disabled with `set_option linter.unusedVariables false`
warning: lean/PvNP/RealizableHardness/ActualStarAcceptedGoodMass.lean:1063:4: Try this: 
  haveI̵

The goal is a proposition, so `have` is preferred over `haveI`.
The difference between `have` and `haveI` is that `haveI` inlines the value.
But this is not relevant for proofs because of proof irrelevance.

Note: This linter can be disabled with `set_option linter.style.haveILetI false`
warning: lean/PvNP/RealizableHardness/ActualStarAcceptedGoodMass.lean:1206:4: Try this: 
  haveI̵

The goal is a proposition, so `have` is preferred over `haveI`.
The difference between `have` and `haveI` is that `haveI` inlines the value.
But this is not relevant for proofs because of proof irrelevance.

Note: This linter can be disabled with `set_option linter.style.haveILetI false`
warning: lean/PvNP/RealizableHardness/ActualStarAcceptedGoodMass.lean:1218:4: Try this: 
  haveI̵

The goal is a proposition, so `have` is preferred over `haveI`.
The difference between `have` and `haveI` is that `haveI` inlines the value.
But this is not relevant for proofs because of proof irrelevance.

Note: This linter can be disabled with `set_option linter.style.haveILetI false`
warning: lean/PvNP/RealizableHardness/ActualStarAcceptedGoodMass.lean:1400:4: Try this: 
  haveI̵

The goal is a proposition, so `have` is preferred over `haveI`.
The difference between `have` and `haveI` is that `haveI` inlines the value.
But this is not relevant for proofs because of proof irrelevance.

Note: This linter can be disabled with `set_option linter.style.haveILetI false`
warning: lean/PvNP/RealizableHardness/ActualStarAcceptedGoodMass.lean:1394:2: Try this: 
  haveI̵

The goal is a proposition, so `have` is preferred over `haveI`.
The difference between `have` and `haveI` is that `haveI` inlines the value.
But this is not relevant for proofs because of proof irrelevance.

Note: This linter can be disabled with `set_option linter.style.haveILetI false`
warning: lean/PvNP/RealizableHardness/ActualStarAcceptedGoodMass.lean:1403:2: Try this: 
  haveI̵

The goal is a proposition, so `have` is preferred over `haveI`.
The difference between `have` and `haveI` is that `haveI` inlines the value.
But this is not relevant for proofs because of proof irrelevance.

Note: This linter can be disabled with `set_option linter.style.haveILetI false`
warning: lean/PvNP/RealizableHardness/ActualStarAcceptedGoodMass.lean:1404:2: Try this: 
  haveI̵

The goal is a proposition, so `have` is preferred over `haveI`.
The difference between `have` and `haveI` is that `haveI` inlines the value.
But this is not relevant for proofs because of proof irrelevance.

Note: This linter can be disabled with `set_option linter.style.haveILetI false`
warning: lean/PvNP/RealizableHardness/ActualStarAcceptedGoodMass.lean:1597:5: Variable name `hA` is not explicitly referenced.

Hint: The binding can be removed (if unused) or named `_` (if used implicitly). Alternatively, prefix the name with `_` to silence this warning:
  [apply] _hA

Note: This linter can be disabled with `set_option linter.unusedVariables false`
⚠ [3458/3460] Built PvNP.RealizableHardness.ActualStarRhsLabelMass (142s)
warning: lean/PvNP/RealizableHardness/ActualStarRhsLabelMass.lean:332:8: Variable name `d` is not explicitly referenced.

Hint: The binding can be removed (if unused) or named `_` (if used implicitly). Alternatively, prefix the name with `_` to silence this warning:
  [apply] _d

Note: This linter can be disabled with `set_option linter.unusedVariables false`
warning: lean/PvNP/RealizableHardness/ActualStarRhsLabelMass.lean:460:2: Try this: 
  haveI̵

The goal is a proposition, so `have` is preferred over `haveI`.
The difference between `have` and `haveI` is that `haveI` inlines the value.
But this is not relevant for proofs because of proof irrelevance.

Note: This linter can be disabled with `set_option linter.style.haveILetI false`
warning: lean/PvNP/RealizableHardness/ActualStarRhsLabelMass.lean:461:2: Try this: 
  haveI̵

The goal is a proposition, so `have` is preferred over `haveI`.
The difference between `have` and `haveI` is that `haveI` inlines the value.
But this is not relevant for proofs because of proof irrelevance.

Note: This linter can be disabled with `set_option linter.style.haveILetI false`
warning: lean/PvNP/RealizableHardness/ActualStarRhsLabelMass.lean:462:2: Try this: 
  haveI̵

The goal is a proposition, so `have` is preferred over `haveI`.
The difference between `have` and `haveI` is that `haveI` inlines the value.
But this is not relevant for proofs because of proof irrelevance.

Note: This linter can be disabled with `set_option linter.style.haveILetI false`
⚠ [3459/3460] Built PvNP.RealizableHardness.ActualPredrawRepresentativeAcceptance (51s)
warning: lean/PvNP/RealizableHardness/ActualPredrawRepresentativeAcceptance.lean:130:8: `if_pos` has been deprecated: Use `ite_eq_left` instead
warning: lean/PvNP/RealizableHardness/ActualPredrawRepresentativeAcceptance.lean:131:15: `if_pos` has been deprecated: Use `ite_eq_left` instead
ℹ [3460/3460] Built PvNP.RealizableHardness.ActualPredrawRepresentativeAcceptanceChecks (3.3s)
info: lean/PvNP/RealizableHardness/ActualPredrawRepresentativeAcceptanceChecks.lean:51:0: 'PvNP.RealizableHardness.ActualPredrawRepresentativeAcceptance.selectedTable_drawnRepresentativeLabel' depends on axioms: [propext,
 Classical.choice,
 Quot.sound]
info: lean/PvNP/RealizableHardness/ActualPredrawRepresentativeAcceptanceChecks.lean:52:0: 'PvNP.RealizableHardness.ActualPredrawRepresentativeAcceptance.selectedTable_representativeAccepts_iff' depends on axioms: [propext,
 Classical.choice,
 Quot.sound]
info: lean/PvNP/RealizableHardness/ActualPredrawRepresentativeAcceptanceChecks.lean:53:0: PvNP.RealizableHardness.ActualPredrawRepresentativeAcceptance.selectedTable_classRepLaw_acceptanceMass_eq
  {N nRows J t h : ℕ} {I : Instance N nRows} (T : ActualCliqueCollisionTransfer.LeafTable I J h)
  (s : RepresentativeChoice I J h) (q : QuestionCenter I J t) (htd : t ≤ 2 * h)
  (hdV : 2 * h ≤ Module.finrank (ZMod 2) ↥(transverseComplement q))
  (g : (z : StarTuple t (2 * h) 2) → ↥(complementToAmbient q ↑z.fst) →ₗ[ZMod 2] ZMod 2) :
  eventMass (classRepLaw h q htd hdV) {p | representativeAccepts (selectedTable T s) q p (g p.fst)} =
    eventMass (starLaw htd hdV)
      {z |
        ∀ (i : Fin 2),
          ActualPresentedLeafGluing.restrictToCenter (drawnCenterSub q z.fst ↑(z.snd i) ⋯)
              (selectedTable T s (vertexOfGrass q ↑(z.snd i))) =
            g z}
info: lean/PvNP/RealizableHardness/ActualPredrawRepresentativeAcceptanceChecks.lean:54:0: 'PvNP.RealizableHardness.ActualPredrawRepresentativeAcceptance.selectedTable_classRepLaw_acceptanceMass_eq' depends on axioms: [propext,
 Classical.choice,
 Quot.sound]
info: lean/PvNP/RealizableHardness/ActualPredrawRepresentativeAcceptanceChecks.lean:55:0: PvNP.RealizableHardness.ActualPredrawRepresentativeAcceptance.selectedTable_centerOnly_classRepLaw_acceptanceMass_eq
  {N nRows J t h : ℕ} {I : Instance N nRows} (T : ActualCliqueCollisionTransfer.LeafTable I J h)
  (s : RepresentativeChoice I J h) (q : QuestionCenter I J t) (htd : t ≤ 2 * h)
  (hdV : 2 * h ≤ Module.finrank (ZMod 2) ↥(transverseComplement q))
  (C : (U : GrassmannCounting.Grass (↥(transverseComplement q)) t) → ↥(complementToAmbient q ↑U) →ₗ[ZMod 2] ZMod 2) :
  eventMass (classRepLaw h q htd hdV) {p | representativeAccepts (selectedTable T s) q p (C p.fst.fst)} =
    eventMass (starLaw htd hdV)
      {z |
        ∀ (i : Fin 2),
          ActualPresentedLeafGluing.restrictToCenter (drawnCenterSub q z.fst ↑(z.snd i) ⋯)
              (selectedTable T s (vertexOfGrass q ↑(z.snd i))) =
            C z.fst}
info: lean/PvNP/RealizableHardness/ActualPredrawRepresentativeAcceptanceChecks.lean:56:0: 'PvNP.RealizableHardness.ActualPredrawRepresentativeAcceptance.selectedTable_centerOnly_classRepLaw_acceptanceMass_eq' depends on axioms: [propext,
 Classical.choice,
 Quot.sound]
Build completed successfully (3460 jobs).
