⚠ [3193/3247] Replayed PvNP.RealizableHardness.EqualityGadget
warning: lean/PvNP/RealizableHardness/EqualityGadget.lean:112:0: automatically included section variable(s) unused in theorem `PvNP.RealizableHardness.EqualityGadget.relabeled_row_injective`:
  [DecidableEq V]
consider restructuring your `variable` declarations so that the variables are not in scope or explicitly omit them:
  omit [DecidableEq V] in theorem ...

Note: This linter can be disabled with `set_option linter.unusedSectionVars false`
warning: lean/PvNP/RealizableHardness/EqualityGadget.lean:115:0: automatically included section variable(s) unused in theorem `PvNP.RealizableHardness.EqualityGadget.relabeled_support_card`:
  [DecidableEq V]
consider restructuring your `variable` declarations so that the variables are not in scope or explicitly omit them:
  omit [DecidableEq V] in theorem ...

Note: This linter can be disabled with `set_option linter.unusedSectionVars false`
warning: lean/PvNP/RealizableHardness/EqualityGadget.lean:118:0: automatically included section variable(s) unused in theorem `PvNP.RealizableHardness.EqualityGadget.relabeled_support_injective`:
  [DecidableEq V]
consider restructuring your `variable` declarations so that the variables are not in scope or explicitly omit them:
  omit [DecidableEq V] in theorem ...

Note: This linter can be disabled with `set_option linter.unusedSectionVars false`
warning: lean/PvNP/RealizableHardness/EqualityGadget.lean:144:0: automatically included section variable(s) unused in theorem `PvNP.RealizableHardness.EqualityGadget.relabeled_satisfied`:
  [DecidableEq V]
consider restructuring your `variable` declarations so that the variables are not in scope or explicitly omit them:
  omit [DecidableEq V] in theorem ...

Note: This linter can be disabled with `set_option linter.unusedSectionVars false`
warning: lean/PvNP/RealizableHardness/EqualityGadget.lean:148:0: automatically included section variable(s) unused in theorem `PvNP.RealizableHardness.EqualityGadget.relabeled_violations_lower`:
  [DecidableEq V]
consider restructuring your `variable` declarations so that the variables are not in scope or explicitly omit them:
  omit [DecidableEq V] in theorem ...

Note: This linter can be disabled with `set_option linter.unusedSectionVars false`
⚠ [3198/3247] Replayed PvNP.RealizableHardness.TaggedFinite3LinSource
warning: lean/PvNP/RealizableHardness/TaggedFinite3LinSource.lean:16:18: Variable name `i` is not explicitly referenced.

Hint: The binding can be removed (if unused) or named `_` (if used implicitly). Alternatively, prefix the name with `_` to silence this warning:
  [apply] _i

Note: This linter can be disabled with `set_option linter.unusedVariables false`
warning: lean/PvNP/RealizableHardness/TaggedFinite3LinSource.lean:16:20: Variable name `j` is not explicitly referenced.

Hint: The binding can be removed (if unused) or named `_` (if used implicitly). Alternatively, prefix the name with `_` to silence this warning:
  [apply] _j

Note: This linter can be disabled with `set_option linter.unusedVariables false`
warning: lean/PvNP/RealizableHardness/TaggedFinite3LinSource.lean:46:0: automatically included section variable(s) unused in theorem `PvNP.RealizableHardness.Finite3LinSource.restrictAssignment_repeatAssignment`:
  [Fintype Var]
  [DecidableEq Var]
consider restructuring your `variable` declarations so that the variables are not in scope or explicitly omit them:
  omit [Fintype Var] [DecidableEq Var] in theorem ...

Note: This linter can be disabled with `set_option linter.unusedSectionVars false`
⚠ [3199/3247] Replayed PvNP.RealizableHardness.ActualStarQuestionSupport
warning: lean/PvNP/RealizableHardness/ActualStarQuestionSupport.lean:16:0: automatically included section variable(s) unused in theorem `PvNP.RealizableHardness.ActualStarQuestionSupport.excluded_row_points_eq`:
  [Fintype X]
  [Fintype E]
consider restructuring your `variable` declarations so that the variables are not in scope or explicitly omit them:
  omit [Fintype X] [Fintype E] in theorem ...

Note: This linter can be disabled with `set_option linter.unusedSectionVars false`
info: lean/PvNP/RealizableHardness/ActualStarQuestionSupport.lean:84:0: 'PvNP.RealizableHardness.ActualStarQuestionSupport.excluded_row_points_eq' depends on axioms: [propext,
 Classical.choice,
 Quot.sound]
info: lean/PvNP/RealizableHardness/ActualStarQuestionSupport.lean:85:0: 'PvNP.RealizableHardness.ActualStarQuestionSupport.excluded_row_overlap_le_one' depends on axioms: [propext,
 Classical.choice,
 Quot.sound]
info: lean/PvNP/RealizableHardness/ActualStarQuestionSupport.lean:86:0: 'PvNP.RealizableHardness.ActualStarQuestionSupport.new_row_private_coordinate' depends on axioms: [propext,
 Classical.choice,
 Quot.sound]
⚠ [3200/3247] Replayed PvNP.RealizableHardness.ActualStarSpanIntersection
warning: lean/PvNP/RealizableHardness/ActualStarSpanIntersection.lean:33:0: automatically included section variable(s) unused in theorem `PvNP.RealizableHardness.ActualStarSpanIntersection.equationVector_mem_coordinateSpace`:
  [Fintype X]
  [Fintype E]
  [DecidableEq E]
consider restructuring your `variable` declarations so that the variables are not in scope or explicitly omit them:
  omit [Fintype X] [Fintype E] [DecidableEq E] in theorem ...

Note: This linter can be disabled with `set_option linter.unusedSectionVars false`
warning: lean/PvNP/RealizableHardness/ActualStarSpanIntersection.lean:43:0: automatically included section variable(s) unused in theorem `PvNP.RealizableHardness.ActualStarSpanIntersection.equationVector_mem_equationSpan`:
  [Fintype X]
  [Fintype E]
  [DecidableEq E]
consider restructuring your `variable` declarations so that the variables are not in scope or explicitly omit them:
  omit [Fintype X] [Fintype E] [DecidableEq E] in theorem ...

Note: This linter can be disabled with `set_option linter.unusedSectionVars false`
info: lean/PvNP/RealizableHardness/ActualStarSpanIntersection.lean:109:0: 'PvNP.RealizableHardness.ActualStarSpanIntersection.equationSpan_inf_coordinateSpace' depends on axioms: [propext,
 Classical.choice,
 Quot.sound]
⚠ [3203/3247] Replayed PvNP.RealizableHardness.ActualRhsFunctionalConstruction
warning: lean/PvNP/RealizableHardness/ActualRhsFunctionalConstruction.lean:14:0: automatically included section variable(s) unused in theorem `PvNP.RealizableHardness.ActualRhsFunctionalConstruction.equationVectors_linearIndependent`:
  [Fintype X]
  [Fintype E]
  [DecidableEq E]
consider restructuring your `variable` declarations so that the variables are not in scope or explicitly omit them:
  omit [Fintype X] [Fintype E] [DecidableEq E] in theorem ...

Note: This linter can be disabled with `set_option linter.unusedSectionVars false`
⚠ [3210/3247] Replayed PvNP.RealizableHardness.ActualLeafTransportCoherence
warning: lean/PvNP/RealizableHardness/ActualLeafTransportCoherence.lean:15:8: automatically included section variable(s) unused in theorem `_private.PvNP.RealizableHardness.ActualLeafTransportCoherence.0.PvNP.RealizableHardness.ActualPresentedLeafGluing.goodQuestion_erase`:
  [Fintype X]
  [Fintype E]
  [DecidableEq X]
consider restructuring your `variable` declarations so that the variables are not in scope or explicitly omit them:
  omit [Fintype X] [Fintype E] [DecidableEq X] in theorem ...

Note: This linter can be disabled with `set_option linter.unusedSectionVars false`
⚠ [3216/3247] Replayed PvNP.RealizableHardness.ActualTaggedPresentedSelection
warning: lean/PvNP/RealizableHardness/ActualTaggedPresentedSelection.lean:795:12: `if_pos` has been deprecated: Use `ite_eq_left` instead
warning: lean/PvNP/RealizableHardness/ActualTaggedPresentedSelection.lean:796:12: `if_neg` has been deprecated: Use `ite_eq_right` instead
warning: lean/PvNP/RealizableHardness/ActualTaggedPresentedSelection.lean:796:27: Unused tactic linter: `norm_num` does nothing

Note: This linter can be disabled with `set_option linter.unusedTactic false`
warning: lean/PvNP/RealizableHardness/ActualTaggedPresentedSelection.lean:796:27: this tactic is never executed

Note: This linter can be disabled with `set_option linter.unreachableTactic false`
warning: lean/PvNP/RealizableHardness/ActualTaggedPresentedSelection.lean:795:23: Used `tac1 <;> tac2` where `(tac1; tac2)` would suffice

Note: This linter can be disabled with `set_option linter.unnecessarySeqFocus false`
warning: lean/PvNP/RealizableHardness/ActualTaggedPresentedSelection.lean:807:12: `if_pos` has been deprecated: Use `ite_eq_left` instead
warning: lean/PvNP/RealizableHardness/ActualTaggedPresentedSelection.lean:808:12: `if_neg` has been deprecated: Use `ite_eq_right` instead
warning: lean/PvNP/RealizableHardness/ActualTaggedPresentedSelection.lean:807:27: Unused tactic linter: `norm_num` does nothing

Note: This linter can be disabled with `set_option linter.unusedTactic false`
warning: lean/PvNP/RealizableHardness/ActualTaggedPresentedSelection.lean:807:27: this tactic is never executed

Note: This linter can be disabled with `set_option linter.unreachableTactic false`
warning: lean/PvNP/RealizableHardness/ActualTaggedPresentedSelection.lean:808:23: Used `tac1 <;> tac2` where `(tac1; tac2)` would suffice

Note: This linter can be disabled with `set_option linter.unnecessarySeqFocus false`
warning: lean/PvNP/RealizableHardness/ActualTaggedPresentedSelection.lean:854:8: `if_pos` has been deprecated: Use `ite_eq_left` instead
warning: lean/PvNP/RealizableHardness/ActualTaggedPresentedSelection.lean:862:8: `if_neg` has been deprecated: Use `ite_eq_right` instead
ℹ [3217/3247] Replayed PvNP.RealizableHardness.ExceptionRepair
info: lean/PvNP/RealizableHardness/ExceptionRepair.lean:200:0: 'PvNP.RealizableHardness.exception_completeness' depends on axioms: [propext, Classical.choice, Quot.sound]
info: lean/PvNP/RealizableHardness/ExceptionRepair.lean:201:0: 'PvNP.RealizableHardness.exception_soundness' depends on axioms: [propext, Classical.choice, Quot.sound]
ℹ [3218/3247] Replayed PvNP.RealizableHardness.Formula
info: lean/PvNP/RealizableHardness/Formula.lean:93:0: 'PvNP.RealizableHardness.Formula.repair_complete' depends on axioms: [propext, Classical.choice, Quot.sound]
info: lean/PvNP/RealizableHardness/Formula.lean:94:0: 'PvNP.RealizableHardness.Formula.leaves_repair' depends on axioms: [propext]
info: lean/PvNP/RealizableHardness/Formula.lean:95:0: 'PvNP.RealizableHardness.Formula.repair_sound' depends on axioms: [propext, Classical.choice, Quot.sound]
⚠ [3219/3247] Replayed PvNP.RealizableHardness.WeightRounding
warning: lean/PvNP/RealizableHardness/WeightRounding.lean:47:56: `if_false` has been deprecated: Use `ite_false` instead
warning: lean/PvNP/RealizableHardness/WeightRounding.lean:47:56: `if_false` has been deprecated: Use `ite_false` instead
warning: lean/PvNP/RealizableHardness/WeightRounding.lean:47:32: This simp argument is unused:
  hx

Hint: Omit it from the simp argument list.
  [apply] simp only [Bool.false_eq_true, if_false, mul_zero, ite_true]

Note: This linter can be disabled with `set_option linter.unusedSimpArgs false`
warning: lean/PvNP/RealizableHardness/WeightRounding.lean:61:14: This simp argument is unused:
  hx

Hint: Omit it from the simp argument list.
  [apply] simp

Note: This linter can be disabled with `set_option linter.unusedSimpArgs false`
⚠ [3220/3247] Replayed PvNP.RealizableHardness.FiniteSampling
warning: lean/PvNP/RealizableHardness/FiniteSampling.lean:94:14: This simp argument is unused:
  hi

Hint: Omit it from the simp argument list.
  [apply] simp

Note: This linter can be disabled with `set_option linter.unusedSimpArgs false`
warning: lean/PvNP/RealizableHardness/FiniteSampling.lean:136:8: `if_neg` has been deprecated: Use `ite_eq_right` instead
⚠ [3221/3247] Replayed PvNP.RealizableHardness.TripleRestrictionRank
warning: lean/PvNP/RealizableHardness/TripleRestrictionRank.lean:41:39: This simp argument is unused:
  Fin.sum_univ_succ

Hint: Omit it from the simp argument list.
  [apply] simp [Fintype.sum_option, blockMass]

Note: This linter can be disabled with `set_option linter.unusedSimpArgs false`
warning: lean/PvNP/RealizableHardness/TripleRestrictionRank.lean:42:2: Used `tac1 <;> tac2` where `(tac1; tac2)` would suffice

Note: This linter can be disabled with `set_option linter.unnecessarySeqFocus false`
warning: lean/PvNP/RealizableHardness/TripleRestrictionRank.lean:49:26: `if_true` has been deprecated: Use `ite_true` instead
warning: lean/PvNP/RealizableHardness/TripleRestrictionRank.lean:69:19: `if_false` has been deprecated: Use `ite_false` instead
warning: lean/PvNP/RealizableHardness/TripleRestrictionRank.lean:91:25: `if_pos` has been deprecated: Use `ite_eq_left` instead
warning: lean/PvNP/RealizableHardness/TripleRestrictionRank.lean:92:25: `if_neg` has been deprecated: Use `ite_eq_right` instead
warning: lean/PvNP/RealizableHardness/TripleRestrictionRank.lean:92:50: `if_true` has been deprecated: Use `ite_true` instead
warning: lean/PvNP/RealizableHardness/TripleRestrictionRank.lean:105:19: `if_pos` has been deprecated: Use `ite_eq_left` instead
warning: lean/PvNP/RealizableHardness/TripleRestrictionRank.lean:106:19: `if_neg` has been deprecated: Use `ite_eq_right` instead
warning: lean/PvNP/RealizableHardness/TripleRestrictionRank.lean:92:36: This simp argument is unused:
  Bool.true_eq

Hint: Omit it from the simp argument list.
  [apply] simp only [events, if_neg hi, if_true]

Note: This linter can be disabled with `set_option linter.unusedSimpArgs false`
warning: lean/PvNP/RealizableHardness/TripleRestrictionRank.lean:112:39: This simp argument is unused:
  Fin.sum_univ_succ

Hint: Omit it from the simp argument list.
  [apply] simp [Fintype.sum_option, blockMass]

Note: This linter can be disabled with `set_option linter.unusedSimpArgs false`
warning: lean/PvNP/RealizableHardness/TripleRestrictionRank.lean:113:2: Used `tac1 <;> tac2` where `(tac1; tac2)` would suffice

Note: This linter can be disabled with `set_option linter.unnecessarySeqFocus false`
warning: lean/PvNP/RealizableHardness/TripleRestrictionRank.lean:121:20: This simp argument is unused:
  hd

Hint: Omit it from the simp argument list.
  [apply] simp

Note: This linter can be disabled with `set_option linter.unusedSimpArgs false`
warning: lean/PvNP/RealizableHardness/TripleRestrictionRank.lean:190:15: This simp argument is unused:
  Module.finrank_pi

Hint: Omit it from the simp argument list.
  [apply] simp [Coeff]

Note: This linter can be disabled with `set_option linter.unusedSimpArgs false`
warning: lean/PvNP/RealizableHardness/TripleRestrictionRank.lean:224:15: `if_pos` has been deprecated: Use `ite_eq_left` instead
warning: lean/PvNP/RealizableHardness/TripleRestrictionRank.lean:234:15: `if_neg` has been deprecated: Use `ite_eq_right` instead
warning: lean/PvNP/RealizableHardness/TripleRestrictionRank.lean:257:25: This simp argument is unused:
  Coeff

Hint: Omit it from the simp argument list.
  [apply] simp [s, Fintype.card_fun, ZMod.card]

Note: This linter can be disabled with `set_option linter.unusedSimpArgs false`
warning: lean/PvNP/RealizableHardness/TripleRestrictionRank.lean:257:32: This simp argument is unused:
  Fintype.card_fun

Hint: Omit it from the simp argument list.
  [apply] simp [s, Coeff, ZMod.card]

Note: This linter can be disabled with `set_option linter.unusedSimpArgs false`
warning: lean/PvNP/RealizableHardness/TripleRestrictionRank.lean:335:49: This simp argument is unused:
  mul_assoc

Hint: Omit it from the simp argument list.
  [apply] simp [evaluate, Finset.mul_sum, mul_left_comm]

Note: This linter can be disabled with `set_option linter.unusedSimpArgs false`
warning: lean/PvNP/RealizableHardness/TripleRestrictionRank.lean:433:69: This simp argument is unused:
  Module.finrank_pi

Hint: Omit it from the simp argument list.
  [apply] simp [Coeff]

Note: This linter can be disabled with `set_option linter.unusedSimpArgs false`
⚠ [3222/3247] Replayed PvNP.RealizableHardness.SubspaceRestriction
warning: lean/PvNP/RealizableHardness/SubspaceRestriction.lean:123:52: This simp argument is unused:
  Module.finrank_pi

Hint: Omit it from the simp argument list.
  [apply] simp [codim, TripleRestrictionRank.Vector, Coord, Nat.mul_comm]

Note: This linter can be disabled with `set_option linter.unusedSimpArgs false`
warning: lean/PvNP/RealizableHardness/SubspaceRestriction.lean:126:52: This simp argument is unused:
  Module.finrank_pi

Hint: Omit it from the simp argument list.
  [apply] simp [codim, TripleRestrictionRank.Vector, Coord]

Note: This linter can be disabled with `set_option linter.unusedSimpArgs false`
⚠ [3223/3247] Replayed PvNP.RealizableHardness.PosteriorReweighting
warning: lean/PvNP/RealizableHardness/PosteriorReweighting.lean:25:0: automatically included section variable(s) unused in theorem `PvNP.RealizableHardness.PosteriorReweighting.marginal_nonneg`:
  [Fintype Q]
consider restructuring your `variable` declarations so that the variables are not in scope or explicitly omit them:
  omit [Fintype Q] in theorem ...

Note: This linter can be disabled with `set_option linter.unusedSectionVars false`
warning: lean/PvNP/RealizableHardness/PosteriorReweighting.lean:36:0: automatically included section variable(s) unused in theorem `PvNP.RealizableHardness.PosteriorReweighting.posterior_normalized`:
  [Fintype Q]
consider restructuring your `variable` declarations so that the variables are not in scope or explicitly omit them:
  omit [Fintype Q] in theorem ...

Note: This linter can be disabled with `set_option linter.unusedSectionVars false`
warning: lean/PvNP/RealizableHardness/PosteriorReweighting.lean:41:0: automatically included section variable(s) unused in theorem `PvNP.RealizableHardness.PosteriorReweighting.bayes_mass`:
  [Fintype Q]
consider restructuring your `variable` declarations so that the variables are not in scope or explicitly omit them:
  omit [Fintype Q] in theorem ...

Note: This linter can be disabled with `set_option linter.unusedSectionVars false`
warning: lean/PvNP/RealizableHardness/PosteriorReweighting.lean:46:0: automatically included section variable(s) unused in theorem `PvNP.RealizableHardness.PosteriorReweighting.zero_prior`:
  [Fintype Q]
consider restructuring your `variable` declarations so that the variables are not in scope or explicitly omit them:
  omit [Fintype Q] in theorem ...

Note: This linter can be disabled with `set_option linter.unusedSectionVars false`
warning: lean/PvNP/RealizableHardness/PosteriorReweighting.lean:49:0: automatically included section variable(s) unused in theorem `PvNP.RealizableHardness.PosteriorReweighting.bayes_ratio`:
  [Fintype Q]
consider restructuring your `variable` declarations so that the variables are not in scope or explicitly omit them:
  omit [Fintype Q] in theorem ...

Note: This linter can be disabled with `set_option linter.unusedSectionVars false`
warning: lean/PvNP/RealizableHardness/PosteriorReweighting.lean:56:0: automatically included section variable(s) unused in theorem `PvNP.RealizableHardness.PosteriorReweighting.joint_zero_of_marginal_zero`:
  [Fintype Q]
consider restructuring your `variable` declarations so that the variables are not in scope or explicitly omit them:
  omit [Fintype Q] in theorem ...

Note: This linter can be disabled with `set_option linter.unusedSectionVars false`
warning: lean/PvNP/RealizableHardness/PosteriorReweighting.lean:88:29: This simp argument is unused:
  hb

Hint: Omit it from the simp argument list.
  [apply] simp [hg, hr]

Note: This linter can be disabled with `set_option linter.unusedSimpArgs false`
warning: lean/PvNP/RealizableHardness/PosteriorReweighting.lean:90:17: This simp argument is unused:
  hb

Hint: Omit it from the simp argument list.
  [apply] simp only [hg, Bool.not_false, Bool.true_eq, ite_true]

Note: This linter can be disabled with `set_option linter.unusedSimpArgs false`
warning: lean/PvNP/RealizableHardness/PosteriorReweighting.lean:90:41: This simp argument is unused:
  Bool.true_eq

Hint: Omit it from the simp argument list.
  [apply] simp only [hb, hg, Bool.not_false, ite_true]

Note: This linter can be disabled with `set_option linter.unusedSimpArgs false`
warning: lean/PvNP/RealizableHardness/PosteriorReweighting.lean:100:20: Variable name `hz` is not explicitly referenced.

Hint: The binding can be removed (if unused) or named `_` (if used implicitly). Alternatively, prefix the name with `_` to silence this warning:
  [apply] _hz

Note: This linter can be disabled with `set_option linter.unusedVariables false`
warning: lean/PvNP/RealizableHardness/PosteriorReweighting.lean:109:17: This simp argument is unused:
  hg

Hint: Omit it from the simp argument list.
  [apply] simp only [Bool.not_false, Bool.true_eq, ite_true]

Note: This linter can be disabled with `set_option linter.unusedSimpArgs false`
warning: lean/PvNP/RealizableHardness/PosteriorReweighting.lean:109:37: This simp argument is unused:
  Bool.true_eq

Hint: Omit it from the simp argument list.
  [apply] simp only [hg, Bool.not_false, ite_true]

Note: This linter can be disabled with `set_option linter.unusedSimpArgs false`
warning: lean/PvNP/RealizableHardness/PosteriorReweighting.lean:116:17: This simp argument is unused:
  hg

Hint: Omit it from the simp argument list.
  [apply] simp only [Bool.not_true, Bool.false_eq_true, ite_false, add_zero]

Note: This linter can be disabled with `set_option linter.unusedSimpArgs false`
⚠ [3224/3247] Replayed PvNP.RealizableHardness.GrassmannIncidence
warning: lean/PvNP/RealizableHardness/GrassmannIncidence.lean:64:2: Try this: 
  letI̵

The goal is a proposition, so `let` is preferred over `letI`.
The difference between `let` and `letI` is that `letI` inlines the value.
But this is not relevant for proofs because of proof irrelevance.

Note: This linter can be disabled with `set_option linter.style.haveILetI false`
warning: lean/PvNP/RealizableHardness/GrassmannIncidence.lean:79:17: This simp argument is unused:
  Module.finrank_pi

Hint: Omit it from the simp argument list.
  [apply] simp [Coeff]

Note: This linter can be disabled with `set_option linter.unusedSimpArgs false`
⚠ [3226/3247] Replayed PvNP.RealizableHardness.GrassmannCounting
warning: lean/PvNP/RealizableHardness/GrassmannCounting.lean:28:2: Try this: 
  letI̵

The goal is a proposition, so `let` is preferred over `letI`.
The difference between `let` and `letI` is that `letI` inlines the value.
But this is not relevant for proofs because of proof irrelevance.

Note: This linter can be disabled with `set_option linter.style.haveILetI false`
warning: lean/PvNP/RealizableHardness/GrassmannCounting.lean:60:0: automatically included section variable(s) unused in theorem `PvNP.RealizableHardness.GrassmannCounting.flatten_surjective`:
  [Finite V]
consider restructuring your `variable` declarations so that the variables are not in scope or explicitly omit them:
  omit [Finite V] in theorem ...

Note: This linter can be disabled with `set_option linter.unusedSectionVars false`
warning: lean/PvNP/RealizableHardness/GrassmannCounting.lean:111:2: Try this: 
  letI̵

The goal is a proposition, so `let` is preferred over `letI`.
The difference between `let` and `letI` is that `letI` inlines the value.
But this is not relevant for proofs because of proof irrelevance.

Note: This linter can be disabled with `set_option linter.style.haveILetI false`
warning: lean/PvNP/RealizableHardness/GrassmannCounting.lean:119:18: `if_pos` has been deprecated: Use `ite_eq_left` instead
warning: lean/PvNP/RealizableHardness/GrassmannCounting.lean:120:18: `if_neg` has been deprecated: Use `ite_eq_right` instead
warning: lean/PvNP/RealizableHardness/GrassmannCounting.lean:135:0: automatically included section variable(s) unused in theorem `PvNP.RealizableHardness.GrassmannCounting.include_injective`:
  [Finite V]
consider restructuring your `variable` declarations so that the variables are not in scope or explicitly omit them:
  omit [Finite V] in theorem ...

Note: This linter can be disabled with `set_option linter.unusedSectionVars false`
warning: lean/PvNP/RealizableHardness/GrassmannCounting.lean:144:0: automatically included section variable(s) unused in theorem `PvNP.RealizableHardness.GrassmannCounting.include_surjective`:
  [Finite V]
consider restructuring your `variable` declarations so that the variables are not in scope or explicitly omit them:
  omit [Finite V] in theorem ...

Note: This linter can be disabled with `set_option linter.unusedSectionVars false`
⚠ [3227/3247] Replayed PvNP.RealizableHardness.ActualMaximalPairLadder
warning: lean/PvNP/RealizableHardness/ActualMaximalPairLadder.lean:57:0: automatically included section variable(s) unused in theorem `PvNP.RealizableHardness.ActualMaximalPairLadder.compatibleExtension_refl`:
  [Fintype V]
consider restructuring your `variable` declarations so that the variables are not in scope or explicitly omit them:
  omit [Fintype V] in theorem ...

Note: This linter can be disabled with `set_option linter.unusedSectionVars false`
warning: lean/PvNP/RealizableHardness/ActualMaximalPairLadder.lean:63:0: automatically included section variable(s) unused in theorem `PvNP.RealizableHardness.ActualMaximalPairLadder.compatibleExtension_trans`:
  [Fintype V]
consider restructuring your `variable` declarations so that the variables are not in scope or explicitly omit them:
  omit [Fintype V] in theorem ...

Note: This linter can be disabled with `set_option linter.unusedSectionVars false`
warning: lean/PvNP/RealizableHardness/ActualMaximalPairLadder.lean:147:5: Variable name `h` is not explicitly referenced.

Hint: The binding can be removed (if unused) or named `_` (if used implicitly). Alternatively, prefix the name with `_` to silence this warning:
  [apply] _h

Note: This linter can be disabled with `set_option linter.unusedVariables false`
warning: lean/PvNP/RealizableHardness/ActualMaximalPairLadder.lean:227:32: Used `tac1 <;> tac2` where `(tac1; tac2)` would suffice

Note: This linter can be disabled with `set_option linter.unnecessarySeqFocus false`
⚠ [3228/3247] Replayed PvNP.RealizableHardness.ActualFiniteLaw
warning: lean/PvNP/RealizableHardness/ActualFiniteLaw.lean:84:21: `if_true` has been deprecated: Use `ite_true` instead
warning: lean/PvNP/RealizableHardness/ActualFiniteLaw.lean:86:21: `if_false` has been deprecated: Use `ite_false` instead
warning: lean/PvNP/RealizableHardness/ActualFiniteLaw.lean:86:31: This simp argument is unused:
  zero_mul

Hint: Omit it from the simp argument list.
  [apply] simp only [hx, if_false]

Note: This linter can be disabled with `set_option linter.unusedSimpArgs false`
warning: lean/PvNP/RealizableHardness/ActualFiniteLaw.lean:241:60: This simp argument is unused:
  hn

Hint: Omit it from the simp argument list.
  [apply] simp [Finset.sum_const, Finset.card_univ, nsmul_eq_mul]

Note: This linter can be disabled with `set_option linter.unusedSimpArgs false`
warning: lean/PvNP/RealizableHardness/ActualFiniteLaw.lean:368:2: Try this: 
  letI̵

The goal is a proposition, so `let` is preferred over `letI`.
The difference between `let` and `letI` is that `letI` inlines the value.
But this is not relevant for proofs because of proof irrelevance.

Note: This linter can be disabled with `set_option linter.style.haveILetI false`
⚠ [3230/3247] Replayed PvNP.RealizableHardness.ActualGraphIncidence
warning: lean/PvNP/RealizableHardness/ActualGraphIncidence.lean:42:24: `if_pos` has been deprecated: Use `ite_eq_left` instead
warning: lean/PvNP/RealizableHardness/ActualGraphIncidence.lean:43:23: `if_neg` has been deprecated: Use `ite_eq_right` instead
⚠ [3231/3247] Replayed PvNP.RealizableHardness.ActualEqualityCloudDegree
warning: lean/PvNP/RealizableHardness/ActualEqualityCloudDegree.lean:56:8: `if_pos` has been deprecated: Use `ite_eq_left` instead
warning: lean/PvNP/RealizableHardness/ActualEqualityCloudDegree.lean:64:8: `if_neg` has been deprecated: Use `ite_eq_right` instead
⚠ [3233/3247] Replayed PvNP.RealizableHardness.ActualQuestionMassBridge
warning: lean/PvNP/RealizableHardness/ActualQuestionMassBridge.lean:70:4: `push_neg` has been deprecated. Prefer using `push Not` instead.
If you'd rather continue using `push_neg` in your project, you can implement it as follows:
```
open Lean.Parser.Tactic in
macro "push_neg" cfg:optConfig loc:(location)? : tactic =>
  `(tactic| push $cfg:optConfig Not $[$loc]?)
```
warning: lean/PvNP/RealizableHardness/ActualQuestionMassBridge.lean:171:10: This simp argument is unused:
  Fintype.card_fun

Hint: Omit it from the simp argument list.
  [apply] simp [hKcard]

Note: This linter can be disabled with `set_option linter.unusedSimpArgs false`
warning: lean/PvNP/RealizableHardness/ActualQuestionMassBridge.lean:313:0: automatically included section variable(s) unused in theorem `PvNP.RealizableHardness.ActualQuestionMassBridge.conflict_degree_le`:
  [Fintype X]
consider restructuring your `variable` declarations so that the variables are not in scope or explicitly omit them:
  omit [Fintype X] in theorem ...

Note: This linter can be disabled with `set_option linter.unusedSectionVars false`
info: lean/PvNP/RealizableHardness/ActualQuestionMassBridge.lean:391:0: 'PvNP.RealizableHardness.ActualQuestionMassBridge.conflict_degree_le' depends on axioms: [propext,
 Classical.choice,
 Quot.sound]
warning: lean/PvNP/RealizableHardness/ActualQuestionMassBridge.lean:423:6: Try this: 
  letI̵

The goal is a proposition, so `let` is preferred over `letI`.
The difference between `let` and `letI` is that `letI` inlines the value.
But this is not relevant for proofs because of proof irrelevance.

Note: This linter can be disabled with `set_option linter.style.haveILetI false`
warning: lean/PvNP/RealizableHardness/ActualQuestionMassBridge.lean:474:14: This simp argument is unused:
  Fintype.card_fun

Hint: Omit it from the simp argument list.
  [apply] simp

Note: This linter can be disabled with `set_option linter.unusedSimpArgs false`
⚠ [3234/3247] Replayed PvNP.RealizableHardness.TaggedQuestionMassBridge
warning: lean/PvNP/RealizableHardness/TaggedQuestionMassBridge.lean:213:14: This simp argument is unused:
  Fintype.card_fun

Hint: Omit it from the simp argument list.
  [apply] simp [Fintype.card_prod, hJ]

Note: This linter can be disabled with `set_option linter.unusedSimpArgs false`
warning: lean/PvNP/RealizableHardness/TaggedQuestionMassBridge.lean:213:32: This simp argument is unused:
  Fintype.card_prod

Hint: Omit it from the simp argument list.
  [apply] simp [Fintype.card_fun, hJ]

Note: This linter can be disabled with `set_option linter.unusedSimpArgs false`
warning: lean/PvNP/RealizableHardness/TaggedQuestionMassBridge.lean:226:14: This simp argument is unused:
  Fintype.card_fun

Hint: Omit it from the simp argument list.
  [apply] simp [Fintype.card_prod, Fintype.card_fin]

Note: This linter can be disabled with `set_option linter.unusedSimpArgs false`
warning: lean/PvNP/RealizableHardness/TaggedQuestionMassBridge.lean:255:12: This simp argument is unused:
  Fintype.card_fun

Hint: Omit it from the simp argument list.
  [apply] simp [Fintype.card_prod, Fintype.card_fin]

Note: This linter can be disabled with `set_option linter.unusedSimpArgs false`
⚠ [3235/3247] Replayed PvNP.RealizableHardness.ActualTaggedQuestionMass
warning: lean/PvNP/RealizableHardness/ActualTaggedQuestionMass.lean:41:6: Try this: 
  letI̵

The goal is a proposition, so `let` is preferred over `letI`.
The difference between `let` and `letI` is that `letI` inlines the value.
But this is not relevant for proofs because of proof irrelevance.

Note: This linter can be disabled with `set_option linter.style.haveILetI false`
warning: lean/PvNP/RealizableHardness/ActualTaggedQuestionMass.lean:50:6: try 'simp' instead of 'simpa'

Note: This linter can be disabled with `set_option linter.unnecessarySimpa false`
warning: lean/PvNP/RealizableHardness/ActualTaggedQuestionMass.lean:57:4: Unused tactic linter: `change
  rowConflict (Finite3LinSource.ofActual I).support q r ↔ rowConflict I.support q r` does nothing

Note: This linter can be disabled with `set_option linter.unusedTactic false`
⚠ [3236/3247] Replayed PvNP.RealizableHardness.ActualTaggedQuestionRetainedMass
warning: lean/PvNP/RealizableHardness/ActualTaggedQuestionRetainedMass.lean:99:12: This simp argument is unused:
  Fintype.card_fun

Hint: Omit it from the simp argument list.
  [apply] simp [Fintype.card_prod, Fintype.card_fin]

Note: This linter can be disabled with `set_option linter.unusedSimpArgs false`
warning: lean/PvNP/RealizableHardness/ActualTaggedQuestionRetainedMass.lean:124:10: This simp argument is unused:
  Fintype.card_fun

Hint: Omit it from the simp argument list.
  [apply] simp [Fintype.card_prod, Fintype.card_fin]

Note: This linter can be disabled with `set_option linter.unusedSimpArgs false`
⚠ [3238/3247] Replayed PvNP.RealizableHardness.ActualTaggedPresentationFiberAudit
warning: lean/PvNP/RealizableHardness/ActualTaggedPresentationFiberAudit.lean:137:2: Try this: 
  letI̵

The goal is a proposition, so `let` is preferred over `letI`.
The difference between `let` and `letI` is that `letI` inlines the value.
But this is not relevant for proofs because of proof irrelevance.

Note: This linter can be disabled with `set_option linter.style.haveILetI false`
warning: lean/PvNP/RealizableHardness/ActualTaggedPresentationFiberAudit.lean:138:2: Try this: 
  letI̵

The goal is a proposition, so `let` is preferred over `letI`.
The difference between `let` and `letI` is that `letI` inlines the value.
But this is not relevant for proofs because of proof irrelevance.

Note: This linter can be disabled with `set_option linter.style.haveILetI false`
warning: lean/PvNP/RealizableHardness/ActualTaggedPresentationFiberAudit.lean:139:2: Try this: 
  letI̵

The goal is a proposition, so `let` is preferred over `letI`.
The difference between `let` and `letI` is that `letI` inlines the value.
But this is not relevant for proofs because of proof irrelevance.

Note: This linter can be disabled with `set_option linter.style.haveILetI false`
warning: lean/PvNP/RealizableHardness/ActualTaggedPresentationFiberAudit.lean:145:2: Try this: 
  letI̵

The goal is a proposition, so `let` is preferred over `letI`.
The difference between `let` and `letI` is that `letI` inlines the value.
But this is not relevant for proofs because of proof irrelevance.

Note: This linter can be disabled with `set_option linter.style.haveILetI false`
⚠ [3239/3247] Replayed PvNP.RealizableHardness.ActualTaggedVertexPresentationFiber
warning: lean/PvNP/RealizableHardness/ActualTaggedVertexPresentationFiber.lean:243:2: Try this: 
  letI̵

The goal is a proposition, so `let` is preferred over `letI`.
The difference between `let` and `letI` is that `letI` inlines the value.
But this is not relevant for proofs because of proof irrelevance.

Note: This linter can be disabled with `set_option linter.style.haveILetI false`
warning: lean/PvNP/RealizableHardness/ActualTaggedVertexPresentationFiber.lean:245:2: Try this: 
  letI̵

The goal is a proposition, so `let` is preferred over `letI`.
The difference between `let` and `letI` is that `letI` inlines the value.
But this is not relevant for proofs because of proof irrelevance.

Note: This linter can be disabled with `set_option linter.style.haveILetI false`
⚠ [3240/3247] Replayed PvNP.RealizableHardness.ActualTaggedSelectedDecoderBridge
warning: lean/PvNP/RealizableHardness/ActualTaggedSelectedDecoderBridge.lean:76:5: Variable name `hrows` is not explicitly referenced.

Hint: The binding can be removed (if unused) or named `_` (if used implicitly). Alternatively, prefix the name with `_` to silence this warning:
  [apply] _hrows

Note: This linter can be disabled with `set_option linter.unusedVariables false`
warning: lean/PvNP/RealizableHardness/ActualTaggedSelectedDecoderBridge.lean:263:41: `dif_pos` has been deprecated: Use `dite_eq_left` instead
⚠ [3243/3247] Replayed PvNP.RealizableHardness.ActualTaggedConditionalGraphCount
warning: lean/PvNP/RealizableHardness/ActualTaggedConditionalGraphCount.lean:66:4: try 'simp' instead of 'simpa'

Note: This linter can be disabled with `set_option linter.unnecessarySimpa false`
warning: lean/PvNP/RealizableHardness/ActualTaggedConditionalGraphCount.lean:74:10: This simp argument is unused:
  Submodule.liftQ_mkQ

Hint: Omit it from the simp argument list.
  [apply] simp

Note: This linter can be disabled with `set_option linter.unusedSimpArgs false`
warning: lean/PvNP/RealizableHardness/ActualTaggedConditionalGraphCount.lean:98:2: Try this: 
  letI̵

The goal is a proposition, so `let` is preferred over `letI`.
The difference between `let` and `letI` is that `letI` inlines the value.
But this is not relevant for proofs because of proof irrelevance.

Note: This linter can be disabled with `set_option linter.style.haveILetI false`
warning: lean/PvNP/RealizableHardness/ActualTaggedConditionalGraphCount.lean:99:2: Try this: 
  letI̵

The goal is a proposition, so `let` is preferred over `letI`.
The difference between `let` and `letI` is that `letI` inlines the value.
But this is not relevant for proofs because of proof irrelevance.

Note: This linter can be disabled with `set_option linter.style.haveILetI false`
warning: lean/PvNP/RealizableHardness/ActualTaggedConditionalGraphCount.lean:100:2: Try this: 
  letI̵

The goal is a proposition, so `let` is preferred over `letI`.
The difference between `let` and `letI` is that `letI` inlines the value.
But this is not relevant for proofs because of proof irrelevance.

Note: This linter can be disabled with `set_option linter.style.haveILetI false`
warning: lean/PvNP/RealizableHardness/ActualTaggedConditionalGraphCount.lean:164:2: Try this: 
  letI̵

The goal is a proposition, so `let` is preferred over `letI`.
The difference between `let` and `letI` is that `letI` inlines the value.
But this is not relevant for proofs because of proof irrelevance.

Note: This linter can be disabled with `set_option linter.style.haveILetI false`
warning: lean/PvNP/RealizableHardness/ActualTaggedConditionalGraphCount.lean:165:2: Try this: 
  letI̵

The goal is a proposition, so `let` is preferred over `letI`.
The difference between `let` and `letI` is that `letI` inlines the value.
But this is not relevant for proofs because of proof irrelevance.

Note: This linter can be disabled with `set_option linter.style.haveILetI false`
⚠ [3244/3247] Replayed PvNP.RealizableHardness.GrassmannFlagPosterior
warning: lean/PvNP/RealizableHardness/GrassmannFlagPosterior.lean:52:2: Try this: 
  letI̵

The goal is a proposition, so `let` is preferred over `letI`.
The difference between `let` and `letI` is that `letI` inlines the value.
But this is not relevant for proofs because of proof irrelevance.

Note: This linter can be disabled with `set_option linter.style.haveILetI false`
⚠ [3247/3390] Replayed PvNP.RealizableHardness.ActualFiniteIncidenceSampling
warning: lean/PvNP/RealizableHardness/ActualFiniteIncidenceSampling.lean:179:32: This simp argument is unused:
  Finset.mem_filter

Hint: Omit it from the simp argument list.
  [apply] simp only [Finset.sum_filter]

Note: This linter can be disabled with `set_option linter.unusedSimpArgs false`
warning: lean/PvNP/RealizableHardness/ActualFiniteIncidenceSampling.lean:281:34: This simp argument is unused:
  Finset.mem_univ

Hint: Omit it from the simp argument list.
  [apply] simp only [Finset.sum_filter, ite_true]

Note: This linter can be disabled with `set_option linter.unusedSimpArgs false`
warning: lean/PvNP/RealizableHardness/ActualFiniteIncidenceSampling.lean:281:51: This simp argument is unused:
  ite_true

Hint: Omit it from the simp argument list.
  [apply] simp only [Finset.sum_filter, Finset.mem_univ]

Note: This linter can be disabled with `set_option linter.unusedSimpArgs false`
warning: lean/PvNP/RealizableHardness/ActualFiniteIncidenceSampling.lean:598:10: `if_pos` has been deprecated: Use `ite_eq_left` instead
warning: lean/PvNP/RealizableHardness/ActualFiniteIncidenceSampling.lean:570:34: This simp argument is unused:
  Finset.mem_univ

Hint: Omit it from the simp argument list.
  [apply] simp only [Finset.sum_filter, ite_true]

Note: This linter can be disabled with `set_option linter.unusedSimpArgs false`
warning: lean/PvNP/RealizableHardness/ActualFiniteIncidenceSampling.lean:570:51: This simp argument is unused:
  ite_true

Hint: Omit it from the simp argument list.
  [apply] simp only [Finset.sum_filter, Finset.mem_univ]

Note: This linter can be disabled with `set_option linter.unusedSimpArgs false`
warning: lean/PvNP/RealizableHardness/ActualFiniteIncidenceSampling.lean:707:25: `if_true` has been deprecated: Use `ite_true` instead
warning: lean/PvNP/RealizableHardness/ActualFiniteIncidenceSampling.lean:707:15: This simp argument is unused:
  Prod.fst

Hint: Omit it from the simp argument list.
  [apply] simp only [if_true]

Note: This linter can be disabled with `set_option linter.unusedSimpArgs false`
warning: lean/PvNP/RealizableHardness/ActualFiniteIncidenceSampling.lean:770:32: This simp argument is unused:
  Finset.mem_univ

Hint: Omit it from the simp argument list.
  [apply] simp only [Finset.sum_filter, ite_true]

Note: This linter can be disabled with `set_option linter.unusedSimpArgs false`
warning: lean/PvNP/RealizableHardness/ActualFiniteIncidenceSampling.lean:770:49: This simp argument is unused:
  ite_true

Hint: Omit it from the simp argument list.
  [apply] simp only [Finset.sum_filter, Finset.mem_univ]

Note: This linter can be disabled with `set_option linter.unusedSimpArgs false`
warning: lean/PvNP/RealizableHardness/ActualFiniteIncidenceSampling.lean:790:2: Try this: 
  letI̵

The goal is a proposition, so `let` is preferred over `letI`.
The difference between `let` and `letI` is that `letI` inlines the value.
But this is not relevant for proofs because of proof irrelevance.

Note: This linter can be disabled with `set_option linter.style.haveILetI false`
warning: lean/PvNP/RealizableHardness/ActualFiniteIncidenceSampling.lean:809:8: `if_neg` has been deprecated: Use `ite_eq_right` instead
⚠ [3248/3390] Replayed PvNP.RealizableHardness.ActualQuestionCenterDomainDraw
warning: lean/PvNP/RealizableHardness/ActualQuestionCenterDomainDraw.lean:192:51: This simp argument is unused:
  Nat.add_left_comm

Hint: Omit it from the simp argument list.
  [apply] simp [Nat.succ_mul, Nat.add_assoc, Nat.add_comm] at h'

Note: This linter can be disabled with `set_option linter.unusedSimpArgs false`
warning: lean/PvNP/RealizableHardness/ActualQuestionCenterDomainDraw.lean:285:20: Variable name `hh` is not explicitly referenced.

Hint: The binding can be removed (if unused) or named `_` (if used implicitly). Alternatively, prefix the name with `_` to silence this warning:
  [apply] _hh

Note: This linter can be disabled with `set_option linter.unusedVariables false`
warning: lean/PvNP/RealizableHardness/ActualQuestionCenterDomainDraw.lean:361:2: Try this: 
  letI̵

The goal is a proposition, so `let` is preferred over `letI`.
The difference between `let` and `letI` is that `letI` inlines the value.
But this is not relevant for proofs because of proof irrelevance.

Note: This linter can be disabled with `set_option linter.style.haveILetI false`
warning: lean/PvNP/RealizableHardness/ActualQuestionCenterDomainDraw.lean:372:2: Try this: 
  letI̵

The goal is a proposition, so `let` is preferred over `letI`.
The difference between `let` and `letI` is that `letI` inlines the value.
But this is not relevant for proofs because of proof irrelevance.

Note: This linter can be disabled with `set_option linter.style.haveILetI false`
warning: lean/PvNP/RealizableHardness/ActualQuestionCenterDomainDraw.lean:375:2: Try this: 
  letI̵

The goal is a proposition, so `let` is preferred over `letI`.
The difference between `let` and `letI` is that `letI` inlines the value.
But this is not relevant for proofs because of proof irrelevance.

Note: This linter can be disabled with `set_option linter.style.haveILetI false`
warning: lean/PvNP/RealizableHardness/ActualQuestionCenterDomainDraw.lean:446:51: This simp argument is unused:
  Nat.add_left_comm

Hint: Omit it from the simp argument list.
  [apply] simp [Nat.succ_mul, Nat.add_assoc, Nat.add_comm] at h'

Note: This linter can be disabled with `set_option linter.unusedSimpArgs false`
warning: lean/PvNP/RealizableHardness/ActualQuestionCenterDomainDraw.lean:481:4: try 'simp' instead of 'simpa'

Note: This linter can be disabled with `set_option linter.unnecessarySimpa false`
⚠ [3249/3390] Replayed PvNP.RealizableHardness.ActualCliqueScoreTransfer
warning: lean/PvNP/RealizableHardness/ActualCliqueScoreTransfer.lean:55:12: `if_pos` has been deprecated: Use `ite_eq_left` instead
warning: lean/PvNP/RealizableHardness/ActualCliqueScoreTransfer.lean:56:12: `if_neg` has been deprecated: Use `ite_eq_right` instead
warning: lean/PvNP/RealizableHardness/ActualCliqueScoreTransfer.lean:56:27: Unused tactic linter: `norm_num` does nothing

Note: This linter can be disabled with `set_option linter.unusedTactic false`
warning: lean/PvNP/RealizableHardness/ActualCliqueScoreTransfer.lean:56:27: this tactic is never executed

Note: This linter can be disabled with `set_option linter.unreachableTactic false`
warning: lean/PvNP/RealizableHardness/ActualCliqueScoreTransfer.lean:55:23: Used `tac1 <;> tac2` where `(tac1; tac2)` would suffice

Note: This linter can be disabled with `set_option linter.unnecessarySeqFocus false`
warning: lean/PvNP/RealizableHardness/ActualCliqueScoreTransfer.lean:68:12: `if_pos` has been deprecated: Use `ite_eq_left` instead
warning: lean/PvNP/RealizableHardness/ActualCliqueScoreTransfer.lean:69:12: `if_neg` has been deprecated: Use `ite_eq_right` instead
warning: lean/PvNP/RealizableHardness/ActualCliqueScoreTransfer.lean:68:27: Unused tactic linter: `norm_num` does nothing

Note: This linter can be disabled with `set_option linter.unusedTactic false`
warning: lean/PvNP/RealizableHardness/ActualCliqueScoreTransfer.lean:68:27: this tactic is never executed

Note: This linter can be disabled with `set_option linter.unreachableTactic false`
warning: lean/PvNP/RealizableHardness/ActualCliqueScoreTransfer.lean:69:23: Used `tac1 <;> tac2` where `(tac1; tac2)` would suffice

Note: This linter can be disabled with `set_option linter.unnecessarySeqFocus false`
⚠ [3252/3390] Replayed PvNP.RealizableHardness.ActualQuestionCenterCollisionBound
warning: lean/PvNP/RealizableHardness/ActualQuestionCenterCollisionBound.lean:49:2: Try this: 
  letI̵

The goal is a proposition, so `let` is preferred over `letI`.
The difference between `let` and `letI` is that `letI` inlines the value.
But this is not relevant for proofs because of proof irrelevance.

Note: This linter can be disabled with `set_option linter.style.haveILetI false`
warning: lean/PvNP/RealizableHardness/ActualQuestionCenterCollisionBound.lean:44:0: Definition `PvNP.RealizableHardness.ActualQuestionCenterCollisionBound.domainTupleNonempty` of class type is semireducible. Most type class instances should be instance-reducible, so consider marking this
definition with `@[instance_reducible]`. If it is intentionally semireducible, this warning can be disabled with `set_option warn.classDefReducibility false`.
warning: lean/PvNP/RealizableHardness/ActualQuestionCenterCollisionBound.lean:44:0: Definition `domainTupleNonempty` is a proposition; use `theorem` instead of `def`

Note: This linter can be disabled with `set_option linter.defProp false`
warning: lean/PvNP/RealizableHardness/ActualQuestionCenterCollisionBound.lean:213:2: Try this: 
  letI̵

The goal is a proposition, so `let` is preferred over `letI`.
The difference between `let` and `letI` is that `letI` inlines the value.
But this is not relevant for proofs because of proof irrelevance.

Note: This linter can be disabled with `set_option linter.style.haveILetI false`
warning: lean/PvNP/RealizableHardness/ActualQuestionCenterCollisionBound.lean:214:2: Try this: 
  letI̵

The goal is a proposition, so `let` is preferred over `letI`.
The difference between `let` and `letI` is that `letI` inlines the value.
But this is not relevant for proofs because of proof irrelevance.

Note: This linter can be disabled with `set_option linter.style.haveILetI false`
warning: lean/PvNP/RealizableHardness/ActualQuestionCenterCollisionBound.lean:330:16: `if_pos` has been deprecated: Use `ite_eq_left` instead
warning: lean/PvNP/RealizableHardness/ActualQuestionCenterCollisionBound.lean:408:16: try 'simp' instead of 'simpa'

Note: This linter can be disabled with `set_option linter.unnecessarySimpa false`
warning: lean/PvNP/RealizableHardness/ActualQuestionCenterCollisionBound.lean:669:2: Try this: 
  letI̵

The goal is a proposition, so `let` is preferred over `letI`.
The difference between `let` and `letI` is that `letI` inlines the value.
But this is not relevant for proofs because of proof irrelevance.

Note: This linter can be disabled with `set_option linter.style.haveILetI false`
warning: lean/PvNP/RealizableHardness/ActualQuestionCenterCollisionBound.lean:688:16: `if_pos` has been deprecated: Use `ite_eq_left` instead
warning: lean/PvNP/RealizableHardness/ActualQuestionCenterCollisionBound.lean:690:16: `if_neg` has been deprecated: Use `ite_eq_right` instead
warning: lean/PvNP/RealizableHardness/ActualQuestionCenterCollisionBound.lean:692:10: `if_pos` has been deprecated: Use `ite_eq_left` instead
warning: lean/PvNP/RealizableHardness/ActualQuestionCenterCollisionBound.lean:693:10: `if_pos` has been deprecated: Use `ite_eq_left` instead
⚠ [3253/3390] Replayed PvNP.RealizableHardness.ActualMZ24FixedZoomListBound
warning: lean/PvNP/RealizableHardness/ActualMZ24FixedZoomListBound.lean:47:32: This simp argument is unused:
  Finset.mem_univ

Hint: Omit it from the simp argument list.
  [apply] simp only [Finset.sum_filter, ite_true]

Note: This linter can be disabled with `set_option linter.unusedSimpArgs false`
warning: lean/PvNP/RealizableHardness/ActualMZ24FixedZoomListBound.lean:47:49: This simp argument is unused:
  ite_true

Hint: Omit it from the simp argument list.
  [apply] simp only [Finset.sum_filter, Finset.mem_univ]

Note: This linter can be disabled with `set_option linter.unusedSimpArgs false`
warning: lean/PvNP/RealizableHardness/ActualMZ24FixedZoomListBound.lean:126:12: `if_pos` has been deprecated: Use `ite_eq_left` instead
warning: lean/PvNP/RealizableHardness/ActualMZ24FixedZoomListBound.lean:128:17: `if_neg` has been deprecated: Use `ite_eq_right` instead
warning: lean/PvNP/RealizableHardness/ActualMZ24FixedZoomListBound.lean:132:12: `if_pos` has been deprecated: Use `ite_eq_left` instead
warning: lean/PvNP/RealizableHardness/ActualMZ24FixedZoomListBound.lean:134:17: `if_neg` has been deprecated: Use `ite_eq_right` instead
warning: lean/PvNP/RealizableHardness/ActualMZ24FixedZoomListBound.lean:142:10: `if_pos` has been deprecated: Use `ite_eq_left` instead
warning: lean/PvNP/RealizableHardness/ActualMZ24FixedZoomListBound.lean:146:19: `if_neg` has been deprecated: Use `ite_eq_right` instead
warning: lean/PvNP/RealizableHardness/ActualMZ24FixedZoomListBound.lean:147:10: `if_neg` has been deprecated: Use `ite_eq_right` instead
warning: lean/PvNP/RealizableHardness/ActualMZ24FixedZoomListBound.lean:155:19: `if_pos` has been deprecated: Use `ite_eq_left` instead
warning: lean/PvNP/RealizableHardness/ActualMZ24FixedZoomListBound.lean:155:31: `if_neg` has been deprecated: Use `ite_eq_right` instead
warning: lean/PvNP/RealizableHardness/ActualMZ24FixedZoomListBound.lean:156:19: `if_neg` has been deprecated: Use `ite_eq_right` instead
warning: lean/PvNP/RealizableHardness/ActualMZ24FixedZoomListBound.lean:155:43: This simp argument is unused:
  one_mul

Hint: Omit it from the simp argument list.
  [apply] simp only [if_pos hxs, if_neg hys, mul_zero]

Note: This linter can be disabled with `set_option linter.unusedSimpArgs false`
warning: lean/PvNP/RealizableHardness/ActualMZ24FixedZoomListBound.lean:173:4: This simp argument is unused:
  Finset.sum_mul

Hint: Omit it from the simp argument list.
  [apply] simp only [Finset.sum_add_distrib, Finset.sum_sub_distrib, Finset.mul_sum]

Note: This linter can be disabled with `set_option linter.unusedSimpArgs false`
warning: lean/PvNP/RealizableHardness/ActualMZ24FixedZoomListBound.lean:173:20: This simp argument is unused:
  Finset.mul_sum

Hint: Omit it from the simp argument list.
  [apply] simp only [Finset.sum_add_distrib, Finset.sum_sub_distrib, Finset.sum_mul]

Note: This linter can be disabled with `set_option linter.unusedSimpArgs false`
warning: lean/PvNP/RealizableHardness/ActualMZ24FixedZoomListBound.lean:242:4: Try this: 
  letI̵

The goal is a proposition, so `let` is preferred over `letI`.
The difference between `let` and `letI` is that `letI` inlines the value.
But this is not relevant for proofs because of proof irrelevance.

Note: This linter can be disabled with `set_option linter.style.haveILetI false`
warning: lean/PvNP/RealizableHardness/ActualMZ24FixedZoomListBound.lean:341:24: `if_pos` has been deprecated: Use `ite_eq_left` instead
warning: lean/PvNP/RealizableHardness/ActualMZ24FixedZoomListBound.lean:343:29: `if_neg` has been deprecated: Use `ite_eq_right` instead
warning: lean/PvNP/RealizableHardness/ActualMZ24FixedZoomListBound.lean:434:4: Try this: 
  letI̵

The goal is a proposition, so `let` is preferred over `letI`.
The difference between `let` and `letI` is that `letI` inlines the value.
But this is not relevant for proofs because of proof irrelevance.

Note: This linter can be disabled with `set_option linter.style.haveILetI false`
warning: lean/PvNP/RealizableHardness/ActualMZ24FixedZoomListBound.lean:232:5: Variable name `hinj` is not explicitly referenced.

Hint: The binding can be removed (if unused) or named `_` (if used implicitly). Alternatively, prefix the name with `_` to silence this warning:
  [apply] _hinj

Note: This linter can be disabled with `set_option linter.unusedVariables false`
warning: lean/PvNP/RealizableHardness/ActualMZ24FixedZoomListBound.lean:620:8: try 'simp' instead of 'simpa'

Note: This linter can be disabled with `set_option linter.unnecessarySimpa false`
warning: lean/PvNP/RealizableHardness/ActualMZ24FixedZoomListBound.lean:623:4: try 'simp' instead of 'simpa'

Note: This linter can be disabled with `set_option linter.unnecessarySimpa false`
warning: lean/PvNP/RealizableHardness/ActualMZ24FixedZoomListBound.lean:571:27: Variable name `hb` is not explicitly referenced.

Hint: The binding can be removed (if unused) or named `_` (if used implicitly). Alternatively, prefix the name with `_` to silence this warning:
  [apply] _hb

Note: This linter can be disabled with `set_option linter.unusedVariables false`
warning: lean/PvNP/RealizableHardness/ActualMZ24FixedZoomListBound.lean:644:32: Variable name `hQW` is not explicitly referenced.

Hint: The binding can be removed (if unused) or named `_` (if used implicitly). Alternatively, prefix the name with `_` to silence this warning:
  [apply] _hQW

Note: This linter can be disabled with `set_option linter.unusedVariables false`
warning: lean/PvNP/RealizableHardness/ActualMZ24FixedZoomListBound.lean:740:6: try 'simp' instead of 'simpa'

Note: This linter can be disabled with `set_option linter.unnecessarySimpa false`
warning: lean/PvNP/RealizableHardness/ActualMZ24FixedZoomListBound.lean:804:6: try 'simp' instead of 'simpa'

Note: This linter can be disabled with `set_option linter.unnecessarySimpa false`
warning: lean/PvNP/RealizableHardness/ActualMZ24FixedZoomListBound.lean:847:11: Variable name `y` is not explicitly referenced.

Hint: The binding can be removed (if unused) or named `_` (if used implicitly). Alternatively, prefix the name with `_` to silence this warning:
  [apply] _y

Note: This linter can be disabled with `set_option linter.unusedVariables false`
warning: lean/PvNP/RealizableHardness/ActualMZ24FixedZoomListBound.lean:848:12: Variable name `y` is not explicitly referenced.

Hint: The binding can be removed (if unused) or named `_` (if used implicitly). Alternatively, prefix the name with `_` to silence this warning:
  [apply] _y

Note: This linter can be disabled with `set_option linter.unusedVariables false`
warning: lean/PvNP/RealizableHardness/ActualMZ24FixedZoomListBound.lean:862:32: Variable name `hQW` is not explicitly referenced.

Hint: The binding can be removed (if unused) or named `_` (if used implicitly). Alternatively, prefix the name with `_` to silence this warning:
  [apply] _hQW

Note: This linter can be disabled with `set_option linter.unusedVariables false`
warning: lean/PvNP/RealizableHardness/ActualMZ24FixedZoomListBound.lean:1322:2: Try this: 
  letI̵

The goal is a proposition, so `let` is preferred over `letI`.
The difference between `let` and `letI` is that `letI` inlines the value.
But this is not relevant for proofs because of proof irrelevance.

Note: This linter can be disabled with `set_option linter.style.haveILetI false`
warning: lean/PvNP/RealizableHardness/ActualMZ24FixedZoomListBound.lean:1325:2: Try this: 
  letI̵

The goal is a proposition, so `let` is preferred over `letI`.
The difference between `let` and `letI` is that `letI` inlines the value.
But this is not relevant for proofs because of proof irrelevance.

Note: This linter can be disabled with `set_option linter.style.haveILetI false`
warning: lean/PvNP/RealizableHardness/ActualMZ24FixedZoomListBound.lean:1326:2: Try this: 
  letI̵

The goal is a proposition, so `let` is preferred over `letI`.
The difference between `let` and `letI` is that `letI` inlines the value.
But this is not relevant for proofs because of proof irrelevance.

Note: This linter can be disabled with `set_option linter.style.haveILetI false`
warning: lean/PvNP/RealizableHardness/ActualMZ24FixedZoomListBound.lean:1327:2: Try this: 
  letI̵

The goal is a proposition, so `let` is preferred over `letI`.
The difference between `let` and `letI` is that `letI` inlines the value.
But this is not relevant for proofs because of proof irrelevance.

Note: This linter can be disabled with `set_option linter.style.haveILetI false`
warning: lean/PvNP/RealizableHardness/ActualMZ24FixedZoomListBound.lean:1332:37: This simp argument is unused:
  mul_left_comm

Hint: Omit it from the simp argument list.
  [apply] simp [Finset.sum_const, mul_assoc, mul_comm]

Note: This linter can be disabled with `set_option linter.unusedSimpArgs false`
warning: lean/PvNP/RealizableHardness/ActualMZ24FixedZoomListBound.lean:1346:2: Try this: 
  letI̵

The goal is a proposition, so `let` is preferred over `letI`.
The difference between `let` and `letI` is that `letI` inlines the value.
But this is not relevant for proofs because of proof irrelevance.

Note: This linter can be disabled with `set_option linter.style.haveILetI false`
warning: lean/PvNP/RealizableHardness/ActualMZ24FixedZoomListBound.lean:1349:2: Try this: 
  letI̵

The goal is a proposition, so `let` is preferred over `letI`.
The difference between `let` and `letI` is that `letI` inlines the value.
But this is not relevant for proofs because of proof irrelevance.

Note: This linter can be disabled with `set_option linter.style.haveILetI false`
warning: lean/PvNP/RealizableHardness/ActualMZ24FixedZoomListBound.lean:1337:5: Variable name `T` is not explicitly referenced.

Hint: The binding can be removed (if unused) or named `_` (if used implicitly). Alternatively, prefix the name with `_` to silence this warning:
  [apply] _T

Note: This linter can be disabled with `set_option linter.unusedVariables false`
warning: lean/PvNP/RealizableHardness/ActualMZ24FixedZoomListBound.lean:1358:26: This simp argument is unused:
  mul_assoc

Hint: Omit it from the simp argument list.
  [apply] simp [Finset.sum_const, mul_left_comm, mul_comm]

Note: This linter can be disabled with `set_option linter.unusedSimpArgs false`
warning: lean/PvNP/RealizableHardness/ActualMZ24FixedZoomListBound.lean:1358:37: This simp argument is unused:
  mul_left_comm

Hint: Omit it from the simp argument list.
  [apply] simp [Finset.sum_const, mul_assoc, mul_comm]

Note: This linter can be disabled with `set_option linter.unusedSimpArgs false`
warning: lean/PvNP/RealizableHardness/ActualMZ24FixedZoomListBound.lean:1358:52: This simp argument is unused:
  mul_comm

Hint: Omit it from the simp argument list.
  [apply] simp [Finset.sum_const, mul_assoc, mul_left_comm]

Note: This linter can be disabled with `set_option linter.unusedSimpArgs false`
warning: lean/PvNP/RealizableHardness/ActualMZ24FixedZoomListBound.lean:1406:2: Try this: 
  letI̵

The goal is a proposition, so `let` is preferred over `letI`.
The difference between `let` and `letI` is that `letI` inlines the value.
But this is not relevant for proofs because of proof irrelevance.

Note: This linter can be disabled with `set_option linter.style.haveILetI false`
⚠ [3254/3390] Replayed PvNP.RealizableHardness.ActualMZ24ComplementRestriction
warning: lean/PvNP/RealizableHardness/ActualMZ24ComplementRestriction.lean:35:0: automatically included section variable(s) unused in theorem `PvNP.RealizableHardness.ActualMZ24ComplementRestriction.lift_complementSubspace`:
  [Fintype V]
consider restructuring your `variable` declarations so that the variables are not in scope or explicitly omit them:
  omit [Fintype V] in theorem ...

Note: This linter can be disabled with `set_option linter.unusedSectionVars false`
warning: lean/PvNP/RealizableHardness/ActualMZ24ComplementRestriction.lean:36:32: Variable name `hQW` is not explicitly referenced.

Hint: The binding can be removed (if unused) or named `_` (if used implicitly). Alternatively, prefix the name with `_` to silence this warning:
  [apply] _hQW

Note: This linter can be disabled with `set_option linter.unusedVariables false`
warning: lean/PvNP/RealizableHardness/ActualMZ24ComplementRestriction.lean:52:32: Variable name `hQW` is not explicitly referenced.

Hint: The binding can be removed (if unused) or named `_` (if used implicitly). Alternatively, prefix the name with `_` to silence this warning:
  [apply] _hQW

Note: This linter can be disabled with `set_option linter.unusedVariables false`
warning: lean/PvNP/RealizableHardness/ActualMZ24ComplementRestriction.lean:108:0: automatically included section variable(s) unused in theorem `PvNP.RealizableHardness.ActualMZ24ComplementRestriction.lift_le_of_le`:
  [Fintype V]
consider restructuring your `variable` declarations so that the variables are not in scope or explicitly omit them:
  omit [Fintype V] in theorem ...

Note: This linter can be disabled with `set_option linter.unusedSectionVars false`
warning: lean/PvNP/RealizableHardness/ActualMZ24ComplementRestriction.lean:109:32: Variable name `hQW` is not explicitly referenced.

Hint: The binding can be removed (if unused) or named `_` (if used implicitly). Alternatively, prefix the name with `_` to silence this warning:
  [apply] _hQW

Note: This linter can be disabled with `set_option linter.unusedVariables false`
warning: lean/PvNP/RealizableHardness/ActualMZ24ComplementRestriction.lean:116:0: automatically included section variable(s) unused in theorem `PvNP.RealizableHardness.ActualMZ24ComplementRestriction.lift_finrank`:
  [Fintype V]
consider restructuring your `variable` declarations so that the variables are not in scope or explicitly omit them:
  omit [Fintype V] in theorem ...

Note: This linter can be disabled with `set_option linter.unusedSectionVars false`
warning: lean/PvNP/RealizableHardness/ActualMZ24ComplementRestriction.lean:134:2: try 'simp' instead of 'simpa'

Note: This linter can be disabled with `set_option linter.unnecessarySimpa false`
warning: lean/PvNP/RealizableHardness/ActualMZ24ComplementRestriction.lean:123:0: automatically included section variable(s) unused in theorem `PvNP.RealizableHardness.ActualMZ24ComplementRestriction.complementSubspace_sup_lift`:
  [Fintype V]
consider restructuring your `variable` declarations so that the variables are not in scope or explicitly omit them:
  omit [Fintype V] in theorem ...

Note: This linter can be disabled with `set_option linter.unusedSectionVars false`
warning: lean/PvNP/RealizableHardness/ActualMZ24ComplementRestriction.lean:271:30: Variable name `had` is not explicitly referenced.

Hint: The binding can be removed (if unused) or named `_` (if used implicitly). Alternatively, prefix the name with `_` to silence this warning:
  [apply] _had

Note: This linter can be disabled with `set_option linter.unusedVariables false`
warning: lean/PvNP/RealizableHardness/ActualMZ24ComplementRestriction.lean:278:8: automatically included section variable(s) unused in theorem `_private.PvNP.RealizableHardness.ActualMZ24ComplementRestriction.0.PvNP.RealizableHardness.ActualMZ24ComplementRestriction.dependentTable_apply`:
  [Fintype V]
consider restructuring your `variable` declarations so that the variables are not in scope or explicitly omit them:
  omit [Fintype V] in theorem ...

Note: This linter can be disabled with `set_option linter.unusedSectionVars false`
warning: lean/PvNP/RealizableHardness/ActualMZ24ComplementRestriction.lean:285:8: automatically included section variable(s) unused in theorem `_private.PvNP.RealizableHardness.ActualMZ24ComplementRestriction.0.PvNP.RealizableHardness.ActualMZ24ComplementRestriction.grassCast_coe`:
  [Fintype V]
consider restructuring your `variable` declarations so that the variables are not in scope or explicitly omit them:
  omit [Fintype V] in theorem ...

Note: This linter can be disabled with `set_option linter.unusedSectionVars false`
⚠ [3255/3390] Replayed PvNP.RealizableHardness.ActualBinaryGrassmannIncidence
warning: lean/PvNP/RealizableHardness/ActualBinaryGrassmannIncidence.lean:49:8: automatically included section variable(s) unused in theorem `PvNP.RealizableHardness.ActualBinaryGrassmannIncidence.familyInter_empty`:
  [Fintype V]
  [Fintype I]
consider restructuring your `variable` declarations so that the variables are not in scope or explicitly omit them:
  omit [Fintype V] [Fintype I] in theorem ...

Note: This linter can be disabled with `set_option linter.unusedSectionVars false`
warning: lean/PvNP/RealizableHardness/ActualBinaryGrassmannIncidence.lean:53:8: automatically included section variable(s) unused in theorem `PvNP.RealizableHardness.ActualBinaryGrassmannIncidence.familyInter_singleton`:
  [Fintype V]
  [Fintype I]
consider restructuring your `variable` declarations so that the variables are not in scope or explicitly omit them:
  omit [Fintype V] [Fintype I] in theorem ...

Note: This linter can be disabled with `set_option linter.unusedSectionVars false`
warning: lean/PvNP/RealizableHardness/ActualBinaryGrassmannIncidence.lean:57:0: automatically included section variable(s) unused in theorem `PvNP.RealizableHardness.ActualBinaryGrassmannIncidence.familyInter_pair`:
  [Fintype V]
  [Fintype I]
consider restructuring your `variable` declarations so that the variables are not in scope or explicitly omit them:
  omit [Fintype V] [Fintype I] in theorem ...

Note: This linter can be disabled with `set_option linter.unusedSectionVars false`
warning: lean/PvNP/RealizableHardness/ActualBinaryGrassmannIncidence.lean:58:5: Variable name `hij` is not explicitly referenced.

Hint: The binding can be removed (if unused) or named `_` (if used implicitly). Alternatively, prefix the name with `_` to silence this warning:
  [apply] _hij

Note: This linter can be disabled with `set_option linter.unusedVariables false`
warning: lean/PvNP/RealizableHardness/ActualBinaryGrassmannIncidence.lean:60:21: This simp argument is unused:
  hij

Hint: Omit it from the simp argument list.
  [apply] simp [familyInter]

Note: This linter can be disabled with `set_option linter.unusedSimpArgs false`
warning: lean/PvNP/RealizableHardness/ActualBinaryGrassmannIncidence.lean:75:0: automatically included section variable(s) unused in theorem `PvNP.RealizableHardness.ActualBinaryGrassmannIncidence.genericUpTo_zero`:
  [Fintype V]
  [Fintype I]
consider restructuring your `variable` declarations so that the variables are not in scope or explicitly omit them:
  omit [Fintype V] [Fintype I] in theorem ...

Note: This linter can be disabled with `set_option linter.unusedSectionVars false`
warning: lean/PvNP/RealizableHardness/ActualBinaryGrassmannIncidence.lean:81:0: automatically included section variable(s) unused in theorem `PvNP.RealizableHardness.ActualBinaryGrassmannIncidence.genericUpTo_mono`:
  [Fintype V]
  [Fintype I]
consider restructuring your `variable` declarations so that the variables are not in scope or explicitly omit them:
  omit [Fintype V] [Fintype I] in theorem ...

Note: This linter can be disabled with `set_option linter.unusedSectionVars false`
warning: lean/PvNP/RealizableHardness/ActualBinaryGrassmannIncidence.lean:91:0: automatically included section variable(s) unused in theorem `PvNP.RealizableHardness.ActualBinaryGrassmannIncidence.genericUpTo_general`:
  [Fintype V]
  [Fintype I]
consider restructuring your `variable` declarations so that the variables are not in scope or explicitly omit them:
  omit [Fintype V] [Fintype I] in theorem ...

Note: This linter can be disabled with `set_option linter.unusedSectionVars false`
warning: lean/PvNP/RealizableHardness/ActualBinaryGrassmannIncidence.lean:111:32: This simp argument is unused:
  hij

Hint: Omit it from the simp argument list.
  [apply] simp

Note: This linter can be disabled with `set_option linter.unusedSimpArgs false`
warning: lean/PvNP/RealizableHardness/ActualBinaryGrassmannIncidence.lean:114:15: This simp argument is unused:
  Ne.symm hij

Hint: Omit it from the simp argument list.
  [apply] simp [hij]

Note: This linter can be disabled with `set_option linter.unusedSimpArgs false`
warning: lean/PvNP/RealizableHardness/ActualBinaryGrassmannIncidence.lean:131:0: automatically included section variable(s) unused in theorem `PvNP.RealizableHardness.ActualBinaryGrassmannIncidence.familyInter_image`:
  [Fintype V]
  [Fintype I]
consider restructuring your `variable` declarations so that the variables are not in scope or explicitly omit them:
  omit [Fintype V] [Fintype I] in theorem ...

Note: This linter can be disabled with `set_option linter.unusedSectionVars false`
warning: lean/PvNP/RealizableHardness/ActualBinaryGrassmannIncidence.lean:206:0: automatically included section variable(s) unused in theorem `PvNP.RealizableHardness.ActualBinaryGrassmannIncidence.grass_nonempty_of_le`:
  [Fintype V]
consider restructuring your `variable` declarations so that the variables are not in scope or explicitly omit them:
  omit [Fintype V] in theorem ...

Note: This linter can be disabled with `set_option linter.unusedSectionVars false`
warning: lean/PvNP/RealizableHardness/ActualBinaryGrassmannIncidence.lean:218:2: Try this: 
  letI̵

The goal is a proposition, so `let` is preferred over `letI`.
The difference between `let` and `letI` is that `letI` inlines the value.
But this is not relevant for proofs because of proof irrelevance.

Note: This linter can be disabled with `set_option linter.style.haveILetI false`
warning: lean/PvNP/RealizableHardness/ActualBinaryGrassmannIncidence.lean:217:14: This simp argument is unused:
  Module.finrank_pi

Hint: Omit it from the simp argument list.
  [apply] simp [Vn]

Note: This linter can be disabled with `set_option linter.unusedSimpArgs false`
warning: lean/PvNP/RealizableHardness/ActualBinaryGrassmannIncidence.lean:235:0: automatically included section variable(s) unused in theorem `PvNP.RealizableHardness.ActualBinaryGrassmannIncidence.bottomContained_card_nat`:
  [Fintype I]
consider restructuring your `variable` declarations so that the variables are not in scope or explicitly omit them:
  omit [Fintype I] in theorem ...

Note: This linter can be disabled with `set_option linter.unusedSectionVars false`
warning: lean/PvNP/RealizableHardness/ActualBinaryGrassmannIncidence.lean:254:11: Variable name `L` is not explicitly referenced.

Hint: The binding can be removed (if unused) or named `_` (if used implicitly). Alternatively, prefix the name with `_` to silence this warning:
  [apply] _L

Note: This linter can be disabled with `set_option linter.unusedVariables false`
warning: lean/PvNP/RealizableHardness/ActualBinaryGrassmannIncidence.lean:255:12: Variable name `L` is not explicitly referenced.

Hint: The binding can be removed (if unused) or named `_` (if used implicitly). Alternatively, prefix the name with `_` to silence this warning:
  [apply] _L

Note: This linter can be disabled with `set_option linter.unusedVariables false`
warning: lean/PvNP/RealizableHardness/ActualBinaryGrassmannIncidence.lean:257:0: automatically included section variable(s) unused in theorem `PvNP.RealizableHardness.ActualBinaryGrassmannIncidence.bottomPairContained_card_nat`:
  [Fintype I]
consider restructuring your `variable` declarations so that the variables are not in scope or explicitly omit them:
  omit [Fintype I] in theorem ...

Note: This linter can be disabled with `set_option linter.unusedSectionVars false`
warning: lean/PvNP/RealizableHardness/ActualBinaryGrassmannIncidence.lean:284:0: automatically included section variable(s) unused in theorem `PvNP.RealizableHardness.ActualBinaryGrassmannIncidence.bottomGeneralContained_card_nat`:
  [Fintype I]
consider restructuring your `variable` declarations so that the variables are not in scope or explicitly omit them:
  omit [Fintype I] in theorem ...

Note: This linter can be disabled with `set_option linter.unusedSectionVars false`
warning: lean/PvNP/RealizableHardness/ActualBinaryGrassmannIncidence.lean:372:0: automatically included section variable(s) unused in theorem `PvNP.RealizableHardness.ActualBinaryGrassmannIncidence.familyInter_complement`:
  [Fintype V]
  [Fintype I]
consider restructuring your `variable` declarations so that the variables are not in scope or explicitly omit them:
  omit [Fintype V] [Fintype I] in theorem ...

Note: This linter can be disabled with `set_option linter.unusedSectionVars false`
warning: lean/PvNP/RealizableHardness/ActualBinaryGrassmannIncidence.lean:400:0: automatically included section variable(s) unused in theorem `PvNP.RealizableHardness.ActualBinaryGrassmannIncidence.complementFamily_injective`:
  [Fintype I]
consider restructuring your `variable` declarations so that the variables are not in scope or explicitly omit them:
  omit [Fintype I] in theorem ...

Note: This linter can be disabled with `set_option linter.unusedSectionVars false`
warning: lean/PvNP/RealizableHardness/ActualBinaryGrassmannIncidence.lean:453:38: Variable name `C` is not explicitly referenced.

Hint: The binding can be removed (if unused) or named `_` (if used implicitly). Alternatively, prefix the name with `_` to silence this warning:
  [apply] _C

Note: This linter can be disabled with `set_option linter.unusedVariables false`
warning: lean/PvNP/RealizableHardness/ActualBinaryGrassmannIncidence.lean:464:2: Try this: 
  letI̵

The goal is a proposition, so `let` is preferred over `letI`.
The difference between `let` and `letI` is that `letI` inlines the value.
But this is not relevant for proofs because of proof irrelevance.

Note: This linter can be disabled with `set_option linter.style.haveILetI false`
warning: lean/PvNP/RealizableHardness/ActualBinaryGrassmannIncidence.lean:475:8: `if_pos` has been deprecated: Use `ite_eq_left` instead
warning: lean/PvNP/RealizableHardness/ActualBinaryGrassmannIncidence.lean:477:4: Try this: 
  letI̵

The goal is a proposition, so `let` is preferred over `letI`.
The difference between `let` and `letI` is that `letI` inlines the value.
But this is not relevant for proofs because of proof irrelevance.

Note: This linter can be disabled with `set_option linter.style.haveILetI false`
warning: lean/PvNP/RealizableHardness/ActualBinaryGrassmannIncidence.lean:478:10: `if_neg` has been deprecated: Use `ite_eq_right` instead
warning: lean/PvNP/RealizableHardness/ActualBinaryGrassmannIncidence.lean:488:0: automatically included section variable(s) unused in theorem `PvNP.RealizableHardness.ActualBinaryGrassmannIncidence.pointedContained_iff`:
  [Fintype I]
consider restructuring your `variable` declarations so that the variables are not in scope or explicitly omit them:
  omit [Fintype I] in theorem ...

Note: This linter can be disabled with `set_option linter.unusedSectionVars false`
warning: lean/PvNP/RealizableHardness/ActualBinaryGrassmannIncidence.lean:527:8: `if_pos` has been deprecated: Use `ite_eq_left` instead
warning: lean/PvNP/RealizableHardness/ActualBinaryGrassmannIncidence.lean:529:4: Try this: 
  letI̵

The goal is a proposition, so `let` is preferred over `letI`.
The difference between `let` and `letI` is that `letI` inlines the value.
But this is not relevant for proofs because of proof irrelevance.

Note: This linter can be disabled with `set_option linter.style.haveILetI false`
warning: lean/PvNP/RealizableHardness/ActualBinaryGrassmannIncidence.lean:530:10: `if_neg` has been deprecated: Use `ite_eq_right` instead
warning: lean/PvNP/RealizableHardness/ActualBinaryGrassmannIncidence.lean:551:15: `if_pos` has been deprecated: Use `ite_eq_left` instead
warning: lean/PvNP/RealizableHardness/ActualBinaryGrassmannIncidence.lean:606:8: `if_pos` has been deprecated: Use `ite_eq_left` instead
warning: lean/PvNP/RealizableHardness/ActualBinaryGrassmannIncidence.lean:609:4: Try this: 
  letI̵

The goal is a proposition, so `let` is preferred over `letI`.
The difference between `let` and `letI` is that `letI` inlines the value.
But this is not relevant for proofs because of proof irrelevance.

Note: This linter can be disabled with `set_option linter.style.haveILetI false`
warning: lean/PvNP/RealizableHardness/ActualBinaryGrassmannIncidence.lean:610:10: `if_neg` has been deprecated: Use `ite_eq_right` instead
warning: lean/PvNP/RealizableHardness/ActualBinaryGrassmannIncidence.lean:633:15: `if_pos` has been deprecated: Use `ite_eq_left` instead
warning: lean/PvNP/RealizableHardness/ActualBinaryGrassmannIncidence.lean:690:8: `if_pos` has been deprecated: Use `ite_eq_left` instead
warning: lean/PvNP/RealizableHardness/ActualBinaryGrassmannIncidence.lean:693:4: Try this: 
  letI̵

The goal is a proposition, so `let` is preferred over `letI`.
The difference between `let` and `letI` is that `letI` inlines the value.
But this is not relevant for proofs because of proof irrelevance.

Note: This linter can be disabled with `set_option linter.style.haveILetI false`
warning: lean/PvNP/RealizableHardness/ActualBinaryGrassmannIncidence.lean:694:10: `if_neg` has been deprecated: Use `ite_eq_right` instead
warning: lean/PvNP/RealizableHardness/ActualBinaryGrassmannIncidence.lean:716:15: `if_pos` has been deprecated: Use `ite_eq_left` instead
warning: lean/PvNP/RealizableHardness/ActualBinaryGrassmannIncidence.lean:761:37: Variable name `r` is not explicitly referenced.

Hint: The binding can be removed (if unused) or named `_` (if used implicitly). Alternatively, prefix the name with `_` to silence this warning:
  [apply] _r

Note: This linter can be disabled with `set_option linter.unusedVariables false`
warning: lean/PvNP/RealizableHardness/ActualBinaryGrassmannIncidence.lean:769:39: Variable name `r` is not explicitly referenced.

Hint: The binding can be removed (if unused) or named `_` (if used implicitly). Alternatively, prefix the name with `_` to silence this warning:
  [apply] _r

Note: This linter can be disabled with `set_option linter.unusedVariables false`
⚠ [3256/3390] Replayed PvNP.RealizableHardness.ActualBinaryGrassmannSamplingBounds
warning: lean/PvNP/RealizableHardness/ActualBinaryGrassmannSamplingBounds.lean:483:2: try 'simp' instead of 'simpa'

Note: This linter can be disabled with `set_option linter.unnecessarySimpa false`
warning: lean/PvNP/RealizableHardness/ActualBinaryGrassmannSamplingBounds.lean:475:5: Variable name `hInj` is not explicitly referenced.

Hint: The binding can be removed (if unused) or named `_` (if used implicitly). Alternatively, prefix the name with `_` to silence this warning:
  [apply] _hInj

Note: This linter can be disabled with `set_option linter.unusedVariables false`
warning: lean/PvNP/RealizableHardness/ActualBinaryGrassmannSamplingBounds.lean:508:2: try 'simp' instead of 'simpa'

Note: This linter can be disabled with `set_option linter.unnecessarySimpa false`
warning: lean/PvNP/RealizableHardness/ActualBinaryGrassmannSamplingBounds.lean:513:5: Variable name `hInj` is not explicitly referenced.

Hint: The binding can be removed (if unused) or named `_` (if used implicitly). Alternatively, prefix the name with `_` to silence this warning:
  [apply] _hInj

Note: This linter can be disabled with `set_option linter.unusedVariables false`
warning: lean/PvNP/RealizableHardness/ActualBinaryGrassmannSamplingBounds.lean:744:29: Used `tac1 <;> tac2` where `(tac1; tac2)` would suffice

Note: This linter can be disabled with `set_option linter.unnecessarySeqFocus false`
warning: lean/PvNP/RealizableHardness/ActualBinaryGrassmannSamplingBounds.lean:769:32: Used `tac1 <;> tac2` where `(tac1; tac2)` would suffice

Note: This linter can be disabled with `set_option linter.unnecessarySeqFocus false`
warning: lean/PvNP/RealizableHardness/ActualBinaryGrassmannSamplingBounds.lean:769:45: Used `tac1 <;> tac2` where `(tac1; tac2)` would suffice

Note: This linter can be disabled with `set_option linter.unnecessarySeqFocus false`
warning: lean/PvNP/RealizableHardness/ActualBinaryGrassmannSamplingBounds.lean:784:5: Variable name `hInj` is not explicitly referenced.

Hint: The binding can be removed (if unused) or named `_` (if used implicitly). Alternatively, prefix the name with `_` to silence this warning:
  [apply] _hInj

Note: This linter can be disabled with `set_option linter.unusedVariables false`
warning: lean/PvNP/RealizableHardness/ActualBinaryGrassmannSamplingBounds.lean:792:15: This simp argument is unused:
  adviceComplement_finrank C

Hint: Omit it from the simp argument list.
  [apply] simp [haj]

Note: This linter can be disabled with `set_option linter.unusedSimpArgs false`
warning: lean/PvNP/RealizableHardness/ActualBinaryGrassmannSamplingBounds.lean:825:2: try 'simp' instead of 'simpa'

Note: This linter can be disabled with `set_option linter.unnecessarySimpa false`
warning: lean/PvNP/RealizableHardness/ActualBinaryGrassmannSamplingBounds.lean:844:15: `if_pos` has been deprecated: Use `ite_eq_left` instead
warning: lean/PvNP/RealizableHardness/ActualBinaryGrassmannSamplingBounds.lean:832:5: Variable name `hInj` is not explicitly referenced.

Hint: The binding can be removed (if unused) or named `_` (if used implicitly). Alternatively, prefix the name with `_` to silence this warning:
  [apply] _hInj

Note: This linter can be disabled with `set_option linter.unusedVariables false`
warning: lean/PvNP/RealizableHardness/ActualBinaryGrassmannSamplingBounds.lean:1092:29: Used `tac1 <;> tac2` where `(tac1; tac2)` would suffice

Note: This linter can be disabled with `set_option linter.unnecessarySeqFocus false`
warning: lean/PvNP/RealizableHardness/ActualBinaryGrassmannSamplingBounds.lean:1118:32: Used `tac1 <;> tac2` where `(tac1; tac2)` would suffice

Note: This linter can be disabled with `set_option linter.unnecessarySeqFocus false`
warning: lean/PvNP/RealizableHardness/ActualBinaryGrassmannSamplingBounds.lean:1118:45: Used `tac1 <;> tac2` where `(tac1; tac2)` would suffice

Note: This linter can be disabled with `set_option linter.unnecessarySeqFocus false`
⚠ [3257/3390] Replayed PvNP.RealizableHardness.ActualSourceStarLaw
warning: lean/PvNP/RealizableHardness/ActualSourceStarLaw.lean:65:2: Try this: 
  haveI̵

The goal is a proposition, so `have` is preferred over `haveI`.
The difference between `have` and `haveI` is that `haveI` inlines the value.
But this is not relevant for proofs because of proof irrelevance.

Note: This linter can be disabled with `set_option linter.style.haveILetI false`
warning: lean/PvNP/RealizableHardness/ActualSourceStarLaw.lean:75:2: Try this: 
  haveI̵

The goal is a proposition, so `have` is preferred over `haveI`.
The difference between `have` and `haveI` is that `haveI` inlines the value.
But this is not relevant for proofs because of proof irrelevance.

Note: This linter can be disabled with `set_option linter.style.haveILetI false`
warning: lean/PvNP/RealizableHardness/ActualSourceStarLaw.lean:78:36: Variable name `hdV` is not explicitly referenced.

Hint: The binding can be removed (if unused) or named `_` (if used implicitly). Alternatively, prefix the name with `_` to silence this warning:
  [apply] _hdV

Note: This linter can be disabled with `set_option linter.unusedVariables false`
warning: lean/PvNP/RealizableHardness/ActualSourceStarLaw.lean:85:26: This simp argument is unused:
  mul_assoc

Hint: Omit it from the simp argument list.
  [apply] simp [Finset.sum_const, mul_left_comm, mul_comm]

Note: This linter can be disabled with `set_option linter.unusedSimpArgs false`
warning: lean/PvNP/RealizableHardness/ActualSourceStarLaw.lean:85:37: This simp argument is unused:
  mul_left_comm

Hint: Omit it from the simp argument list.
  [apply] simp [Finset.sum_const, mul_assoc, mul_comm]

Note: This linter can be disabled with `set_option linter.unusedSimpArgs false`
warning: lean/PvNP/RealizableHardness/ActualSourceStarLaw.lean:85:52: This simp argument is unused:
  mul_comm

Hint: Omit it from the simp argument list.
  [apply] simp [Finset.sum_const, mul_assoc, mul_left_comm]

Note: This linter can be disabled with `set_option linter.unusedSimpArgs false`
warning: lean/PvNP/RealizableHardness/ActualSourceStarLaw.lean:110:2: Try this: 
  haveI̵

The goal is a proposition, so `have` is preferred over `haveI`.
The difference between `have` and `haveI` is that `haveI` inlines the value.
But this is not relevant for proofs because of proof irrelevance.

Note: This linter can be disabled with `set_option linter.style.haveILetI false`
warning: lean/PvNP/RealizableHardness/ActualSourceStarLaw.lean:111:2: Try this: 
  haveI̵

The goal is a proposition, so `have` is preferred over `haveI`.
The difference between `have` and `haveI` is that `haveI` inlines the value.
But this is not relevant for proofs because of proof irrelevance.

Note: This linter can be disabled with `set_option linter.style.haveILetI false`
warning: lean/PvNP/RealizableHardness/ActualSourceStarLaw.lean:119:2: Try this: 
  haveI̵

The goal is a proposition, so `have` is preferred over `haveI`.
The difference between `have` and `haveI` is that `haveI` inlines the value.
But this is not relevant for proofs because of proof irrelevance.

Note: This linter can be disabled with `set_option linter.style.haveILetI false`
⚠ [3258/3390] Replayed PvNP.RealizableHardness.ActualTaggedOrderedSampleNonempty
warning: lean/PvNP/RealizableHardness/ActualTaggedOrderedSampleNonempty.lean:144:2: Try this: 
  letI̵

The goal is a proposition, so `let` is preferred over `letI`.
The difference between `let` and `letI` is that `letI` inlines the value.
But this is not relevant for proofs because of proof irrelevance.

Note: This linter can be disabled with `set_option linter.style.haveILetI false`
warning: lean/PvNP/RealizableHardness/ActualTaggedOrderedSampleNonempty.lean:200:2: Try this: 
  letI̵

The goal is a proposition, so `let` is preferred over `letI`.
The difference between `let` and `letI` is that `letI` inlines the value.
But this is not relevant for proofs because of proof irrelevance.

Note: This linter can be disabled with `set_option linter.style.haveILetI false`
warning: lean/PvNP/RealizableHardness/ActualTaggedOrderedSampleNonempty.lean:292:2: Try this: 
  letI̵

The goal is a proposition, so `let` is preferred over `letI`.
The difference between `let` and `letI` is that `letI` inlines the value.
But this is not relevant for proofs because of proof irrelevance.

Note: This linter can be disabled with `set_option linter.style.haveILetI false`
⚠ [3259/3390] Replayed PvNP.RealizableHardness.ActualTaggedConditionalDomainCollision
warning: lean/PvNP/RealizableHardness/ActualTaggedConditionalDomainCollision.lean:37:2: Try this: 
  letI̵

The goal is a proposition, so `let` is preferred over `letI`.
The difference between `let` and `letI` is that `letI` inlines the value.
But this is not relevant for proofs because of proof irrelevance.

Note: This linter can be disabled with `set_option linter.style.haveILetI false`
warning: lean/PvNP/RealizableHardness/ActualTaggedConditionalDomainCollision.lean:40:2: Try this: 
  letI̵

The goal is a proposition, so `let` is preferred over `letI`.
The difference between `let` and `letI` is that `letI` inlines the value.
But this is not relevant for proofs because of proof irrelevance.

Note: This linter can be disabled with `set_option linter.style.haveILetI false`
warning: lean/PvNP/RealizableHardness/ActualTaggedConditionalDomainCollision.lean:57:4: try 'simp' instead of 'simpa'

Note: This linter can be disabled with `set_option linter.unnecessarySimpa false`
⚠ [3260/3390] Replayed PvNP.RealizableHardness.ActualTaggedConditionalDomainDraw
warning: lean/PvNP/RealizableHardness/ActualTaggedConditionalDomainDraw.lean:36:2: Try this: 
  letI̵

The goal is a proposition, so `let` is preferred over `letI`.
The difference between `let` and `letI` is that `letI` inlines the value.
But this is not relevant for proofs because of proof irrelevance.

Note: This linter can be disabled with `set_option linter.style.haveILetI false`
warning: lean/PvNP/RealizableHardness/ActualTaggedConditionalDomainDraw.lean:90:51: This simp argument is unused:
  Nat.add_left_comm

Hint: Omit it from the simp argument list.
  [apply] simp [Nat.succ_mul, Nat.add_assoc, Nat.add_comm] at hs'

Note: This linter can be disabled with `set_option linter.unusedSimpArgs false`
warning: lean/PvNP/RealizableHardness/ActualTaggedConditionalDomainDraw.lean:176:22: Variable name `hh` is not explicitly referenced.

Hint: The binding can be removed (if unused) or named `_` (if used implicitly). Alternatively, prefix the name with `_` to silence this warning:
  [apply] _hh

Note: This linter can be disabled with `set_option linter.unusedVariables false`
warning: lean/PvNP/RealizableHardness/ActualTaggedConditionalDomainDraw.lean:195:2: Try this: 
  letI̵

The goal is a proposition, so `let` is preferred over `letI`.
The difference between `let` and `letI` is that `letI` inlines the value.
But this is not relevant for proofs because of proof irrelevance.

Note: This linter can be disabled with `set_option linter.style.haveILetI false`
warning: lean/PvNP/RealizableHardness/ActualTaggedConditionalDomainDraw.lean:401:2: Try this: 
  letI̵

The goal is a proposition, so `let` is preferred over `letI`.
The difference between `let` and `letI` is that `letI` inlines the value.
But this is not relevant for proofs because of proof irrelevance.

Note: This linter can be disabled with `set_option linter.style.haveILetI false`
warning: lean/PvNP/RealizableHardness/ActualTaggedConditionalDomainDraw.lean:403:2: Try this: 
  letI̵

The goal is a proposition, so `let` is preferred over `letI`.
The difference between `let` and `letI` is that `letI` inlines the value.
But this is not relevant for proofs because of proof irrelevance.

Note: This linter can be disabled with `set_option linter.style.haveILetI false`
⚠ [3261/3390] Replayed PvNP.RealizableHardness.ActualTaggedOrderedClassCollisionBound
warning: lean/PvNP/RealizableHardness/ActualTaggedOrderedClassCollisionBound.lean:121:2: Try this: 
  letI̵

The goal is a proposition, so `let` is preferred over `letI`.
The difference between `let` and `letI` is that `letI` inlines the value.
But this is not relevant for proofs because of proof irrelevance.

Note: This linter can be disabled with `set_option linter.style.haveILetI false`
warning: lean/PvNP/RealizableHardness/ActualTaggedOrderedClassCollisionBound.lean:123:2: Try this: 
  letI̵

The goal is a proposition, so `let` is preferred over `letI`.
The difference between `let` and `letI` is that `letI` inlines the value.
But this is not relevant for proofs because of proof irrelevance.

Note: This linter can be disabled with `set_option linter.style.haveILetI false`
warning: lean/PvNP/RealizableHardness/ActualTaggedOrderedClassCollisionBound.lean:178:2: Try this: 
  letI̵

The goal is a proposition, so `let` is preferred over `letI`.
The difference between `let` and `letI` is that `letI` inlines the value.
But this is not relevant for proofs because of proof irrelevance.

Note: This linter can be disabled with `set_option linter.style.haveILetI false`
warning: lean/PvNP/RealizableHardness/ActualTaggedOrderedClassCollisionBound.lean:180:2: Try this: 
  letI̵

The goal is a proposition, so `let` is preferred over `letI`.
The difference between `let` and `letI` is that `letI` inlines the value.
But this is not relevant for proofs because of proof irrelevance.

Note: This linter can be disabled with `set_option linter.style.haveILetI false`
warning: lean/PvNP/RealizableHardness/ActualTaggedOrderedClassCollisionBound.lean:214:16: `if_pos` has been deprecated: Use `ite_eq_left` instead
warning: lean/PvNP/RealizableHardness/ActualTaggedOrderedClassCollisionBound.lean:216:16: `if_neg` has been deprecated: Use `ite_eq_right` instead
warning: lean/PvNP/RealizableHardness/ActualTaggedOrderedClassCollisionBound.lean:218:10: `if_pos` has been deprecated: Use `ite_eq_left` instead
warning: lean/PvNP/RealizableHardness/ActualTaggedOrderedClassCollisionBound.lean:219:10: `if_neg` has been deprecated: Use `ite_eq_right` instead
⚠ [3264/3390] Replayed PvNP.RealizableHardness.ActualTaggedFixedUDensityForce
warning: lean/PvNP/RealizableHardness/ActualTaggedFixedUDensityForce.lean:61:2: Try this: 
  haveI̵

The goal is a proposition, so `have` is preferred over `haveI`.
The difference between `have` and `haveI` is that `haveI` inlines the value.
But this is not relevant for proofs because of proof irrelevance.

Note: This linter can be disabled with `set_option linter.style.haveILetI false`
warning: lean/PvNP/RealizableHardness/ActualTaggedFixedUDensityForce.lean:91:2: Try this: 
  letI̵

The goal is a proposition, so `let` is preferred over `letI`.
The difference between `let` and `letI` is that `letI` inlines the value.
But this is not relevant for proofs because of proof irrelevance.

Note: This linter can be disabled with `set_option linter.style.haveILetI false`
warning: lean/PvNP/RealizableHardness/ActualTaggedFixedUDensityForce.lean:92:2: Try this: 
  letI̵

The goal is a proposition, so `let` is preferred over `letI`.
The difference between `let` and `letI` is that `letI` inlines the value.
But this is not relevant for proofs because of proof irrelevance.

Note: This linter can be disabled with `set_option linter.style.haveILetI false`
warning: lean/PvNP/RealizableHardness/ActualTaggedFixedUDensityForce.lean:172:21: `if_true` has been deprecated: Use `ite_true` instead
warning: lean/PvNP/RealizableHardness/ActualTaggedFixedUDensityForce.lean:174:21: `if_false` has been deprecated: Use `ite_false` instead
info: lean/PvNP/RealizableHardness/ActualTaggedFixedUDensityForce.lean:267:24: Try this:
  [apply] ring_nf
  
  The `ring` tactic failed to close the goal. Use `ring_nf` to obtain a normal form.
    
  Note that `ring` works primarily in *commutative* rings. If you have a noncommutative ring, abelian group or module, consider using `noncomm_ring`, `abel` or `module` instead.
⚠ [3265/3390] Replayed PvNP.RealizableHardness.ActualTaggedComposedPhysicalSampler
warning: lean/PvNP/RealizableHardness/ActualTaggedComposedPhysicalSampler.lean:124:2: Try this: 
  letI̵

The goal is a proposition, so `let` is preferred over `letI`.
The difference between `let` and `letI` is that `letI` inlines the value.
But this is not relevant for proofs because of proof irrelevance.

Note: This linter can be disabled with `set_option linter.style.haveILetI false`
warning: lean/PvNP/RealizableHardness/ActualTaggedComposedPhysicalSampler.lean:126:2: Try this: 
  letI̵

The goal is a proposition, so `let` is preferred over `letI`.
The difference between `let` and `letI` is that `letI` inlines the value.
But this is not relevant for proofs because of proof irrelevance.

Note: This linter can be disabled with `set_option linter.style.haveILetI false`
warning: lean/PvNP/RealizableHardness/ActualTaggedComposedPhysicalSampler.lean:201:2: Try this: 
  letI̵

The goal is a proposition, so `let` is preferred over `letI`.
The difference between `let` and `letI` is that `letI` inlines the value.
But this is not relevant for proofs because of proof irrelevance.

Note: This linter can be disabled with `set_option linter.style.haveILetI false`
warning: lean/PvNP/RealizableHardness/ActualTaggedComposedPhysicalSampler.lean:221:43: This simp argument is unused:
  mul_left_comm

Hint: Omit it from the simp argument list.
  [apply] simp [Finset.mul_sum, mul_assoc, mul_comm]

Note: This linter can be disabled with `set_option linter.unusedSimpArgs false`
warning: lean/PvNP/RealizableHardness/ActualTaggedComposedPhysicalSampler.lean:242:53: This simp argument is unused:
  d

Hint: Omit it from the simp argument list.
  [apply] simp [q, uniformLaw_apply]

Note: This linter can be disabled with `set_option linter.unusedSimpArgs false`
warning: lean/PvNP/RealizableHardness/ActualTaggedComposedPhysicalSampler.lean:469:7: Variable name `T` is not explicitly referenced.

Hint: The binding can be removed (if unused) or named `_` (if used implicitly). Alternatively, prefix the name with `_` to silence this warning:
  [apply] _T

Note: This linter can be disabled with `set_option linter.unusedVariables false`
⚠ [3266/3390] Replayed PvNP.RealizableHardness.ActualTaggedMZSideDraw
warning: lean/PvNP/RealizableHardness/ActualTaggedMZSideDraw.lean:195:2: Try this: 
  letI̵

The goal is a proposition, so `let` is preferred over `letI`.
The difference between `let` and `letI` is that `letI` inlines the value.
But this is not relevant for proofs because of proof irrelevance.

Note: This linter can be disabled with `set_option linter.style.haveILetI false`
warning: lean/PvNP/RealizableHardness/ActualTaggedMZSideDraw.lean:212:2: Try this: 
  letI̵

The goal is a proposition, so `let` is preferred over `letI`.
The difference between `let` and `letI` is that `letI` inlines the value.
But this is not relevant for proofs because of proof irrelevance.

Note: This linter can be disabled with `set_option linter.style.haveILetI false`
warning: lean/PvNP/RealizableHardness/ActualTaggedMZSideDraw.lean:214:2: Try this: 
  letI̵

The goal is a proposition, so `let` is preferred over `letI`.
The difference between `let` and `letI` is that `letI` inlines the value.
But this is not relevant for proofs because of proof irrelevance.

Note: This linter can be disabled with `set_option linter.style.haveILetI false`
warning: lean/PvNP/RealizableHardness/ActualTaggedMZSideDraw.lean:283:17: Variable name `he` is not explicitly referenced.

Hint: The binding can be removed (if unused) or named `_` (if used implicitly). Alternatively, prefix the name with `_` to silence this warning:
  [apply] _he

Note: This linter can be disabled with `set_option linter.unusedVariables false`
warning: lean/PvNP/RealizableHardness/ActualTaggedMZSideDraw.lean:384:2: Try this: 
  letI̵

The goal is a proposition, so `let` is preferred over `letI`.
The difference between `let` and `letI` is that `letI` inlines the value.
But this is not relevant for proofs because of proof irrelevance.

Note: This linter can be disabled with `set_option linter.style.haveILetI false`
warning: lean/PvNP/RealizableHardness/ActualTaggedMZSideDraw.lean:388:2: Try this: 
  letI̵

The goal is a proposition, so `let` is preferred over `letI`.
The difference between `let` and `letI` is that `letI` inlines the value.
But this is not relevant for proofs because of proof irrelevance.

Note: This linter can be disabled with `set_option linter.style.haveILetI false`
warning: lean/PvNP/RealizableHardness/ActualTaggedMZSideDraw.lean:423:7: Variable name `T` is not explicitly referenced.

Hint: The binding can be removed (if unused) or named `_` (if used implicitly). Alternatively, prefix the name with `_` to silence this warning:
  [apply] _T

Note: This linter can be disabled with `set_option linter.unusedVariables false`
⚠ [3267/3390] Replayed PvNP.RealizableHardness.ActualTaggedComplementIncidence
warning: lean/PvNP/RealizableHardness/ActualTaggedComplementIncidence.lean:238:6: Try this: 
  letI̵

The goal is a proposition, so `let` is preferred over `letI`.
The difference between `let` and `letI` is that `letI` inlines the value.
But this is not relevant for proofs because of proof irrelevance.

Note: This linter can be disabled with `set_option linter.style.haveILetI false`
warning: lean/PvNP/RealizableHardness/ActualTaggedComplementIncidence.lean:246:6: Try this: 
  letI̵

The goal is a proposition, so `let` is preferred over `letI`.
The difference between `let` and `letI` is that `letI` inlines the value.
But this is not relevant for proofs because of proof irrelevance.

Note: This linter can be disabled with `set_option linter.style.haveILetI false`
warning: lean/PvNP/RealizableHardness/ActualTaggedComplementIncidence.lean:258:2: Try this: 
  letI̵

The goal is a proposition, so `let` is preferred over `letI`.
The difference between `let` and `letI` is that `letI` inlines the value.
But this is not relevant for proofs because of proof irrelevance.

Note: This linter can be disabled with `set_option linter.style.haveILetI false`
warning: lean/PvNP/RealizableHardness/ActualTaggedComplementIncidence.lean:260:2: Try this: 
  letI̵

The goal is a proposition, so `let` is preferred over `letI`.
The difference between `let` and `letI` is that `letI` inlines the value.
But this is not relevant for proofs because of proof irrelevance.

Note: This linter can be disabled with `set_option linter.style.haveILetI false`
warning: lean/PvNP/RealizableHardness/ActualTaggedComplementIncidence.lean:263:2: Try this: 
  letI̵

The goal is a proposition, so `let` is preferred over `letI`.
The difference between `let` and `letI` is that `letI` inlines the value.
But this is not relevant for proofs because of proof irrelevance.

Note: This linter can be disabled with `set_option linter.style.haveILetI false`
warning: lean/PvNP/RealizableHardness/ActualTaggedComplementIncidence.lean:266:2: Try this: 
  letI̵

The goal is a proposition, so `let` is preferred over `letI`.
The difference between `let` and `letI` is that `letI` inlines the value.
But this is not relevant for proofs because of proof irrelevance.

Note: This linter can be disabled with `set_option linter.style.haveILetI false`
warning: lean/PvNP/RealizableHardness/ActualTaggedComplementIncidence.lean:360:17: Variable name `he` is not explicitly referenced.

Hint: The binding can be removed (if unused) or named `_` (if used implicitly). Alternatively, prefix the name with `_` to silence this warning:
  [apply] _he

Note: This linter can be disabled with `set_option linter.unusedVariables false`
warning: lean/PvNP/RealizableHardness/ActualTaggedComplementIncidence.lean:374:18: Variable name `he` is not explicitly referenced.

Hint: The binding can be removed (if unused) or named `_` (if used implicitly). Alternatively, prefix the name with `_` to silence this warning:
  [apply] _he

Note: This linter can be disabled with `set_option linter.unusedVariables false`
warning: lean/PvNP/RealizableHardness/ActualTaggedComplementIncidence.lean:376:18: Variable name `he` is not explicitly referenced.

Hint: The binding can be removed (if unused) or named `_` (if used implicitly). Alternatively, prefix the name with `_` to silence this warning:
  [apply] _he

Note: This linter can be disabled with `set_option linter.unusedVariables false`
warning: lean/PvNP/RealizableHardness/ActualTaggedComplementIncidence.lean:410:6: Try this: 
  letI̵

The goal is a proposition, so `let` is preferred over `letI`.
The difference between `let` and `letI` is that `letI` inlines the value.
But this is not relevant for proofs because of proof irrelevance.

Note: This linter can be disabled with `set_option linter.style.haveILetI false`
warning: lean/PvNP/RealizableHardness/ActualTaggedComplementIncidence.lean:418:6: Try this: 
  letI̵

The goal is a proposition, so `let` is preferred over `letI`.
The difference between `let` and `letI` is that `letI` inlines the value.
But this is not relevant for proofs because of proof irrelevance.

Note: This linter can be disabled with `set_option linter.style.haveILetI false`
warning: lean/PvNP/RealizableHardness/ActualTaggedComplementIncidence.lean:432:4: Try this: 
  letI̵

The goal is a proposition, so `let` is preferred over `letI`.
The difference between `let` and `letI` is that `letI` inlines the value.
But this is not relevant for proofs because of proof irrelevance.

Note: This linter can be disabled with `set_option linter.style.haveILetI false`
warning: lean/PvNP/RealizableHardness/ActualTaggedComplementIncidence.lean:431:2: Try this: 
  letI̵

The goal is a proposition, so `let` is preferred over `letI`.
The difference between `let` and `letI` is that `letI` inlines the value.
But this is not relevant for proofs because of proof irrelevance.

Note: This linter can be disabled with `set_option linter.style.haveILetI false`
warning: lean/PvNP/RealizableHardness/ActualTaggedComplementIncidence.lean:440:4: Try this: 
  letI̵

The goal is a proposition, so `let` is preferred over `letI`.
The difference between `let` and `letI` is that `letI` inlines the value.
But this is not relevant for proofs because of proof irrelevance.

Note: This linter can be disabled with `set_option linter.style.haveILetI false`
warning: lean/PvNP/RealizableHardness/ActualTaggedComplementIncidence.lean:439:2: Try this: 
  letI̵

The goal is a proposition, so `let` is preferred over `letI`.
The difference between `let` and `letI` is that `letI` inlines the value.
But this is not relevant for proofs because of proof irrelevance.

Note: This linter can be disabled with `set_option linter.style.haveILetI false`
warning: lean/PvNP/RealizableHardness/ActualTaggedComplementIncidence.lean:586:47: This simp argument is unused:
  inf_comm

Hint: Omit it from the simp argument list.
  [apply] simp only [B, Submodule.map_comap_subtype]

Note: This linter can be disabled with `set_option linter.unusedSimpArgs false`
warning: lean/PvNP/RealizableHardness/ActualTaggedComplementIncidence.lean:684:4: try 'simp' instead of 'simpa'

Note: This linter can be disabled with `set_option linter.unnecessarySimpa false`
warning: lean/PvNP/RealizableHardness/ActualTaggedComplementIncidence.lean:705:2: Try this: 
  letI̵

The goal is a proposition, so `let` is preferred over `letI`.
The difference between `let` and `letI` is that `letI` inlines the value.
But this is not relevant for proofs because of proof irrelevance.

Note: This linter can be disabled with `set_option linter.style.haveILetI false`
warning: lean/PvNP/RealizableHardness/ActualTaggedComplementIncidence.lean:918:8: Try this: 
  letI̵

The goal is a proposition, so `let` is preferred over `letI`.
The difference between `let` and `letI` is that `letI` inlines the value.
But this is not relevant for proofs because of proof irrelevance.

Note: This linter can be disabled with `set_option linter.style.haveILetI false`
warning: lean/PvNP/RealizableHardness/ActualTaggedComplementIncidence.lean:917:6: Try this: 
  letI̵

The goal is a proposition, so `let` is preferred over `letI`.
The difference between `let` and `letI` is that `letI` inlines the value.
But this is not relevant for proofs because of proof irrelevance.

Note: This linter can be disabled with `set_option linter.style.haveILetI false`
⚠ [3270/3390] Replayed PvNP.RealizableHardness.ActualStarFiniteUnionBound
warning: lean/PvNP/RealizableHardness/ActualStarFiniteUnionBound.lean:36:10: `if_pos` has been deprecated: Use `ite_eq_left` instead
warning: lean/PvNP/RealizableHardness/ActualStarFiniteUnionBound.lean:37:67: `if_pos` has been deprecated: Use `ite_eq_left` instead
warning: lean/PvNP/RealizableHardness/ActualStarFiniteUnionBound.lean:53:10: `if_neg` has been deprecated: Use `ite_eq_right` instead
⚠ [3272/3390] Replayed PvNP.RealizableHardness.ActualStarJointKernel
warning: lean/PvNP/RealizableHardness/ActualStarJointKernel.lean:45:0: automatically included section variable(s) unused in theorem `PvNP.RealizableHardness.ActualStarJointKernel.incrementSumMap_range`:
  [Finite V]
consider restructuring your `variable` declarations so that the variables are not in scope or explicitly omit them:
  omit [Finite V] in theorem ...

Note: This linter can be disabled with `set_option linter.unusedSectionVars false`
warning: lean/PvNP/RealizableHardness/ActualStarJointKernel.lean:73:2: Try this: 
  letI̵

The goal is a proposition, so `let` is preferred over `letI`.
The difference between `let` and `letI` is that `letI` inlines the value.
But this is not relevant for proofs because of proof irrelevance.

Note: This linter can be disabled with `set_option linter.style.haveILetI false`
warning: lean/PvNP/RealizableHardness/ActualStarJointKernel.lean:74:2: Try this: 
  letI̵

The goal is a proposition, so `let` is preferred over `letI`.
The difference between `let` and `letI` is that `letI` inlines the value.
But this is not relevant for proofs because of proof irrelevance.

Note: This linter can be disabled with `set_option linter.style.haveILetI false`
⚠ [3273/3390] Replayed PvNP.RealizableHardness.ActualStarRelationCount
warning: lean/PvNP/RealizableHardness/ActualStarRelationCount.lean:58:4: try 'simp' instead of 'simpa'

Note: This linter can be disabled with `set_option linter.unnecessarySimpa false`
⚠ [3274/3390] Replayed PvNP.RealizableHardness.ActualStarKernelSupport
warning: lean/PvNP/RealizableHardness/ActualStarKernelSupport.lean:33:0: automatically included section variable(s) unused in theorem `PvNP.RealizableHardness.ActualStarKernelSupport.kernelWitness_has_exact_support_relation`:
  [Finite V]
consider restructuring your `variable` declarations so that the variables are not in scope or explicitly omit them:
  omit [Finite V] in theorem ...

Note: This linter can be disabled with `set_option linter.unusedSectionVars false`
warning: lean/PvNP/RealizableHardness/ActualStarKernelSupport.lean:92:4: Try this: intro i hzero
⚠ [3275/3390] Replayed PvNP.RealizableHardness.ActualStarLineIncidence
warning: lean/PvNP/RealizableHardness/ActualStarLineIncidence.lean:36:2: Try this: 
  letI̵

The goal is a proposition, so `let` is preferred over `letI`.
The difference between `let` and `letI` is that `letI` inlines the value.
But this is not relevant for proofs because of proof irrelevance.

Note: This linter can be disabled with `set_option linter.style.haveILetI false`
warning: lean/PvNP/RealizableHardness/ActualStarLineIncidence.lean:38:2: Try this: 
  letI̵

The goal is a proposition, so `let` is preferred over `letI`.
The difference between `let` and `letI` is that `letI` inlines the value.
But this is not relevant for proofs because of proof irrelevance.

Note: This linter can be disabled with `set_option linter.style.haveILetI false`
⚠ [3276/3390] Replayed PvNP.RealizableHardness.ActualStarExtensionProduct
warning: lean/PvNP/RealizableHardness/ActualStarExtensionProduct.lean:102:4: This simp argument is unused:
  Fintype.card_fun

Hint: Omit it from the simp argument list.
  [apply] simp [extensionTupleLaw, uniformLaw_apply, extensionLaw_apply, Finset.prod_const]

Note: This linter can be disabled with `set_option linter.unusedSimpArgs false`
warning: lean/PvNP/RealizableHardness/ActualStarExtensionProduct.lean:128:2: Try this: 
  letI̵

The goal is a proposition, so `let` is preferred over `letI`.
The difference between `let` and `letI` is that `letI` inlines the value.
But this is not relevant for proofs because of proof irrelevance.

Note: This linter can be disabled with `set_option linter.style.haveILetI false`
warning: lean/PvNP/RealizableHardness/ActualStarExtensionProduct.lean:129:2: Try this: 
  letI̵

The goal is a proposition, so `let` is preferred over `letI`.
The difference between `let` and `letI` is that `letI` inlines the value.
But this is not relevant for proofs because of proof irrelevance.

Note: This linter can be disabled with `set_option linter.style.haveILetI false`
warning: lean/PvNP/RealizableHardness/ActualStarExtensionProduct.lean:134:2: Try this: 
  letI̵

The goal is a proposition, so `let` is preferred over `letI`.
The difference between `let` and `letI` is that `letI` inlines the value.
But this is not relevant for proofs because of proof irrelevance.

Note: This linter can be disabled with `set_option linter.style.haveILetI false`
warning: lean/PvNP/RealizableHardness/ActualStarExtensionProduct.lean:185:10: `if_pos` has been deprecated: Use `ite_eq_left` instead
warning: lean/PvNP/RealizableHardness/ActualStarExtensionProduct.lean:190:10: `if_neg` has been deprecated: Use `ite_eq_right` instead
warning: lean/PvNP/RealizableHardness/ActualStarExtensionProduct.lean:213:19: Variable name `hdV` is not explicitly referenced.

Hint: The binding can be removed (if unused) or named `_` (if used implicitly). Alternatively, prefix the name with `_` to silence this warning:
  [apply] _hdV

Note: This linter can be disabled with `set_option linter.unusedVariables false`
⚠ [3277/3390] Replayed PvNP.RealizableHardness.ActualStarBadMassWitness
warning: lean/PvNP/RealizableHardness/ActualStarBadMassWitness.lean:48:2: Try this: 
  letI̵

The goal is a proposition, so `let` is preferred over `letI`.
The difference between `let` and `letI` is that `letI` inlines the value.
But this is not relevant for proofs because of proof irrelevance.

Note: This linter can be disabled with `set_option linter.style.haveILetI false`
warning: lean/PvNP/RealizableHardness/ActualStarBadMassWitness.lean:50:2: Try this: 
  letI̵

The goal is a proposition, so `let` is preferred over `letI`.
The difference between `let` and `letI` is that `letI` inlines the value.
But this is not relevant for proofs because of proof irrelevance.

Note: This linter can be disabled with `set_option linter.style.haveILetI false`
warning: lean/PvNP/RealizableHardness/ActualStarBadMassWitness.lean:39:26: Variable name `hS` is not explicitly referenced.

Hint: The binding can be removed (if unused) or named `_` (if used implicitly). Alternatively, prefix the name with `_` to silence this warning:
  [apply] _hS

Note: This linter can be disabled with `set_option linter.unusedVariables false`
warning: lean/PvNP/RealizableHardness/ActualStarBadMassWitness.lean:43:5: Variable name `hsum` is not explicitly referenced.

Hint: The binding can be removed (if unused) or named `_` (if used implicitly). Alternatively, prefix the name with `_` to silence this warning:
  [apply] _hsum

Note: This linter can be disabled with `set_option linter.unusedVariables false`
warning: lean/PvNP/RealizableHardness/ActualStarBadMassWitness.lean:116:2: Try this: 
  letI̵

The goal is a proposition, so `let` is preferred over `letI`.
The difference between `let` and `letI` is that `letI` inlines the value.
But this is not relevant for proofs because of proof irrelevance.

Note: This linter can be disabled with `set_option linter.style.haveILetI false`
warning: lean/PvNP/RealizableHardness/ActualStarBadMassWitness.lean:118:2: Try this: 
  letI̵

The goal is a proposition, so `let` is preferred over `letI`.
The difference between `let` and `letI` is that `letI` inlines the value.
But this is not relevant for proofs because of proof irrelevance.

Note: This linter can be disabled with `set_option linter.style.haveILetI false`
warning: lean/PvNP/RealizableHardness/ActualStarBadMassWitness.lean:110:5: Variable name `hsum` is not explicitly referenced.

Hint: The binding can be removed (if unused) or named `_` (if used implicitly). Alternatively, prefix the name with `_` to silence this warning:
  [apply] _hsum

Note: This linter can be disabled with `set_option linter.unusedVariables false`
⚠ [3278/3390] Replayed PvNP.RealizableHardness.ActualStarSupportCatalog
warning: lean/PvNP/RealizableHardness/ActualStarSupportCatalog.lean:99:2: Try this: 
  letI̵

The goal is a proposition, so `let` is preferred over `letI`.
The difference between `let` and `letI` is that `letI` inlines the value.
But this is not relevant for proofs because of proof irrelevance.

Note: This linter can be disabled with `set_option linter.style.haveILetI false`
warning: lean/PvNP/RealizableHardness/ActualStarSupportCatalog.lean:121:2: Try this: 
  letI̵

The goal is a proposition, so `let` is preferred over `letI`.
The difference between `let` and `letI` is that `letI` inlines the value.
But this is not relevant for proofs because of proof irrelevance.

Note: This linter can be disabled with `set_option linter.style.haveILetI false`
⚠ [3279/3390] Replayed PvNP.RealizableHardness.ActualStarFixedCenterFirstMoment
warning: lean/PvNP/RealizableHardness/ActualStarFixedCenterFirstMoment.lean:28:5: Variable name `r` is not explicitly referenced.

Hint: The binding can be removed (if unused) or named `_` (if used implicitly). Alternatively, prefix the name with `_` to silence this warning:
  [apply] _r

Note: This linter can be disabled with `set_option linter.unusedVariables false`
warning: lean/PvNP/RealizableHardness/ActualStarFixedCenterFirstMoment.lean:57:2: Try this: 
  letI̵

The goal is a proposition, so `let` is preferred over `letI`.
The difference between `let` and `letI` is that `letI` inlines the value.
But this is not relevant for proofs because of proof irrelevance.

Note: This linter can be disabled with `set_option linter.style.haveILetI false`
warning: lean/PvNP/RealizableHardness/ActualStarFixedCenterFirstMoment.lean:91:2: Try this: 
  letI̵

The goal is a proposition, so `let` is preferred over `letI`.
The difference between `let` and `letI` is that `letI` inlines the value.
But this is not relevant for proofs because of proof irrelevance.

Note: This linter can be disabled with `set_option linter.style.haveILetI false`
warning: lean/PvNP/RealizableHardness/ActualStarFixedCenterFirstMoment.lean:110:4: Try this: 
  letI̵

The goal is a proposition, so `let` is preferred over `letI`.
The difference between `let` and `letI` is that `letI` inlines the value.
But this is not relevant for proofs because of proof irrelevance.

Note: This linter can be disabled with `set_option linter.style.haveILetI false`
⚠ [3281/3390] Replayed PvNP.RealizableHardness.RobustSourceLineContainment
warning: lean/PvNP/RealizableHardness/RobustSourceLineContainment.lean:64:2: Try this: 
  letI̵

The goal is a proposition, so `let` is preferred over `letI`.
The difference between `let` and `letI` is that `letI` inlines the value.
But this is not relevant for proofs because of proof irrelevance.

Note: This linter can be disabled with `set_option linter.style.haveILetI false`
warning: lean/PvNP/RealizableHardness/RobustSourceLineContainment.lean:101:0: automatically included section variable(s) unused in theorem `PvNP.RealizableHardness.RobustSourceLineContainment.nontrivial_inf_iff_quotientImages`:
  [Finite V]
consider restructuring your `variable` declarations so that the variables are not in scope or explicitly omit them:
  omit [Finite V] in theorem ...

Note: This linter can be disabled with `set_option linter.unusedSectionVars false`
warning: lean/PvNP/RealizableHardness/RobustSourceLineContainment.lean:432:2: Try this: 
  letI̵

The goal is a proposition, so `let` is preferred over `letI`.
The difference between `let` and `letI` is that `letI` inlines the value.
But this is not relevant for proofs because of proof irrelevance.

Note: This linter can be disabled with `set_option linter.style.haveILetI false`
warning: lean/PvNP/RealizableHardness/RobustSourceLineContainment.lean:435:2: Try this: 
  letI̵

The goal is a proposition, so `let` is preferred over `letI`.
The difference between `let` and `letI` is that `letI` inlines the value.
But this is not relevant for proofs because of proof irrelevance.

Note: This linter can be disabled with `set_option linter.style.haveILetI false`
warning: lean/PvNP/RealizableHardness/RobustSourceLineContainment.lean:436:2: Try this: 
  letI̵

The goal is a proposition, so `let` is preferred over `letI`.
The difference between `let` and `letI` is that `letI` inlines the value.
But this is not relevant for proofs because of proof irrelevance.

Note: This linter can be disabled with `set_option linter.style.haveILetI false`
warning: lean/PvNP/RealizableHardness/RobustSourceLineContainment.lean:414:19: Variable name `hd` is not explicitly referenced.

Hint: The binding can be removed (if unused) or named `_` (if used implicitly). Alternatively, prefix the name with `_` to silence this warning:
  [apply] _hd

Note: This linter can be disabled with `set_option linter.unusedVariables false`
⚠ [3282/3390] Replayed PvNP.RealizableHardness.ActualMZ24DistinctPairAggregation
warning: lean/PvNP/RealizableHardness/ActualMZ24DistinctPairAggregation.lean:27:8: automatically included section variable(s) unused in theorem `_private.PvNP.RealizableHardness.ActualMZ24DistinctPairAggregation.0.PvNP.RealizableHardness.ActualMZ24DistinctPairAggregation.transport_trans`:
  [Fintype V]
consider restructuring your `variable` declarations so that the variables are not in scope or explicitly omit them:
  omit [Fintype V] in theorem ...

Note: This linter can be disabled with `set_option linter.unusedSectionVars false`
warning: lean/PvNP/RealizableHardness/ActualMZ24DistinctPairAggregation.lean:34:8: automatically included section variable(s) unused in theorem `_private.PvNP.RealizableHardness.ActualMZ24DistinctPairAggregation.0.PvNP.RealizableHardness.ActualMZ24DistinctPairAggregation.transport_symm`:
  [Fintype V]
consider restructuring your `variable` declarations so that the variables are not in scope or explicitly omit them:
  omit [Fintype V] in theorem ...

Note: This linter can be disabled with `set_option linter.unusedSectionVars false`
warning: lean/PvNP/RealizableHardness/ActualMZ24DistinctPairAggregation.lean:41:0: automatically included section variable(s) unused in theorem `PvNP.RealizableHardness.ActualMZ24DistinctPairAggregation.decodedPair_ext_of_transport`:
  [Fintype V]
consider restructuring your `variable` declarations so that the variables are not in scope or explicitly omit them:
  omit [Fintype V] in theorem ...

Note: This linter can be disabled with `set_option linter.unusedSectionVars false`
warning: lean/PvNP/RealizableHardness/ActualMZ24DistinctPairAggregation.lean:71:0: automatically included section variable(s) unused in theorem `PvNP.RealizableHardness.ActualMZ24DistinctPairAggregation.pairSubspace_contains`:
  [Fintype V]
consider restructuring your `variable` declarations so that the variables are not in scope or explicitly omit them:
  omit [Fintype V] in theorem ...

Note: This linter can be disabled with `set_option linter.unusedSectionVars false`
warning: lean/PvNP/RealizableHardness/ActualMZ24DistinctPairAggregation.lean:160:0: automatically included section variable(s) unused in theorem `PvNP.RealizableHardness.ActualMZ24DistinctPairAggregation.pairWFiber_card_sum`:
  [Fintype V]
consider restructuring your `variable` declarations so that the variables are not in scope or explicitly omit them:
  omit [Fintype V] in theorem ...

Note: This linter can be disabled with `set_option linter.unusedSectionVars false`
warning: lean/PvNP/RealizableHardness/ActualMZ24DistinctPairAggregation.lean:208:10: Unused tactic linter: `ring` does nothing

Note: This linter can be disabled with `set_option linter.unusedTactic false`
warning: lean/PvNP/RealizableHardness/ActualMZ24DistinctPairAggregation.lean:208:10: this tactic is never executed

Note: This linter can be disabled with `set_option linter.unreachableTactic false`
warning: lean/PvNP/RealizableHardness/ActualMZ24DistinctPairAggregation.lean:280:0: automatically included section variable(s) unused in theorem `PvNP.RealizableHardness.ActualMZ24DistinctPairAggregation.pairSubspaces_exact_codim_partition`:
  [Fintype V]
consider restructuring your `variable` declarations so that the variables are not in scope or explicitly omit them:
  omit [Fintype V] in theorem ...

Note: This linter can be disabled with `set_option linter.unusedSectionVars false`
warning: lean/PvNP/RealizableHardness/ActualMZ24DistinctPairAggregation.lean:322:12: This simp argument is unused:
  hne

Hint: Omit it from the simp argument list.
  [apply] simp [ih]

Note: This linter can be disabled with `set_option linter.unusedSimpArgs false`
warning: lean/PvNP/RealizableHardness/ActualMZ24DistinctPairAggregation.lean:398:2: Unused tactic linter: `norm_num at h` does nothing

Note: This linter can be disabled with `set_option linter.unusedTactic false`
⚠ [3283/3390] Replayed PvNP.RealizableHardness.ActualMZ24GenericSubfamilyRepresentative
warning: lean/PvNP/RealizableHardness/ActualMZ24GenericSubfamilyRepresentative.lean:126:0: automatically included section variable(s) unused in theorem `PvNP.RealizableHardness.ActualMZ24GenericSubfamilyRepresentative.exists_positiveBucketRepresentative`:
  [Fintype V]
consider restructuring your `variable` declarations so that the variables are not in scope or explicitly omit them:
  omit [Fintype V] in theorem ...

Note: This linter can be disabled with `set_option linter.unusedSectionVars false`
⚠ [3285/3390] Replayed PvNP.RealizableHardness.ActualMZ24HyperplaneSupport
warning: lean/PvNP/RealizableHardness/ActualMZ24HyperplaneSupport.lean:32:0: automatically included section variable(s) unused in theorem `PvNP.RealizableHardness.ActualMZ24HyperplaneSupport.relativeCodim_eq_finrank_sub`:
  [Fintype V]
consider restructuring your `variable` declarations so that the variables are not in scope or explicitly omit them:
  omit [Fintype V] in theorem ...

Note: This linter can be disabled with `set_option linter.unusedSectionVars false`
warning: lean/PvNP/RealizableHardness/ActualMZ24HyperplaneSupport.lean:80:0: automatically included section variable(s) unused in theorem `PvNP.RealizableHardness.ActualMZ24HyperplaneSupport.hyperplane_ne_top`:
  [Fintype V]
consider restructuring your `variable` declarations so that the variables are not in scope or explicitly omit them:
  omit [Fintype V] in theorem ...

Note: This linter can be disabled with `set_option linter.unusedSectionVars false`
warning: lean/PvNP/RealizableHardness/ActualMZ24HyperplaneSupport.lean:95:2: Try this: 
  letI̵

The goal is a proposition, so `let` is preferred over `letI`.
The difference between `let` and `letI` is that `letI` inlines the value.
But this is not relevant for proofs because of proof irrelevance.

Note: This linter can be disabled with `set_option linter.style.haveILetI false`
warning: lean/PvNP/RealizableHardness/ActualMZ24HyperplaneSupport.lean:100:2: Try this: 
  letI̵

The goal is a proposition, so `let` is preferred over `letI`.
The difference between `let` and `letI` is that `letI` inlines the value.
But this is not relevant for proofs because of proof irrelevance.

Note: This linter can be disabled with `set_option linter.style.haveILetI false`
warning: lean/PvNP/RealizableHardness/ActualMZ24HyperplaneSupport.lean:203:32: This simp argument is unused:
  hn

Hint: Omit it from the simp argument list.
  [apply] simp [gaussian, frameProduct, hn1, hn0]

Note: This linter can be disabled with `set_option linter.unusedSimpArgs false`
warning: lean/PvNP/RealizableHardness/ActualMZ24HyperplaneSupport.lean:203:41: This simp argument is unused:
  hn0

Hint: Omit it from the simp argument list.
  [apply] simp [gaussian, frameProduct, hn, hn1]

Note: This linter can be disabled with `set_option linter.unusedSimpArgs false`
warning: lean/PvNP/RealizableHardness/ActualMZ24HyperplaneSupport.lean:215:2: Try this: 
  letI̵

The goal is a proposition, so `let` is preferred over `letI`.
The difference between `let` and `letI` is that `letI` inlines the value.
But this is not relevant for proofs because of proof irrelevance.

Note: This linter can be disabled with `set_option linter.style.haveILetI false`
warning: lean/PvNP/RealizableHardness/ActualMZ24HyperplaneSupport.lean:235:2: Try this: 
  letI̵

The goal is a proposition, so `let` is preferred over `letI`.
The difference between `let` and `letI` is that `letI` inlines the value.
But this is not relevant for proofs because of proof irrelevance.

Note: This linter can be disabled with `set_option linter.style.haveILetI false`
warning: lean/PvNP/RealizableHardness/ActualMZ24HyperplaneSupport.lean:279:32: Variable name `hWH` is not explicitly referenced.

Hint: The binding can be removed (if unused) or named `_` (if used implicitly). Alternatively, prefix the name with `_` to silence this warning:
  [apply] _hWH

Note: This linter can be disabled with `set_option linter.unusedVariables false`
warning: lean/PvNP/RealizableHardness/ActualMZ24HyperplaneSupport.lean:282:0: automatically included section variable(s) unused in theorem `PvNP.RealizableHardness.ActualMZ24HyperplaneSupport.restrictToHyperplane_map_recovery`:
  [Fintype V]
consider restructuring your `variable` declarations so that the variables are not in scope or explicitly omit them:
  omit [Fintype V] in theorem ...

Note: This linter can be disabled with `set_option linter.unusedSectionVars false`
⚠ [3287/3390] Replayed PvNP.RealizableHardness.ActualStarCoordinateExtensionLawBridge
warning: lean/PvNP/RealizableHardness/ActualStarCoordinateExtensionLawBridge.lean:98:2: Try this: 
  letI̵

The goal is a proposition, so `let` is preferred over `letI`.
The difference between `let` and `letI` is that `letI` inlines the value.
But this is not relevant for proofs because of proof irrelevance.

Note: This linter can be disabled with `set_option linter.style.haveILetI false`
warning: lean/PvNP/RealizableHardness/ActualStarCoordinateExtensionLawBridge.lean:99:2: Try this: 
  letI̵

The goal is a proposition, so `let` is preferred over `letI`.
The difference between `let` and `letI` is that `letI` inlines the value.
But this is not relevant for proofs because of proof irrelevance.

Note: This linter can be disabled with `set_option linter.style.haveILetI false`
warning: lean/PvNP/RealizableHardness/ActualStarCoordinateExtensionLawBridge.lean:123:2: Try this: 
  letI̵

The goal is a proposition, so `let` is preferred over `letI`.
The difference between `let` and `letI` is that `letI` inlines the value.
But this is not relevant for proofs because of proof irrelevance.

Note: This linter can be disabled with `set_option linter.style.haveILetI false`
warning: lean/PvNP/RealizableHardness/ActualStarCoordinateExtensionLawBridge.lean:124:2: Try this: 
  letI̵

The goal is a proposition, so `let` is preferred over `letI`.
The difference between `let` and `letI` is that `letI` inlines the value.
But this is not relevant for proofs because of proof irrelevance.

Note: This linter can be disabled with `set_option linter.style.haveILetI false`
⚠ [3289/3390] Replayed PvNP.RealizableHardness.ActualCmmsaAdmissibilitySelector
warning: lean/PvNP/RealizableHardness/ActualCmmsaAdmissibilitySelector.lean:70:4: Try `simp at hmem` instead of `simpa using hmem`

Note: This linter can be disabled with `set_option linter.unnecessarySimpa false`
warning: lean/PvNP/RealizableHardness/ActualCmmsaAdmissibilitySelector.lean:110:54: Variable name `hd` is not explicitly referenced.

Hint: The binding can be removed (if unused) or named `_` (if used implicitly). Alternatively, prefix the name with `_` to silence this warning:
  [apply] _hd

Note: This linter can be disabled with `set_option linter.unusedVariables false`
⚠ [3291/3390] Replayed PvNP.RealizableHardness.BernoulliMGF
warning: lean/PvNP/RealizableHardness/BernoulliMGF.lean:32:17: This simp argument is unused:
  gap

Hint: Omit it from the simp argument list.
  [apply] simp only [gapSlope, id_eq]

Note: This linter can be disabled with `set_option linter.unusedSimpArgs false`
info: lean/PvNP/RealizableHardness/BernoulliMGF.lean:101:4: Try this:
  [apply] ring_nf
  
  The `ring` tactic failed to close the goal. Use `ring_nf` to obtain a normal form.
    
  Note that `ring` works primarily in *commutative* rings. If you have a noncommutative ring, abelian group or module, consider using `noncomm_ring`, `abel` or `module` instead.
⚠ [3292/3390] Replayed PvNP.RealizableHardness.FiniteConcentration
warning: lean/PvNP/RealizableHardness/FiniteConcentration.lean:180:8: `if_pos` has been deprecated: Use `ite_eq_left` instead
warning: lean/PvNP/RealizableHardness/FiniteConcentration.lean:184:8: `if_neg` has been deprecated: Use `ite_eq_right` instead
warning: lean/PvNP/RealizableHardness/FiniteConcentration.lean:220:22: This simp argument is unused:
  Fintype.card_fun

Hint: Omit it from the simp argument list.
  [apply] simp

Note: This linter can be disabled with `set_option linter.unusedSimpArgs false`
⚠ [3293/3390] Replayed PvNP.RealizableHardness.DropCountTail
warning: lean/PvNP/RealizableHardness/DropCountTail.lean:53:48: This simp argument is unused:
  Fin.sum_univ_succ

Hint: Omit it from the simp argument list.
  [apply] simp [Fintype.sum_option, blockMass, dropped]

Note: This linter can be disabled with `set_option linter.unusedSimpArgs false`
warning: lean/PvNP/RealizableHardness/DropCountTail.lean:54:2: Used `tac1 <;> tac2` where `(tac1; tac2)` would suffice

Note: This linter can be disabled with `set_option linter.unnecessarySeqFocus false`
warning: lean/PvNP/RealizableHardness/DropCountTail.lean:129:8: Unused tactic linter: `ring` does nothing

Note: This linter can be disabled with `set_option linter.unusedTactic false`
warning: lean/PvNP/RealizableHardness/DropCountTail.lean:129:8: this tactic is never executed

Note: This linter can be disabled with `set_option linter.unreachableTactic false`
warning: lean/PvNP/RealizableHardness/DropCountTail.lean:158:8: `if_neg` has been deprecated: Use `ite_eq_right` instead
warning: lean/PvNP/RealizableHardness/DropCountTail.lean:170:31: This simp argument is unused:
  h

Hint: Omit it from the simp argument list.
  [apply] simp [blockMass]

Note: This linter can be disabled with `set_option linter.unusedSimpArgs false`
⚠ [3295/3390] Replayed PvNP.RealizableHardness.DropTailParameters
warning: lean/PvNP/RealizableHardness/DropTailParameters.lean:3:0: 'Mathlib.Data.Real.Archimedean' has been deprecated: please replace this import by

import Mathlib.Algebra.Order.AbsoluteValue.Basic
import Mathlib.Data.Rat.Floor
warning: lean/PvNP/RealizableHardness/DropTailParameters.lean:97:6: Unused tactic linter: `ring` does nothing

Note: This linter can be disabled with `set_option linter.unusedTactic false`
warning: lean/PvNP/RealizableHardness/DropTailParameters.lean:97:6: this tactic is never executed

Note: This linter can be disabled with `set_option linter.unreachableTactic false`
⚠ [3299/3390] Replayed PvNP.RealizableHardness.ActualStarDomainDrawEventBridge
warning: lean/PvNP/RealizableHardness/ActualStarDomainDrawEventBridge.lean:87:2: Try this: 
  letI̵

The goal is a proposition, so `let` is preferred over `letI`.
The difference between `let` and `letI` is that `letI` inlines the value.
But this is not relevant for proofs because of proof irrelevance.

Note: This linter can be disabled with `set_option linter.style.haveILetI false`
⚠ [3300/3390] Replayed PvNP.RealizableHardness.ActualStarDomainDrawTwoIndexEventBridge
warning: lean/PvNP/RealizableHardness/ActualStarDomainDrawTwoIndexEventBridge.lean:53:2: Try this: 
  letI̵

The goal is a proposition, so `let` is preferred over `letI`.
The difference between `let` and `letI` is that `letI` inlines the value.
But this is not relevant for proofs because of proof irrelevance.

Note: This linter can be disabled with `set_option linter.style.haveILetI false`
⚠ [3301/3390] Replayed PvNP.RealizableHardness.ActualStarSameLawTwoIndexComposition
warning: lean/PvNP/RealizableHardness/ActualStarSameLawTwoIndexComposition.lean:110:2: Try this: 
  letI̵

The goal is a proposition, so `let` is preferred over `letI`.
The difference between `let` and `letI` is that `letI` inlines the value.
But this is not relevant for proofs because of proof irrelevance.

Note: This linter can be disabled with `set_option linter.style.haveILetI false`
⚠ [3304/3390] Replayed PvNP.RealizableHardness.ActualStarAffineFunctionalSelection
warning: lean/PvNP/RealizableHardness/ActualStarAffineFunctionalSelection.lean:34:2: Try this: 
  letI̵

The goal is a proposition, so `let` is preferred over `letI`.
The difference between `let` and `letI` is that `letI` inlines the value.
But this is not relevant for proofs because of proof irrelevance.

Note: This linter can be disabled with `set_option linter.style.haveILetI false`
warning: lean/PvNP/RealizableHardness/ActualStarAffineFunctionalSelection.lean:35:2: Try this: 
  letI̵

The goal is a proposition, so `let` is preferred over `letI`.
The difference between `let` and `letI` is that `letI` inlines the value.
But this is not relevant for proofs because of proof irrelevance.

Note: This linter can be disabled with `set_option linter.style.haveILetI false`
warning: lean/PvNP/RealizableHardness/ActualStarAffineFunctionalSelection.lean:37:2: Try this: 
  letI̵

The goal is a proposition, so `let` is preferred over `letI`.
The difference between `let` and `letI` is that `letI` inlines the value.
But this is not relevant for proofs because of proof irrelevance.

Note: This linter can be disabled with `set_option linter.style.haveILetI false`
warning: lean/PvNP/RealizableHardness/ActualStarAffineFunctionalSelection.lean:58:16: This simp argument is unused:
  hker

Hint: Omit it from the simp argument list.
  [apply] simp [z, e, LinearMap.quotKerEquivRange_apply_mk]

Note: This linter can be disabled with `set_option linter.unusedSimpArgs false`
warning: lean/PvNP/RealizableHardness/ActualStarAffineFunctionalSelection.lean:113:2: Try this: 
  letI̵

The goal is a proposition, so `let` is preferred over `letI`.
The difference between `let` and `letI` is that `letI` inlines the value.
But this is not relevant for proofs because of proof irrelevance.

Note: This linter can be disabled with `set_option linter.style.haveILetI false`
warning: lean/PvNP/RealizableHardness/ActualStarAffineFunctionalSelection.lean:114:2: Try this: 
  letI̵

The goal is a proposition, so `let` is preferred over `letI`.
The difference between `let` and `letI` is that `letI` inlines the value.
But this is not relevant for proofs because of proof irrelevance.

Note: This linter can be disabled with `set_option linter.style.haveILetI false`
warning: lean/PvNP/RealizableHardness/ActualStarAffineFunctionalSelection.lean:115:2: Try this: 
  letI̵

The goal is a proposition, so `let` is preferred over `letI`.
The difference between `let` and `letI` is that `letI` inlines the value.
But this is not relevant for proofs because of proof irrelevance.

Note: This linter can be disabled with `set_option linter.style.haveILetI false`
warning: lean/PvNP/RealizableHardness/ActualStarAffineFunctionalSelection.lean:116:2: Try this: 
  letI̵

The goal is a proposition, so `let` is preferred over `letI`.
The difference between `let` and `letI` is that `letI` inlines the value.
But this is not relevant for proofs because of proof irrelevance.

Note: This linter can be disabled with `set_option linter.style.haveILetI false`
warning: lean/PvNP/RealizableHardness/ActualStarAffineFunctionalSelection.lean:117:2: Try this: 
  letI̵

The goal is a proposition, so `let` is preferred over `letI`.
The difference between `let` and `letI` is that `letI` inlines the value.
But this is not relevant for proofs because of proof irrelevance.

Note: This linter can be disabled with `set_option linter.style.haveILetI false`
warning: lean/PvNP/RealizableHardness/ActualStarAffineFunctionalSelection.lean:121:2: Try this: 
  letI̵

The goal is a proposition, so `let` is preferred over `letI`.
The difference between `let` and `letI` is that `letI` inlines the value.
But this is not relevant for proofs because of proof irrelevance.

Note: This linter can be disabled with `set_option linter.style.haveILetI false`
warning: lean/PvNP/RealizableHardness/ActualStarAffineFunctionalSelection.lean:149:28: This simp argument is unused:
  Submodule.liftQ_apply

Hint: Omit it from the simp argument list.
  [apply] simp [fromDual, toDual, LinearMap.sub_apply, hF0, sub_add_cancel]

Note: This linter can be disabled with `set_option linter.unusedSimpArgs false`
warning: lean/PvNP/RealizableHardness/ActualStarAffineFunctionalSelection.lean:149:51: This simp argument is unused:
  LinearMap.sub_apply

Hint: Omit it from the simp argument list.
  [apply] simp [fromDual, toDual, Submodule.liftQ_apply, hF0, sub_add_cancel]

Note: This linter can be disabled with `set_option linter.unusedSimpArgs false`
warning: lean/PvNP/RealizableHardness/ActualStarAffineFunctionalSelection.lean:150:6: This simp argument is unused:
  hF0

Hint: Omit it from the simp argument list.
  [apply] simp [fromDual, toDual, Submodule.liftQ_apply, LinearMap.sub_apply, sub_add_cancel]

Note: This linter can be disabled with `set_option linter.unusedSimpArgs false`
warning: lean/PvNP/RealizableHardness/ActualStarAffineFunctionalSelection.lean:150:11: This simp argument is unused:
  sub_add_cancel

Hint: Omit it from the simp argument list.
  [apply] simp [fromDual, toDual, Submodule.liftQ_apply, LinearMap.sub_apply, hF0]

Note: This linter can be disabled with `set_option linter.unusedSimpArgs false`
warning: lean/PvNP/RealizableHardness/ActualStarAffineFunctionalSelection.lean:154:28: This simp argument is unused:
  Submodule.liftQ_apply

Hint: Omit it from the simp argument list.
  [apply] simp [fromDual, toDual, LinearMap.sub_apply]

Note: This linter can be disabled with `set_option linter.unusedSimpArgs false`
warning: lean/PvNP/RealizableHardness/ActualStarAffineFunctionalSelection.lean:154:51: This simp argument is unused:
  LinearMap.sub_apply

Hint: Omit it from the simp argument list.
  [apply] simp [fromDual, toDual, Submodule.liftQ_apply]

Note: This linter can be disabled with `set_option linter.unusedSimpArgs false`
⚠ [3306/3390] Replayed PvNP.RealizableHardness.ActualStarAffineFunctionalSelectionForceSelection
warning: lean/PvNP/RealizableHardness/ActualStarAffineFunctionalSelectionForceSelection.lean:238:2: Try this: 
  letI̵

The goal is a proposition, so `let` is preferred over `letI`.
The difference between `let` and `letI` is that `letI` inlines the value.
But this is not relevant for proofs because of proof irrelevance.

Note: This linter can be disabled with `set_option linter.style.haveILetI false`
warning: lean/PvNP/RealizableHardness/ActualStarAffineFunctionalSelectionForceSelection.lean:239:2: Try this: 
  letI̵

The goal is a proposition, so `let` is preferred over `letI`.
The difference between `let` and `letI` is that `letI` inlines the value.
But this is not relevant for proofs because of proof irrelevance.

Note: This linter can be disabled with `set_option linter.style.haveILetI false`
warning: lean/PvNP/RealizableHardness/ActualStarAffineFunctionalSelectionForceSelection.lean:245:2: Try this: 
  letI̵

The goal is a proposition, so `let` is preferred over `letI`.
The difference between `let` and `letI` is that `letI` inlines the value.
But this is not relevant for proofs because of proof irrelevance.

Note: This linter can be disabled with `set_option linter.style.haveILetI false`
⚠ [3309/3390] Replayed PvNP.RealizableHardness.ActualStarAcceptedGoodMass
warning: lean/PvNP/RealizableHardness/ActualStarAcceptedGoodMass.lean:94:2: Try this: 
  haveI̵

The goal is a proposition, so `have` is preferred over `haveI`.
The difference between `have` and `haveI` is that `haveI` inlines the value.
But this is not relevant for proofs because of proof irrelevance.

Note: This linter can be disabled with `set_option linter.style.haveILetI false`
warning: lean/PvNP/RealizableHardness/ActualStarAcceptedGoodMass.lean:114:8: This simp argument is unused:
  Fintype.card_fun

Hint: Omit it from the simp argument list.
  [apply] simp [Fintype.card_fin, extension_card U htd]

Note: This linter can be disabled with `set_option linter.unusedSimpArgs false`
warning: lean/PvNP/RealizableHardness/ActualStarAcceptedGoodMass.lean:138:4: Try this: 
  haveI̵

The goal is a proposition, so `have` is preferred over `haveI`.
The difference between `have` and `haveI` is that `haveI` inlines the value.
But this is not relevant for proofs because of proof irrelevance.

Note: This linter can be disabled with `set_option linter.style.haveILetI false`
warning: lean/PvNP/RealizableHardness/ActualStarAcceptedGoodMass.lean:140:4: Try this: 
  letI̵

The goal is a proposition, so `let` is preferred over `letI`.
The difference between `let` and `letI` is that `letI` inlines the value.
But this is not relevant for proofs because of proof irrelevance.

Note: This linter can be disabled with `set_option linter.style.haveILetI false`
warning: lean/PvNP/RealizableHardness/ActualStarAcceptedGoodMass.lean:142:4: Try this: 
  letI̵

The goal is a proposition, so `let` is preferred over `letI`.
The difference between `let` and `letI` is that `letI` inlines the value.
But this is not relevant for proofs because of proof irrelevance.

Note: This linter can be disabled with `set_option linter.style.haveILetI false`
warning: lean/PvNP/RealizableHardness/ActualStarAcceptedGoodMass.lean:211:6: Try this: 
  haveI̵

The goal is a proposition, so `have` is preferred over `haveI`.
The difference between `have` and `haveI` is that `haveI` inlines the value.
But this is not relevant for proofs because of proof irrelevance.

Note: This linter can be disabled with `set_option linter.style.haveILetI false`
warning: lean/PvNP/RealizableHardness/ActualStarAcceptedGoodMass.lean:209:4: Try this: 
  haveI̵

The goal is a proposition, so `have` is preferred over `haveI`.
The difference between `have` and `haveI` is that `haveI` inlines the value.
But this is not relevant for proofs because of proof irrelevance.

Note: This linter can be disabled with `set_option linter.style.haveILetI false`
warning: lean/PvNP/RealizableHardness/ActualStarAcceptedGoodMass.lean:202:48: This simp argument is unused:
  nsmul_eq_mul

Hint: Omit it from the simp argument list.
  [apply] simp [Finset.sum_const, Finset.card_univ]

Note: This linter can be disabled with `set_option linter.unusedSimpArgs false`
warning: lean/PvNP/RealizableHardness/ActualStarAcceptedGoodMass.lean:331:6: Try this: 
  haveI̵

The goal is a proposition, so `have` is preferred over `haveI`.
The difference between `have` and `haveI` is that `haveI` inlines the value.
But this is not relevant for proofs because of proof irrelevance.

Note: This linter can be disabled with `set_option linter.style.haveILetI false`
warning: lean/PvNP/RealizableHardness/ActualStarAcceptedGoodMass.lean:362:6: try 'simp' instead of 'simpa'

Note: This linter can be disabled with `set_option linter.unnecessarySimpa false`
warning: lean/PvNP/RealizableHardness/ActualStarAcceptedGoodMass.lean:501:16: `if_pos` has been deprecated: Use `ite_eq_left` instead
warning: lean/PvNP/RealizableHardness/ActualStarAcceptedGoodMass.lean:664:2: Try this: 
  haveI̵

The goal is a proposition, so `have` is preferred over `haveI`.
The difference between `have` and `haveI` is that `haveI` inlines the value.
But this is not relevant for proofs because of proof irrelevance.

Note: This linter can be disabled with `set_option linter.style.haveILetI false`
warning: lean/PvNP/RealizableHardness/ActualStarAcceptedGoodMass.lean:700:2: Try this: 
  haveI̵

The goal is a proposition, so `have` is preferred over `haveI`.
The difference between `have` and `haveI` is that `haveI` inlines the value.
But this is not relevant for proofs because of proof irrelevance.

Note: This linter can be disabled with `set_option linter.style.haveILetI false`
warning: lean/PvNP/RealizableHardness/ActualStarAcceptedGoodMass.lean:722:5: Variable name `hsel` is not explicitly referenced.

Hint: The binding can be removed (if unused) or named `_` (if used implicitly). Alternatively, prefix the name with `_` to silence this warning:
  [apply] _hsel

Note: This linter can be disabled with `set_option linter.unusedVariables false`
warning: lean/PvNP/RealizableHardness/ActualStarAcceptedGoodMass.lean:1063:4: Try this: 
  haveI̵

The goal is a proposition, so `have` is preferred over `haveI`.
The difference between `have` and `haveI` is that `haveI` inlines the value.
But this is not relevant for proofs because of proof irrelevance.

Note: This linter can be disabled with `set_option linter.style.haveILetI false`
warning: lean/PvNP/RealizableHardness/ActualStarAcceptedGoodMass.lean:1206:4: Try this: 
  haveI̵

The goal is a proposition, so `have` is preferred over `haveI`.
The difference between `have` and `haveI` is that `haveI` inlines the value.
But this is not relevant for proofs because of proof irrelevance.

Note: This linter can be disabled with `set_option linter.style.haveILetI false`
warning: lean/PvNP/RealizableHardness/ActualStarAcceptedGoodMass.lean:1218:4: Try this: 
  haveI̵

The goal is a proposition, so `have` is preferred over `haveI`.
The difference between `have` and `haveI` is that `haveI` inlines the value.
But this is not relevant for proofs because of proof irrelevance.

Note: This linter can be disabled with `set_option linter.style.haveILetI false`
warning: lean/PvNP/RealizableHardness/ActualStarAcceptedGoodMass.lean:1400:4: Try this: 
  haveI̵

The goal is a proposition, so `have` is preferred over `haveI`.
The difference between `have` and `haveI` is that `haveI` inlines the value.
But this is not relevant for proofs because of proof irrelevance.

Note: This linter can be disabled with `set_option linter.style.haveILetI false`
warning: lean/PvNP/RealizableHardness/ActualStarAcceptedGoodMass.lean:1394:2: Try this: 
  haveI̵

The goal is a proposition, so `have` is preferred over `haveI`.
The difference between `have` and `haveI` is that `haveI` inlines the value.
But this is not relevant for proofs because of proof irrelevance.

Note: This linter can be disabled with `set_option linter.style.haveILetI false`
warning: lean/PvNP/RealizableHardness/ActualStarAcceptedGoodMass.lean:1403:2: Try this: 
  haveI̵

The goal is a proposition, so `have` is preferred over `haveI`.
The difference between `have` and `haveI` is that `haveI` inlines the value.
But this is not relevant for proofs because of proof irrelevance.

Note: This linter can be disabled with `set_option linter.style.haveILetI false`
warning: lean/PvNP/RealizableHardness/ActualStarAcceptedGoodMass.lean:1404:2: Try this: 
  haveI̵

The goal is a proposition, so `have` is preferred over `haveI`.
The difference between `have` and `haveI` is that `haveI` inlines the value.
But this is not relevant for proofs because of proof irrelevance.

Note: This linter can be disabled with `set_option linter.style.haveILetI false`
warning: lean/PvNP/RealizableHardness/ActualStarAcceptedGoodMass.lean:1597:5: Variable name `hA` is not explicitly referenced.

Hint: The binding can be removed (if unused) or named `_` (if used implicitly). Alternatively, prefix the name with `_` to silence this warning:
  [apply] _hA

Note: This linter can be disabled with `set_option linter.unusedVariables false`
⚠ [3310/3390] Replayed PvNP.RealizableHardness.ActualOrdinaryStarSelection
warning: lean/PvNP/RealizableHardness/ActualOrdinaryStarSelection.lean:16:8: automatically included section variable(s) unused in theorem `_private.PvNP.RealizableHardness.ActualOrdinaryStarSelection.0.PvNP.RealizableHardness.ActualOrdinaryStarSelection.star_accepts_iff`:
  [Fintype V]
consider restructuring your `variable` declarations so that the variables are not in scope or explicitly omit them:
  omit [Fintype V] in theorem ...

Note: This linter can be disabled with `set_option linter.unusedSectionVars false`
warning: lean/PvNP/RealizableHardness/ActualOrdinaryStarSelection.lean:37:2: Try this: 
  letI̵

The goal is a proposition, so `let` is preferred over `letI`.
The difference between `let` and `letI` is that `letI` inlines the value.
But this is not relevant for proofs because of proof irrelevance.

Note: This linter can be disabled with `set_option linter.style.haveILetI false`
warning: lean/PvNP/RealizableHardness/ActualOrdinaryStarSelection.lean:38:2: Try this: 
  letI̵

The goal is a proposition, so `let` is preferred over `letI`.
The difference between `let` and `letI` is that `letI` inlines the value.
But this is not relevant for proofs because of proof irrelevance.

Note: This linter can be disabled with `set_option linter.style.haveILetI false`
warning: lean/PvNP/RealizableHardness/ActualOrdinaryStarSelection.lean:46:15: This simp argument is unused:
  Finset.prod_const

Hint: Omit it from the simp argument list.
  [apply] simp only [Finset.card_univ, Fintype.card_fin]

Note: This linter can be disabled with `set_option linter.unusedSimpArgs false`
warning: lean/PvNP/RealizableHardness/ActualOrdinaryStarSelection.lean:46:34: This simp argument is unused:
  Finset.card_univ

Hint: Omit it from the simp argument list.
  [apply] simp only [Finset.prod_const, Fintype.card_fin]

Note: This linter can be disabled with `set_option linter.unusedSimpArgs false`
⚠ [3311/3390] Replayed PvNP.RealizableHardness.ActualOrdinaryStarMatchingFiber
warning: lean/PvNP/RealizableHardness/ActualOrdinaryStarMatchingFiber.lean:82:54: This simp argument is unused:
  q

Hint: Omit it from the simp argument list.
  [apply] simp [Submodule.liftQ_apply, LinearMap.sub_apply]

Note: This linter can be disabled with `set_option linter.unusedSimpArgs false`
warning: lean/PvNP/RealizableHardness/ActualOrdinaryStarMatchingFiber.lean:114:8: automatically included section variable(s) unused in theorem `_private.PvNP.RealizableHardness.ActualOrdinaryStarMatchingFiber.0.PvNP.RealizableHardness.ActualOrdinaryStarMatchingFiber.matchesStar_iff_restrict_jointSpan`:
  [Fintype V]
consider restructuring your `variable` declarations so that the variables are not in scope or explicitly omit them:
  omit [Fintype V] in theorem ...

Note: This linter can be disabled with `set_option linter.unusedSectionVars false`
⚠ [3312/3390] Replayed PvNP.RealizableHardness.ActualOrdinaryStarWeightedSelection
warning: lean/PvNP/RealizableHardness/ActualOrdinaryStarWeightedSelection.lean:83:2: Try this: 
  letI̵

The goal is a proposition, so `let` is preferred over `letI`.
The difference between `let` and `letI` is that `letI` inlines the value.
But this is not relevant for proofs because of proof irrelevance.

Note: This linter can be disabled with `set_option linter.style.haveILetI false`
warning: lean/PvNP/RealizableHardness/ActualOrdinaryStarWeightedSelection.lean:84:2: Try this: 
  letI̵

The goal is a proposition, so `let` is preferred over `letI`.
The difference between `let` and `letI` is that `letI` inlines the value.
But this is not relevant for proofs because of proof irrelevance.

Note: This linter can be disabled with `set_option linter.style.haveILetI false`
warning: lean/PvNP/RealizableHardness/ActualOrdinaryStarWeightedSelection.lean:129:21: `if_pos` has been deprecated: Use `ite_eq_left` instead
warning: lean/PvNP/RealizableHardness/ActualOrdinaryStarWeightedSelection.lean:135:4: Try this: 
  haveI̵

The goal is a proposition, so `have` is preferred over `haveI`.
The difference between `have` and `haveI` is that `haveI` inlines the value.
But this is not relevant for proofs because of proof irrelevance.

Note: This linter can be disabled with `set_option linter.style.haveILetI false`
warning: lean/PvNP/RealizableHardness/ActualOrdinaryStarWeightedSelection.lean:189:4: Try this: 
  haveI̵

The goal is a proposition, so `have` is preferred over `haveI`.
The difference between `have` and `haveI` is that `haveI` inlines the value.
But this is not relevant for proofs because of proof irrelevance.

Note: This linter can be disabled with `set_option linter.style.haveILetI false`
warning: lean/PvNP/RealizableHardness/ActualOrdinaryStarWeightedSelection.lean:197:8: This simp argument is unused:
  M

Hint: Omit it from the simp argument list.
  [apply] simp [Finset.sum_const, hΩ]

Note: This linter can be disabled with `set_option linter.unusedSimpArgs false`
warning: lean/PvNP/RealizableHardness/ActualOrdinaryStarWeightedSelection.lean:204:13: Variable name `hε` is not explicitly referenced.

Hint: The binding can be removed (if unused) or named `_` (if used implicitly). Alternatively, prefix the name with `_` to silence this warning:
  [apply] _hε

Note: This linter can be disabled with `set_option linter.unusedVariables false`
⚠ [3313/3390] Replayed PvNP.RealizableHardness.ActualComplementCoordinateMassBridge
warning: lean/PvNP/RealizableHardness/ActualComplementCoordinateMassBridge.lean:164:2: Try this: 
  letI̵

The goal is a proposition, so `let` is preferred over `letI`.
The difference between `let` and `letI` is that `letI` inlines the value.
But this is not relevant for proofs because of proof irrelevance.

Note: This linter can be disabled with `set_option linter.style.haveILetI false`
warning: lean/PvNP/RealizableHardness/ActualComplementCoordinateMassBridge.lean:165:2: Try this: 
  letI̵

The goal is a proposition, so `let` is preferred over `letI`.
The difference between `let` and `letI` is that `letI` inlines the value.
But this is not relevant for proofs because of proof irrelevance.

Note: This linter can be disabled with `set_option linter.style.haveILetI false`
warning: lean/PvNP/RealizableHardness/ActualComplementCoordinateMassBridge.lean:166:2: Try this: 
  letI̵

The goal is a proposition, so `let` is preferred over `letI`.
The difference between `let` and `letI` is that `letI` inlines the value.
But this is not relevant for proofs because of proof irrelevance.

Note: This linter can be disabled with `set_option linter.style.haveILetI false`
warning: lean/PvNP/RealizableHardness/ActualComplementCoordinateMassBridge.lean:168:2: Try this: 
  letI̵

The goal is a proposition, so `let` is preferred over `letI`.
The difference between `let` and `letI` is that `letI` inlines the value.
But this is not relevant for proofs because of proof irrelevance.

Note: This linter can be disabled with `set_option linter.style.haveILetI false`
warning: lean/PvNP/RealizableHardness/ActualComplementCoordinateMassBridge.lean:170:2: Try this: 
  letI̵

The goal is a proposition, so `let` is preferred over `letI`.
The difference between `let` and `letI` is that `letI` inlines the value.
But this is not relevant for proofs because of proof irrelevance.

Note: This linter can be disabled with `set_option linter.style.haveILetI false`
warning: lean/PvNP/RealizableHardness/ActualComplementCoordinateMassBridge.lean:173:2: Try this: 
  letI̵

The goal is a proposition, so `let` is preferred over `letI`.
The difference between `let` and `letI` is that `letI` inlines the value.
But this is not relevant for proofs because of proof irrelevance.

Note: This linter can be disabled with `set_option linter.style.haveILetI false`
⚠ [3314/3390] Replayed PvNP.RealizableHardness.SamplerProximity
warning: lean/PvNP/RealizableHardness/SamplerProximity.lean:102:12: Used `tac1 <;> tac2` where `(tac1; tac2)` would suffice

Note: This linter can be disabled with `set_option linter.unnecessarySeqFocus false`
warning: lean/PvNP/RealizableHardness/SamplerProximity.lean:127:12: Used `tac1 <;> tac2` where `(tac1; tac2)` would suffice

Note: This linter can be disabled with `set_option linter.unnecessarySeqFocus false`
⚠ [3315/3390] Replayed PvNP.RealizableHardness.PosteriorDensity
warning: lean/PvNP/RealizableHardness/PosteriorDensity.lean:13:17: Variable name `Q` is not explicitly referenced.

Hint: The binding can be removed (if unused) or named `_` (if used implicitly). Alternatively, prefix the name with `_` to silence this warning:
  [apply] _Q

Note: This linter can be disabled with `set_option linter.unusedVariables false`
warning: lean/PvNP/RealizableHardness/PosteriorDensity.lean:19:47: This simp argument is unused:
  Module.finrank_pi

Hint: Omit it from the simp argument list.
  [apply] simp [TripleRestrictionRank.Vector, Coord, Nat.mul_comm]

Note: This linter can be disabled with `set_option linter.unusedSimpArgs false`
warning: lean/PvNP/RealizableHardness/PosteriorDensity.lean:57:16: `if_pos` has been deprecated: Use `ite_eq_left` instead
warning: lean/PvNP/RealizableHardness/PosteriorDensity.lean:71:16: `if_neg` has been deprecated: Use `ite_eq_right` instead
warning: lean/PvNP/RealizableHardness/PosteriorDensity.lean:68:10: Unused tactic linter: `ring` does nothing

Note: This linter can be disabled with `set_option linter.unusedTactic false`
warning: lean/PvNP/RealizableHardness/PosteriorDensity.lean:68:10: this tactic is never executed

Note: This linter can be disabled with `set_option linter.unreachableTactic false`
⚠ [3316/3390] Replayed PvNP.RealizableHardness.AdviceExceptions
warning: lean/PvNP/RealizableHardness/AdviceExceptions.lean:34:17: This simp argument is unused:
  hb

Hint: Omit it from the simp argument list.
  [apply] simp only [Bool.false_eq_true, ite_false, sub_self, mul_zero]

Note: This linter can be disabled with `set_option linter.unusedSimpArgs false`
warning: lean/PvNP/RealizableHardness/AdviceExceptions.lean:37:17: This simp argument is unused:
  hb

Hint: Omit it from the simp argument list.
  [apply] simp only [Bool.true_eq, ite_true]

Note: This linter can be disabled with `set_option linter.unusedSimpArgs false`
warning: lean/PvNP/RealizableHardness/AdviceExceptions.lean:37:21: This simp argument is unused:
  Bool.true_eq

Hint: Omit it from the simp argument list.
  [apply] simp only [hb, ite_true]

Note: This linter can be disabled with `set_option linter.unusedSimpArgs false`
warning: lean/PvNP/RealizableHardness/AdviceExceptions.lean:104:32: This simp argument is unused:
  Bool.true_eq

Hint: Omit it from the simp argument list.
  [apply] simp only [hd, decide_true, ite_true]

Note: This linter can be disabled with `set_option linter.unusedSimpArgs false`
warning: lean/PvNP/RealizableHardness/AdviceExceptions.lean:137:43: This simp argument is unused:
  Bool.true_eq

Hint: Omit it from the simp argument list.
  [apply] simp only [badTail, hb, decide_true, ite_true]

Note: This linter can be disabled with `set_option linter.unusedSimpArgs false`
warning: lean/PvNP/RealizableHardness/AdviceExceptions.lean:167:46: This simp argument is unused:
  Bool.true_eq

Hint: Omit it from the simp argument list.
  [apply] simp only [lowMarginal, h, decide_true, ite_true]

Note: This linter can be disabled with `set_option linter.unusedSimpArgs false`
⚠ [3318/3390] Replayed PvNP.RealizableHardness.CoveringTV
warning: lean/PvNP/RealizableHardness/CoveringTV.lean:22:0: automatically included section variable(s) unused in theorem `PvNP.RealizableHardness.CoveringTV.zeroIndicator_nonneg`:
  [Fintype S]
consider restructuring your `variable` declarations so that the variables are not in scope or explicitly omit them:
  omit [Fintype S] in theorem ...

Note: This linter can be disabled with `set_option linter.unusedSectionVars false`
warning: lean/PvNP/RealizableHardness/CoveringTV.lean:26:0: automatically included section variable(s) unused in theorem `PvNP.RealizableHardness.CoveringTV.zeroIndicator_sq`:
  [Fintype S]
consider restructuring your `variable` declarations so that the variables are not in scope or explicitly omit them:
  omit [Fintype S] in theorem ...

Note: This linter can be disabled with `set_option linter.unusedSectionVars false`
warning: lean/PvNP/RealizableHardness/CoveringTV.lean:51:2: Try this: 
  letI̵

The goal is a proposition, so `let` is preferred over `letI`.
The difference between `let` and `letI` is that `letI` inlines the value.
But this is not relevant for proofs because of proof irrelevance.

Note: This linter can be disabled with `set_option linter.style.haveILetI false`
warning: lean/PvNP/RealizableHardness/CoveringTV.lean:75:6: Unused tactic linter: `ring` does nothing

Note: This linter can be disabled with `set_option linter.unusedTactic false`
warning: lean/PvNP/RealizableHardness/CoveringTV.lean:75:6: this tactic is never executed

Note: This linter can be disabled with `set_option linter.unreachableTactic false`
warning: lean/PvNP/RealizableHardness/CoveringTV.lean:77:0: automatically included section variable(s) unused in theorem `PvNP.RealizableHardness.CoveringTV.cubeSum_const`:
  [Zero S]
consider restructuring your `variable` declarations so that the variables are not in scope or explicitly omit them:
  omit [Zero S] in theorem ...

Note: This linter can be disabled with `set_option linter.unusedSectionVars false`
warning: lean/PvNP/RealizableHardness/CoveringTV.lean:85:22: This simp argument is unused:
  ← Finset.sum_mul

Hint: Omit it from the simp argument list.
  [apply] simp [cubeSum, deletedRatio, Finset.sum_add_distrib, ← Finset.mul_sum, sum_zeroIndicator]

Note: Simp arguments with `←` have the additional effect of removing the other direction from the simp set, even if the simp argument itself is unused. If the hint above does not work, try replacing `←` with `-` to only get that effect and silence this warning.

Note: This linter can be disabled with `set_option linter.unusedSimpArgs false`
warning: lean/PvNP/RealizableHardness/CoveringTV.lean:86:2: Used `tac1 <;> tac2` where `(tac1; tac2)` would suffice

Note: This linter can be disabled with `set_option linter.unnecessarySeqFocus false`
warning: lean/PvNP/RealizableHardness/CoveringTV.lean:90:0: automatically included section variable(s) unused in theorem `PvNP.RealizableHardness.CoveringTV.axis_square`:
  [Fintype S]
consider restructuring your `variable` declarations so that the variables are not in scope or explicitly omit them:
  omit [Fintype S] in theorem ...

Note: This linter can be disabled with `set_option linter.unusedSectionVars false`
warning: lean/PvNP/RealizableHardness/CoveringTV.lean:112:50: This simp argument is unused:
  ← Finset.sum_mul

Hint: Omit it from the simp argument list.
  [apply] simp [Finset.sum_add_distrib, ← Finset.mul_sum, sum_zeroIndicator]

Note: Simp arguments with `←` have the additional effect of removing the other direction from the simp set, even if the simp argument itself is unused. If the hint above does not work, try replacing `←` with `-` to only get that effect and silence this warning.

Note: This linter can be disabled with `set_option linter.unusedSimpArgs false`
warning: lean/PvNP/RealizableHardness/CoveringTV.lean:114:2: Used `tac1 <;> tac2` where `(tac1; tac2)` would suffice

Note: This linter can be disabled with `set_option linter.unnecessarySeqFocus false`
warning: lean/PvNP/RealizableHardness/CoveringTV.lean:124:2: Used `tac1 <;> tac2` where `(tac1; tac2)` would suffice

Note: This linter can be disabled with `set_option linter.unnecessarySeqFocus false`
warning: lean/PvNP/RealizableHardness/CoveringTV.lean:144:2: Used `tac1 <;> tac2` where `(tac1; tac2)` would suffice

Note: This linter can be disabled with `set_option linter.unnecessarySeqFocus false`
warning: lean/PvNP/RealizableHardness/CoveringTV.lean:154:4: Try this: 
  letI̵

The goal is a proposition, so `let` is preferred over `letI`.
The difference between `let` and `letI` is that `letI` inlines the value.
But this is not relevant for proofs because of proof irrelevance.

Note: This linter can be disabled with `set_option linter.style.haveILetI false`
warning: lean/PvNP/RealizableHardness/CoveringTV.lean:216:0: automatically included section variable(s) unused in theorem `PvNP.RealizableHardness.CoveringTV.productMass_nonneg`:
  [Fintype A]
consider restructuring your `variable` declarations so that the variables are not in scope or explicitly omit them:
  omit [Fintype A] in theorem ...

Note: This linter can be disabled with `set_option linter.unusedSectionVars false`
warning: lean/PvNP/RealizableHardness/CoveringTV.lean:311:6: Unused tactic linter: `ring` does nothing

Note: This linter can be disabled with `set_option linter.unusedTactic false`
warning: lean/PvNP/RealizableHardness/CoveringTV.lean:311:6: this tactic is never executed

Note: This linter can be disabled with `set_option linter.unreachableTactic false`
⚠ [3319/3390] Replayed PvNP.RealizableHardness.CoveringSpan
warning: lean/PvNP/RealizableHardness/CoveringSpan.lean:21:0: automatically included section variable(s) unused in theorem `PvNP.RealizableHardness.CoveringSpan.push_sub`:
  [Fintype B]
consider restructuring your `variable` declarations so that the variables are not in scope or explicitly omit them:
  omit [Fintype B] in theorem ...

Note: This linter can be disabled with `set_option linter.unusedSectionVars false`
warning: lean/PvNP/RealizableHardness/CoveringSpan.lean:25:0: automatically included section variable(s) unused in theorem `PvNP.RealizableHardness.CoveringSpan.push_mixture`:
  [Fintype B]
consider restructuring your `variable` declarations so that the variables are not in scope or explicitly omit them:
  omit [Fintype B] in theorem ...

Note: This linter can be disabled with `set_option linter.unusedSectionVars false`
warning: lean/PvNP/RealizableHardness/CoveringSpan.lean:125:18: Variable name `Q` is not explicitly referenced.

Hint: The binding can be removed (if unused) or named `_` (if used implicitly). Alternatively, prefix the name with `_` to silence this warning:
  [apply] _Q

Note: This linter can be disabled with `set_option linter.unusedVariables false`
warning: lean/PvNP/RealizableHardness/CoveringSpan.lean:164:18: Variable name `v` is not explicitly referenced.

Hint: The binding can be removed (if unused) or named `_` (if used implicitly). Alternatively, prefix the name with `_` to silence this warning:
  [apply] _v

Note: This linter can be disabled with `set_option linter.unusedVariables false`
warning: lean/PvNP/RealizableHardness/CoveringSpan.lean:204:50: `if_true` has been deprecated: Use `ite_true` instead
warning: lean/PvNP/RealizableHardness/CoveringSpan.lean:281:11: Variable name `v` is not explicitly referenced.

Hint: The binding can be removed (if unused) or named `_` (if used implicitly). Alternatively, prefix the name with `_` to silence this warning:
  [apply] _v

Note: This linter can be disabled with `set_option linter.unusedVariables false`
warning: lean/PvNP/RealizableHardness/CoveringSpan.lean:282:12: Variable name `v` is not explicitly referenced.

Hint: The binding can be removed (if unused) or named `_` (if used implicitly). Alternatively, prefix the name with `_` to silence this warning:
  [apply] _v

Note: This linter can be disabled with `set_option linter.unusedVariables false`
warning: lean/PvNP/RealizableHardness/CoveringSpan.lean:300:36: This simp argument is unused:
  subspaceArrayPush

Hint: Omit it from the simp argument list.
  [apply] simp [rawArrayLaw, arraysInEquiv, uniformArray]

Note: This linter can be disabled with `set_option linter.unusedSimpArgs false`
warning: lean/PvNP/RealizableHardness/CoveringSpan.lean:302:0: automatically included section variable(s) unused in theorem `PvNP.RealizableHardness.CoveringSpan.independent_coe_iff`:
  [Fintype V]
consider restructuring your `variable` declarations so that the variables are not in scope or explicitly omit them:
  omit [Fintype V] in theorem ...

Note: This linter can be disabled with `set_option linter.unusedSectionVars false`
warning: lean/PvNP/RealizableHardness/CoveringSpan.lean:311:0: automatically included section variable(s) unused in theorem `PvNP.RealizableHardness.CoveringSpan.spanFrame_coe`:
  [Fintype V]
consider restructuring your `variable` declarations so that the variables are not in scope or explicitly omit them:
  omit [Fintype V] in theorem ...

Note: This linter can be disabled with `set_option linter.unusedSectionVars false`
warning: lean/PvNP/RealizableHardness/CoveringSpan.lean:342:56: `if_true` has been deprecated: Use `ite_true` instead
warning: lean/PvNP/RealizableHardness/CoveringSpan.lean:396:31: `dif_pos` has been deprecated: Use `dite_eq_left` instead
warning: lean/PvNP/RealizableHardness/CoveringSpan.lean:409:27: `dif_neg` has been deprecated: Use `dite_eq_right` instead
warning: lean/PvNP/RealizableHardness/CoveringSpan.lean:503:15: `if_pos` has been deprecated: Use `ite_eq_left` instead
warning: lean/PvNP/RealizableHardness/CoveringSpan.lean:503:42: `if_pos` has been deprecated: Use `ite_eq_left` instead
warning: lean/PvNP/RealizableHardness/CoveringSpan.lean:505:8: `if_neg` has been deprecated: Use `ite_eq_right` instead
warning: lean/PvNP/RealizableHardness/CoveringSpan.lean:515:10: This simp argument is unused:
  Fintype.card_fun

Hint: Omit it from the simp argument list.
  [apply] simp [ZMod.card]

Note: This linter can be disabled with `set_option linter.unusedSimpArgs false`
warning: lean/PvNP/RealizableHardness/CoveringSpan.lean:520:55: Unused tactic linter: `push_cast` does nothing

Note: This linter can be disabled with `set_option linter.unusedTactic false`
warning: lean/PvNP/RealizableHardness/CoveringSpan.lean:541:8: This simp argument is unused:
  Fintype.card_fun

Hint: Omit it from the simp argument list.
  [apply] simp [TripleRestrictionRank.Vector, Coord, ZMod.card, ← pow_mul, Nat.mul_comm, Nat.mul_left_comm,
    Nat.mul_assoc]

Note: This linter can be disabled with `set_option linter.unusedSimpArgs false`
warning: lean/PvNP/RealizableHardness/CoveringSpan.lean:542:23: This simp argument is unused:
  Nat.mul_assoc

Hint: Omit it from the simp argument list.
  [apply] simp [Fintype.card_fun, TripleRestrictionRank.Vector, Coord, ZMod.card, ← pow_mul, Nat.mul_comm,
    Nat.mul_left_comm]

Note: This linter can be disabled with `set_option linter.unusedSimpArgs false`
warning: lean/PvNP/RealizableHardness/CoveringSpan.lean:569:24: This simp argument is unused:
  h

Hint: Omit it from the simp argument list.
  [apply] simp

Note: This linter can be disabled with `set_option linter.unusedSimpArgs false`
warning: lean/PvNP/RealizableHardness/CoveringSpan.lean:586:8: `if_pos` has been deprecated: Use `ite_eq_left` instead
warning: lean/PvNP/RealizableHardness/CoveringSpan.lean:589:8: `if_neg` has been deprecated: Use `ite_eq_right` instead
warning: lean/PvNP/RealizableHardness/CoveringSpan.lean:665:47: This simp argument is unused:
  Module.finrank_pi

Hint: Omit it from the simp argument list.
  [apply] simp [TripleRestrictionRank.Vector, Coord, Nat.mul_comm]

Note: This linter can be disabled with `set_option linter.unusedSimpArgs false`
warning: lean/PvNP/RealizableHardness/CoveringSpan.lean:680:47: This simp argument is unused:
  Module.finrank_pi

Hint: Omit it from the simp argument list.
  [apply] simp [TripleRestrictionRank.Vector, Coord, Nat.mul_comm]

Note: This linter can be disabled with `set_option linter.unusedSimpArgs false`
⚠ [3320/3390] Replayed PvNP.RealizableHardness.ConditionedCovering
warning: lean/PvNP/RealizableHardness/ConditionedCovering.lean:114:47: This simp argument is unused:
  Module.finrank_pi

Hint: Omit it from the simp argument list.
  [apply] simp [TripleRestrictionRank.Vector, Coord, Nat.mul_comm]

Note: This linter can be disabled with `set_option linter.unusedSimpArgs false`
warning: lean/PvNP/RealizableHardness/ConditionedCovering.lean:268:12: Unused tactic linter: `ring` does nothing

Note: This linter can be disabled with `set_option linter.unusedTactic false`
warning: lean/PvNP/RealizableHardness/ConditionedCovering.lean:268:12: this tactic is never executed

Note: This linter can be disabled with `set_option linter.unreachableTactic false`
warning: lean/PvNP/RealizableHardness/ConditionedCovering.lean:376:45: This simp argument is unused:
  Bool.true_eq

Hint: Omit it from the simp argument list.
  [apply] simp only [badZoom, hb, decide_true, ite_true]

Note: This linter can be disabled with `set_option linter.unusedSimpArgs false`
⚠ [3323/3390] Replayed PvNP.RealizableHardness.ZoomOutIncidence
warning: lean/PvNP/RealizableHardness/ZoomOutIncidence.lean:67:47: Used `tac1 <;> tac2` where `(tac1; tac2)` would suffice

Note: This linter can be disabled with `set_option linter.unnecessarySeqFocus false`
warning: lean/PvNP/RealizableHardness/ZoomOutIncidence.lean:151:47: This simp argument is unused:
  Module.finrank_pi

Hint: Omit it from the simp argument list.
  [apply] simp [TripleRestrictionRank.Vector, Coord, Nat.mul_comm]

Note: This linter can be disabled with `set_option linter.unusedSimpArgs false`
warning: lean/PvNP/RealizableHardness/ZoomOutIncidence.lean:168:32: Used `tac1 <;> tac2` where `(tac1; tac2)` would suffice

Note: This linter can be disabled with `set_option linter.unnecessarySeqFocus false`
⚠ [3325/3390] Replayed PvNP.RealizableHardness.ZoomOutPosterior
warning: lean/PvNP/RealizableHardness/ZoomOutPosterior.lean:73:12: Used `tac1 <;> tac2` where `(tac1; tac2)` would suffice

Note: This linter can be disabled with `set_option linter.unnecessarySeqFocus false`
warning: lean/PvNP/RealizableHardness/ZoomOutPosterior.lean:252:34: Used `tac1 <;> tac2` where `(tac1; tac2)` would suffice

Note: This linter can be disabled with `set_option linter.unnecessarySeqFocus false`
⚠ [3326/3390] Replayed PvNP.RealizableHardness.ZoomOutTransfer
warning: lean/PvNP/RealizableHardness/ZoomOutTransfer.lean:107:31: This simp argument is unused:
  hb

Hint: Omit it from the simp argument list.
  [apply] simp

Note: This linter can be disabled with `set_option linter.unusedSimpArgs false`
warning: lean/PvNP/RealizableHardness/ZoomOutTransfer.lean:127:27: This simp argument is unused:
  hb

Hint: Omit it from the simp argument list.
  [apply] simp

Note: This linter can be disabled with `set_option linter.unusedSimpArgs false`
warning: lean/PvNP/RealizableHardness/ZoomOutTransfer.lean:123:39: Unused tactic linter: `ring` does nothing

Note: This linter can be disabled with `set_option linter.unusedTactic false`
warning: lean/PvNP/RealizableHardness/ZoomOutTransfer.lean:123:39: this tactic is never executed

Note: This linter can be disabled with `set_option linter.unreachableTactic false`
warning: lean/PvNP/RealizableHardness/ZoomOutTransfer.lean:228:12: Used `tac1 <;> tac2` where `(tac1; tac2)` would suffice

Note: This linter can be disabled with `set_option linter.unnecessarySeqFocus false`
warning: lean/PvNP/RealizableHardness/ZoomOutTransfer.lean:232:12: Used `tac1 <;> tac2` where `(tac1; tac2)` would suffice

Note: This linter can be disabled with `set_option linter.unnecessarySeqFocus false`
⚠ [3327/3390] Replayed PvNP.RealizableHardness.ZoomOutJoint
warning: lean/PvNP/RealizableHardness/ZoomOutJoint.lean:32:34: This simp argument is unused:
  Bool.true_eq

Hint: Omit it from the simp argument list.
  [apply] simp only [hx, decide_true, ite_true]

Note: This linter can be disabled with `set_option linter.unusedSimpArgs false`
warning: lean/PvNP/RealizableHardness/ZoomOutJoint.lean:71:26: Variable name `hC1` is not explicitly referenced.

Hint: The binding can be removed (if unused) or named `_` (if used implicitly). Alternatively, prefix the name with `_` to silence this warning:
  [apply] _hC1

Note: This linter can be disabled with `set_option linter.unusedVariables false`
warning: lean/PvNP/RealizableHardness/ZoomOutJoint.lean:138:34: This simp argument is unused:
  Bool.true_eq

Hint: Omit it from the simp argument list.
  [apply] simp only [hF, Bool.true_and, ite_true, mass, Finset.mul_sum]

Note: This linter can be disabled with `set_option linter.unusedSimpArgs false`
warning: lean/PvNP/RealizableHardness/ZoomOutJoint.lean:142:12: This simp argument is unused:
  hs

Hint: Omit it from the simp argument list.
  [apply] simp

Note: This linter can be disabled with `set_option linter.unusedSimpArgs false`
warning: lean/PvNP/RealizableHardness/ZoomOutJoint.lean:143:17: This simp argument is unused:
  hs

Hint: Omit it from the simp argument list.
  [apply] simp only [Bool.true_eq, ite_true]

Note: This linter can be disabled with `set_option linter.unusedSimpArgs false`
warning: lean/PvNP/RealizableHardness/ZoomOutJoint.lean:143:21: This simp argument is unused:
  Bool.true_eq

Hint: Omit it from the simp argument list.
  [apply] simp only [hs, ite_true]

Note: This linter can be disabled with `set_option linter.unusedSimpArgs false`
warning: lean/PvNP/RealizableHardness/ZoomOutJoint.lean:175:19: This simp argument is unused:
  Bool.true_eq

Hint: Omit it from the simp argument list.
  [apply] simp only [hF, ite_true]

Note: This linter can be disabled with `set_option linter.unusedSimpArgs false`
⚠ [3328/3390] Replayed PvNP.RealizableHardness.VectorAdvice
warning: lean/PvNP/RealizableHardness/VectorAdvice.lean:98:34: This simp argument is unused:
  ho

Hint: Omit it from the simp argument list.
  [apply] simp

Note: This linter can be disabled with `set_option linter.unusedSimpArgs false`
warning: lean/PvNP/RealizableHardness/VectorAdvice.lean:104:72: This simp argument is unused:
  mul_assoc

Hint: Omit it from the simp argument list.
  [apply] simp [outputLaw, Finset.sum_mul]

Note: This linter can be disabled with `set_option linter.unusedSimpArgs false`
warning: lean/PvNP/RealizableHardness/VectorAdvice.lean:237:29: This simp argument is unused:
  he

Hint: Omit it from the simp argument list.
  [apply] simp [joint]

Note: This linter can be disabled with `set_option linter.unusedSimpArgs false`
⚠ [3329/3390] Replayed PvNP.RealizableHardness.MatrixGrassmannIncidence
warning: lean/PvNP/RealizableHardness/MatrixGrassmannIncidence.lean:25:0: automatically included section variable(s) unused in theorem `PvNP.RealizableHardness.MatrixGrassmannIncidence.snoc_independent_iff`:
  [Fintype V]
consider restructuring your `variable` declarations so that the variables are not in scope or explicitly omit them:
  omit [Fintype V] in theorem ...

Note: This linter can be disabled with `set_option linter.unusedSectionVars false`
warning: lean/PvNP/RealizableHardness/MatrixGrassmannIncidence.lean:31:0: automatically included section variable(s) unused in theorem `PvNP.RealizableHardness.MatrixGrassmannIncidence.dependent_snoc`:
  [Fintype V]
consider restructuring your `variable` declarations so that the variables are not in scope or explicitly omit them:
  omit [Fintype V] in theorem ...

Note: This linter can be disabled with `set_option linter.unusedSectionVars false`
warning: lean/PvNP/RealizableHardness/MatrixGrassmannIncidence.lean:72:6: Try this: 
  letI̵

The goal is a proposition, so `let` is preferred over `letI`.
The difference between `let` and `letI` is that `letI` inlines the value.
But this is not relevant for proofs because of proof irrelevance.

Note: This linter can be disabled with `set_option linter.style.haveILetI false`
warning: lean/PvNP/RealizableHardness/MatrixGrassmannIncidence.lean:93:14: Used `tac1 <;> tac2` where `(tac1; tac2)` would suffice

Note: This linter can be disabled with `set_option linter.unnecessarySeqFocus false`
warning: lean/PvNP/RealizableHardness/MatrixGrassmannIncidence.lean:116:0: automatically included section variable(s) unused in theorem `PvNP.RealizableHardness.MatrixGrassmannIncidence.columns_length`:
  [Fintype V]
consider restructuring your `variable` declarations so that the variables are not in scope or explicitly omit them:
  omit [Fintype V] in theorem ...

Note: This linter can be disabled with `set_option linter.unusedSectionVars false`
warning: lean/PvNP/RealizableHardness/MatrixGrassmannIncidence.lean:124:0: automatically included section variable(s) unused in theorem `PvNP.RealizableHardness.MatrixGrassmannIncidence.columns_injective`:
  [Fintype V]
consider restructuring your `variable` declarations so that the variables are not in scope or explicitly omit them:
  omit [Fintype V] in theorem ...

Note: This linter can be disabled with `set_option linter.unusedSectionVars false`
warning: lean/PvNP/RealizableHardness/MatrixGrassmannIncidence.lean:143:0: automatically included section variable(s) unused in theorem `PvNP.RealizableHardness.MatrixGrassmannIncidence.columns_independent`:
  [Fintype V]
consider restructuring your `variable` declarations so that the variables are not in scope or explicitly omit them:
  omit [Fintype V] in theorem ...

Note: This linter can be disabled with `set_option linter.unusedSectionVars false`
warning: lean/PvNP/RealizableHardness/MatrixGrassmannIncidence.lean:149:0: automatically included section variable(s) unused in theorem `PvNP.RealizableHardness.MatrixGrassmannIncidence.columns_surjective`:
  [Fintype V]
consider restructuring your `variable` declarations so that the variables are not in scope or explicitly omit them:
  omit [Fintype V] in theorem ...

Note: This linter can be disabled with `set_option linter.unusedSectionVars false`
warning: lean/PvNP/RealizableHardness/MatrixGrassmannIncidence.lean:195:0: automatically included section variable(s) unused in theorem `PvNP.RealizableHardness.MatrixGrassmannIncidence.terminal_finrank`:
  [Fintype V]
consider restructuring your `variable` declarations so that the variables are not in scope or explicitly omit them:
  omit [Fintype V] in theorem ...

Note: This linter can be disabled with `set_option linter.unusedSectionVars false`
warning: lean/PvNP/RealizableHardness/MatrixGrassmannIncidence.lean:207:2: try 'simp' instead of 'simpa'

Note: This linter can be disabled with `set_option linter.unnecessarySimpa false`
⚠ [3330/3390] Replayed PvNP.RealizableHardness.MatrixGrassmannMoment
warning: lean/PvNP/RealizableHardness/MatrixGrassmannMoment.lean:29:8: `Set.mem_setOf_eq` has been deprecated: Use `Set.mem_ofPred_eq` instead
warning: lean/PvNP/RealizableHardness/MatrixGrassmannMoment.lean:17:0: automatically included section variable(s) unused in theorem `PvNP.RealizableHardness.MatrixGrassmannMoment.terminalSpan_eq_listSpan`:
  [Fintype V]
consider restructuring your `variable` declarations so that the variables are not in scope or explicitly omit them:
  omit [Fintype V] in theorem ...

Note: This linter can be disabled with `set_option linter.unusedSectionVars false`
warning: lean/PvNP/RealizableHardness/MatrixGrassmannMoment.lean:35:0: automatically included section variable(s) unused in theorem `PvNP.RealizableHardness.MatrixGrassmannMoment.ofFn_arrayOfList`:
  [AddCommGroup V]
  [Module (ZMod 2) V]
  [Fintype V]
consider restructuring your `variable` declarations so that the variables are not in scope or explicitly omit them:
  omit [AddCommGroup V] [Module (ZMod 2) V] [Fintype V] in theorem ...

Note: This linter can be disabled with `set_option linter.unusedSectionVars false`
warning: lean/PvNP/RealizableHardness/MatrixGrassmannMoment.lean:84:19: `Set.mem_setOf_eq` has been deprecated: Use `Set.mem_ofPred_eq` instead
warning: lean/PvNP/RealizableHardness/MatrixGrassmannMoment.lean:77:0: automatically included section variable(s) unused in theorem `PvNP.RealizableHardness.MatrixGrassmannMoment.concatenate_span`:
  [Fintype V]
consider restructuring your `variable` declarations so that the variables are not in scope or explicitly omit them:
  omit [Fintype V] in theorem ...

Note: This linter can be disabled with `set_option linter.unusedSectionVars false`
⚠ [3331/3390] Replayed PvNP.RealizableHardness.MatrixGrassmannFibre
warning: lean/PvNP/RealizableHardness/MatrixGrassmannFibre.lean:42:0: automatically included section variable(s) unused in theorem `PvNP.RealizableHardness.MatrixGrassmannFibre.reanchor_columns`:
  [AddCommGroup V]
  [Module (ZMod 2) V]
  [Fintype V]
consider restructuring your `variable` declarations so that the variables are not in scope or explicitly omit them:
  omit [AddCommGroup V] [Module (ZMod 2) V] [Fintype V] in theorem ...

Note: This linter can be disabled with `set_option linter.unusedSectionVars false`
warning: lean/PvNP/RealizableHardness/MatrixGrassmannFibre.lean:49:27: This simp argument is unused:
  Function.comp_def

Hint: Omit it from the simp argument list.
  [apply] simp [concatenate]

Note: This linter can be disabled with `set_option linter.unusedSimpArgs false`
warning: lean/PvNP/RealizableHardness/MatrixGrassmannFibre.lean:50:27: This simp argument is unused:
  Function.comp_def

Hint: Omit it from the simp argument list.
  [apply] simp [concatenate]

Note: This linter can be disabled with `set_option linter.unusedSimpArgs false`
warning: lean/PvNP/RealizableHardness/MatrixGrassmannFibre.lean:51:32: This simp argument is unused:
  Function.comp_def

Hint: Omit it from the simp argument list.
  [apply] simp [concatenate, Fin.tail]

Note: This linter can be disabled with `set_option linter.unusedSimpArgs false`
warning: lean/PvNP/RealizableHardness/MatrixGrassmannFibre.lean:131:0: automatically included section variable(s) unused in theorem `PvNP.RealizableHardness.MatrixGrassmannFibre.fibre_column_mem`:
  [Fintype V]
consider restructuring your `variable` declarations so that the variables are not in scope or explicitly omit them:
  omit [Fintype V] in theorem ...

Note: This linter can be disabled with `set_option linter.unusedSectionVars false`
⚠ [3332/3390] Replayed PvNP.RealizableHardness.MatrixGrassmannIdentity
warning: lean/PvNP/RealizableHardness/MatrixGrassmannIdentity.lean:140:0: automatically included section variable(s) unused in theorem `PvNP.RealizableHardness.MatrixGrassmannIdentity.rawF_deficient`:
  [Fintype V]
consider restructuring your `variable` declarations so that the variables are not in scope or explicitly omit them:
  omit [Fintype V] in theorem ...

Note: This linter can be disabled with `set_option linter.unusedSectionVars false`
warning: lean/PvNP/RealizableHardness/MatrixGrassmannIdentity.lean:208:10: `dif_pos` has been deprecated: Use `dite_eq_left` instead
warning: lean/PvNP/RealizableHardness/MatrixGrassmannIdentity.lean:268:4: `mul_le_one₀` has been deprecated: No replacement, use constituent lemmas from proof.
warning: lean/PvNP/RealizableHardness/MatrixGrassmannIdentity.lean:367:8: `if_neg` has been deprecated: Use `ite_eq_right` instead
⚠ [3333/3390] Replayed PvNP.RealizableHardness.ActualFixedFunctionalStarMoment
warning: lean/PvNP/RealizableHardness/ActualFixedFunctionalStarMoment.lean:32:0: automatically included section variable(s) unused in theorem `PvNP.RealizableHardness.ActualFixedFunctionalStarMoment.matchesStar_iff_bits`:
  [Fintype V]
consider restructuring your `variable` declarations so that the variables are not in scope or explicitly omit them:
  omit [Fintype V] in theorem ...

Note: This linter can be disabled with `set_option linter.unusedSectionVars false`
warning: lean/PvNP/RealizableHardness/ActualFixedFunctionalStarMoment.lean:55:12: `if_neg` has been deprecated: Use `ite_eq_right` instead
warning: lean/PvNP/RealizableHardness/ActualFixedFunctionalStarMoment.lean:117:17: `if_pos` has been deprecated: Use `ite_eq_left` instead
warning: lean/PvNP/RealizableHardness/ActualFixedFunctionalStarMoment.lean:104:65: This simp argument is unused:
  one_div_pow

Hint: Omit it from the simp argument list.
  [apply] simp [Finset.prod_const, Finset.card_univ, Fintype.card_fin]

Note: This linter can be disabled with `set_option linter.unusedSimpArgs false`
⚠ [3334/3390] Replayed PvNP.RealizableHardness.BinaryMatrixFourier
warning: lean/PvNP/RealizableHardness/BinaryMatrixFourier.lean:126:8: `if_pos` has been deprecated: Use `ite_eq_left` instead
warning: lean/PvNP/RealizableHardness/BinaryMatrixFourier.lean:132:8: `if_neg` has been deprecated: Use `ite_eq_right` instead
⚠ [3336/3390] Replayed PvNP.RealizableHardness.MatrixGrassmannIntersectingAnchor
warning: lean/PvNP/RealizableHardness/MatrixGrassmannIntersectingAnchor.lean:14:0: automatically included section variable(s) unused in theorem `PvNP.RealizableHardness.MatrixGrassmannIntersectingAnchor.anchor_sup_lift_inf`:
  [Fintype V]
consider restructuring your `variable` declarations so that the variables are not in scope or explicitly omit them:
  omit [Fintype V] in theorem ...

Note: This linter can be disabled with `set_option linter.unusedSectionVars false`
warning: lean/PvNP/RealizableHardness/MatrixGrassmannIntersectingAnchor.lean:22:0: automatically included section variable(s) unused in theorem `PvNP.RealizableHardness.MatrixGrassmannIntersectingAnchor.anchor_inf_sampled`:
  [Fintype V]
consider restructuring your `variable` declarations so that the variables are not in scope or explicitly omit them:
  omit [Fintype V] in theorem ...

Note: This linter can be disabled with `set_option linter.unusedSectionVars false`
warning: lean/PvNP/RealizableHardness/MatrixGrassmannIntersectingAnchor.lean:37:0: automatically included section variable(s) unused in theorem `PvNP.RealizableHardness.MatrixGrassmannIntersectingAnchor.span_concatenate`:
  [Fintype V]
consider restructuring your `variable` declarations so that the variables are not in scope or explicitly omit them:
  omit [Fintype V] in theorem ...

Note: This linter can be disabled with `set_option linter.unusedSectionVars false`
warning: lean/PvNP/RealizableHardness/MatrixGrassmannIntersectingAnchor.lean:44:36: This simp argument is unused:
  Sum.exists

Hint: Omit it from the simp argument list.
  [apply] simp [concatenate, Set.mem_range]

Note: This linter can be disabled with `set_option linter.unusedSimpArgs false`
warning: lean/PvNP/RealizableHardness/MatrixGrassmannIntersectingAnchor.lean:218:2: Try this: 
  letI̵

The goal is a proposition, so `let` is preferred over `letI`.
The difference between `let` and `letI` is that `letI` inlines the value.
But this is not relevant for proofs because of proof irrelevance.

Note: This linter can be disabled with `set_option linter.style.haveILetI false`
warning: lean/PvNP/RealizableHardness/MatrixGrassmannIntersectingAnchor.lean:336:26: `dif_pos` has been deprecated: Use `dite_eq_left` instead
⚠ [3337/3390] Replayed PvNP.RealizableHardness.MatrixLiftAffineTarget
warning: lean/PvNP/RealizableHardness/MatrixLiftAffineTarget.lean:30:0: automatically included section variable(s) unused in theorem `PvNP.RealizableHardness.MatrixLiftAffineTarget.liftScore_eq_homLiftTest`:
  [Fintype V]
consider restructuring your `variable` declarations so that the variables are not in scope or explicitly omit them:
  omit [Fintype V] in theorem ...

Note: This linter can be disabled with `set_option linter.unusedSectionVars false`
warning: lean/PvNP/RealizableHardness/MatrixLiftAffineTarget.lean:44:8: automatically included section variable(s) unused in theorem `_private.PvNP.RealizableHardness.MatrixLiftAffineTarget.0.PvNP.RealizableHardness.MatrixLiftAffineTarget.choosePreimage_spec`:
  [Fintype V]
  [Fintype C]
consider restructuring your `variable` declarations so that the variables are not in scope or explicitly omit them:
  omit [Fintype V] [Fintype C] in theorem ...

Note: This linter can be disabled with `set_option linter.unusedSectionVars false`
warning: lean/PvNP/RealizableHardness/MatrixLiftAffineTarget.lean:139:0: automatically included section variable(s) unused in theorem `PvNP.RealizableHardness.MatrixLiftAffineTarget.columnLinear_rowTarget`:
  [Fintype V]
  [Fintype C]
consider restructuring your `variable` declarations so that the variables are not in scope or explicitly omit them:
  omit [Fintype V] [Fintype C] in theorem ...

Note: This linter can be disabled with `set_option linter.unusedSectionVars false`
warning: lean/PvNP/RealizableHardness/MatrixLiftAffineTarget.lean:178:8: automatically included section variable(s) unused in theorem `_private.PvNP.RealizableHardness.MatrixLiftAffineTarget.0.PvNP.RealizableHardness.MatrixLiftAffineTarget.span_concatenate`:
  [Fintype V]
consider restructuring your `variable` declarations so that the variables are not in scope or explicitly omit them:
  omit [Fintype V] in theorem ...

Note: This linter can be disabled with `set_option linter.unusedSectionVars false`
warning: lean/PvNP/RealizableHardness/MatrixLiftAffineTarget.lean:185:36: This simp argument is unused:
  Sum.exists

Hint: Omit it from the simp argument list.
  [apply] simp [concatenate, Set.mem_range]

Note: This linter can be disabled with `set_option linter.unusedSimpArgs false`
warning: lean/PvNP/RealizableHardness/MatrixLiftAffineTarget.lean:210:30: `dif_pos` has been deprecated: Use `dite_eq_left` instead
warning: lean/PvNP/RealizableHardness/MatrixLiftAffineTarget.lean:210:41: `dif_pos` has been deprecated: Use `dite_eq_left` instead
warning: lean/PvNP/RealizableHardness/MatrixLiftAffineTarget.lean:215:30: `dif_neg` has been deprecated: Use `dite_eq_right` instead
warning: lean/PvNP/RealizableHardness/MatrixLiftAffineTarget.lean:215:41: `dif_neg` has been deprecated: Use `dite_eq_right` instead
warning: lean/PvNP/RealizableHardness/MatrixLiftAffineTarget.lean:217:0: automatically included section variable(s) unused in theorem `PvNP.RealizableHardness.MatrixLiftAffineTarget.columnLinear_val`:
  [Fintype V]
consider restructuring your `variable` declarations so that the variables are not in scope or explicitly omit them:
  omit [Fintype V] in theorem ...

Note: This linter can be disabled with `set_option linter.unusedSectionVars false`
warning: lean/PvNP/RealizableHardness/MatrixLiftAffineTarget.lean:283:0: automatically included section variable(s) unused in theorem `PvNP.RealizableHardness.MatrixLiftAffineTarget.surjective_target_orbit`:
  [Fintype C]
consider restructuring your `variable` declarations so that the variables are not in scope or explicitly omit them:
  omit [Fintype C] in theorem ...

Note: This linter can be disabled with `set_option linter.unusedSectionVars false`
warning: lean/PvNP/RealizableHardness/MatrixLiftAffineTarget.lean:377:0: automatically included section variable(s) unused in theorem `PvNP.RealizableHardness.MatrixLiftAffineTarget.targetScoreSum_nonneg`:
  [Fintype C]
consider restructuring your `variable` declarations so that the variables are not in scope or explicitly omit them:
  omit [Fintype C] in theorem ...

Note: This linter can be disabled with `set_option linter.unusedSectionVars false`
⚠ [3338/3390] Replayed PvNP.RealizableHardness.MatrixFullRowRankHalf
warning: lean/PvNP/RealizableHardness/MatrixFullRowRankHalf.lean:184:10: This simp argument is unused:
  Fintype.card_fun

Hint: Omit it from the simp argument list.
  [apply] simp [pow_mul, Nat.mul_comm]

Note: This linter can be disabled with `set_option linter.unusedSimpArgs false`
warning: lean/PvNP/RealizableHardness/MatrixFullRowRankHalf.lean:192:4: Unused tactic linter: `change
  ((2 ^ (k * c) : ℕ) : ℝ) < 2 * (((∏ i : Fin c, (2 ^ k - 2 ^ (i : ℕ))) : ℕ) : ℝ)` does nothing

Note: This linter can be disabled with `set_option linter.unusedTactic false`
⚠ [3339/3390] Replayed PvNP.RealizableHardness.MatrixLiftFullRowRankBridge
warning: lean/PvNP/RealizableHardness/MatrixLiftFullRowRankBridge.lean:18:0: automatically included section variable(s) unused in theorem `PvNP.RealizableHardness.MatrixLiftFullRowRankBridge.residual_row_surjective`:
  [Fintype V]
consider restructuring your `variable` declarations so that the variables are not in scope or explicitly omit them:
  omit [Fintype V] in theorem ...

Note: This linter can be disabled with `set_option linter.unusedSectionVars false`
⚠ [3340/3390] Replayed PvNP.RealizableHardness.MatrixLiftLeftRowNormalForm
warning: lean/PvNP/RealizableHardness/MatrixLiftLeftRowNormalForm.lean:49:4: Unused tactic linter: `change (targetSpan B).mkQ y.val = 0` does nothing

Note: This linter can be disabled with `set_option linter.unusedTactic false`
warning: lean/PvNP/RealizableHardness/MatrixLiftLeftRowNormalForm.lean:145:0: automatically included section variable(s) unused in theorem `PvNP.RealizableHardness.MatrixLiftLeftRowNormalForm.rawNormalized_score_eq`:
  [Fintype V]
consider restructuring your `variable` declarations so that the variables are not in scope or explicitly omit them:
  omit [Fintype V] in theorem ...

Note: This linter can be disabled with `set_option linter.unusedSectionVars false`
⚠ [3341/3390] Replayed PvNP.RealizableHardness.MatrixLiftExactBudgetZoom
warning: lean/PvNP/RealizableHardness/MatrixLiftExactBudgetZoom.lean:99:29: Variable name `R` is not explicitly referenced.

Hint: The binding can be removed (if unused) or named `_` (if used implicitly). Alternatively, prefix the name with `_` to silence this warning:
  [apply] _R

Note: This linter can be disabled with `set_option linter.unusedVariables false`
warning: lean/PvNP/RealizableHardness/MatrixLiftExactBudgetZoom.lean:179:6: Try this: 
  haveI̵

The goal is a proposition, so `have` is preferred over `haveI`.
The difference between `have` and `haveI` is that `haveI` inlines the value.
But this is not relevant for proofs because of proof irrelevance.

Note: This linter can be disabled with `set_option linter.style.haveILetI false`
warning: lean/PvNP/RealizableHardness/MatrixLiftExactBudgetZoom.lean:164:33: Variable name `he` is not explicitly referenced.

Hint: The binding can be removed (if unused) or named `_` (if used implicitly). Alternatively, prefix the name with `_` to silence this warning:
  [apply] _he

Note: This linter can be disabled with `set_option linter.unusedVariables false`
warning: lean/PvNP/RealizableHardness/MatrixLiftExactBudgetZoom.lean:194:34: This simp argument is unused:
  mul_left_comm

Hint: Omit it from the simp argument list.
  [apply] simp [mul_comm, mul_assoc]

Note: This linter can be disabled with `set_option linter.unusedSimpArgs false`
⚠ [3343/3390] Replayed PvNP.RealizableHardness.BinaryMatrixHybridSelector
warning: lean/PvNP/RealizableHardness/BinaryMatrixHybridSelector.lean:71:8: `if_pos` has been deprecated: Use `ite_eq_left` instead
warning: lean/PvNP/RealizableHardness/BinaryMatrixHybridSelector.lean:90:8: `if_neg` has been deprecated: Use `ite_eq_right` instead
⚠ [3344/3390] Replayed PvNP.RealizableHardness.BinaryMatrixLineTranslation
warning: lean/PvNP/RealizableHardness/BinaryMatrixLineTranslation.lean:243:4: try 'simp' instead of 'simpa'

Note: This linter can be disabled with `set_option linter.unnecessarySimpa false`
warning: lean/PvNP/RealizableHardness/BinaryMatrixLineTranslation.lean:315:8: `if_neg` has been deprecated: Use `ite_eq_right` instead
warning: lean/PvNP/RealizableHardness/BinaryMatrixLineTranslation.lean:407:15: `if_neg` has been deprecated: Use `ite_eq_right` instead
warning: lean/PvNP/RealizableHardness/BinaryMatrixLineTranslation.lean:433:41: This simp argument is unused:
  s

Hint: Omit it from the simp argument list.
  [apply] simp [hs, hr]

Note: This linter can be disabled with `set_option linter.unusedSimpArgs false`
warning: lean/PvNP/RealizableHardness/BinaryMatrixLineTranslation.lean:555:15: `if_neg` has been deprecated: Use `ite_eq_right` instead
warning: lean/PvNP/RealizableHardness/BinaryMatrixLineTranslation.lean:592:57: This simp argument is unused:
  mul_assoc

Hint: Omit it from the simp argument list.
  [apply] simp [hr, hs]

Note: This linter can be disabled with `set_option linter.unusedSimpArgs false`
⚠ [3345/3390] Replayed PvNP.RealizableHardness.BinaryMatrixLineA14
warning: lean/PvNP/RealizableHardness/BinaryMatrixLineA14.lean:88:8: `if_pos` has been deprecated: Use `ite_eq_left` instead
warning: lean/PvNP/RealizableHardness/BinaryMatrixLineA14.lean:97:8: `if_neg` has been deprecated: Use `ite_eq_right` instead
⚠ [3348/3390] Replayed PvNP.RealizableHardness.MatrixLiftNominalDomain
warning: lean/PvNP/RealizableHardness/MatrixLiftNominalDomain.lean:26:34: This simp argument is unused:
  Submodule.prodEquivOfIsCompl_symm_apply_left

Hint: Omit it from the simp argument list.
  [apply] simp [LinearMap.comp_apply, LinearMap.coprod_apply]

Note: This linter can be disabled with `set_option linter.unusedSimpArgs false`
warning: lean/PvNP/RealizableHardness/MatrixLiftNominalDomain.lean:27:8: This simp argument is unused:
  LinearMap.coprod_apply

Hint: Omit it from the simp argument list.
  [apply] simp [LinearMap.comp_apply, Submodule.prodEquivOfIsCompl_symm_apply_left]

Note: This linter can be disabled with `set_option linter.unusedSimpArgs false`
warning: lean/PvNP/RealizableHardness/MatrixLiftNominalDomain.lean:51:32: This simp argument is unused:
  Submodule.prodEquivOfIsCompl_symm_apply_right

Hint: Omit it from the simp argument list.
  [apply] simp [LinearMap.comp_apply, LinearMap.coprod_apply]

Note: This linter can be disabled with `set_option linter.unusedSimpArgs false`
warning: lean/PvNP/RealizableHardness/MatrixLiftNominalDomain.lean:52:6: This simp argument is unused:
  LinearMap.coprod_apply

Hint: Omit it from the simp argument list.
  [apply] simp [LinearMap.comp_apply, Submodule.prodEquivOfIsCompl_symm_apply_right]

Note: This linter can be disabled with `set_option linter.unusedSimpArgs false`
warning: lean/PvNP/RealizableHardness/MatrixLiftNominalDomain.lean:174:8: `dif_pos` has been deprecated: Use `dite_eq_left` instead
warning: lean/PvNP/RealizableHardness/MatrixLiftNominalDomain.lean:174:22: `dif_pos` has been deprecated: Use `dite_eq_left` instead
warning: lean/PvNP/RealizableHardness/MatrixLiftNominalDomain.lean:179:8: `dif_neg` has been deprecated: Use `dite_eq_right` instead
warning: lean/PvNP/RealizableHardness/MatrixLiftNominalDomain.lean:179:22: `dif_neg` has been deprecated: Use `dite_eq_right` instead
warning: lean/PvNP/RealizableHardness/MatrixLiftNominalDomain.lean:194:20: This simp argument is unused:
  Submodule.prodEquivOfIsCompl_symm_apply_left

Hint: Omit it from the simp argument list.
  [apply] simp [splitBasis]

Note: This linter can be disabled with `set_option linter.unusedSimpArgs false`
warning: lean/PvNP/RealizableHardness/MatrixLiftNominalDomain.lean:201:20: This simp argument is unused:
  Submodule.prodEquivOfIsCompl_symm_apply_right

Hint: Omit it from the simp argument list.
  [apply] simp [splitBasis]

Note: This linter can be disabled with `set_option linter.unusedSimpArgs false`
warning: lean/PvNP/RealizableHardness/MatrixLiftNominalDomain.lean:254:10: This simp argument is unused:
  Submodule.coe_prodEquivOfIsCompl'

Hint: Omit it from the simp argument list.
  [apply] simp only [LinearMap.coprod_apply, LinearMap.comp_apply, map_add]

Note: This linter can be disabled with `set_option linter.unusedSimpArgs false`
warning: lean/PvNP/RealizableHardness/MatrixLiftNominalDomain.lean:491:16: `dif_pos` has been deprecated: Use `dite_eq_left` instead
warning: lean/PvNP/RealizableHardness/MatrixLiftNominalDomain.lean:492:16: `dif_neg` has been deprecated: Use `dite_eq_right` instead
⚠ [3351/3390] Replayed PvNP.RealizableHardness.ActualSelectedComplementAppendMoment
warning: lean/PvNP/RealizableHardness/ActualSelectedComplementAppendMoment.lean:143:13: Variable name `hsum` is not explicitly referenced.

Hint: The binding can be removed (if unused) or named `_` (if used implicitly). Alternatively, prefix the name with `_` to silence this warning:
  [apply] _hsum

Note: This linter can be disabled with `set_option linter.unusedVariables false`
warning: lean/PvNP/RealizableHardness/ActualSelectedComplementAppendMoment.lean:144:13: Variable name `hbudget` is not explicitly referenced.

Hint: The binding can be removed (if unused) or named `_` (if used implicitly). Alternatively, prefix the name with `_` to silence this warning:
  [apply] _hbudget

Note: This linter can be disabled with `set_option linter.unusedVariables false`
warning: lean/PvNP/RealizableHardness/ActualSelectedComplementAppendMoment.lean:243:13: Variable name `hsum` is not explicitly referenced.

Hint: The binding can be removed (if unused) or named `_` (if used implicitly). Alternatively, prefix the name with `_` to silence this warning:
  [apply] _hsum

Note: This linter can be disabled with `set_option linter.unusedVariables false`
warning: lean/PvNP/RealizableHardness/ActualSelectedComplementAppendMoment.lean:244:13: Variable name `hbudget` is not explicitly referenced.

Hint: The binding can be removed (if unused) or named `_` (if used implicitly). Alternatively, prefix the name with `_` to silence this warning:
  [apply] _hbudget

Note: This linter can be disabled with `set_option linter.unusedVariables false`
⚠ [3352/3390] Replayed PvNP.RealizableHardness.ActualSelectedSpectralParameters
warning: lean/PvNP/RealizableHardness/ActualSelectedSpectralParameters.lean:109:8: Unused tactic linter: `ring` does nothing

Note: This linter can be disabled with `set_option linter.unusedTactic false`
warning: lean/PvNP/RealizableHardness/ActualSelectedSpectralParameters.lean:109:8: this tactic is never executed

Note: This linter can be disabled with `set_option linter.unreachableTactic false`
⚠ [3353/3390] Replayed PvNP.RealizableHardness.ActualFixedFunctionalMatrixLift
warning: lean/PvNP/RealizableHardness/ActualFixedFunctionalMatrixLift.lean:39:2: Try this: 
  letI̵

The goal is a proposition, so `let` is preferred over `letI`.
The difference between `let` and `letI` is that `letI` inlines the value.
But this is not relevant for proofs because of proof irrelevance.

Note: This linter can be disabled with `set_option linter.style.haveILetI false`
warning: lean/PvNP/RealizableHardness/ActualFixedFunctionalMatrixLift.lean:68:4: Try this: 
  letI̵

The goal is a proposition, so `let` is preferred over `letI`.
The difference between `let` and `letI` is that `letI` inlines the value.
But this is not relevant for proofs because of proof irrelevance.

Note: This linter can be disabled with `set_option linter.style.haveILetI false`
⚠ [3354/3390] Replayed PvNP.RealizableHardness.ActualRankImageRightBasisInvariance
warning: lean/PvNP/RealizableHardness/ActualRankImageRightBasisInvariance.lean:85:33: `dif_pos` has been deprecated: Use `dite_eq_left` instead
warning: lean/PvNP/RealizableHardness/ActualRankImageRightBasisInvariance.lean:85:46: `dif_pos` has been deprecated: Use `dite_eq_left` instead
warning: lean/PvNP/RealizableHardness/ActualRankImageRightBasisInvariance.lean:90:33: `dif_neg` has been deprecated: Use `dite_eq_right` instead
warning: lean/PvNP/RealizableHardness/ActualRankImageRightBasisInvariance.lean:90:46: `dif_neg` has been deprecated: Use `dite_eq_right` instead
⚠ [3357/3390] Replayed PvNP.RealizableHardness.ActualFiniteMomentLpBounds
warning: lean/PvNP/RealizableHardness/ActualFiniteMomentLpBounds.lean:22:50: Variable name `hp` is not explicitly referenced.

Hint: The binding can be removed (if unused) or named `_` (if used implicitly). Alternatively, prefix the name with `_` to silence this warning:
  [apply] _hp

Note: This linter can be disabled with `set_option linter.unusedVariables false`
warning: lean/PvNP/RealizableHardness/ActualFiniteMomentLpBounds.lean:144:49: This simp argument is unused:
  hroot

Hint: Omit it from the simp argument list.
  [apply] simp [lpNorm, lpMoment, uniformMean, hpne]

Note: This linter can be disabled with `set_option linter.unusedSimpArgs false`
⚠ [3358/3390] Replayed PvNP.RealizableHardness.ActualSelectedComplementAnalyticMoment
warning: lean/PvNP/RealizableHardness/ActualSelectedComplementAnalyticMoment.lean:36:38: Variable name `hEven` is not explicitly referenced.

Hint: The binding can be removed (if unused) or named `_` (if used implicitly). Alternatively, prefix the name with `_` to silence this warning:
  [apply] _hEven

Note: This linter can be disabled with `set_option linter.unusedVariables false`
warning: lean/PvNP/RealizableHardness/ActualSelectedComplementAnalyticMoment.lean:47:5: Variable name `basisInv` is not explicitly referenced.

Hint: The binding can be removed (if unused) or named `_` (if used implicitly). Alternatively, prefix the name with `_` to silence this warning:
  [apply] _basisInv

Note: This linter can be disabled with `set_option linter.unusedVariables false`
warning: lean/PvNP/RealizableHardness/ActualSelectedComplementAnalyticMoment.lean:49:5: Variable name `hEven` is not explicitly referenced.

Hint: The binding can be removed (if unused) or named `_` (if used implicitly). Alternatively, prefix the name with `_` to silence this warning:
  [apply] _hEven

Note: This linter can be disabled with `set_option linter.unusedVariables false`
warning: lean/PvNP/RealizableHardness/ActualSelectedComplementAnalyticMoment.lean:49:29: Variable name `hi` is not explicitly referenced.

Hint: The binding can be removed (if unused) or named `_` (if used implicitly). Alternatively, prefix the name with `_` to silence this warning:
  [apply] _hi

Note: This linter can be disabled with `set_option linter.unusedVariables false`
warning: lean/PvNP/RealizableHardness/ActualSelectedComplementAnalyticMoment.lean:50:5: Variable name `hRho` is not explicitly referenced.

Hint: The binding can be removed (if unused) or named `_` (if used implicitly). Alternatively, prefix the name with `_` to silence this warning:
  [apply] _hRho

Note: This linter can be disabled with `set_option linter.unusedVariables false`
warning: lean/PvNP/RealizableHardness/ActualSelectedComplementAnalyticMoment.lean:51:5: Variable name `hc` is not explicitly referenced.

Hint: The binding can be removed (if unused) or named `_` (if used implicitly). Alternatively, prefix the name with `_` to silence this warning:
  [apply] _hc

Note: This linter can be disabled with `set_option linter.unusedVariables false`
warning: lean/PvNP/RealizableHardness/ActualSelectedComplementAnalyticMoment.lean:52:5: Variable name `hs` is not explicitly referenced.

Hint: The binding can be removed (if unused) or named `_` (if used implicitly). Alternatively, prefix the name with `_` to silence this warning:
  [apply] _hs

Note: This linter can be disabled with `set_option linter.unusedVariables false`
warning: lean/PvNP/RealizableHardness/ActualSelectedComplementAnalyticMoment.lean:53:5: Variable name `hHeight` is not explicitly referenced.

Hint: The binding can be removed (if unused) or named `_` (if used implicitly). Alternatively, prefix the name with `_` to silence this warning:
  [apply] _hHeight

Note: This linter can be disabled with `set_option linter.unusedVariables false`
warning: lean/PvNP/RealizableHardness/ActualSelectedComplementAnalyticMoment.lean:166:16: This simp argument is unused:
  hrank

Hint: Omit it from the simp argument list.
  [apply] simp

Note: This linter can be disabled with `set_option linter.unusedSimpArgs false`
warning: lean/PvNP/RealizableHardness/ActualSelectedComplementAnalyticMoment.lean:241:46: Variable name `hC` is not explicitly referenced.

Hint: The binding can be removed (if unused) or named `_` (if used implicitly). Alternatively, prefix the name with `_` to silence this warning:
  [apply] _hC

Note: This linter can be disabled with `set_option linter.unusedVariables false`
warning: lean/PvNP/RealizableHardness/ActualSelectedComplementAnalyticMoment.lean:512:46: this tactic is never executed

Note: This linter can be disabled with `set_option linter.unreachableTactic false`
warning: lean/PvNP/RealizableHardness/ActualSelectedComplementAnalyticMoment.lean:512:46: Unused tactic linter: `ring` does nothing

Note: This linter can be disabled with `set_option linter.unusedTactic false`
warning: lean/PvNP/RealizableHardness/ActualSelectedComplementAnalyticMoment.lean:582:2: Try this: 
  letI̵

The goal is a proposition, so `let` is preferred over `letI`.
The difference between `let` and `letI` is that `letI` inlines the value.
But this is not relevant for proofs because of proof irrelevance.

Note: This linter can be disabled with `set_option linter.style.haveILetI false`
warning: lean/PvNP/RealizableHardness/ActualSelectedComplementAnalyticMoment.lean:599:6: This simp argument is unused:
  Module.finrank_pi

Hint: Omit it from the simp argument list.
  [apply] simp [ActualFixedFunctionalBinaryMatrixMoment.CoordinateAmbient]

Note: This linter can be disabled with `set_option linter.unusedSimpArgs false`
warning: lean/PvNP/RealizableHardness/ActualSelectedComplementAnalyticMoment.lean:906:46: Used `tac1 <;> tac2` where `(tac1; tac2)` would suffice

Note: This linter can be disabled with `set_option linter.unnecessarySeqFocus false`
warning: lean/PvNP/RealizableHardness/ActualSelectedComplementAnalyticMoment.lean:1117:6: This simp argument is unused:
  centerMatchBit

Hint: Omit it from the simp argument list.
  [apply] simp [ActualOrdinaryStarMatchingFiber.MatchesStar, T0, leafMatchBit]

Note: This linter can be disabled with `set_option linter.unusedSimpArgs false`
warning: lean/PvNP/RealizableHardness/ActualSelectedComplementAnalyticMoment.lean:1117:22: This simp argument is unused:
  leafMatchBit

Hint: Omit it from the simp argument list.
  [apply] simp [ActualOrdinaryStarMatchingFiber.MatchesStar, T0, centerMatchBit]

Note: This linter can be disabled with `set_option linter.unusedSimpArgs false`
⚠ [3359/3390] Replayed PvNP.RealizableHardness.ActualMZ24PhaseARestrictionSupport
warning: lean/PvNP/RealizableHardness/ActualMZ24PhaseARestrictionSupport.lean:27:0: automatically included section variable(s) unused in theorem `PvNP.RealizableHardness.ActualMZ24PhaseARestrictionSupport.flattenCarrier_subset`:
  [Fintype I]
consider restructuring your `variable` declarations so that the variables are not in scope or explicitly omit them:
  omit [Fintype I] in theorem ...

Note: This linter can be disabled with `set_option linter.unusedSectionVars false`
warning: lean/PvNP/RealizableHardness/ActualMZ24PhaseARestrictionSupport.lean:33:0: automatically included section variable(s) unused in theorem `PvNP.RealizableHardness.ActualMZ24PhaseARestrictionSupport.flattenCarrier_card`:
  [Fintype I]
consider restructuring your `variable` declarations so that the variables are not in scope or explicitly omit them:
  omit [Fintype I] in theorem ...

Note: This linter can be disabled with `set_option linter.unusedSectionVars false`
warning: lean/PvNP/RealizableHardness/ActualMZ24PhaseARestrictionSupport.lean:37:0: automatically included section variable(s) unused in theorem `PvNP.RealizableHardness.ActualMZ24PhaseARestrictionSupport.flattenCarrier_nonempty_iff`:
  [Fintype I]
consider restructuring your `variable` declarations so that the variables are not in scope or explicitly omit them:
  omit [Fintype I] in theorem ...

Note: This linter can be disabled with `set_option linter.unusedSectionVars false`
warning: lean/PvNP/RealizableHardness/ActualMZ24PhaseARestrictionSupport.lean:65:0: automatically included section variable(s) unused in theorem `PvNP.RealizableHardness.ActualMZ24PhaseARestrictionSupport.flattenCarrierEquiv_original_value`:
  [Fintype I]
consider restructuring your `variable` declarations so that the variables are not in scope or explicitly omit them:
  omit [Fintype I] in theorem ...

Note: This linter can be disabled with `set_option linter.unusedSectionVars false`
warning: lean/PvNP/RealizableHardness/ActualMZ24PhaseARestrictionSupport.lean:78:0: automatically included section variable(s) unused in theorem `PvNP.RealizableHardness.ActualMZ24PhaseARestrictionSupport.flattenCarrierEquiv_card`:
  [Fintype I]
consider restructuring your `variable` declarations so that the variables are not in scope or explicitly omit them:
  omit [Fintype I] in theorem ...

Note: This linter can be disabled with `set_option linter.unusedSectionVars false`
warning: lean/PvNP/RealizableHardness/ActualMZ24PhaseARestrictionSupport.lean:93:0: automatically included section variable(s) unused in theorem `PvNP.RealizableHardness.ActualMZ24PhaseARestrictionSupport.nestedAmbient_le`:
  [Fintype V]
consider restructuring your `variable` declarations so that the variables are not in scope or explicitly omit them:
  omit [Fintype V] in theorem ...

Note: This linter can be disabled with `set_option linter.unusedSectionVars false`
warning: lean/PvNP/RealizableHardness/ActualMZ24PhaseARestrictionSupport.lean:98:0: automatically included section variable(s) unused in theorem `PvNP.RealizableHardness.ActualMZ24PhaseARestrictionSupport.nestedAmbientEquiv_coe`:
  [Fintype V]
consider restructuring your `variable` declarations so that the variables are not in scope or explicitly omit them:
  omit [Fintype V] in theorem ...

Note: This linter can be disabled with `set_option linter.unusedSectionVars false`
warning: lean/PvNP/RealizableHardness/ActualMZ24PhaseARestrictionSupport.lean:102:0: automatically included section variable(s) unused in theorem `PvNP.RealizableHardness.ActualMZ24PhaseARestrictionSupport.nestedAmbient_finrank`:
  [Fintype V]
consider restructuring your `variable` declarations so that the variables are not in scope or explicitly omit them:
  omit [Fintype V] in theorem ...

Note: This linter can be disabled with `set_option linter.unusedSectionVars false`
warning: lean/PvNP/RealizableHardness/ActualMZ24PhaseARestrictionSupport.lean:118:52: Variable name `hAE` is not explicitly referenced.

Hint: The binding can be removed (if unused) or named `_` (if used implicitly). Alternatively, prefix the name with `_` to silence this warning:
  [apply] _hAE

Note: This linter can be disabled with `set_option linter.unusedVariables false`
warning: lean/PvNP/RealizableHardness/ActualMZ24PhaseARestrictionSupport.lean:121:0: automatically included section variable(s) unused in theorem `PvNP.RealizableHardness.ActualMZ24PhaseARestrictionSupport.restrictToAmbient_map_recovery`:
  [Fintype V]
consider restructuring your `variable` declarations so that the variables are not in scope or explicitly omit them:
  omit [Fintype V] in theorem ...

Note: This linter can be disabled with `set_option linter.unusedSectionVars false`
warning: lean/PvNP/RealizableHardness/ActualMZ24PhaseARestrictionSupport.lean:146:0: automatically included section variable(s) unused in theorem `PvNP.RealizableHardness.ActualMZ24PhaseARestrictionSupport.restrictToAmbient_mono`:
  [Fintype V]
consider restructuring your `variable` declarations so that the variables are not in scope or explicitly omit them:
  omit [Fintype V] in theorem ...

Note: This linter can be disabled with `set_option linter.unusedSectionVars false`
warning: lean/PvNP/RealizableHardness/ActualMZ24PhaseARestrictionSupport.lean:157:0: automatically included section variable(s) unused in theorem `PvNP.RealizableHardness.ActualMZ24PhaseARestrictionSupport.restrictFamily_map_recovery`:
  [Fintype I]
consider restructuring your `variable` declarations so that the variables are not in scope or explicitly omit them:
  omit [Fintype I] in theorem ...

Note: This linter can be disabled with `set_option linter.unusedSectionVars false`
warning: lean/PvNP/RealizableHardness/ActualMZ24PhaseARestrictionSupport.lean:162:0: automatically included section variable(s) unused in theorem `PvNP.RealizableHardness.ActualMZ24PhaseARestrictionSupport.restrictFamily_finrank`:
  [Fintype I]
consider restructuring your `variable` declarations so that the variables are not in scope or explicitly omit them:
  omit [Fintype I] in theorem ...

Note: This linter can be disabled with `set_option linter.unusedSectionVars false`
⚠ [3360/3390] Replayed PvNP.RealizableHardness.ActualMZ24TerminalAgreementTransport
warning: lean/PvNP/RealizableHardness/ActualMZ24TerminalAgreementTransport.lean:37:0: automatically included section variable(s) unused in theorem `PvNP.RealizableHardness.ActualMZ24TerminalAgreementTransport.liftQuery_map_apply`:
  [Fintype V]
consider restructuring your `variable` declarations so that the variables are not in scope or explicitly omit them:
  omit [Fintype V] in theorem ...

Note: This linter can be disabled with `set_option linter.unusedSectionVars false`
warning: lean/PvNP/RealizableHardness/ActualMZ24TerminalAgreementTransport.lean:41:0: automatically included section variable(s) unused in theorem `PvNP.RealizableHardness.ActualMZ24TerminalAgreementTransport.restrict_liftQuery`:
  [Fintype V]
consider restructuring your `variable` declarations so that the variables are not in scope or explicitly omit them:
  omit [Fintype V] in theorem ...

Note: This linter can be disabled with `set_option linter.unusedSectionVars false`
warning: lean/PvNP/RealizableHardness/ActualMZ24TerminalAgreementTransport.lean:44:25: Variable name `hy` is not explicitly referenced.

Hint: The binding can be removed (if unused) or named `_` (if used implicitly). Alternatively, prefix the name with `_` to silence this warning:
  [apply] _hy

Note: This linter can be disabled with `set_option linter.unusedVariables false`
warning: lean/PvNP/RealizableHardness/ActualMZ24TerminalAgreementTransport.lean:80:0: automatically included section variable(s) unused in theorem `PvNP.RealizableHardness.ActualMZ24TerminalAgreementTransport.restrictedTable_apply`:
  [Fintype V]
consider restructuring your `variable` declarations so that the variables are not in scope or explicitly omit them:
  omit [Fintype V] in theorem ...

Note: This linter can be disabled with `set_option linter.unusedSectionVars false`
warning: lean/PvNP/RealizableHardness/ActualMZ24TerminalAgreementTransport.lean:129:8: automatically included section variable(s) unused in theorem `_private.PvNP.RealizableHardness.ActualMZ24TerminalAgreementTransport.0.PvNP.RealizableHardness.ActualMZ24TerminalAgreementTransport.restrictedTable_eval_cast`:
  [Fintype V]
consider restructuring your `variable` declarations so that the variables are not in scope or explicitly omit them:
  omit [Fintype V] in theorem ...

Note: This linter can be disabled with `set_option linter.unusedSectionVars false`
warning: lean/PvNP/RealizableHardness/ActualMZ24TerminalAgreementTransport.lean:138:8: automatically included section variable(s) unused in theorem `_private.PvNP.RealizableHardness.ActualMZ24TerminalAgreementTransport.0.PvNP.RealizableHardness.ActualMZ24TerminalAgreementTransport.liftQueryMap_cast_coe`:
  [Fintype V]
consider restructuring your `variable` declarations so that the variables are not in scope or explicitly omit them:
  omit [Fintype V] in theorem ...

Note: This linter can be disabled with `set_option linter.unusedSectionVars false`
⚠ [3361/3390] Replayed PvNP.RealizableHardness.ActualMZ24MaximalTwoGenericSubfamily
warning: lean/PvNP/RealizableHardness/ActualMZ24MaximalTwoGenericSubfamily.lean:35:0: automatically included section variable(s) unused in theorem `PvNP.RealizableHardness.ActualMZ24MaximalTwoGenericSubfamily.pairGeneric_comm`:
  [Fintype V]
  [Fintype I]
consider restructuring your `variable` declarations so that the variables are not in scope or explicitly omit them:
  omit [Fintype V] [Fintype I] in theorem ...

Note: This linter can be disabled with `set_option linter.unusedSectionVars false`
warning: lean/PvNP/RealizableHardness/ActualMZ24MaximalTwoGenericSubfamily.lean:47:0: automatically included section variable(s) unused in theorem `PvNP.RealizableHardness.ActualMZ24MaximalTwoGenericSubfamily.twoGenericOn_iff_pairwise`:
  [Fintype V]
  [Fintype I]
consider restructuring your `variable` declarations so that the variables are not in scope or explicitly omit them:
  omit [Fintype V] [Fintype I] in theorem ...

Note: This linter can be disabled with `set_option linter.unusedSectionVars false`
warning: lean/PvNP/RealizableHardness/ActualMZ24MaximalTwoGenericSubfamily.lean:58:0: automatically included section variable(s) unused in theorem `PvNP.RealizableHardness.ActualMZ24MaximalTwoGenericSubfamily.twoGenericOn_empty`:
  [Fintype V]
  [Fintype I]
consider restructuring your `variable` declarations so that the variables are not in scope or explicitly omit them:
  omit [Fintype V] [Fintype I] in theorem ...

Note: This linter can be disabled with `set_option linter.unusedSectionVars false`
warning: lean/PvNP/RealizableHardness/ActualMZ24MaximalTwoGenericSubfamily.lean:159:0: automatically included section variable(s) unused in theorem `PvNP.RealizableHardness.ActualMZ24MaximalTwoGenericSubfamily.not_insert_twoGenericOn_of_maximum`:
  [Fintype V]
  [Fintype I]
consider restructuring your `variable` declarations so that the variables are not in scope or explicitly omit them:
  omit [Fintype V] [Fintype I] in theorem ...

Note: This linter can be disabled with `set_option linter.unusedSectionVars false`
warning: lean/PvNP/RealizableHardness/ActualMZ24MaximalTwoGenericSubfamily.lean:177:2: `push_neg` has been deprecated. Prefer using `push Not` instead.
If you'd rather continue using `push_neg` in your project, you can implement it as follows:
```
open Lean.Parser.Tactic in
macro "push_neg" cfg:optConfig loc:(location)? : tactic =>
  `(tactic| push $cfg:optConfig Not $[$loc]?)
```
warning: lean/PvNP/RealizableHardness/ActualMZ24MaximalTwoGenericSubfamily.lean:185:0: automatically included section variable(s) unused in theorem `PvNP.RealizableHardness.ActualMZ24MaximalTwoGenericSubfamily.sup_ne_top_of_pair_obstruction`:
  [Fintype I]
consider restructuring your `variable` declarations so that the variables are not in scope or explicitly omit them:
  omit [Fintype I] in theorem ...

Note: This linter can be disabled with `set_option linter.unusedSectionVars false`
⚠ [3363/3390] Replayed PvNP.RealizableHardness.ActualMZ24GenericSubfamilyCover
warning: lean/PvNP/RealizableHardness/ActualMZ24GenericSubfamilyCover.lean:72:0: automatically included section variable(s) unused in theorem `PvNP.RealizableHardness.ActualMZ24GenericSubfamilyCover.ne_top_of_pos_relativeCodim`:
  [Fintype V]
consider restructuring your `variable` declarations so that the variables are not in scope or explicitly omit them:
  omit [Fintype V] in theorem ...

Note: This linter can be disabled with `set_option linter.unusedSectionVars false`
warning: lean/PvNP/RealizableHardness/ActualMZ24GenericSubfamilyCover.lean:161:5: Variable name `hpos` is not explicitly referenced.

Hint: The binding can be removed (if unused) or named `_` (if used implicitly). Alternatively, prefix the name with `_` to silence this warning:
  [apply] _hpos

Note: This linter can be disabled with `set_option linter.unusedVariables false`
warning: lean/PvNP/RealizableHardness/ActualMZ24GenericSubfamilyCover.lean:238:14: Try `simp at hil` instead of `simpa using hil`

Note: This linter can be disabled with `set_option linter.unnecessarySimpa false`
⚠ [3364/3390] Replayed PvNP.RealizableHardness.ActualMZ24GenericSubfamilyStep
warning: lean/PvNP/RealizableHardness/ActualMZ24GenericSubfamilyStep.lean:35:0: automatically included section variable(s) unused in theorem `PvNP.RealizableHardness.ActualMZ24GenericSubfamilyStep.subtypeFamily_injective`:
  [Fintype V]
  [Fintype I]
consider restructuring your `variable` declarations so that the variables are not in scope or explicitly omit them:
  omit [Fintype V] [Fintype I] in theorem ...

Note: This linter can be disabled with `set_option linter.unusedSectionVars false`
⚠ [3365/3390] Replayed PvNP.RealizableHardness.ActualMZ24PhaseAStopping
warning: lean/PvNP/RealizableHardness/ActualMZ24PhaseAStopping.lean:90:39: Variable name `hs` is not explicitly referenced.

Hint: The binding can be removed (if unused) or named `_` (if used implicitly). Alternatively, prefix the name with `_` to silence this warning:
  [apply] _hs

Note: This linter can be disabled with `set_option linter.unusedVariables false`
⚠ [3366/3390] Replayed PvNP.RealizableHardness.ActualMZ24MaximalGenericSubfamily
warning: lean/PvNP/RealizableHardness/ActualMZ24MaximalGenericSubfamily.lean:40:0: automatically included section variable(s) unused in theorem `PvNP.RealizableHardness.ActualMZ24MaximalGenericSubfamily.genericUpToOn_mono`:
  [Fintype V]
  [Fintype I]
consider restructuring your `variable` declarations so that the variables are not in scope or explicitly omit them:
  omit [Fintype V] [Fintype I] in theorem ...

Note: This linter can be disabled with `set_option linter.unusedSectionVars false`
warning: lean/PvNP/RealizableHardness/ActualMZ24MaximalGenericSubfamily.lean:67:4: Try this: 
  letI̵

The goal is a proposition, so `let` is preferred over `letI`.
The difference between `let` and `letI` is that `letI` inlines the value.
But this is not relevant for proofs because of proof irrelevance.

Note: This linter can be disabled with `set_option linter.style.haveILetI false`
warning: lean/PvNP/RealizableHardness/ActualMZ24MaximalGenericSubfamily.lean:107:0: automatically included section variable(s) unused in theorem `PvNP.RealizableHardness.ActualMZ24MaximalGenericSubfamily.genericUpToCandidates_nonempty`:
  [Fintype V]
  [Fintype I]
consider restructuring your `variable` declarations so that the variables are not in scope or explicitly omit them:
  omit [Fintype V] [Fintype I] in theorem ...

Note: This linter can be disabled with `set_option linter.unusedSectionVars false`
warning: lean/PvNP/RealizableHardness/ActualMZ24MaximalGenericSubfamily.lean:151:0: automatically included section variable(s) unused in theorem `PvNP.RealizableHardness.ActualMZ24MaximalGenericSubfamily.not_insert_genericUpToOn_of_maximum`:
  [Fintype V]
  [Fintype I]
consider restructuring your `variable` declarations so that the variables are not in scope or explicitly omit them:
  omit [Fintype V] [Fintype I] in theorem ...

Note: This linter can be disabled with `set_option linter.unusedSectionVars false`
warning: lean/PvNP/RealizableHardness/ActualMZ24MaximalGenericSubfamily.lean:182:2: `push_neg` has been deprecated. Prefer using `push Not` instead.
If you'd rather continue using `push_neg` in your project, you can implement it as follows:
```
open Lean.Parser.Tactic in
macro "push_neg" cfg:optConfig loc:(location)? : tactic =>
  `(tactic| push $cfg:optConfig Not $[$loc]?)
```
warning: lean/PvNP/RealizableHardness/ActualMZ24MaximalGenericSubfamily.lean:249:0: automatically included section variable(s) unused in theorem `PvNP.RealizableHardness.ActualMZ24MaximalGenericSubfamily.familyInter_insert`:
  [Fintype V]
  [Fintype I]
consider restructuring your `variable` declarations so that the variables are not in scope or explicitly omit them:
  omit [Fintype V] [Fintype I] in theorem ...

Note: This linter can be disabled with `set_option linter.unusedSectionVars false`
warning: lean/PvNP/RealizableHardness/ActualMZ24MaximalGenericSubfamily.lean:281:33: try 'simp' instead of 'simpa'

Note: This linter can be disabled with `set_option linter.unnecessarySimpa false`
⚠ [3367/3390] Replayed PvNP.RealizableHardness.ActualMZ24PhaseATypedStep
warning: lean/PvNP/RealizableHardness/ActualMZ24PhaseATypedStep.lean:60:0: automatically included section variable(s) unused in theorem `PvNP.RealizableHardness.ActualMZ24PhaseATypedStep.PhaseAGeometry.family_map_recovery`:
  [Fintype I]
consider restructuring your `variable` declarations so that the variables are not in scope or explicitly omit them:
  omit [Fintype I] in theorem ...

Note: This linter can be disabled with `set_option linter.unusedSectionVars false`
warning: lean/PvNP/RealizableHardness/ActualMZ24PhaseATypedStep.lean:65:0: automatically included section variable(s) unused in theorem `PvNP.RealizableHardness.ActualMZ24PhaseATypedStep.PhaseAGeometry.family_finrank`:
  [Fintype I]
consider restructuring your `variable` declarations so that the variables are not in scope or explicitly omit them:
  omit [Fintype I] in theorem ...

Note: This linter can be disabled with `set_option linter.unusedSectionVars false`
warning: lean/PvNP/RealizableHardness/ActualMZ24PhaseATypedStep.lean:71:0: automatically included section variable(s) unused in theorem `PvNP.RealizableHardness.ActualMZ24PhaseATypedStep.PhaseAGeometry.family_injective`:
  [Fintype I]
consider restructuring your `variable` declarations so that the variables are not in scope or explicitly omit them:
  omit [Fintype I] in theorem ...

Note: This linter can be disabled with `set_option linter.unusedSectionVars false`
warning: lean/PvNP/RealizableHardness/ActualMZ24PhaseATypedStep.lean:80:0: automatically included section variable(s) unused in theorem `PvNP.RealizableHardness.ActualMZ24PhaseATypedStep.PhaseAGeometry.QE_map_recovery`:
  [Fintype I]
consider restructuring your `variable` declarations so that the variables are not in scope or explicitly omit them:
  omit [Fintype I] in theorem ...

Note: This linter can be disabled with `set_option linter.unusedSectionVars false`
warning: lean/PvNP/RealizableHardness/ActualMZ24PhaseATypedStep.lean:83:0: automatically included section variable(s) unused in theorem `PvNP.RealizableHardness.ActualMZ24PhaseATypedStep.PhaseAGeometry.QE_le_family`:
  [Fintype I]
consider restructuring your `variable` declarations so that the variables are not in scope or explicitly omit them:
  omit [Fintype I] in theorem ...

Note: This linter can be disabled with `set_option linter.unusedSectionVars false`
warning: lean/PvNP/RealizableHardness/ActualMZ24PhaseATypedStep.lean:102:0: automatically included section variable(s) unused in theorem `PvNP.RealizableHardness.ActualMZ24PhaseATypedStep.PhaseAGeometry.r_le_c`:
  [Fintype V]
  [Fintype I]
consider restructuring your `variable` declarations so that the variables are not in scope or explicitly omit them:
  omit [Fintype V] [Fintype I] in theorem ...

Note: This linter can be disabled with `set_option linter.unusedSectionVars false`
warning: lean/PvNP/RealizableHardness/ActualMZ24PhaseATypedStep.lean:106:0: automatically included section variable(s) unused in theorem `PvNP.RealizableHardness.ActualMZ24PhaseATypedStep.PhaseAGeometry.s_le_c`:
  [Fintype V]
  [Fintype I]
consider restructuring your `variable` declarations so that the variables are not in scope or explicitly omit them:
  omit [Fintype V] [Fintype I] in theorem ...

Note: This linter can be disabled with `set_option linter.unusedSectionVars false`
warning: lean/PvNP/RealizableHardness/ActualMZ24PhaseATypedStep.lean:110:0: automatically included section variable(s) unused in theorem `PvNP.RealizableHardness.ActualMZ24PhaseATypedStep.PhaseAGeometry.r_eq_c_sub_s`:
  [Fintype V]
  [Fintype I]
consider restructuring your `variable` declarations so that the variables are not in scope or explicitly omit them:
  omit [Fintype V] [Fintype I] in theorem ...

Note: This linter can be disabled with `set_option linter.unusedSectionVars false`
warning: lean/PvNP/RealizableHardness/ActualMZ24PhaseATypedStep.lean:114:0: automatically included section variable(s) unused in theorem `PvNP.RealizableHardness.ActualMZ24PhaseATypedStep.PhaseAGeometry.s_eq_c_sub_r`:
  [Fintype V]
  [Fintype I]
consider restructuring your `variable` declarations so that the variables are not in scope or explicitly omit them:
  omit [Fintype V] [Fintype I] in theorem ...

Note: This linter can be disabled with `set_option linter.unusedSectionVars false`
warning: lean/PvNP/RealizableHardness/ActualMZ24PhaseATypedStep.lean:119:0: automatically included section variable(s) unused in theorem `PvNP.RealizableHardness.ActualMZ24PhaseATypedStep.PhaseAGeometry.originalCodim_le_finrank`:
  [Fintype V]
  [Fintype I]
consider restructuring your `variable` declarations so that the variables are not in scope or explicitly omit them:
  omit [Fintype V] [Fintype I] in theorem ...

Note: This linter can be disabled with `set_option linter.unusedSectionVars false`
warning: lean/PvNP/RealizableHardness/ActualMZ24PhaseATypedStep.lean:127:0: automatically included section variable(s) unused in theorem `PvNP.RealizableHardness.ActualMZ24PhaseATypedStep.PhaseAGeometry.finrank_E_add_c_sub_r`:
  [Fintype V]
  [Fintype I]
consider restructuring your `variable` declarations so that the variables are not in scope or explicitly omit them:
  omit [Fintype V] [Fintype I] in theorem ...

Note: This linter can be disabled with `set_option linter.unusedSectionVars false`
warning: lean/PvNP/RealizableHardness/ActualMZ24PhaseATypedStep.lean:144:0: automatically included section variable(s) unused in theorem `PvNP.RealizableHardness.ActualMZ24PhaseATypedStep.PhaseAGeometry.original_member_le_nested`:
  [Fintype V]
  [Fintype I]
consider restructuring your `variable` declarations so that the variables are not in scope or explicitly omit them:
  omit [Fintype V] [Fintype I] in theorem ...

Note: This linter can be disabled with `set_option linter.unusedSectionVars false`
warning: lean/PvNP/RealizableHardness/ActualMZ24PhaseATypedStep.lean:172:0: automatically included section variable(s) unused in theorem `PvNP.RealizableHardness.ActualMZ24PhaseATypedStep.PhaseAState.root_le_card`:
  [Fintype V]
  [Fintype I]
consider restructuring your `variable` declarations so that the variables are not in scope or explicitly omit them:
  omit [Fintype V] [Fintype I] in theorem ...

Note: This linter can be disabled with `set_option linter.unusedSectionVars false`
warning: lean/PvNP/RealizableHardness/ActualMZ24PhaseATypedStep.lean:265:5: Variable name `hQW` is not explicitly referenced.

Hint: The binding can be removed (if unused) or named `_` (if used implicitly). Alternatively, prefix the name with `_` to silence this warning:
  [apply] _hQW

Note: This linter can be disabled with `set_option linter.unusedVariables false`
warning: lean/PvNP/RealizableHardness/ActualMZ24PhaseATypedStep.lean:266:5: Variable name `hcodim` is not explicitly referenced.

Hint: The binding can be removed (if unused) or named `_` (if used implicitly). Alternatively, prefix the name with `_` to silence this warning:
  [apply] _hcodim

Note: This linter can be disabled with `set_option linter.unusedVariables false`
warning: lean/PvNP/RealizableHardness/ActualMZ24PhaseATypedStep.lean:281:0: automatically included section variable(s) unused in theorem `PvNP.RealizableHardness.ActualMZ24PhaseATypedStep.initialPhaseAState_spec`:
  [Fintype V]
consider restructuring your `variable` declarations so that the variables are not in scope or explicitly omit them:
  omit [Fintype V] in theorem ...

Note: This linter can be disabled with `set_option linter.unusedSectionVars false`
warning: lean/PvNP/RealizableHardness/ActualMZ24PhaseATypedStep.lean:323:0: automatically included section variable(s) unused in theorem `PvNP.RealizableHardness.ActualMZ24PhaseATypedStep.PhaseATerminal.index_card`:
  [Fintype V]
  [Fintype I]
consider restructuring your `variable` declarations so that the variables are not in scope or explicitly omit them:
  omit [Fintype V] [Fintype I] in theorem ...

Note: This linter can be disabled with `set_option linter.unusedSectionVars false`
warning: lean/PvNP/RealizableHardness/ActualMZ24PhaseATypedStep.lean:340:0: automatically included section variable(s) unused in theorem `PvNP.RealizableHardness.ActualMZ24PhaseATypedStep.PhaseATerminal.family_injective`:
  [Fintype I]
consider restructuring your `variable` declarations so that the variables are not in scope or explicitly omit them:
  omit [Fintype I] in theorem ...

Note: This linter can be disabled with `set_option linter.unusedSectionVars false`
warning: lean/PvNP/RealizableHardness/ActualMZ24PhaseATypedStep.lean:354:0: automatically included section variable(s) unused in theorem `PvNP.RealizableHardness.ActualMZ24PhaseATypedStep.PhaseATerminal.phaseA_seed`:
  [Fintype V]
  [Fintype I]
consider restructuring your `variable` declarations so that the variables are not in scope or explicitly omit them:
  omit [Fintype V] [Fintype I] in theorem ...

Note: This linter can be disabled with `set_option linter.unusedSectionVars false`
warning: lean/PvNP/RealizableHardness/ActualMZ24PhaseATypedStep.lean:358:0: automatically included section variable(s) unused in theorem `PvNP.RealizableHardness.ActualMZ24PhaseATypedStep.PhaseATerminal.genericOn_univ`:
  [Fintype V]
  [Fintype I]
consider restructuring your `variable` declarations so that the variables are not in scope or explicitly omit them:
  omit [Fintype V] [Fintype I] in theorem ...

Note: This linter can be disabled with `set_option linter.unusedSectionVars false`
⚠ [3368/3390] Replayed PvNP.RealizableHardness.ActualMZ24PhaseATerminalProducer
warning: lean/PvNP/RealizableHardness/ActualMZ24PhaseATerminalProducer.lean:35:0: automatically included section variable(s) unused in theorem `PvNP.RealizableHardness.ActualMZ24PhaseATerminalProducer.PhaseAGeometry.index_card`:
  [Fintype V]
  [Fintype I]
consider restructuring your `variable` declarations so that the variables are not in scope or explicitly omit them:
  omit [Fintype V] [Fintype I] in theorem ...

Note: This linter can be disabled with `set_option linter.unusedSectionVars false`
warning: lean/PvNP/RealizableHardness/ActualMZ24PhaseATerminalProducer.lean:256:0: automatically included section variable(s) unused in theorem `PvNP.RealizableHardness.ActualMZ24PhaseATerminalProducer.phaseAAdvance_m_one_no_descent`:
  [Fintype I]
consider restructuring your `variable` declarations so that the variables are not in scope or explicitly omit them:
  omit [Fintype I] in theorem ...

Note: This linter can be disabled with `set_option linter.unusedSectionVars false`
warning: lean/PvNP/RealizableHardness/ActualMZ24PhaseATerminalProducer.lean:257:35: Variable name `hroot` is not explicitly referenced.

Hint: The binding can be removed (if unused) or named `_` (if used implicitly). Alternatively, prefix the name with `_` to silence this warning:
  [apply] _hroot

Note: This linter can be disabled with `set_option linter.unusedVariables false`
warning: lean/PvNP/RealizableHardness/ActualMZ24PhaseATerminalProducer.lean:262:21: Variable name `hm_ne_one` is not explicitly referenced.

Hint: The binding can be removed (if unused) or named `_` (if used implicitly). Alternatively, prefix the name with `_` to silence this warning:
  [apply] _hm_ne_one

Note: This linter can be disabled with `set_option linter.unusedVariables false`
⚠ [3369/3390] Replayed PvNP.RealizableHardness.ActualMZ24IntersectionTaggedCount
warning: lean/PvNP/RealizableHardness/ActualMZ24IntersectionTaggedCount.lean:92:0: automatically included section variable(s) unused in theorem `PvNP.RealizableHardness.ActualMZ24IntersectionTaggedCount.exists_exactSelectedJSubset_containing`:
  [Fintype I]
consider restructuring your `variable` declarations so that the variables are not in scope or explicitly omit them:
  omit [Fintype I] in theorem ...

Note: This linter can be disabled with `set_option linter.unusedSectionVars false`
warning: lean/PvNP/RealizableHardness/ActualMZ24IntersectionTaggedCount.lean:148:46: try 'simp' instead of 'simpa'

Note: This linter can be disabled with `set_option linter.unnecessarySimpa false`
warning: lean/PvNP/RealizableHardness/ActualMZ24IntersectionTaggedCount.lean:138:0: automatically included section variable(s) unused in theorem `PvNP.RealizableHardness.ActualMZ24IntersectionTaggedCount.exactSelected_familyInter_relativeCodim`:
  [Fintype V]
  [Fintype I]
consider restructuring your `variable` declarations so that the variables are not in scope or explicitly omit them:
  omit [Fintype V] [Fintype I] in theorem ...

Note: This linter can be disabled with `set_option linter.unusedSectionVars false`
warning: lean/PvNP/RealizableHardness/ActualMZ24IntersectionTaggedCount.lean:326:18: Variable name `hr` is not explicitly referenced.

Hint: The binding can be removed (if unused) or named `_` (if used implicitly). Alternatively, prefix the name with `_` to silence this warning:
  [apply] _hr

Note: This linter can be disabled with `set_option linter.unusedVariables false`
⚠ [3371/3390] Replayed PvNP.RealizableHardness.ActualMZ24PointedSamplingJoin
warning: lean/PvNP/RealizableHardness/ActualMZ24PointedSamplingJoin.lean:72:0: Definition `twoGeneric` is a proposition; use `theorem` instead of `def`

Note: This linter can be disabled with `set_option linter.defProp false`
warning: lean/PvNP/RealizableHardness/ActualMZ24PointedSamplingJoin.lean:75:0: automatically included section variable(s) unused in theorem `PvNP.RealizableHardness.ActualMZ24PointedSamplingJoin.EnlargedPointedFamily.complement_finrank`:
  [Fintype I]
consider restructuring your `variable` declarations so that the variables are not in scope or explicitly omit them:
  omit [Fintype I] in theorem ...

Note: This linter can be disabled with `set_option linter.unusedSectionVars false`
warning: lean/PvNP/RealizableHardness/ActualMZ24PointedSamplingJoin.lean:138:0: automatically included section variable(s) unused in theorem `PvNP.RealizableHardness.ActualMZ24PointedSamplingJoin.EnlargedPointedFamily.lifted_finrank`:
  [Fintype V]
  [Fintype I]
consider restructuring your `variable` declarations so that the variables are not in scope or explicitly omit them:
  omit [Fintype V] [Fintype I] in theorem ...

Note: This linter can be disabled with `set_option linter.unusedSectionVars false`
warning: lean/PvNP/RealizableHardness/ActualMZ24PointedSamplingJoin.lean:169:0: automatically included section variable(s) unused in theorem `PvNP.RealizableHardness.ActualMZ24PointedSamplingJoin.EnlargedPointedFamily.pointed_dimension`:
  [Fintype V]
  [Fintype I]
consider restructuring your `variable` declarations so that the variables are not in scope or explicitly omit them:
  omit [Fintype V] [Fintype I] in theorem ...

Note: This linter can be disabled with `set_option linter.unusedSectionVars false`
warning: lean/PvNP/RealizableHardness/ActualMZ24PointedSamplingJoin.lean:171:0: automatically included section variable(s) unused in theorem `PvNP.RealizableHardness.ActualMZ24PointedSamplingJoin.EnlargedPointedFamily.pointed_subtract_advice`:
  [Fintype V]
  [Fintype I]
consider restructuring your `variable` declarations so that the variables are not in scope or explicitly omit them:
  omit [Fintype V] [Fintype I] in theorem ...

Note: This linter can be disabled with `set_option linter.unusedSectionVars false`
warning: lean/PvNP/RealizableHardness/ActualMZ24PointedSamplingJoin.lean:174:0: automatically included section variable(s) unused in theorem `PvNP.RealizableHardness.ActualMZ24PointedSamplingJoin.EnlargedPointedFamily.pointed_query_dimension`:
  [Fintype V]
  [Fintype I]
consider restructuring your `variable` declarations so that the variables are not in scope or explicitly omit them:
  omit [Fintype V] [Fintype I] in theorem ...

Note: This linter can be disabled with `set_option linter.unusedSectionVars false`
⚠ [3372/3390] Replayed PvNP.RealizableHardness.ActualMZ24PointedSamplingProducer
warning: lean/PvNP/RealizableHardness/ActualMZ24PointedSamplingProducer.lean:117:5: Variable name `hA` is not explicitly referenced.

Hint: The binding can be removed (if unused) or named `_` (if used implicitly). Alternatively, prefix the name with `_` to silence this warning:
  [apply] _hA

Note: This linter can be disabled with `set_option linter.unusedVariables false`
warning: lean/PvNP/RealizableHardness/ActualMZ24PointedSamplingProducer.lean:126:4: This simp argument is unused:
  Module.finrank_pi

Hint: Omit it from the simp argument list.
  [apply] simp [TripleRestrictionRank.Vector, TripleRestrictionRank.Coord]

Note: This linter can be disabled with `set_option linter.unusedSimpArgs false`
⚠ [3373/3390] Replayed PvNP.RealizableHardness.ActualMZ24RetainedSamplingProducer
warning: lean/PvNP/RealizableHardness/ActualMZ24RetainedSamplingProducer.lean:74:5: Variable name `H` is not explicitly referenced.

Hint: The binding can be removed (if unused) or named `_` (if used implicitly). Alternatively, prefix the name with `_` to silence this warning:
  [apply] _H

Note: This linter can be disabled with `set_option linter.unusedVariables false`
⚠ [3374/3390] Replayed PvNP.RealizableHardness.ActualMZ24RetainedGenericExtraction
warning: lean/PvNP/RealizableHardness/ActualMZ24RetainedGenericExtraction.lean:53:8: automatically included section variable(s) unused in theorem `_private.PvNP.RealizableHardness.ActualMZ24RetainedGenericExtraction.0.PvNP.RealizableHardness.ActualMZ24RetainedGenericExtraction.dependentTransport_back`:
  [Fintype V]
consider restructuring your `variable` declarations so that the variables are not in scope or explicitly omit them:
  omit [Fintype V] in theorem ...

Note: This linter can be disabled with `set_option linter.unusedSectionVars false`
warning: lean/PvNP/RealizableHardness/ActualMZ24RetainedGenericExtraction.lean:141:8: `if_pos` has been deprecated: Use `ite_eq_left` instead
warning: lean/PvNP/RealizableHardness/ActualMZ24RetainedGenericExtraction.lean:151:8: `if_neg` has been deprecated: Use `ite_eq_right` instead
warning: lean/PvNP/RealizableHardness/ActualMZ24RetainedGenericExtraction.lean:149:12: This simp argument is unused:
  uniformLaw_apply

Hint: Omit it from the simp argument list.
  [apply] simp [hyx]

Note: This linter can be disabled with `set_option linter.unusedSimpArgs false`
warning: lean/PvNP/RealizableHardness/ActualMZ24RetainedGenericExtraction.lean:157:10: This simp argument is unused:
  uniformLaw_apply

Hint: Omit it from the simp argument list.
  [apply] simp [hyx]

Note: This linter can be disabled with `set_option linter.unusedSimpArgs false`
warning: lean/PvNP/RealizableHardness/ActualMZ24RetainedGenericExtraction.lean:177:2: Try this: 
  letI̵

The goal is a proposition, so `let` is preferred over `letI`.
The difference between `let` and `letI` is that `letI` inlines the value.
But this is not relevant for proofs because of proof irrelevance.

Note: This linter can be disabled with `set_option linter.style.haveILetI false`
warning: lean/PvNP/RealizableHardness/ActualMZ24RetainedGenericExtraction.lean:189:0: Definition `PvNP.RealizableHardness.ActualMZ24RetainedGenericExtraction.zoom_nonempty_of_component` of class type is semireducible. Most type class instances should be instance-reducible, so consider marking this
definition with `@[instance_reducible]`. If it is intentionally semireducible, this warning can be disabled with `set_option warn.classDefReducibility false`.
warning: lean/PvNP/RealizableHardness/ActualMZ24RetainedGenericExtraction.lean:189:0: Definition `zoom_nonempty_of_component` is a proposition; use `theorem` instead of `def`

Note: This linter can be disabled with `set_option linter.defProp false`
warning: lean/PvNP/RealizableHardness/ActualMZ24RetainedGenericExtraction.lean:501:2: Try this: 
  letI̵

The goal is a proposition, so `let` is preferred over `letI`.
The difference between `let` and `letI` is that `letI` inlines the value.
But this is not relevant for proofs because of proof irrelevance.

Note: This linter can be disabled with `set_option linter.style.haveILetI false`
warning: lean/PvNP/RealizableHardness/ActualMZ24RetainedGenericExtraction.lean:553:2: Try this: 
  letI̵

The goal is a proposition, so `let` is preferred over `letI`.
The difference between `let` and `letI` is that `letI` inlines the value.
But this is not relevant for proofs because of proof irrelevance.

Note: This linter can be disabled with `set_option linter.style.haveILetI false`
warning: lean/PvNP/RealizableHardness/ActualMZ24RetainedGenericExtraction.lean:623:2: Try this: 
  letI̵

The goal is a proposition, so `let` is preferred over `letI`.
The difference between `let` and `letI` is that `letI` inlines the value.
But this is not relevant for proofs because of proof irrelevance.

Note: This linter can be disabled with `set_option linter.style.haveILetI false`
warning: lean/PvNP/RealizableHardness/ActualMZ24RetainedGenericExtraction.lean:794:4: try 'simp' instead of 'simpa'

Note: This linter can be disabled with `set_option linter.unnecessarySimpa false`
warning: lean/PvNP/RealizableHardness/ActualMZ24RetainedGenericExtraction.lean:839:14: Used `tac1 <;> tac2` where `(tac1; tac2)` would suffice

Note: This linter can be disabled with `set_option linter.unnecessarySeqFocus false`
⚠ [3375/3390] Replayed PvNP.RealizableHardness.ActualMZ24D3c5Precomposition
warning: lean/PvNP/RealizableHardness/ActualMZ24D3c5Precomposition.lean:62:35: Variable name `hD` is not explicitly referenced.

Hint: The binding can be removed (if unused) or named `_` (if used implicitly). Alternatively, prefix the name with `_` to silence this warning:
  [apply] _hD

Note: This linter can be disabled with `set_option linter.unusedVariables false`
warning: lean/PvNP/RealizableHardness/ActualMZ24D3c5Precomposition.lean:126:12: Used `tac1 <;> tac2` where `(tac1; tac2)` would suffice

Note: This linter can be disabled with `set_option linter.unnecessarySeqFocus false`
warning: lean/PvNP/RealizableHardness/ActualMZ24D3c5Precomposition.lean:140:5: Variable name `hr'` is not explicitly referenced.

Hint: The binding can be removed (if unused) or named `_` (if used implicitly). Alternatively, prefix the name with `_` to silence this warning:
  [apply] _hr'

Note: This linter can be disabled with `set_option linter.unusedVariables false`
warning: lean/PvNP/RealizableHardness/ActualMZ24D3c5Precomposition.lean:322:2: Try this: 
  letI̵

The goal is a proposition, so `let` is preferred over `letI`.
The difference between `let` and `letI` is that `letI` inlines the value.
But this is not relevant for proofs because of proof irrelevance.

Note: This linter can be disabled with `set_option linter.style.haveILetI false`
warning: lean/PvNP/RealizableHardness/ActualMZ24D3c5Precomposition.lean:324:2: Try this: 
  letI̵

The goal is a proposition, so `let` is preferred over `letI`.
The difference between `let` and `letI` is that `letI` inlines the value.
But this is not relevant for proofs because of proof irrelevance.

Note: This linter can be disabled with `set_option linter.style.haveILetI false`
warning: lean/PvNP/RealizableHardness/ActualMZ24D3c5Precomposition.lean:326:2: Try this: 
  letI̵

The goal is a proposition, so `let` is preferred over `letI`.
The difference between `let` and `letI` is that `letI` inlines the value.
But this is not relevant for proofs because of proof irrelevance.

Note: This linter can be disabled with `set_option linter.style.haveILetI false`
⚠ [3376/3390] Replayed PvNP.RealizableHardness.ActualMZ24SourceCapGuards
warning: lean/PvNP/RealizableHardness/ActualMZ24SourceCapGuards.lean:44:0: Definition `strengthenedSamplingCutoff` is a proposition; use `theorem` instead of `def`

Note: This linter can be disabled with `set_option linter.defProp false`
warning: lean/PvNP/RealizableHardness/ActualMZ24SourceCapGuards.lean:57:5: Variable name `H` is not explicitly referenced.

Hint: The binding can be removed (if unused) or named `_` (if used implicitly). Alternatively, prefix the name with `_` to silence this warning:
  [apply] _H

Note: This linter can be disabled with `set_option linter.unusedVariables false`
warning: lean/PvNP/RealizableHardness/ActualMZ24SourceCapGuards.lean:67:5: Variable name `H` is not explicitly referenced.

Hint: The binding can be removed (if unused) or named `_` (if used implicitly). Alternatively, prefix the name with `_` to silence this warning:
  [apply] _H

Note: This linter can be disabled with `set_option linter.unusedVariables false`
⚠ [3377/3390] Replayed PvNP.RealizableHardness.ActualMZ24FixedRhoPointwiseSelector
warning: lean/PvNP/RealizableHardness/ActualMZ24FixedRhoPointwiseSelector.lean:46:2: Used `tac1 <;> tac2` where `(tac1; tac2)` would suffice

Note: This linter can be disabled with `set_option linter.unnecessarySeqFocus false`
warning: lean/PvNP/RealizableHardness/ActualMZ24FixedRhoPointwiseSelector.lean:63:2: Used `tac1 <;> tac2` where `(tac1; tac2)` would suffice

Note: This linter can be disabled with `set_option linter.unnecessarySeqFocus false`
warning: lean/PvNP/RealizableHardness/ActualMZ24FixedRhoPointwiseSelector.lean:69:6: Unused tactic linter: `ring` does nothing

Note: This linter can be disabled with `set_option linter.unusedTactic false`
warning: lean/PvNP/RealizableHardness/ActualMZ24FixedRhoPointwiseSelector.lean:69:6: this tactic is never executed

Note: This linter can be disabled with `set_option linter.unreachableTactic false`
warning: lean/PvNP/RealizableHardness/ActualMZ24FixedRhoPointwiseSelector.lean:77:6: Unused tactic linter: `ring` does nothing

Note: This linter can be disabled with `set_option linter.unusedTactic false`
warning: lean/PvNP/RealizableHardness/ActualMZ24FixedRhoPointwiseSelector.lean:77:6: this tactic is never executed

Note: This linter can be disabled with `set_option linter.unreachableTactic false`
warning: lean/PvNP/RealizableHardness/ActualMZ24FixedRhoPointwiseSelector.lean:86:6: Unused tactic linter: `ring` does nothing

Note: This linter can be disabled with `set_option linter.unusedTactic false`
warning: lean/PvNP/RealizableHardness/ActualMZ24FixedRhoPointwiseSelector.lean:86:6: this tactic is never executed

Note: This linter can be disabled with `set_option linter.unreachableTactic false`
warning: lean/PvNP/RealizableHardness/ActualMZ24FixedRhoPointwiseSelector.lean:97:6: Unused tactic linter: `ring` does nothing

Note: This linter can be disabled with `set_option linter.unusedTactic false`
warning: lean/PvNP/RealizableHardness/ActualMZ24FixedRhoPointwiseSelector.lean:97:6: this tactic is never executed

Note: This linter can be disabled with `set_option linter.unreachableTactic false`
⚠ [3378/3390] Replayed PvNP.RealizableHardness.ActualSelectedComplementAnalyticNumerics
warning: lean/PvNP/RealizableHardness/ActualSelectedComplementAnalyticNumerics.lean:111:6: Unused tactic linter: `norm_num` does nothing

Note: This linter can be disabled with `set_option linter.unusedTactic false`
⚠ [3379/3390] Replayed PvNP.RealizableHardness.ActualSelectedHighEnergyTail
warning: lean/PvNP/RealizableHardness/ActualSelectedHighEnergyTail.lean:40:12: This simp argument is unused:
  hrank

Hint: Omit it from the simp argument list.
  [apply] simp

Note: This linter can be disabled with `set_option linter.unusedSimpArgs false`
warning: lean/PvNP/RealizableHardness/ActualSelectedHighEnergyTail.lean:83:5: Variable name `hweight0` is not explicitly referenced.

Hint: The binding can be removed (if unused) or named `_` (if used implicitly). Alternatively, prefix the name with `_` to silence this warning:
  [apply] _hweight0

Note: This linter can be disabled with `set_option linter.unusedVariables false`
⚠ [3381/3390] Replayed PvNP.RealizableHardness.ActualSelectedHighErrorSignalComparison
warning: lean/PvNP/RealizableHardness/ActualSelectedHighErrorSignalComparison.lean:231:5: Variable name `hbeta0` is not explicitly referenced.

Hint: The binding can be removed (if unused) or named `_` (if used implicitly). Alternatively, prefix the name with `_` to silence this warning:
  [apply] _hbeta0

Note: This linter can be disabled with `set_option linter.unusedVariables false`
⚠ [3385/3390] Replayed PvNP.RealizableHardness.ActualTaggedComplementStarDensityBound
warning: lean/PvNP/RealizableHardness/ActualTaggedComplementStarDensityBound.lean:71:2: Try this: 
  letI̵

The goal is a proposition, so `let` is preferred over `letI`.
The difference between `let` and `letI` is that `letI` inlines the value.
But this is not relevant for proofs because of proof irrelevance.

Note: This linter can be disabled with `set_option linter.style.haveILetI false`
⚠ [3386/3390] Replayed PvNP.RealizableHardness.ActualCoordinateZoomFailureTransport
warning: lean/PvNP/RealizableHardness/ActualCoordinateZoomFailureTransport.lean:128:6: Unused tactic linter: `change
  L.val.map (actualCoordinateEquiv I copies U A).toLinearMap ≤
    (pullbackDecodedPair I copies U A Q P).W.map (actualCoordinateEquiv I copies U A).toLinearMap` does nothing

Note: This linter can be disabled with `set_option linter.unusedTactic false`
warning: lean/PvNP/RealizableHardness/ActualCoordinateZoomFailureTransport.lean:270:44: Variable name `he` is not explicitly referenced.

Hint: The binding can be removed (if unused) or named `_` (if used implicitly). Alternatively, prefix the name with `_` to silence this warning:
  [apply] _he

Note: This linter can be disabled with `set_option linter.unusedVariables false`
⚠ [3389/3390] Replayed PvNP.RealizableHardness.ActualOriginalFailureRowGenericFixedMomentCaller
warning: lean/PvNP/RealizableHardness/ActualOriginalFailureRowGenericFixedMomentCaller.lean:156:13: Variable name `hsum` is not explicitly referenced.

Hint: The binding can be removed (if unused) or named `_` (if used implicitly). Alternatively, prefix the name with `_` to silence this warning:
  [apply] _hsum

Note: This linter can be disabled with `set_option linter.unusedVariables false`
warning: lean/PvNP/RealizableHardness/ActualOriginalFailureRowGenericFixedMomentCaller.lean:157:13: Variable name `hbudget` is not explicitly referenced.

Hint: The binding can be removed (if unused) or named `_` (if used implicitly). Alternatively, prefix the name with `_` to silence this warning:
  [apply] _hbudget

Note: This linter can be disabled with `set_option linter.unusedVariables false`
✖ [3390/3390] Building PvNP.RealizableHardness.ActualSelectedComplementAnalyticMargin (83s)
trace: .> LEAN_PATH=/home/dfredriksen_quantyra_org/cmmsa_analytic_20260930T040837Z/.lake/packages/Cli/.lake/build/lib/lean:/home/dfredriksen_quantyra_org/cmmsa_analytic_20260930T040837Z/.lake/packages/batteries/.lake/build/lib/lean:/home/dfredriksen_quantyra_org/cmmsa_analytic_20260930T040837Z/.lake/packages/Qq/.lake/build/lib/lean:/home/dfredriksen_quantyra_org/cmmsa_analytic_20260930T040837Z/.lake/packages/aesop/.lake/build/lib/lean:/home/dfredriksen_quantyra_org/cmmsa_analytic_20260930T040837Z/.lake/packages/proofwidgets/.lake/build/lib/lean:/home/dfredriksen_quantyra_org/cmmsa_analytic_20260930T040837Z/.lake/packages/importGraph/.lake/build/lib/lean:/home/dfredriksen_quantyra_org/cmmsa_analytic_20260930T040837Z/.lake/packages/LeanSearchClient/.lake/build/lib/lean:/home/dfredriksen_quantyra_org/cmmsa_analytic_20260930T040837Z/.lake/packages/plausible/.lake/build/lib/lean:/home/dfredriksen_quantyra_org/cmmsa_analytic_20260930T040837Z/.lake/packages/complexitylib/.lake/build/lib/lean:/home/dfredriksen_quantyra_org/cmmsa_analytic_20260930T040837Z/.lake/packages/mathlib/.lake/build/lib/lean:/home/dfredriksen_quantyra_org/cmmsa_analytic_20260930T040837Z/.lake/packages/cslib/.lake/build/lib/lean:/home/dfredriksen_quantyra_org/cmmsa_analytic_20260930T040837Z/.lake/build/lib/lean /home/dfredriksen_quantyra_org/.elan/toolchains/leanprover--lean4---v4.34.0-rc2/bin/lean /home/dfredriksen_quantyra_org/cmmsa_analytic_20260930T040837Z/lean/PvNP/RealizableHardness/ActualSelectedComplementAnalyticMargin.lean -o /home/dfredriksen_quantyra_org/cmmsa_analytic_20260930T040837Z/.lake/build/lib/lean/PvNP/RealizableHardness/ActualSelectedComplementAnalyticMargin.olean -i /home/dfredriksen_quantyra_org/cmmsa_analytic_20260930T040837Z/.lake/build/lib/lean/PvNP/RealizableHardness/ActualSelectedComplementAnalyticMargin.ilean -c /home/dfredriksen_quantyra_org/cmmsa_analytic_20260930T040837Z/.lake/build/ir/PvNP/RealizableHardness/ActualSelectedComplementAnalyticMargin.c --setup /home/dfredriksen_quantyra_org/cmmsa_analytic_20260930T040837Z/.lake/build/ir/PvNP/RealizableHardness/ActualSelectedComplementAnalyticMargin.setup.json --json
warning: lean/PvNP/RealizableHardness/ActualSelectedComplementAnalyticMargin.lean:97:4: Unused tactic linter: `change
  ActualSourceStarLaw.accepts (coordinateCenterTable I copies U A C) (coordinateLeafTable I copies U A T) (e z) ↔
    ActualSourceStarLaw.accepts C T z` does nothing

Note: This linter can be disabled with `set_option linter.unusedTactic false`
warning: lean/PvNP/RealizableHardness/ActualSelectedComplementAnalyticMargin.lean:334:2: Try this: 
  letI̵

The goal is a proposition, so `let` is preferred over `letI`.
The difference between `let` and `letI` is that `letI` inlines the value.
But this is not relevant for proofs because of proof irrelevance.

Note: This linter can be disabled with `set_option linter.style.haveILetI false`
warning: lean/PvNP/RealizableHardness/ActualSelectedComplementAnalyticMargin.lean:493:26: Unused tactic linter: `ring` does nothing

Note: This linter can be disabled with `set_option linter.unusedTactic false`
warning: lean/PvNP/RealizableHardness/ActualSelectedComplementAnalyticMargin.lean:493:26: this tactic is never executed

Note: This linter can be disabled with `set_option linter.unreachableTactic false`
warning: lean/PvNP/RealizableHardness/ActualSelectedComplementAnalyticMargin.lean:596:24: Unused tactic linter: `ring` does nothing

Note: This linter can be disabled with `set_option linter.unusedTactic false`
warning: lean/PvNP/RealizableHardness/ActualSelectedComplementAnalyticMargin.lean:596:24: this tactic is never executed

Note: This linter can be disabled with `set_option linter.unreachableTactic false`
warning: lean/PvNP/RealizableHardness/ActualSelectedComplementAnalyticMargin.lean:1078:45: Used `tac1 <;> tac2` where `(tac1; tac2)` would suffice

Note: This linter can be disabled with `set_option linter.unnecessarySeqFocus false`
warning: lean/PvNP/RealizableHardness/ActualSelectedComplementAnalyticMargin.lean:1765:8: Unused tactic linter: `push_cast` does nothing

Note: This linter can be disabled with `set_option linter.unusedTactic false`
warning: lean/PvNP/RealizableHardness/ActualSelectedComplementAnalyticMargin.lean:2993:5: Variable name `hsel` is not explicitly referenced.

Hint: The binding can be removed (if unused) or named `_` (if used implicitly). Alternatively, prefix the name with `_` to silence this warning:
  [apply] _hsel

Note: This linter can be disabled with `set_option linter.unusedVariables false`
warning: lean/PvNP/RealizableHardness/ActualSelectedComplementAnalyticMargin.lean:2998:5: Variable name `hA` is not explicitly referenced.

Hint: The binding can be removed (if unused) or named `_` (if used implicitly). Alternatively, prefix the name with `_` to silence this warning:
  [apply] _hA

Note: This linter can be disabled with `set_option linter.unusedVariables false`
info: lean/PvNP/RealizableHardness/ActualSelectedComplementAnalyticMargin.lean:3018:0: [diag] Diagnostics
  [reduction] unfolded declarations (max: 591, num: 12):
    [reduction] OfNat.ofNat ↦ 591
    [reduction] Nat.rec ↦ 497
    [reduction] Zero.zero ↦ 360
    [reduction] HMod.hMod ↦ 268
    [reduction] Mod.mod ↦ 268
    [reduction] Set ↦ 260
    [reduction] ZMod ↦ 137
    [reduction] Nat.mod ↦ 134
    [reduction] SetLike.coe ↦ 122
    [reduction] LE.le ↦ 76
    [reduction] TaggedGoodU ↦ 42
    [reduction] Labels ↦ 29
  [reduction] unfolded reducible declarations (max: 802, num: 18):
    [reduction] Subtype.val ↦ 802
    [reduction] Submodule.toAddSubmonoid ↦ 696
    [reduction] Nat.casesOn ↦ 497
    [reduction] AddSubmonoid.toAddSubsemigroup ↦ 468
    [reduction] CoordAmbient ↦ 172
    [reduction] PvNP.RealizableHardness.ActualTaggedComplementIncidence.E✝ ↦ 156
    [reduction] SideComplement ↦ 139
    [reduction] Fin.val ↦ 134
    [reduction] AddSubsemigroup.carrier ↦ 122
    [reduction] Module.Dual ↦ 100
    [reduction] outParam ↦ 92
    [reduction] semiOutParam ↦ 73
    [reduction] ActualTaggedFixedTableAcceptance.TaggedLeafTable ↦ 49
    [reduction] ActualOccurrenceAllocation.Instance.GlobalVar ↦ 49
    [reduction] CenterTable ↦ 46
    [reduction] LeafTable ↦ 46
    [reduction] ActualTaggedFixedTableAcceptance.TaggedCenterTable ↦ 43
    [reduction] FunLike ↦ 30
  [type_class] used instances (max: 26, num: 1):
    [type_class] Semiring.toModule ↦ 26
  [type_class] max synth pending failures (maxSynthPendingDepth: 1), use `set_option maxSynthPendingDepth <limit>`
    [type_class] Ring (ZMod 2)
    [type_class] NonAssocRing (Fin copies × I.GlobalVar → ZMod 2)
    [type_class] NonAssocRing (Fin copies × I.GlobalVar → ZMod 2)
    [type_class] AddCommGroup (Fin copies × I.GlobalVar → ZMod 2)
    [type_class] NormedAddCommGroup (Fin copies × I.GlobalVar → ZMod 2)
    [type_class] NonUnitalNonAssocRing (Fin copies × I.GlobalVar → ZMod 2)
    [type_class] DivisionRing (Fin copies × I.GlobalVar → ZMod 2)
    [type_class] Ring (ZMod 2)
    [type_class] DivisionRing (Fin copies × I.GlobalVar → ZMod 2)
    [type_class] NonAssocRing (Fin copies × I.GlobalVar → ZMod 2)
    [type_class] DivisionRing (Fin copies × I.GlobalVar → ZMod 2)
    [type_class] NonAssocRing (Fin copies × I.GlobalVar → ZMod 2)
    [type_class] AddCommGroup (Fin copies × I.GlobalVar → ZMod 2)
    [type_class] Ring (ZMod 2)
    [type_class] Ring (ZMod 2)
    [type_class] SeminormedAddCommGroup (Fin copies × I.GlobalVar → ZMod 2)
  [def_eq] heuristic for solving `f a =?= f b` (max: 210, num: 12):
    [def_eq] Ring.toSemiring ↦ 210
    [def_eq] Submodule.setLike ↦ 141
    [def_eq] Zero.zero ↦ 134
    [def_eq] AddSubmonoidClass.toAddMonoid ↦ 120
    [def_eq] Pi.addMonoid ↦ 110
    [def_eq] AddSubgroupClass.instZModModule ↦ 47
    [def_eq] TaggedGoodU ↦ 42
    [def_eq] Grass ↦ 42
    [def_eq] SetLike.instMembership ↦ 38
    [def_eq] Submodule.addCommMonoid ↦ 32
    [def_eq] Pi.Function.module ↦ 30
    [def_eq] AddSubgroupClass.toAddCommGroup ↦ 21
  use `set_option diagnostics.threshold <num>` to control threshold for reporting counters
error: lean/PvNP/RealizableHardness/ActualSelectedComplementAnalyticMargin.lean:3244:6: Type mismatch: After simplification, term
  htuple
 has type
  successMargin (ActualStarFixedRhoDimensionGuard.badExponent m (ActualCmmsaParameterReconciliation.hBlock L m)) / 4 *
            (2 ^
                (2 * blocks samplerA (ActualCmmsaParameterReconciliation.hBlock L m) -
                  (ActualStarFixedRhoDimensionGuard.leafT m (ActualCmmsaParameterReconciliation.hBlock L m) +
                    m * ActualStarFixedRhoDimensionGuard.leafK m (ActualCmmsaParameterReconciliation.hBlock L m))) /
              2 ^
                (2 * blocks samplerA (ActualCmmsaParameterReconciliation.hBlock L m) -
                  ActualStarFixedRhoDimensionGuard.leafT m (ActualCmmsaParameterReconciliation.hBlock L m))) *
          matchingCenterMass ⋯ ⋯ (selectedCoordinateCenterTable I copies U A C) fCoord +
        successMargin (ActualStarFixedRhoDimensionGuard.badExponent m (ActualCmmsaParameterReconciliation.hBlock L m)) /
            4 *
          (2 ^
              (2 * blocks samplerA (ActualCmmsaParameterReconciliation.hBlock L m) -
                (ActualStarFixedRhoDimensionGuard.leafT m (ActualCmmsaParameterReconciliation.hBlock L m) +
                  m * ActualStarFixedRhoDimensionGuard.leafK m (ActualCmmsaParameterReconciliation.hBlock L m))) /
            2 ^ (2 * blocks samplerA (ActualCmmsaParameterReconciliation.hBlock L m))) ≤
      matchingStarMass ⋯ ⋯ (selectedCoordinateCenterTable I copies U A C) (selectedCoordinateLeafTable I copies U A T)
        fCoord ∧
    matchingStarMass ⋯ ⋯ (selectedCoordinateCenterTable I copies U A C) (selectedCoordinateLeafTable I copies U A T)
          fCoord ≤
        matchingCenterMass ⋯ ⋯ (selectedCoordinateCenterTable I copies U A C) fCoord ∧
      successMargin (ActualStarFixedRhoDimensionGuard.badExponent m (ActualCmmsaParameterReconciliation.hBlock L m)) /
              4 *
            (2 ^
                (2 * blocks samplerA (ActualCmmsaParameterReconciliation.hBlock L m) -
                  (ActualStarFixedRhoDimensionGuard.leafT m (ActualCmmsaParameterReconciliation.hBlock L m) +
                    m * ActualStarFixedRhoDimensionGuard.leafK m (ActualCmmsaParameterReconciliation.hBlock L m))) /
              2 ^ (2 * blocks samplerA (ActualCmmsaParameterReconciliation.hBlock L m))) ≤
          matchingCenterMass ⋯ ⋯ (selectedCoordinateCenterTable I copies U A C) fCoord ∧
        ↑(matchingCenterMass ⋯ ⋯ (selectedCoordinateCenterTable I copies U A C) fCoord) ^
            (-↑m / ↑(ActualOriginalFailureFixedMomentCaller.fixedMomentP m)) ≤
          (↑(successMargin
                    (ActualStarFixedRhoDimensionGuard.badExponent m (ActualCmmsaParameterReconciliation.hBlock L m))) /
                4 *
              (2 ^
                  (2 * blocks samplerA (ActualCmmsaParameterReconciliation.hBlock L m) -
                    (ActualStarFixedRhoDimensionGuard.leafT m (ActualCmmsaParameterReconciliation.hBlock L m) +
                      m * ActualStarFixedRhoDimensionGuard.leafK m (ActualCmmsaParameterReconciliation.hBlock L m))) /
                2 ^ (2 * blocks samplerA (ActualCmmsaParameterReconciliation.hBlock L m)))) ^
            (-↑m / ↑(ActualOriginalFailureFixedMomentCaller.fixedMomentP m))
but is expected to have type
  selected_actual_weighted_signal_bundle ⋯ (selectedCoordinateCenterTable I copies U A C)
    (selectedCoordinateLeafTable I copies U A T) fCoord
error: lean/PvNP/RealizableHardness/ActualSelectedComplementAnalyticMargin.lean:3264:4: Type mismatch: After simplification, term
  hcoordDim
 has type
  ActualStarFixedRhoDimensionGuard.leafT m (ActualCmmsaParameterReconciliation.hBlock L m) +
      ActualStarFixedRhoDimensionGuard.leafK m (ActualCmmsaParameterReconciliation.hBlock L m) ≤
    2 * blocks samplerA (ActualCmmsaParameterReconciliation.hBlock L m)
but is expected to have type
  h ≤ J
error: lean/PvNP/RealizableHardness/ActualSelectedComplementAnalyticMargin.lean:3276:33: Unknown identifier `Cc`
error: lean/PvNP/RealizableHardness/ActualSelectedComplementAnalyticMargin.lean:3276:37: Unknown identifier `Tc`
error: lean/PvNP/RealizableHardness/ActualSelectedComplementAnalyticMargin.lean:3276:6: Type mismatch: After simplification, term
  hscoreCoordWide
 has type
  successMargin (ActualStarFixedRhoDimensionGuard.badExponent m (ActualCmmsaParameterReconciliation.hBlock L m)) ≤
    StarDensity ⋯ ⋯ (selectedCoordinateCenterTable I copies U A C) (selectedCoordinateLeafTable I copies U A T)
but is expected to have type
  successMargin (ActualStarFixedRhoDimensionGuard.badExponent m (ActualCmmsaParameterReconciliation.hBlock L m)) ≤
    StarDensity ⋯ ⋯ (selectedCoordinateCenterTable I copies U A C) (selectedCoordinateLeafTable I copies U A T)
error: lean/PvNP/RealizableHardness/ActualSelectedComplementAnalyticMargin.lean:3281:6: Unknown identifier `Cc`
error: lean/PvNP/RealizableHardness/ActualSelectedComplementAnalyticMargin.lean:3281:10: Unknown identifier `Tc`
error: lean/PvNP/RealizableHardness/ActualSelectedComplementAnalyticMargin.lean:3289:4: Type mismatch: After simplification, term
  hmassCoord
 has type
  @Eq ℚ
    (matchingStarMass ⋯ hsourceDim (transportedCenterTable I copies U A C) (transportedLeafTable I copies U A T)
      fSource)
    (matchingStarMass ⋯ ⋯ (selectedCoordinateCenterTable I copies U A C) (selectedCoordinateLeafTable I copies U A T)
      (coordinateFunctional I copies U A fSource))
but is expected to have type
  @Eq ℚ (matchingStarMass ⋯ ⋯ (transportedCenterTable I copies U A C) (transportedLeafTable I copies U A T) fSource)
    (matchingStarMass ⋯ ⋯ (selectedCoordinateCenterTable I copies U A C) (selectedCoordinateLeafTable I copies U A T)
      (coordinateFunctional I copies U A fSource))
info: lean/PvNP/RealizableHardness/ActualSelectedComplementAnalyticMargin.lean:3024:8: [theorem] PvNP.RealizableHardness.ActualSelectedComplementAnalyticMargin.original_score_and_failure_select_same_actual_moment_witness
  [size] 29626
  [occs] HMul.hMul ↦ 455
  [occs] LE.le ↦ 394
  [occs] And ↦ 298
  [occs] Eq ↦ 244
  [occs] Pi.Function.module ↦ 228
  [occs] HAdd.hAdd ↦ 216
  [occs] Submodule ↦ 201
  [occs] AddSubgroupClass.instZModModule ↦ 199
  [occs] Subtype ↦ 150
  [occs] Membership.mem ↦ 148
  [occs] Fin ↦ 145
  [occs] Pi.addCommMonoid ↦ 137
  [occs] Submodule.setLike ↦ 134
  [occs] Subtype.val ↦ 129
  [occs] SetLike.instMembership ↦ 124
  [occs] Nat.cast ↦ 121
  [occs] Pi.addCommGroup ↦ 121
  [occs] Submodule.addCommGroup ↦ 118
  [occs] Submodule.addSubgroupClass ↦ 114
  [occs] HPow.hPow ↦ 109
  [occs] Submodule.addCommMonoid ↦ 107
  [occs] Rat.cast ↦ 102
  [occs] matchingStarMass ↦ 98
  [occs] Module.finrank ↦ 97
  [occs] blocks ↦ 89
  [occs] ActualCmmsaParameterReconciliation.hBlock ↦ 89
  [occs] OfNat.ofNat ↦ 76
  [occs] PvNP.RealizableHardness.ActualTaggedComplementIncidence.E✝ ↦ 74
  [occs] CoordAmbient ↦ 73
  [occs] LT.lt ↦ 72
  [occs] Prod ↦ 71
  [occs] selectedCoordinateLeafTable ↦ 71
  [occs] ActualStarFixedRhoDimensionGuard.leafT ↦ 71
  [occs] congrArg ↦ 71
  [occs] HSub.hSub ↦ 71
  [occs] selectedCoordinateCenterTable ↦ 71
  [occs] ActualOccurrenceAllocation.Instance.GlobalVar ↦ 71
  [occs] ActualStarFixedRhoDimensionGuard.leafK ↦ 70
  [occs] Eq.trans ↦ 68
  [occs] PvNP.RealizableHardness.ActualTaggedComplementIncidence.H✝ ↦ 65
  [occs] IsCompl ↦ 65
  [occs] Decidable.byContradiction ↦ 65
  [occs] SideComplement._proof_1 ↦ 63
  [occs] Submodule.completeLattice ↦ 63
  [occs] Submodule.module ↦ 63
  [occs] CompleteLattice.toBoundedOrder ↦ 63
  [occs] Submodule.instPartialOrder ↦ 63
  [occs] Eq.mpr ↦ 60
  [occs] Exists ↦ 58
  [occs] HDiv.hDiv ↦ 57
  [occs] Eq.refl ↦ 54
  [occs] id ↦ 52
  [occs] Module.Dual ↦ 50
  [occs] ActualStarFixedRhoDimensionGuard.badExponent ↦ 47
  [occs] ActualFixedFunctionalMatrixLift.ambientFintype ↦ 46
  [occs] Not ↦ 45
  [occs] selected_actual_analytic_rhs ↦ 45
  [occs] Nat.le_add_right ↦ 44
  [occs] manuscriptMomentThreshold ↦ 43
  [occs] Nat.decLe ↦ 40
  [occs] coordinateFunctional ↦ 38
  [occs] transportedLeafTable ↦ 37
  [occs] actualSideComplementFintype ↦ 36
  [occs] transportedCenterTable ↦ 36
  [occs] ActualOriginalFailureFixedMomentCaller.fixedMomentP ↦ 35
  [occs] instOfNatNat ↦ 35
  [occs] Lean.Name.num ↦ 32
  [occs] sourceRankExponent ↦ 32
  [occs] Lean.Name.str ↦ 31
  [occs] Eq.mp ↦ 31
  [occs] ActualOriginalFailureRowGenericFixedMomentCaller.fixedMomentP ↦ 31
  [occs] selected_margin_source_dimension ↦ 28
  [occs] Trans.trans ↦ 24
  [occs] ActualSelectedSpectralParameters.actualSelectedRho ↦ 23
  [occs] Mathlib.Tactic.Ring.Common.mul_add ↦ 23
  [occs] AddSubgroupClass.toAddCommGroup ↦ 22
  [occs] selected_actual_weighted_signal_bundle ↦ 22
  [occs] selected_actual_coordinate_score_bundle ↦ 22
  [occs] Mathlib.Meta.NormNum.isNat_ofNat ↦ 22
  [occs] Mathlib.Meta.NormNum.IsNat.to_raw_eq ↦ 22
  [occs] Mathlib.Tactic.Ring.Common.add_pf_add_zero ↦ 22
  [occs] selected_margin_coordinate_dimension ↦ 22
  [occs] Fin.fintype ↦ 21
  [occs] And.casesOn ↦ 21
  [occs] ActualCmmsaParameterReconciliation.bOf ↦ 21
info: lean/PvNP/RealizableHardness/ActualSelectedComplementAnalyticMargin.lean:3018:0: [diag] Diagnostics
  [reduction] unfolded declarations (max: 6092, num: 78):
    [reduction] Div.div ↦ 6092
    [reduction] HDiv.hDiv ↦ 6066
    [reduction] Add.add ↦ 4281
    [reduction] Mul.mul ↦ 4227
    [reduction] HAdd.hAdd ↦ 4012
    [reduction] HMul.hMul ↦ 3954
    [reduction] Sub.sub ↦ 3592
    [reduction] HSub.hSub ↦ 3529
    [reduction] Finset.univ ↦ 3458
    [reduction] Fintype.elems ↦ 3458
    [reduction] NatCast.natCast ↦ 3346
    [reduction] OfNat.ofNat ↦ 2740
    [reduction] HPow.hPow ↦ 2648
    [reduction] Pow.pow ↦ 2648
    [reduction] LE.le ↦ 2397
    [reduction] Nat.rec ↦ 2307
    [reduction] Int.rec ↦ 2137
    [reduction] Zero.zero ↦ 2071
    [reduction] Multiset.ofList ↦ 1928
    [reduction] NPow.npow ↦ 1382
    [reduction] Quot.lift ↦ 1280
    [reduction] ActualCmmsaParameterReconciliation.hBlock ↦ 1275
    [reduction] NatPow.pow ↦ 1256
    [reduction] Set ↦ 1160
    [reduction] Fin.foldr ↦ 896
    [reduction] List.ofFn ↦ 896
    [reduction] ActualStarFixedRhoDimensionGuard.leafT ↦ 872
    [reduction] Nat.pow ↦ 745
    [reduction] Int.le ↦ 717
    [reduction] Multiset.map ↦ 702
    [reduction] Neg.neg ↦ 682
    [reduction] Eq.rec ↦ 645
    [reduction] Finset.pi ↦ 640
    [reduction] Multiset.pi ↦ 640
    [reduction] Multiset.rec ↦ 640
    [reduction] Multiset.recOn ↦ 640
    [reduction] Finset.filter ↦ 624
    [reduction] HMod.hMod ↦ 502
    [reduction] Mod.mod ↦ 502
    [reduction] Multiset.filter ↦ 496
    [reduction] SetLike.coe ↦ 488
    [reduction] Finset.map ↦ 384
    [reduction] Fintype.piFinset ↦ 384
    [reduction] LT.lt ↦ 365
    [reduction] DFunLike.coe ↦ 352
    [reduction] ZMod ↦ 270
    [reduction] Multiset ↦ 256
    [reduction] Quotient ↦ 256
    [reduction] Nat.mod ↦ 251
    [reduction] Grass ↦ 248
    [reduction] LeafOver ↦ 229
    [reduction] ActualStarFixedRhoDimensionGuard.leafK ↦ 187
    [reduction] FractionalIdeal ↦ 185
    [reduction] Sym ↦ 185
    [reduction] sourceHolderLowerBound ↦ 136
    [reduction] Multiset.foldr ↦ 114
    [reduction] Multiset.sum ↦ 114
    [reduction] Finset.sum ↦ 98
    [reduction] Module.finrank ↦ 89
    [reduction] Cardinal.toENatAux ↦ 73
    [reduction] ENat.toNat ↦ 73
    [reduction] Function.extend ↦ 73
    [reduction] WithTop.recTopCoe ↦ 73
    [reduction] WithTop.untopD ↦ 73
    [reduction] TaggedGoodU ↦ 72
    [reduction] One.one ↦ 71
    [reduction] ActualOriginalFailureFixedMomentCaller.fixedMomentK ↦ 68
    [reduction] Labels ↦ 61
    [reduction] Rat.ofInt ↦ 55
    [reduction] NNRat ↦ 50
    [reduction] NNReal ↦ 50
    [reduction] StarDensity ↦ 50
    [reduction] max ↦ 47
    [reduction] blocks ↦ 46
    [reduction] coordinateSpace ↦ 34
    [reduction] Multiset.pmap ↦ 32
    [reduction] sourceLowHCHeightFloor ↦ 28
    [reduction] sourceTailHeightFloor ↦ 24
  [reduction] unfolded reducible declarations (max: 13023, num: 63):
    [reduction] Nat.cast ↦ 13023
    [reduction] Nat.casesOn ↦ 10632
    [reduction] inferInstance ↦ 6204
    [reduction] Finset.val ↦ 5596
    [reduction] Int.casesOn ↦ 3206
    [reduction] Submodule.toAddSubmonoid ↦ 2796
    [reduction] Subtype.val ↦ 2523
    [reduction] Module.Dual ↦ 2476
    [reduction] Function.swap ↦ 2064
    [reduction] FunLike ↦ 1988
    [reduction] outParam ↦ 1978
    [reduction] AddSubmonoid.toAddSubsemigroup ↦ 1884
    [reduction] CoordAmbient ↦ 1413
    [reduction] Nonempty.some ↦ 1368
    [reduction] Quot.indep ↦ 1312
    [reduction] Quot.liftOn ↦ 1312
    [reduction] PSigma.fst ↦ 736
    [reduction] Eq.ndrec ↦ 677
    [reduction] Eq.ndrecOn ↦ 672
    [reduction] PSigma.snd ↦ 672
    [reduction] Quot.rec ↦ 672
    [reduction] Quot.recOn ↦ 672
    [reduction] Quot.hrecOn ↦ 640
    [reduction] Quotient.hrecOn ↦ 640
    [reduction] AddSubsemigroup.carrier ↦ 488
    [reduction] PvNP.RealizableHardness.ActualTaggedComplementIncidence.E✝ ↦ 356
    [reduction] SideComplement ↦ 355
    [reduction] Rat.cast ↦ 270
    [reduction] Fin.val ↦ 251
    [reduction] ZeroHom.toFun ↦ 238
    [reduction] Lean.Omega.Coeffs.isZero ↦ 210
    [reduction] Decidable.casesOn ↦ 198
    [reduction] DecidablePred ↦ 168
    [reduction] semiOutParam ↦ 150
    [reduction] OneHom.toFun ↦ 146
    [reduction] CenterTable ↦ 132
    [reduction] LeafTable ↦ 132
    [reduction] ActualOccurrenceAllocation.Instance.GlobalVar ↦ 126
    [reduction] Rat.num ↦ 98
    [reduction] AddHom.toFun ↦ 93
    [reduction] GE.ge ↦ 93
    [reduction] LinearMap.toAddHom ↦ 93
    [reduction] ActualTaggedFixedTableAcceptance.TaggedLeafTable ↦ 86
    [reduction] PvNP.RealizableHardness.ActualTaggedComplementIncidence.H✝ ↦ 86
    [reduction] Bool.casesOn ↦ 83
    [reduction] DecidableEq ↦ 82
    [reduction] ActualTaggedFixedTableAcceptance.TaggedCenterTable ↦ 80
    [reduction] Option.casesOn ↦ 76
    [reduction] MulHom.toFun ↦ 73
    [reduction] ActualGraphEdges.Dart ↦ 66
    [reduction] LowerAdjoint.toFun ↦ 63
    [reduction] LinearEquiv.toLinearMap ↦ 57
    [reduction] Lean.Omega.Coeffs ↦ 42
    [reduction] Lean.Omega.IntList ↦ 42
    [reduction] ActualGraphEdges.Vertex ↦ 42
    [reduction] PortCycleReplacement.Port ↦ 42
    [reduction] GT.gt ↦ 40
    [reduction] ActualFixedFunctionalMatrixLift.Ambient ↦ 37
    [reduction] Function.Embedding.toFun ↦ 32
    [reduction] AddLeftMono ↦ 29
    [reduction] AddLeftReflectLT ↦ 26
    [reduction] ActualGraphEdges.Edge ↦ 24
    [reduction] CategoryTheory.SmallCategory ↦ 22
  [type_class] used instances (max: 394, num: 85):
    [type_class] Lean.Grind.CommRing.OfCommSemiring.instNatCastQ ↦ 394
    [type_class] Lean.Grind.Ring.OfSemiring.instLEQOfOrderedAdd ↦ 368
    [type_class] Pi.addMonoidWithOne ↦ 248
    [type_class] instSMulOfMul ↦ 212
    [type_class] Nat.instNeZeroSucc ↦ 183
    [type_class] Pi.partialOrder ↦ 170
    [type_class] Lean.Grind.CommRing.OfCommSemiring.instOfNatQ ↦ 154
    [type_class] Pi.preorder ↦ 142
    [type_class] Invertible.toNeZero ↦ 114
    [type_class] NeZero.of_gt' ↦ 114
    [type_class] Nat.AtLeastTwo.toNeZero ↦ 114
    [type_class] Nat.instAtLeastTwoHAddOfNat ↦ 73
    [type_class] DenselyNormedField.toNontriviallyNormedField ↦ 66
    [type_class] RCLike.toDenselyNormedField ↦ 66
    [type_class] OrderDual.instPow_1 ↦ 65
    [type_class] LinearOrderedCommMonoidWithZero.toIsBotZeroClass ↦ 63
    [type_class] DenselyNormedField.toNormedField ↦ 62
    [type_class] NontriviallyNormedField.toNormedField ↦ 62
    [type_class] Nat.Prime.one_lt' ↦ 60
    [type_class] instHPow ↦ 57
    [type_class] NormedField.toNormedCommRing ↦ 54
    [type_class] IsStrictOrderedRing.noZeroDivisors ↦ 53
    [type_class] NormMulClass.toNoZeroDivisors ↦ 53
    [type_class] instNeZeroNatHMul ↦ 52
    [type_class] NeZero.mul ↦ 52
    [type_class] Semiring.toModule ↦ 49
    [type_class] DivisionRing.toRing ↦ 46
    [type_class] Field.toDivisionRing ↦ 46
    [type_class] NormedField.toNormedDivisionRing ↦ 44
    [type_class] Nat.instPreorder ↦ 43
    [type_class] Fin.fintype ↦ 42
    [type_class] NormedCommRing.toSeminormedCommRing ↦ 41
    [type_class] NormedField.toField ↦ 39
    [type_class] Nat.instIsStrictOrderedRing ↦ 38
    [type_class] NormedCommRing.toNormedRing ↦ 38
    [type_class] NormedDivisionRing.toNormedRing ↦ 38
    [type_class] Nat.instLinearOrder ↦ 34
    [type_class] StarOrderedRing.toExistsAddOfLE ↦ 34
    [type_class] Nat.fact_prime_two ↦ 33
    [type_class] CompleteAtomicBooleanAlgebra.toCompleteBooleanAlgebra ↦ 32
    [type_class] Nat.instNontrivial ↦ 32
    [type_class] ZMod.instField ↦ 31
    [type_class] Nat.instOne ↦ 30
    [type_class] Nat.instStarOrderedRing ↦ 29
    [type_class] Nat.instStarRing ↦ 29
    [type_class] forall_prop_decidable ↦ 28
    [type_class] Array.instDecidableForallForallMemOfDecidablePred ↦ 28
    [type_class] CompleteBooleanAlgebra.toBooleanAlgebra ↦ 28
    [type_class] Fin.completeLinearOrder ↦ 28
    [type_class] Finset.decidableDforallFinset ↦ 28
    [type_class] Fintype.decidableForallFintype ↦ 28
    [type_class] Multiset.decidableDforallMultiset ↦ 28
    [type_class] Option.decidableForallMem ↦ 28
    [type_class] OrderDual.instDivisionRing ↦ 28
    [type_class] Vector.instDecidableForallForallMemOfDecidablePred ↦ 28
    [type_class] Ring.toAddGroupWithOne ↦ 27
    [type_class] instHMul ↦ 26
    [type_class] NormedDivisionRing.toDivisionRing ↦ 26
    [type_class] EuclideanDomain.toCommRing ↦ 25
    [type_class] Field.toCommRing ↦ 25
    [type_class] Field.toEuclideanDomain ↦ 25
    [type_class] Field.toSemifield ↦ 25
    [type_class] NormedCommRing.toCommRing ↦ 25
    [type_class] NormedRing.toSeminormedRing ↦ 25
    [type_class] SeminormedCommRing.toCommRing ↦ 25
    [type_class] SeminormedCommRing.toSeminormedRing ↦ 25
    [type_class] instFintypeProd ↦ 24
    [type_class] CompleteAtomicBooleanAlgebra.toCompletelyDistribLattice ↦ 24
    [type_class] CompleteBooleanAlgebra.toCompleteDistribLattice ↦ 24
    [type_class] CompleteLinearOrder.toCompletelyDistribLattice ↦ 24
    [type_class] CompletelyDistribLattice.toCompleteDistribLattice ↦ 24
    [type_class] NonUnitalNormedCommRing.toNonUnitalNormedRing ↦ 24
    [type_class] NonUnitalNormedRing.toNormedAddCommGroup ↦ 24
    [type_class] NormedCommRing.toNonUnitalNormedCommRing ↦ 24
    [type_class] NormedRing.toNonUnitalNormedRing ↦ 24
    [type_class] Ring.toAddCommGroup ↦ 24
    [type_class] NormedCommGroup.toCommGroup ↦ 23
    [type_class] NormedCommGroup.toSeminormedCommGroup ↦ 23
    [type_class] SeminormedCommGroup.toCommGroup ↦ 23
    [type_class] IdemCommSemiring.toIdemSemiring ↦ 22
    [type_class] KleeneAlgebra.toIdemSemiring ↦ 22
    [type_class] NormedCommGroup.toNormedGroup ↦ 22
    [type_class] AddGroupWithOne.toAddMonoidWithOne ↦ 21
    [type_class] Int.instDecidableEq ↦ 21
    [type_class] Semifield.toDivisionSemiring ↦ 21
  [type_class] max synth pending failures (maxSynthPendingDepth: 1), use `set_option maxSynthPendingDepth <limit>`
    [type_class] Ring (ZMod 2)
    [type_class] NonAssocRing (Fin copies × I.GlobalVar → ZMod 2)
    [type_class] NonAssocRing (Fin copies × I.GlobalVar → ZMod 2)
    [type_class] AddCommGroup (Fin copies × I.GlobalVar → ZMod 2)
    [type_class] NormedAddCommGroup (Fin copies × I.GlobalVar → ZMod 2)
    [type_class] NonUnitalNonAssocRing (Fin copies × I.GlobalVar → ZMod 2)
    [type_class] DivisionRing (Fin copies × I.GlobalVar → ZMod 2)
    [type_class] Ring (ZMod 2)
    [type_class] DivisionRing (Fin copies × I.GlobalVar → ZMod 2)
    [type_class] NonAssocRing (Fin copies × I.GlobalVar → ZMod 2)
    [type_class] DivisionRing (Fin copies × I.GlobalVar → ZMod 2)
    [type_class] NonAssocRing (Fin copies × I.GlobalVar → ZMod 2)
    [type_class] AddCommGroup (Fin copies × I.GlobalVar → ZMod 2)
    [type_class] Ring (ZMod 2)
    [type_class] Ring (ZMod 2)
    [type_class] SeminormedAddCommGroup (Fin copies × I.GlobalVar → ZMod 2)
  [def_eq] heuristic for solving `f a =?= f b` (max: 4518, num: 38):
    [def_eq] LE.le ↦ 4518
    [def_eq] Zero.toOfNat0 ↦ 2383
    [def_eq] OfNat.ofNat ↦ 2366
    [def_eq] MulZeroClass.toZero ↦ 2126
    [def_eq] instMulZeroClassOfSemiring ↦ 2108
    [def_eq] instHAdd ↦ 1291
    [def_eq] Nat.cast ↦ 1106
    [def_eq] Submodule.setLike ↦ 404
    [def_eq] Pi.addMonoid ↦ 402
    [def_eq] LT.lt ↦ 342
    [def_eq] Pi.Function.module ↦ 320
    [def_eq] AddMonoid.toZero ↦ 304
    [def_eq] AddSubmonoidClass.toAddMonoid ↦ 246
    [def_eq] Grass ↦ 236
    [def_eq] AddSubgroupClass.instZModModule ↦ 227
    [def_eq] Ring.toSemiring ↦ 215
    [def_eq] Submodule.addCommMonoid ↦ 196
    [def_eq] instHMul ↦ 182
    [def_eq] Module.finrank ↦ 160
    [def_eq] Subtype.val ↦ 159
    [def_eq] Zero.zero ↦ 152
    [def_eq] blocks ↦ 143
    [def_eq] Nat.mul ↦ 141
    [def_eq] Pi.addCommGroup ↦ 131
    [def_eq] Pi.addCommMonoid ↦ 127
    [def_eq] LeafOver ↦ 112
    [def_eq] instHDiv ↦ 86
    [def_eq] SetLike.instMembership ↦ 67
    [def_eq] TaggedGoodU ↦ 66
    [def_eq] instOfNatNat ↦ 55
    [def_eq] Multiset.map ↦ 52
    [def_eq] decide ↦ 50
    [def_eq] Finset.univ ↦ 36
    [def_eq] Distrib.toAdd ↦ 35
    [def_eq] CommSemiring.toSemiring ↦ 30
    [def_eq] AddSubgroupClass.toAddCommGroup ↦ 28
    [def_eq] Rat.cast ↦ 25
    [def_eq] MulOne.toMul ↦ 22
  [reduction] Axioms (possibly imported non-exposed defs) that were tried to be unfolded (max: 1441, num: 1):
    [reduction] Classical.choice ↦ 1441
  [kernel] unfolded declarations (max: 7045, num: 210):
    [kernel] List.rec ↦ 7045
    [kernel] List.casesOn ↦ 4137
    [kernel] Add.add ↦ 3210
    [kernel] HAdd.hAdd ↦ 2614
    [kernel] Membership.mem ↦ 1868
    [kernel] Nat.casesOn ↦ 1656
    [kernel] Nat.rec ↦ 1587
    [kernel] instDecidableEqList.match_1 ↦ 1465
    [kernel] List.map._f ↦ 1465
    [kernel] Int.casesOn ↦ 1392
    [kernel] Subtype.val ↦ 1327
    [kernel] Int.rec ↦ 1226
    [kernel] OfNat.ofNat ↦ 1028
    [kernel] SMul.smul ↦ 892
    [kernel] List.zipWithAll._f ↦ 890
    [kernel] List.zipWithAll.match_1 ↦ 890
    [kernel] AddMonoid.toAdd ↦ 879
    [kernel] HSMul.hSMul ↦ 782
    [kernel] instHAdd ↦ 773
    [kernel] AddCommMonoid.toAddMonoid ↦ 762
    [kernel] List.getLast?.match_1 ↦ 758
    [kernel] SubNegMonoid.toAddMonoid ↦ 635
    [kernel] Sub.sub ↦ 567
    [kernel] HSub.hSub ↦ 553
    [kernel] AddSemigroup.toAdd ↦ 545
    [kernel] Int.add.match_1 ↦ 533
    [kernel] Mul.mul ↦ 498
    [kernel] List.foldr._f ↦ 497
    [kernel] AddGroup.toSubNegMonoid ↦ 479
    [kernel] HMul.hMul ↦ 470
    [kernel] AddCommGroup.toAddGroup ↦ 438
    [kernel] AddMonoid.toAddSemigroup ↦ 413
    [kernel] Option.rec ↦ 404
    [kernel] Neg.neg ↦ 400
    [kernel] Option.casesOn ↦ 378
    [kernel] Int.negOfNat.match_1 ↦ 375
    [kernel] List.get?Internal._f ↦ 373
    [kernel] List.get?Internal._sparseCasesOn_1 ↦ 373
    [kernel] List.get?Internal.match_1 ↦ 373
    [kernel] Bool.casesOn ↦ 354
    [kernel] Int.add ↦ 351
    [kernel] Bool.rec ↦ 350
    [kernel] Ring.toAddCommGroup ↦ 344
    [kernel] List.brecOn ↦ 338
    [kernel] ZSMul.zsmul ↦ 320
    [kernel] Int.neg.match_1 ↦ 310
    [kernel] List.brecOn.go ↦ 293
    [kernel] instHSMul ↦ 266
    [kernel] Option.getD.match_1 ↦ 263
    [kernel] Int.negOfNat ↦ 259
    [kernel] List.find?._f ↦ 256
    [kernel] List.filter.match_1 ↦ 253
    [kernel] Semiring.toAddCommMonoid ↦ 248
    [kernel] AddMonoid.toZero ↦ 244
    [kernel] Int.neg ↦ 229
    [kernel] LE.le ↦ 220
    [kernel] AddZeroClass.toAddZero ↦ 216
    [kernel] Decidable.casesOn ↦ 214
    [kernel] Decidable.rec ↦ 214
    [kernel] AddZero.toAdd ↦ 202
    [kernel] AddZeroClass.toAdd ↦ 202
    [kernel] SemigroupAction.toSMul ↦ 196
    [kernel] MulAction.toSemigroupAction ↦ 182
    [kernel] Lean.Omega.Constraint.sat' ↦ 182
    [kernel] AddMonoid.toAddZeroClass ↦ 181
    [kernel] Lean.Omega.Coeffs.dot ↦ 179
    [kernel] AddZeroClass.toZero ↦ 174
    [kernel] DistribMulAction.toMulAction ↦ 168
    [kernel] NatCast.natCast ↦ 164
    [kernel] Int.sub ↦ 162
    [kernel] AddCommGroup.toAddCommMonoid ↦ 156
    [kernel] Int.mul ↦ 155
    [kernel] Zero.zero ↦ 155
    [kernel] Module.toDistribMulAction ↦ 154
    [kernel] Lean.Omega.IntList.set._f ↦ 154
    [kernel] Lean.Omega.IntList.set.match_1 ↦ 154
    [kernel] Option.getD ↦ 152
    [kernel] SetLike.coe ↦ 150
    [kernel] AddSubmonoid.toAddSubsemigroup ↦ 148
    [kernel] AddSubsemigroup.carrier ↦ 148
    [kernel] Submodule.toAddSubmonoid ↦ 148
    [kernel] AddZero.toZero ↦ 146
    [kernel] List.map ↦ 145
    [kernel] Lean.Omega.LinearCombo.coeffs ↦ 145
    [kernel] Monoid.toMulAction ↦ 140
    [kernel] Lean.Omega.LinearCombo.const ↦ 133
    [kernel] AddMemClass.add ↦ 129
    [kernel] ite ↦ 127
    [kernel] Int.subNatNat ↦ 116
    [kernel] Nat.cast ↦ 116
    [kernel] Option.map ↦ 111
    [kernel] Prod.casesOn ↦ 108
    [kernel] Prod.rec ↦ 107
    [kernel] LT.lt ↦ 96
    [kernel] AddSubmonoidClass.toAddMonoid ↦ 90
    [kernel] HPow.hPow ↦ 90
    [kernel] Pow.pow ↦ 90
    [kernel] List.zipWithAll ↦ 88
    [kernel] Lean.Omega.normalize?.match_1 ↦ 81
    [kernel] Lean.Omega.Constraint.lowerBound ↦ 80
    [kernel] AddCommSemigroup.toAddSemigroup ↦ 78
    [kernel] Lean.Omega.Constraint.upperBound ↦ 78
    [kernel] AddSubmonoidClass.toAddZeroClass ↦ 75
    [kernel] Ring.toSemiring ↦ 70
    [kernel] Semiring.toModule ↦ 70
    [kernel] Module.Dual ↦ 69
    [kernel] Zero.toOfNat0 ↦ 68
    [kernel] instHSub ↦ 63
    [kernel] decide ↦ 62
    [kernel] NPow.npow ↦ 60
    [kernel] instDecidableEqNat ↦ 59
    [kernel] instOfNatNat ↦ 59
    [kernel] AddCommMonoid.toAddCommSemigroup ↦ 59
    [kernel] Nat.decEq ↦ 59
    [kernel] Nat.decEq.match_1 ↦ 59
    [kernel] inferInstance ↦ 58
    [kernel] DFunLike.coe ↦ 57
    [kernel] autoParam ↦ 56
    [kernel] Pi.instAdd ↦ 56
    [kernel] ZSMul.toSMul ↦ 56
    [kernel] Lean.Omega.Coeffs.smul ↦ 56
    [kernel] Lean.Omega.IntList.smul ↦ 56
    [kernel] Lean.Omega.LinearCombo.eval ↦ 56
    [kernel] Int.decNonneg ↦ 50
    [kernel] Int.le ↦ 50
    [kernel] AddHom.toFun ↦ 49
    [kernel] SetLike.instMembership ↦ 49
    [kernel] AddSubgroupClass.toAddGroup ↦ 48
    [kernel] AddSubgroupClass.toAddCommGroup ↦ 47
    [kernel] AddSubmonoidClass.toAddCommMonoid ↦ 45
    [kernel] CommSemiring.toSemiring ↦ 45
    [kernel] PartialOrder.toPreorder ↦ 45
    [kernel] Submodule.addCommMonoid ↦ 45
    [kernel] SubNegMonoid.toZSMul ↦ 44
    [kernel] Lean.Omega.Constraint.map ↦ 44
    [kernel] Lean.Omega.IntList.sub ↦ 44
    [kernel] Lean.Omega.LinearCombo.sub ↦ 44
    [kernel] instHMul ↦ 43
    [kernel] List.foldr ↦ 43
    [kernel] Submodule.setLike ↦ 43
    [kernel] Pi.addSemigroup ↦ 39
    [kernel] SubNegMonoid.toNeg ↦ 39
    [kernel] Option.bind ↦ 36
    [kernel] Ring.toZSMul ↦ 36
    [kernel] Option.bind.match_1 ↦ 36
    [kernel] Lean.Omega.Coeffs.isZero ↦ 36
    [kernel] AddSubgroupClass.instZModSMul ↦ 35
    [kernel] Submodule.smul ↦ 35
    [kernel] instOfNat ↦ 34
    [kernel] Semiring.toNatCast ↦ 34
    [kernel] CoordAmbient ↦ 33
    [kernel] Int.decLe ↦ 32
    [kernel] Preorder.toLE ↦ 32
    [kernel] ZeroMemClass.zero ↦ 32
    [kernel] Int.natAbs ↦ 31
    [kernel] Lean.Omega.tidy?.match_1 ↦ 31
    [kernel] Labels ↦ 31
    [kernel] LeafTable ↦ 31
    [kernel] GE.ge ↦ 30
    [kernel] Monoid.toOne ↦ 30
    [kernel] CenterTable ↦ 30
    [kernel] Pi.addCommMonoid ↦ 29
    [kernel] Fin.val ↦ 28
    [kernel] HMod.hMod ↦ 28
    [kernel] Mod.mod ↦ 28
    [kernel] Monoid.toMul ↦ 28
    [kernel] Pi.instZero ↦ 28
    [kernel] Set.instMembership ↦ 28
    [kernel] CommRing.toRing ↦ 27
    [kernel] Int.decEq ↦ 27
    [kernel] Int.instDecidableEq ↦ 27
    [kernel] Prod.fst ↦ 27
    [kernel] Prod.snd ↦ 27
    [kernel] Lean.Omega.normalize? ↦ 27
    [kernel] Lean.Omega.positivize? ↦ 27
    [kernel] Lean.Omega.tidy ↦ 27
    [kernel] Lean.Omega.tidy? ↦ 27
    [kernel] Lean.Omega.tidyCoeffs ↦ 27
    [kernel] Lean.Omega.tidyConstraint ↦ 27
    [kernel] Lean.Omega.LinearCombo.coordinate ↦ 27
    [kernel] Nat.brecOn ↦ 26
    [kernel] NatPow.pow ↦ 26
    [kernel] NonAssocSemiring.toNatCast ↦ 26
    [kernel] Semiring.toMonoid ↦ 26
    [kernel] Lean.Omega.Coeffs.set ↦ 26
    [kernel] Lean.Omega.IntList.add ↦ 26
    [kernel] Lean.Omega.IntList.set ↦ 26
    [kernel] Lean.Omega.LinearCombo.add ↦ 26
    [kernel] Lean.Omega.Constraint.isImpossible._sparseCasesOn_1 ↦ 26
    [kernel] Submodule.addCommGroup ↦ 25
    [kernel] Nat.brecOn.go ↦ 25
    [kernel] List.find? ↦ 24
    [kernel] Lean.Omega.Coeffs.gcd ↦ 24
    [kernel] Lean.Omega.Coeffs.leading ↦ 24
    [kernel] Lean.Omega.IntList.gcd ↦ 24
    [kernel] Lean.Omega.IntList.leading ↦ 24
    [kernel] Pi.addMonoid ↦ 23
    [kernel] Lean.Omega.normalize ↦ 23
    [kernel] Lean.Omega.Constraint.neg ↦ 23
    [kernel] Option.merge ↦ 22
    [kernel] Option.merge.match_1 ↦ 22
    [kernel] instDecidableEqBool ↦ 21
    [kernel] BEq.beq ↦ 21
    [kernel] Bool.decEq ↦ 21
    [kernel] not ↦ 21
    [kernel] Int.instAdd ↦ 21
    [kernel] LinearMap.toAddHom ↦ 21
    [kernel] MulOneClass.toOne ↦ 21
    [kernel] Bool.decEq.match_1 ↦ 21
    [kernel] Lean.Omega.Constraint.scale ↦ 21
  use `set_option diagnostics.threshold <num>` to control threshold for reporting counters
info: lean/PvNP/RealizableHardness/ActualSelectedComplementAnalyticMargin.lean:3326:0: [diag] Diagnostics
  [reduction] unfolded declarations (max: 589, num: 9):
    [reduction] OfNat.ofNat ↦ 589
    [reduction] Nat.rec ↦ 495
    [reduction] Zero.zero ↦ 360
    [reduction] HMod.hMod ↦ 268
    [reduction] Mod.mod ↦ 268
    [reduction] ZMod ↦ 135
    [reduction] Nat.mod ↦ 134
    [reduction] Set ↦ 56
    [reduction] SetLike.coe ↦ 38
  [reduction] unfolded reducible declarations (max: 495, num: 9):
    [reduction] Nat.casesOn ↦ 495
    [reduction] Submodule.toAddSubmonoid ↦ 230
    [reduction] AddSubmonoid.toAddSubsemigroup ↦ 148
    [reduction] Subtype.val ↦ 138
    [reduction] Fin.val ↦ 134
    [reduction] PvNP.RealizableHardness.ActualTaggedComplementIncidence.E✝ ↦ 128
    [reduction] AddSubsemigroup.carrier ↦ 38
    [reduction] ActualOccurrenceAllocation.Instance.GlobalVar ↦ 34
    [reduction] outParam ↦ 33
  [type_class] max synth pending failures (maxSynthPendingDepth: 1), use `set_option maxSynthPendingDepth <limit>`
    [type_class] NormedAddCommGroup (Fin copies × I.GlobalVar → ZMod 2)
    [type_class] Ring (ZMod 2)
    [type_class] DivisionRing (Fin copies × I.GlobalVar → ZMod 2)
    [type_class] NonAssocRing (Fin copies × I.GlobalVar → ZMod 2)
    [type_class] Ring (ZMod 2)
    [type_class] NonAssocRing (Fin copies × I.GlobalVar → ZMod 2)
    [type_class] NonAssocRing (Fin copies × I.GlobalVar → ZMod 2)
    [type_class] NonUnitalNonAssocRing (Fin copies × I.GlobalVar → ZMod 2)
    [type_class] SeminormedAddCommGroup (Fin copies × I.GlobalVar → ZMod 2)
    [type_class] Ring (ZMod 2)
    [type_class] NonAssocRing (Fin copies × I.GlobalVar → ZMod 2)
    [type_class] AddCommGroup (Fin copies × I.GlobalVar → ZMod 2)
    [type_class] Ring (ZMod 2)
    [type_class] AddCommGroup (Fin copies × I.GlobalVar → ZMod 2)
    [type_class] DivisionRing (Fin copies × I.GlobalVar → ZMod 2)
    [type_class] DivisionRing (Fin copies × I.GlobalVar → ZMod 2)
  [def_eq] heuristic for solving `f a =?= f b` (max: 210, num: 6):
    [def_eq] Ring.toSemiring ↦ 210
    [def_eq] Zero.zero ↦ 134
    [def_eq] Submodule.setLike ↦ 40
    [def_eq] AddSubmonoidClass.toAddMonoid ↦ 37
    [def_eq] Pi.addMonoid ↦ 29
    [def_eq] SetLike.instMembership ↦ 29
  use `set_option diagnostics.threshold <num>` to control threshold for reporting counters
info: lean/PvNP/RealizableHardness/ActualSelectedComplementAnalyticMargin.lean:3472:4: [simp] Diagnostics
  [simp] tried theorems (max: 136, num: 35):
    [simp] nonempty_prop ↦ 136, succeeded: 20
    [simp] isEmpty_Prop ↦ 74, succeeded: 20
    [simp] not_isEmpty_of_nonempty ↦ 54, succeeded: 4
    [simp] eq_iff_eq_cancel_left ↦ 38 ❌️
    [simp] eq_iff_eq_cancel_right ↦ 38 ❌️
    [simp] forall_apply_eq_imp_iff ↦ 38 ❌️
    [simp] forall_apply_eq_imp_iff₂ ↦ 38 ❌️
    [simp] forall_const ↦ 38 ❌️
    [simp] forall_eq ↦ 38 ❌️
    [simp] forall_eq' ↦ 38 ❌️
    [simp] forall_eq_apply_imp_iff ↦ 38 ❌️
    [simp] forall_eq_or_imp ↦ 38 ❌️
    [simp] forall_self_imp ↦ 38 ❌️
    [simp] imp_false ↦ 38 ❌️
    [simp] imp_not_self ↦ 38 ❌️
    [simp] imp_self ↦ 38 ❌️
    [simp] implies_true ↦ 38 ❌️
    [simp] Finset.diag_mem_sym2_mem_iff ↦ 38 ❌️
    [simp] Finset.forall_mem_const ↦ 38 ❌️
    [simp] Finset.forall_mem_not_eq ↦ 38 ❌️
    [simp] Finset.forall_mem_not_eq' ↦ 38 ❌️
    [simp] Function.forall_isFixedPt_iff ↦ 38 ❌️
    [simp] IsEmpty.forall_iff ↦ 38 ❌️
    [simp] Module.isTorsionBySet_singleton_iff ↦ 38 ❌️
    [simp] Set.forall_inv_mem ↦ 38 ❌️
    [simp] Set.forall_mem_const ↦ 38 ❌️
    [simp] Set.forall_neg_mem ↦ 38 ❌️
    [simp] SetLike.forall_smul_mem_iff ↦ 38 ❌️
    [simp] Subgroup.forall_mem_sup ↦ 38 ❌️
    [simp] Submodule.forall_mem_sup ↦ 38 ❌️
    [simp] Submonoid.forall_mem_sup ↦ 38 ❌️
    [simp] Subsingleton.forall₂_iff ↦ 38 ❌️
    [simp] eq_self ↦ 28 ❌️
    [simp] Nat.succ_ne_self ↦ 28 ❌️
    [simp] OfNat.ofNat_eq_ofNat ↦ 28 ❌️
  use `set_option diagnostics.threshold <num>` to control threshold for reporting counters
error: lean/PvNP/RealizableHardness/ActualSelectedComplementAnalyticMargin.lean:3481:8: Failed to rewrite using equation theorems for `CoordAmbient`
error: lean/PvNP/RealizableHardness/ActualSelectedComplementAnalyticMargin.lean:3491:4: Type mismatch: After simplification, term
  hselector
 has type
  successMargin
              (ActualStarFixedRhoDimensionGuard.badExponent m
                (ActualCmmsaParameterReconciliation.bOf m *
                  (ActualCmmsaParameterReconciliation.log2nat (ActualCmmsaParameterReconciliation.blockNum L m) /
                    (2 * ActualCmmsaParameterReconciliation.bOf m)))) /
            4 *
          (2 ^
              (Module.finrank (ZMod 2)
                  (Fin
                      (2 *
                        2 ^
                          2 ^
                            (samplerA *
                              (ActualCmmsaParameterReconciliation.bOf m *
                                  (ActualCmmsaParameterReconciliation.log2nat
                                      (ActualCmmsaParameterReconciliation.blockNum L m) /
                                    (2 * ActualCmmsaParameterReconciliation.bOf m))) ^
                                2)) →
                    ZMod 2) -
                (2 *
                    (ActualCmmsaParameterReconciliation.bOf m *
                        (ActualCmmsaParameterReconciliation.log2nat (ActualCmmsaParameterReconciliation.blockNum L m) /
                          (2 * ActualCmmsaParameterReconciliation.bOf m)) -
                      ActualCmmsaParameterReconciliation.bOf m *
                          (ActualCmmsaParameterReconciliation.log2nat
                              (ActualCmmsaParameterReconciliation.blockNum L m) /
                            (2 * ActualCmmsaParameterReconciliation.bOf m)) /
                        ActualCmmsaParameterReconciliation.bOf m) +
                  m *
                    (2 *
                        (ActualCmmsaParameterReconciliation.bOf m *
                          (ActualCmmsaParameterReconciliation.log2nat
                              (ActualCmmsaParameterReconciliation.blockNum L m) /
                            (2 * ActualCmmsaParameterReconciliation.bOf m))) -
                      2 *
                        (ActualCmmsaParameterReconciliation.bOf m *
                            (ActualCmmsaParameterReconciliation.log2nat
                                (ActualCmmsaParameterReconciliation.blockNum L m) /
                              (2 * ActualCmmsaParameterReconciliation.bOf m)) -
                          ActualCmmsaParameterReconciliation.bOf m *
                              (ActualCmmsaParameterReconciliation.log2nat
                                  (ActualCmmsaParameterReconciliation.blockNum L m) /
                                (2 * ActualCmmsaParameterReconciliation.bOf m)) /
                            ActualCmmsaParameterReconciliation.bOf m)))) /
            2 ^
              (Module.finrank (ZMod 2)
                  (Fin
                      (2 *
                        2 ^
                          2 ^
                            (samplerA *
                              (ActualCmmsaParameterReconciliation.bOf m *
                                  (ActualCmmsaParameterReconciliation.log2nat
                                      (ActualCmmsaParameterReconciliation.blockNum L m) /
                                    (2 * ActualCmmsaParameterReconciliation.bOf m))) ^
                                2)) →
                    ZMod 2) -
                2 *
                  (ActualCmmsaParameterReconciliation.bOf m *
                      (ActualCmmsaParameterReconciliation.log2nat (ActualCmmsaParameterReconciliation.blockNum L m) /
                        (2 * ActualCmmsaParameterReconciliation.bOf m)) -
                    ActualCmmsaParameterReconciliation.bOf m *
                        (ActualCmmsaParameterReconciliation.log2nat (ActualCmmsaParameterReconciliation.blockNum L m) /
                          (2 * ActualCmmsaParameterReconciliation.bOf m)) /
                      ActualCmmsaParameterReconciliation.bOf m))) *
        matchingCenterMass ⋯ ⋯ (selectedCoordinateCenterTable I copies U A C) fCoord +
      successMargin
            (ActualStarFixedRhoDimensionGuard.badExponent m
              (ActualCmmsaParameterReconciliation.bOf m *
                (ActualCmmsaParameterReconciliation.log2nat (ActualCmmsaParameterReconciliation.blockNum L m) /
                  (2 * ActualCmmsaParameterReconciliation.bOf m)))) /
          4 *
        (2 ^
            (Module.finrank (ZMod 2)
                (Fin
                    (2 *
                      2 ^
                        2 ^
                          (samplerA *
                            (ActualCmmsaParameterReconciliation.bOf m *
                                (ActualCmmsaParameterReconciliation.log2nat
                                    (ActualCmmsaParameterReconciliation.blockNum L m) /
                                  (2 * ActualCmmsaParameterReconciliation.bOf m))) ^
                              2)) →
                  ZMod 2) -
              (2 *
                  (ActualCmmsaParameterReconciliation.bOf m *
                      (ActualCmmsaParameterReconciliation.log2nat (ActualCmmsaParameterReconciliation.blockNum L m) /
                        (2 * ActualCmmsaParameterReconciliation.bOf m)) -
                    ActualCmmsaParameterReconciliation.bOf m *
                        (ActualCmmsaParameterReconciliation.log2nat (ActualCmmsaParameterReconciliation.blockNum L m) /
                          (2 * ActualCmmsaParameterReconciliation.bOf m)) /
                      ActualCmmsaParameterReconciliation.bOf m) +
                m *
                  (2 *
                      (ActualCmmsaParameterReconciliation.bOf m *
                        (ActualCmmsaParameterReconciliation.log2nat (ActualCmmsaParameterReconciliation.blockNum L m) /
                          (2 * ActualCmmsaParameterReconciliation.bOf m))) -
                    2 *
                      (ActualCmmsaParameterReconciliation.bOf m *
                          (ActualCmmsaParameterReconciliation.log2nat
                              (ActualCmmsaParameterReconciliation.blockNum L m) /
                            (2 * ActualCmmsaParameterReconciliation.bOf m)) -
                        ActualCmmsaParameterReconciliation.bOf m *
                            (ActualCmmsaParameterReconciliation.log2nat
                                (ActualCmmsaParameterReconciliation.blockNum L m) /
                              (2 * ActualCmmsaParameterReconciliation.bOf m)) /
                          ActualCmmsaParameterReconciliation.bOf m)))) /
          2 ^
            Module.finrank (ZMod 2)
              (Fin
                  (2 *
                    2 ^
                      2 ^
                        (samplerA *
                          (ActualCmmsaParameterReconciliation.bOf m *
                              (ActualCmmsaParameterReconciliation.log2nat
                                  (ActualCmmsaParameterReconciliation.blockNum L m) /
                                (2 * ActualCmmsaParameterReconciliation.bOf m))) ^
                            2)) →
                ZMod 2)) ≤
    matchingStarMass ⋯ ⋯ (selectedCoordinateCenterTable I copies U A C) (selectedCoordinateLeafTable I copies U A T)
      fCoord
but is expected to have type
  successMargin
            (ActualStarFixedRhoDimensionGuard.badExponent m
              (ActualCmmsaParameterReconciliation.bOf m *
                (ActualCmmsaParameterReconciliation.log2nat (ActualCmmsaParameterReconciliation.blockNum L m) /
                  (2 * ActualCmmsaParameterReconciliation.bOf m)))) /
          4 *
        (2 ^
              (2 *
                  2 ^
                    2 ^
                      (samplerA *
                        (ActualCmmsaParameterReconciliation.bOf m *
                            (ActualCmmsaParameterReconciliation.log2nat
                                (ActualCmmsaParameterReconciliation.blockNum L m) /
                              (2 * ActualCmmsaParameterReconciliation.bOf m))) ^
                          2) -
                (2 *
                    (ActualCmmsaParameterReconciliation.bOf m *
                        (ActualCmmsaParameterReconciliation.log2nat (ActualCmmsaParameterReconciliation.blockNum L m) /
                          (2 * ActualCmmsaParameterReconciliation.bOf m)) -
                      ActualCmmsaParameterReconciliation.bOf m *
                          (ActualCmmsaParameterReconciliation.log2nat
                              (ActualCmmsaParameterReconciliation.blockNum L m) /
                            (2 * ActualCmmsaParameterReconciliation.bOf m)) /
                        ActualCmmsaParameterReconciliation.bOf m) +
                  m *
                    (2 *
                        (ActualCmmsaParameterReconciliation.bOf m *
                          (ActualCmmsaParameterReconciliation.log2nat
                              (ActualCmmsaParameterReconciliation.blockNum L m) /
                            (2 * ActualCmmsaParameterReconciliation.bOf m))) -
                      2 *
                        (ActualCmmsaParameterReconciliation.bOf m *
                            (ActualCmmsaParameterReconciliation.log2nat
                                (ActualCmmsaParameterReconciliation.blockNum L m) /
                              (2 * ActualCmmsaParameterReconciliation.bOf m)) -
                          ActualCmmsaParameterReconciliation.bOf m *
                              (ActualCmmsaParameterReconciliation.log2nat
                                  (ActualCmmsaParameterReconciliation.blockNum L m) /
                                (2 * ActualCmmsaParameterReconciliation.bOf m)) /
                            ActualCmmsaParameterReconciliation.bOf m)))) /
            2 ^
              (2 *
                  2 ^
                    2 ^
                      (samplerA *
                        (ActualCmmsaParameterReconciliation.bOf m *
                            (ActualCmmsaParameterReconciliation.log2nat
                                (ActualCmmsaParameterReconciliation.blockNum L m) /
                              (2 * ActualCmmsaParameterReconciliation.bOf m))) ^
                          2) -
                2 *
                  (ActualCmmsaParameterReconciliation.bOf m *
                      (ActualCmmsaParameterReconciliation.log2nat (ActualCmmsaParameterReconciliation.blockNum L m) /
                        (2 * ActualCmmsaParameterReconciliation.bOf m)) -
                    ActualCmmsaParameterReconciliation.bOf m *
                        (ActualCmmsaParameterReconciliation.log2nat (ActualCmmsaParameterReconciliation.blockNum L m) /
                          (2 * ActualCmmsaParameterReconciliation.bOf m)) /
                      ActualCmmsaParameterReconciliation.bOf m)) *
          matchingCenterMass ⋯ ⋯ Cc fCoord) +
      successMargin
            (ActualStarFixedRhoDimensionGuard.badExponent m
              (ActualCmmsaParameterReconciliation.bOf m *
                (ActualCmmsaParameterReconciliation.log2nat (ActualCmmsaParameterReconciliation.blockNum L m) /
                  (2 * ActualCmmsaParameterReconciliation.bOf m)))) /
          4 *
        (2 ^
            (2 *
                2 ^
                  2 ^
                    (samplerA *
                      (ActualCmmsaParameterReconciliation.bOf m *
                          (ActualCmmsaParameterReconciliation.log2nat
                              (ActualCmmsaParameterReconciliation.blockNum L m) /
                            (2 * ActualCmmsaParameterReconciliation.bOf m))) ^
                        2) -
              (2 *
                  (ActualCmmsaParameterReconciliation.bOf m *
                      (ActualCmmsaParameterReconciliation.log2nat (ActualCmmsaParameterReconciliation.blockNum L m) /
                        (2 * ActualCmmsaParameterReconciliation.bOf m)) -
                    ActualCmmsaParameterReconciliation.bOf m *
                        (ActualCmmsaParameterReconciliation.log2nat (ActualCmmsaParameterReconciliation.blockNum L m) /
                          (2 * ActualCmmsaParameterReconciliation.bOf m)) /
                      ActualCmmsaParameterReconciliation.bOf m) +
                m *
                  (2 *
                      (ActualCmmsaParameterReconciliation.bOf m *
                        (ActualCmmsaParameterReconciliation.log2nat (ActualCmmsaParameterReconciliation.blockNum L m) /
                          (2 * ActualCmmsaParameterReconciliation.bOf m))) -
                    2 *
                      (ActualCmmsaParameterReconciliation.bOf m *
                          (ActualCmmsaParameterReconciliation.log2nat
                              (ActualCmmsaParameterReconciliation.blockNum L m) /
                            (2 * ActualCmmsaParameterReconciliation.bOf m)) -
                        ActualCmmsaParameterReconciliation.bOf m *
                            (ActualCmmsaParameterReconciliation.log2nat
                                (ActualCmmsaParameterReconciliation.blockNum L m) /
                              (2 * ActualCmmsaParameterReconciliation.bOf m)) /
                          ActualCmmsaParameterReconciliation.bOf m)))) /
          2 ^
            (2 *
              2 ^
                2 ^
                  (samplerA *
                    (ActualCmmsaParameterReconciliation.bOf m *
                        (ActualCmmsaParameterReconciliation.log2nat (ActualCmmsaParameterReconciliation.blockNum L m) /
                          (2 * ActualCmmsaParameterReconciliation.bOf m))) ^
                      2))) ≤
    matchingStarMass ⋯ hmassdim Cc Tc fCoord
error: lean/PvNP/RealizableHardness/ActualSelectedComplementAnalyticMargin.lean:3499:4: Type mismatch: After simplification, term
  haddBeta
 has type
  successMargin
          (ActualStarFixedRhoDimensionGuard.badExponent m
            (ActualCmmsaParameterReconciliation.bOf m *
              (ActualCmmsaParameterReconciliation.log2nat (ActualCmmsaParameterReconciliation.blockNum L m) /
                (2 * ActualCmmsaParameterReconciliation.bOf m)))) /
        4 *
      (2 ^
          (Module.finrank (ZMod 2)
              (Fin
                  (2 *
                    2 ^
                      2 ^
                        (samplerA *
                          (ActualCmmsaParameterReconciliation.bOf m *
                              (ActualCmmsaParameterReconciliation.log2nat
                                  (ActualCmmsaParameterReconciliation.blockNum L m) /
                                (2 * ActualCmmsaParameterReconciliation.bOf m))) ^
                            2)) →
                ZMod 2) -
            (2 *
                (ActualCmmsaParameterReconciliation.bOf m *
                    (ActualCmmsaParameterReconciliation.log2nat (ActualCmmsaParameterReconciliation.blockNum L m) /
                      (2 * ActualCmmsaParameterReconciliation.bOf m)) -
                  ActualCmmsaParameterReconciliation.bOf m *
                      (ActualCmmsaParameterReconciliation.log2nat (ActualCmmsaParameterReconciliation.blockNum L m) /
                        (2 * ActualCmmsaParameterReconciliation.bOf m)) /
                    ActualCmmsaParameterReconciliation.bOf m) +
              m *
                (2 *
                    (ActualCmmsaParameterReconciliation.bOf m *
                      (ActualCmmsaParameterReconciliation.log2nat (ActualCmmsaParameterReconciliation.blockNum L m) /
                        (2 * ActualCmmsaParameterReconciliation.bOf m))) -
                  2 *
                    (ActualCmmsaParameterReconciliation.bOf m *
                        (ActualCmmsaParameterReconciliation.log2nat (ActualCmmsaParameterReconciliation.blockNum L m) /
                          (2 * ActualCmmsaParameterReconciliation.bOf m)) -
                      ActualCmmsaParameterReconciliation.bOf m *
                          (ActualCmmsaParameterReconciliation.log2nat
                              (ActualCmmsaParameterReconciliation.blockNum L m) /
                            (2 * ActualCmmsaParameterReconciliation.bOf m)) /
                        ActualCmmsaParameterReconciliation.bOf m)))) /
        2 ^
          Module.finrank (ZMod 2)
            (Fin
                (2 *
                  2 ^
                    2 ^
                      (samplerA *
                        (ActualCmmsaParameterReconciliation.bOf m *
                            (ActualCmmsaParameterReconciliation.log2nat
                                (ActualCmmsaParameterReconciliation.blockNum L m) /
                              (2 * ActualCmmsaParameterReconciliation.bOf m))) ^
                          2)) →
              ZMod 2)) ≤
    matchingCenterMass ⋯ ⋯ (selectedCoordinateCenterTable I copies U A C) fCoord
but is expected to have type
  successMargin
          (ActualStarFixedRhoDimensionGuard.badExponent m
            (ActualCmmsaParameterReconciliation.bOf m *
              (ActualCmmsaParameterReconciliation.log2nat (ActualCmmsaParameterReconciliation.blockNum L m) /
                (2 * ActualCmmsaParameterReconciliation.bOf m)))) /
        4 *
      (2 ^
          (2 *
              2 ^
                2 ^
                  (samplerA *
                    (ActualCmmsaParameterReconciliation.bOf m *
                        (ActualCmmsaParameterReconciliation.log2nat (ActualCmmsaParameterReconciliation.blockNum L m) /
                          (2 * ActualCmmsaParameterReconciliation.bOf m))) ^
                      2) -
            (2 *
                (ActualCmmsaParameterReconciliation.bOf m *
                    (ActualCmmsaParameterReconciliation.log2nat (ActualCmmsaParameterReconciliation.blockNum L m) /
                      (2 * ActualCmmsaParameterReconciliation.bOf m)) -
                  ActualCmmsaParameterReconciliation.bOf m *
                      (ActualCmmsaParameterReconciliation.log2nat (ActualCmmsaParameterReconciliation.blockNum L m) /
                        (2 * ActualCmmsaParameterReconciliation.bOf m)) /
                    ActualCmmsaParameterReconciliation.bOf m) +
              m *
                (2 *
                    (ActualCmmsaParameterReconciliation.bOf m *
                      (ActualCmmsaParameterReconciliation.log2nat (ActualCmmsaParameterReconciliation.blockNum L m) /
                        (2 * ActualCmmsaParameterReconciliation.bOf m))) -
                  2 *
                    (ActualCmmsaParameterReconciliation.bOf m *
                        (ActualCmmsaParameterReconciliation.log2nat (ActualCmmsaParameterReconciliation.blockNum L m) /
                          (2 * ActualCmmsaParameterReconciliation.bOf m)) -
                      ActualCmmsaParameterReconciliation.bOf m *
                          (ActualCmmsaParameterReconciliation.log2nat
                              (ActualCmmsaParameterReconciliation.blockNum L m) /
                            (2 * ActualCmmsaParameterReconciliation.bOf m)) /
                        ActualCmmsaParameterReconciliation.bOf m)))) /
        2 ^
          (2 *
            2 ^
              2 ^
                (samplerA *
                  (ActualCmmsaParameterReconciliation.bOf m *
                      (ActualCmmsaParameterReconciliation.log2nat (ActualCmmsaParameterReconciliation.blockNum L m) /
                        (2 * ActualCmmsaParameterReconciliation.bOf m))) ^
                    2))) ≤
    matchingCenterMass ⋯ ⋯ Cc fCoord
error: lean/PvNP/RealizableHardness/ActualSelectedComplementAnalyticMargin.lean:3518:28: Application type mismatch: The argument
  hselectorNorm
has type
  successMargin (ActualStarFixedRhoDimensionGuard.badExponent m h) / 4 *
        (2 ^ (n - (c + m * s)) / 2 ^ (n - c) * matchingCenterMass ⋯ hmassdim Cc fCoord) +
      successMargin (ActualStarFixedRhoDimensionGuard.badExponent m h) / 4 * (2 ^ (n - (c + m * s)) / 2 ^ n) ≤
    matchingStarMass ⋯ hmassdim Cc Tc fCoord
but is expected to have type
  successMargin (ActualStarFixedRhoDimensionGuard.badExponent m h) / 4 * (2 ^ (n - (c + m * s)) / 2 ^ (n - c)) *
        matchingCenterMass ⋯ hmassdim Cc fCoord +
      successMargin (ActualStarFixedRhoDimensionGuard.badExponent m h) / 4 * (2 ^ (n - (c + m * s)) / 2 ^ n) ≤
    matchingStarMass ⋯ hmassdim Cc Tc fCoord
in the application
  selected_actual_fixed_functional_rhs_lt_matching_mass Cc Tc fCoord hm256 hLowFloor rfl rfl ?m.1324 hdiv rfl hrd he0
    he' hfail ?m.1327 ?m.1328 hrhoFixed hdim hmassdim hselectorNorm
error: lean/PvNP/RealizableHardness/ActualSelectedComplementAnalyticMargin.lean:3542:4: Type mismatch: After simplification, term
  hmassBound
 has type
  @LE.le ℝ Real.instLE
    (↑(matchingStarMass ⋯ ⋯ (transportedCenterTable I copies U A C) (transportedLeafTable I copies U A T) fSource))
    (2 *
      selected_actual_analytic_rhs (selectedCoordinateCenterTable I copies U A C)
        (selectedCoordinateLeafTable I copies U A T) fCoord (sourceRankExponent m)
        (2 ^ (m * 2 ^ sourceHolderLowerBound m)) (2 * ↑e)
        (manuscriptMomentThreshold m (ActualCmmsaParameterReconciliation.hBlock L m)))
but is expected to have type
  @LE.le ℝ Real.instLE
    (↑(matchingStarMass ⋯ hsourceDim (transportedCenterTable I copies U A C) (transportedLeafTable I copies U A T)
        fSource))
    (2 *
      selected_actual_analytic_rhs (selectedCoordinateCenterTable I copies U A C)
        (selectedCoordinateLeafTable I copies U A T) fCoord (sourceRankExponent m)
        (2 ^ (m * 2 ^ sourceMomentTLowerBound m)) (2 * ↑e)
        (manuscriptMomentThreshold m (ActualCmmsaParameterReconciliation.hBlock L m)))
info: lean/PvNP/RealizableHardness/ActualSelectedComplementAnalyticMargin.lean:3326:0: [diag] Diagnostics
  [reduction] unfolded declarations (max: 4734, num: 59):
    [reduction] Div.div ↦ 4734
    [reduction] HDiv.hDiv ↦ 4631
    [reduction] Mul.mul ↦ 3530
    [reduction] HPow.hPow ↦ 3476
    [reduction] Pow.pow ↦ 3476
    [reduction] HMul.hMul ↦ 3212
    [reduction] Add.add ↦ 3033
    [reduction] HAdd.hAdd ↦ 2643
    [reduction] OfNat.ofNat ↦ 2248
    [reduction] NatCast.natCast ↦ 2121
    [reduction] Nat.rec ↦ 2117
    [reduction] NPow.npow ↦ 1768
    [reduction] ActualCmmsaParameterReconciliation.hBlock ↦ 1711
    [reduction] NatPow.pow ↦ 1704
    [reduction] Zero.zero ↦ 1551
    [reduction] Sub.sub ↦ 1539
    [reduction] Int.rec ↦ 1534
    [reduction] HSub.hSub ↦ 1463
    [reduction] LE.le ↦ 1462
    [reduction] Nat.pow ↦ 1138
    [reduction] Neg.neg ↦ 624
    [reduction] HMod.hMod ↦ 562
    [reduction] Mod.mod ↦ 562
    [reduction] LT.lt ↦ 422
    [reduction] Int.le ↦ 354
    [reduction] ZMod ↦ 291
    [reduction] Nat.mod ↦ 281
    [reduction] DFunLike.coe ↦ 209
    [reduction] Set ↦ 181
    [reduction] Finset.univ ↦ 128
    [reduction] Fintype.elems ↦ 128
    [reduction] Multiset.foldr ↦ 128
    [reduction] Multiset.map ↦ 128
    [reduction] Multiset.sum ↦ 128
    [reduction] blocks ↦ 110
    [reduction] SetLike.coe ↦ 88
    [reduction] Finset.filter ↦ 64
    [reduction] Finset.sigma ↦ 64
    [reduction] Finset.sum ↦ 64
    [reduction] Multiset.bind ↦ 64
    [reduction] Multiset.filter ↦ 64
    [reduction] Multiset.join ↦ 64
    [reduction] Multiset.sigma ↦ 64
    [reduction] eventMass ↦ 64
    [reduction] Module.finrank ↦ 62
    [reduction] Rat.ofInt ↦ 54
    [reduction] matchingStarMass ↦ 48
    [reduction] Cardinal.toENatAux ↦ 47
    [reduction] ENat.toNat ↦ 47
    [reduction] Function.extend ↦ 47
    [reduction] WithTop.recTopCoe ↦ 47
    [reduction] WithTop.untopD ↦ 47
    [reduction] ActualStarFixedRhoDimensionGuard.leafT ↦ 47
    [reduction] max ↦ 45
    [reduction] Rat.div ↦ 40
    [reduction] Multiset ↦ 24
    [reduction] Quotient ↦ 24
    [reduction] sourceTailHeightFloor ↦ 24
    [reduction] TaggedGoodU ↦ 24
  [reduction] unfolded reducible declarations (max: 7526, num: 56):
    [reduction] Nat.casesOn ↦ 7526
    [reduction] Nat.cast ↦ 6113
    [reduction] inferInstance ↦ 4859
    [reduction] Module.Dual ↦ 3358
    [reduction] Int.casesOn ↦ 2796
    [reduction] outParam ↦ 2188
    [reduction] Function.swap ↦ 1358
    [reduction] Subtype.val ↦ 676
    [reduction] FunLike ↦ 638
    [reduction] Submodule.toAddSubmonoid ↦ 520
    [reduction] CoordAmbient ↦ 468
    [reduction] AddSubmonoid.toAddSubsemigroup ↦ 344
    [reduction] Quot.liftOn ↦ 320
    [reduction] Rat.cast ↦ 319
    [reduction] Fin.val ↦ 281
    [reduction] Decidable.casesOn ↦ 238
    [reduction] PvNP.RealizableHardness.ActualTaggedComplementIncidence.E✝ ↦ 228
    [reduction] Rat.num ↦ 215
    [reduction] Finset.val ↦ 192
    [reduction] Lean.Omega.Coeffs.isZero ↦ 180
    [reduction] semiOutParam ↦ 172
    [reduction] ZeroHom.toFun ↦ 158
    [reduction] GE.ge ↦ 156
    [reduction] AddLeftMono ↦ 143
    [reduction] DecidablePred ↦ 143
    [reduction] AddHom.toFun ↦ 135
    [reduction] LinearMap.toAddHom ↦ 135
    [reduction] LowerAdjoint.toFun ↦ 133
    [reduction] SideComplement ↦ 128
    [reduction] Ne ↦ 125
    [reduction] ActualMaximalPairLadder.DecodedPair.W ↦ 116
    [reduction] Bool.casesOn ↦ 113
    [reduction] ActualOccurrenceAllocation.Instance.GlobalVar ↦ 113
    [reduction] OneHom.toFun ↦ 94
    [reduction] AddSubsemigroup.carrier ↦ 88
    [reduction] MulLeftMono ↦ 77
    [reduction] LeafTable ↦ 73
    [reduction] CenterTable ↦ 70
    [reduction] DecidableEq ↦ 65
    [reduction] Nonempty.some ↦ 64
    [reduction] GT.gt ↦ 60
    [reduction] ActualGraphEdges.Dart ↦ 55
    [reduction] PvNP.RealizableHardness.ActualTaggedComplementIncidence.H✝ ↦ 52
    [reduction] AddLeftReflectLT ↦ 50
    [reduction] Option.casesOn ↦ 49
    [reduction] MulHom.toFun ↦ 47
    [reduction] ActualTaggedFixedTableAcceptance.TaggedLeafTable ↦ 39
    [reduction] Module.IsTorsionBySet ↦ 38
    [reduction] Lean.Omega.Coeffs ↦ 36
    [reduction] Lean.Omega.IntList ↦ 36
    [reduction] ActualGraphEdges.Vertex ↦ 35
    [reduction] PortCycleReplacement.Port ↦ 35
    [reduction] ActualTaggedFixedTableAcceptance.TaggedCenterTable ↦ 31
    [reduction] CategoryTheory.SmallCategory ↦ 30
    [reduction] BinaryMatrix ↦ 24
    [reduction] Lattice.toLinearOrder ↦ 22
  [type_class] used instances (max: 946, num: 183):
    [type_class] Lean.Grind.Ring.OfSemiring.instLEQOfOrderedAdd ↦ 946
    [type_class] Pi.preorder ↦ 416
    [type_class] Pi.partialOrder ↦ 372
    [type_class] Lean.Grind.CommRing.OfCommSemiring.instOfNatQ ↦ 177
    [type_class] Lean.Grind.CommRing.OfCommSemiring.instNatCastQ ↦ 152
    [type_class] CompleteAtomicBooleanAlgebra.toCompleteBooleanAlgebra ↦ 144
    [type_class] DenselyNormedField.toNontriviallyNormedField ↦ 134
    [type_class] DenselyNormedField.toNormedField ↦ 134
    [type_class] NontriviallyNormedField.toNormedField ↦ 134
    [type_class] RCLike.toDenselyNormedField ↦ 134
    [type_class] CompleteBooleanAlgebra.toBooleanAlgebra ↦ 126
    [type_class] NormedField.toNormedCommRing ↦ 119
    [type_class] NormedField.toNormedDivisionRing ↦ 119
    [type_class] CompleteAtomicBooleanAlgebra.toCompletelyDistribLattice ↦ 108
    [type_class] CompleteBooleanAlgebra.toCompleteDistribLattice ↦ 108
    [type_class] CompleteLinearOrder.toCompletelyDistribLattice ↦ 108
    [type_class] CompletelyDistribLattice.toCompleteDistribLattice ↦ 108
    [type_class] NormedCommRing.toNormedRing ↦ 106
    [type_class] NormedDivisionRing.toNormedRing ↦ 106
    [type_class] BooleanAlgebra.toBiheytingAlgebra ↦ 90
    [type_class] CompleteDistribLattice.toBiheytingAlgebra ↦ 90
    [type_class] CompleteLinearOrder.toBiheytingAlgebra ↦ 90
    [type_class] CompletelyDistribLattice.toBiheytingAlgebra ↦ 90
    [type_class] NonUnitalNormedCommRing.toNonUnitalNormedRing ↦ 84
    [type_class] NonUnitalNormedRing.toNormedAddCommGroup ↦ 84
    [type_class] NormedCommRing.toNonUnitalNormedCommRing ↦ 84
    [type_class] NormedRing.toNonUnitalNormedRing ↦ 84
    [type_class] NormedCommRing.toSeminormedCommRing ↦ 82
    [type_class] Field.toDivisionRing ↦ 80
    [type_class] Pi.addMonoidWithOne ↦ 78
    [type_class] OrderDual.instPow_1 ↦ 75
    [type_class] instSMulOfMul ↦ 74
    [type_class] NormedField.toField ↦ 74
    [type_class] CompleteDistribLattice.toCoframe ↦ 72
    [type_class] CompleteDistribLattice.toFrame ↦ 72
    [type_class] DivisionRing.toRing ↦ 72
    [type_class] NormedRing.toSeminormedRing ↦ 69
    [type_class] SeminormedCommRing.toSeminormedRing ↦ 69
    [type_class] instHPow ↦ 67
    [type_class] NormedCommGroup.toNormedGroup ↦ 64
    [type_class] NormedDivisionRing.toDivisionRing ↦ 63
    [type_class] NormedCommGroup.toCommGroup ↦ 56
    [type_class] NormedCommGroup.toSeminormedCommGroup ↦ 56
    [type_class] SeminormedCommGroup.toCommGroup ↦ 56
    [type_class] BiheytingAlgebra.toCoheytingAlgebra ↦ 54
    [type_class] BiheytingAlgebra.toHeytingAlgebra ↦ 54
    [type_class] BooleanAlgebra.toGeneralizedBooleanAlgebra ↦ 54
    [type_class] EuclideanDomain.toCommRing ↦ 54
    [type_class] Field.toCommRing ↦ 54
    [type_class] Field.toEuclideanDomain ↦ 54
    [type_class] NormedCommRing.toCommRing ↦ 54
    [type_class] SeminormedCommRing.toCommRing ↦ 54
    [type_class] Order.Coframe.toCoheytingAlgebra ↦ 54
    [type_class] Order.Frame.toHeytingAlgebra ↦ 54
    [type_class] CommRing.toRing ↦ 49
    [type_class] NormedRing.toRing ↦ 49
    [type_class] SeminormedRing.toRing ↦ 49
    [type_class] NonUnitalNormedCommRing.toNonUnitalSeminormedCommRing ↦ 48
    [type_class] NonUnitalNormedRing.toNonUnitalSeminormedRing ↦ 48
    [type_class] NonUnitalSeminormedCommRing.toNonUnitalSeminormedRing ↦ 48
    [type_class] NonUnitalSeminormedRing.toSeminormedAddCommGroup ↦ 48
    [type_class] NormedAddCommGroup.toSeminormedAddCommGroup ↦ 48
    [type_class] SeminormedCommRing.toNonUnitalSeminormedCommRing ↦ 48
    [type_class] SeminormedRing.toNonUnitalSeminormedRing ↦ 48
    [type_class] CommGroup.toGroup ↦ 46
    [type_class] NormedGroup.toGroup ↦ 46
    [type_class] NormedGroup.toSeminormedGroup ↦ 46
    [type_class] SeminormedCommGroup.toSeminormedGroup ↦ 46
    [type_class] SeminormedGroup.toGroup ↦ 46
    [type_class] Ring.toAddGroupWithOne ↦ 45
    [type_class] IdemCommSemiring.toIdemSemiring ↦ 44
    [type_class] KleeneAlgebra.toIdemSemiring ↦ 44
    [type_class] Field.toSemifield ↦ 41
    [type_class] NormedAddCommGroup.toNormedAddGroup ↦ 41
    [type_class] AddGroupWithOne.toAddMonoidWithOne ↦ 39
    [type_class] LinearOrderedAddCommGroupWithTop.instLinearOrderedAddCommMonoidWithTop ↦ 39
    [type_class] Ring.toAddCommGroup ↦ 39
    [type_class] Semifield.toDivisionSemiring ↦ 39
    [type_class] instOfNatAtLeastTwo ↦ 38
    [type_class] Pi.normedAddCommGroup ↦ 37
    [type_class] Pi.seminormedAddCommGroup ↦ 37
    [type_class] instNonemptyOfInhabited ↦ 36
    [type_class] instNonemptyOfMonad ↦ 36
    [type_class] CoheytingAlgebra.toGeneralizedCoheytingAlgebra ↦ 36
    [type_class] CompleteBooleanAlgebra.toCompleteLattice ↦ 36
    [type_class] CompleteLinearOrder.toCompleteLattice ↦ 36
    [type_class] CompleteLinearOrder.toConditionallyCompleteLinearOrderBot ↦ 36
    [type_class] CompletelyDistribLattice.toCompleteLattice ↦ 36
    [type_class] GeneralizedBooleanAlgebra.toGeneralizedCoheytingAlgebra ↦ 36
    [type_class] HeytingAlgebra.toGeneralizedHeytingAlgebra ↦ 36
    [type_class] LinearOrderedCommGroupWithZero.toLinearOrderedCommMonoidWithZero ↦ 36
    [type_class] Order.Coframe.toCompleteLattice ↦ 36
    [type_class] Order.Frame.toCompleteLattice ↦ 36
    [type_class] Lean.Grind.Semiring.ofNat ↦ 36
    [type_class] bot_nonempty ↦ 34
    [type_class] infSet_to_nonempty ↦ 34
    [type_class] instInhabitedOfMonad ↦ 34
    [type_class] supSet_to_nonempty ↦ 34
    [type_class] top_nonempty ↦ 34
    [type_class] AddTorsor.nonempty ↦ 34
    [type_class] ConnectedSpace.toNonempty ↦ 34
    [type_class] IrreducibleSpace.toNonempty ↦ 34
    [type_class] Nontrivial.to_nonempty ↦ 34
    [type_class] One.instNonempty ↦ 34
    [type_class] Torsor.nonempty ↦ 34
    [type_class] Unique.instInhabited ↦ 34
    [type_class] Zero.instNonempty ↦ 34
    [type_class] CategoryTheory.IsConnected.is_nonempty ↦ 34
    [type_class] CommRing.toNonAssocCommRing ↦ 33
    [type_class] instHMul ↦ 32
    [type_class] CancelCommMonoid.toCancelMonoid ↦ 32
    [type_class] CommGroup.toCancelCommMonoid ↦ 32
    [type_class] CommRing.toNonUnitalCommRing ↦ 32
    [type_class] Group.toCancelMonoid ↦ 32
    [type_class] NonAssocCommRing.toNonAssocRing ↦ 32
    [type_class] DivisionSemiring.toGroupWithZero ↦ 30
    [type_class] Fin.fintype ↦ 30
    [type_class] NonUnitalCommRing.toNonUnitalNonAssocCommRing ↦ 30
    [type_class] OrderDual.instDivisionRing ↦ 30
    [type_class] Semiring.toModule ↦ 30
    [type_class] CommRing.toAddCommGroupWithOne ↦ 29
    [type_class] Nat.instPartialOrder ↦ 29
    [type_class] NonAssocRing.toAddCommGroupWithOne ↦ 29
    [type_class] NonUnitalCommRing.toNonUnitalRing ↦ 29
    [type_class] NonUnitalNonAssocCommRing.toNonUnitalNonAssocRing ↦ 29
    [type_class] Ring.toNonAssocRing ↦ 29
    [type_class] instAddNat ↦ 28
    [type_class] AddCommGroupWithOne.toAddCommGroup ↦ 28
    [type_class] DivisionRing.toDivisionSemiring ↦ 28
    [type_class] NonAssocCommRing.toNonUnitalNonAssocCommRing ↦ 28
    [type_class] NonAssocRing.toNonUnitalNonAssocRing ↦ 28
    [type_class] NonUnitalNonAssocRing.toAddCommGroup ↦ 28
    [type_class] NonUnitalNormedCommRing.toNonUnitalCommRing ↦ 28
    [type_class] NonUnitalNormedRing.toNonUnitalRing ↦ 28
    [type_class] NonUnitalRing.toNonUnitalNonAssocRing ↦ 28
    [type_class] NonUnitalSeminormedCommRing.toNonUnitalCommRing ↦ 28
    [type_class] NonUnitalSeminormedRing.toNonUnitalRing ↦ 28
    [type_class] NormedAddCommGroup.toAddCommGroup ↦ 28
    [type_class] Ring.toNonUnitalRing ↦ 28
    [type_class] SeminormedAddCommGroup.toAddCommGroup ↦ 28
    [type_class] AddMonoid.toAddZeroClass ↦ 26
    [type_class] CommGroupWithZero.toDivisionCommMonoid ↦ 26
    [type_class] CommGroupWithZero.toGroupWithZero ↦ 26
    [type_class] DivisionCommMonoid.toDivisionMonoid ↦ 26
    [type_class] DivisionSemiring.toSemiring ↦ 26
    [type_class] IdemSemiring.toSemiring ↦ 26
    [type_class] LinearOrderedCommGroupWithZero.toCommGroupWithZero ↦ 26
    [type_class] Semifield.toCommGroupWithZero ↦ 26
    [type_class] Vector.instHMul ↦ 26
    [type_class] MulZeroClass.toZero ↦ 25
    [type_class] forall_prop_decidable ↦ 24
    [type_class] AddCommGroup.toAddGroup ↦ 24
    [type_class] AddCommGroupWithOne.toAddGroupWithOne ↦ 24
    [type_class] AddGroupWithOne.toAddGroup ↦ 24
    [type_class] Array.instDecidableForallForallMemOfDecidablePred ↦ 24
    [type_class] CancelCommMonoid.toLeftCancelMonoid ↦ 24
    [type_class] CancelMonoid.toLeftCancelMonoid ↦ 24
    [type_class] Finset.decidableDforallFinset ↦ 24
    [type_class] Fintype.decidableForallFintype ↦ 24
    [type_class] Multiset.decidableDforallMultiset ↦ 24
    [type_class] Nat.fact_prime_two ↦ 24
    [type_class] Option.decidableForallMem ↦ 24
    [type_class] Vector.instDecidableForallForallMemOfDecidablePred ↦ 24
    [type_class] AddMonoidWithOne.toOne ↦ 23
    [type_class] NormedAddGroup.toAddGroup ↦ 23
    [type_class] NormedAddGroup.toSeminormedAddGroup ↦ 23
    [type_class] SeminormedAddCommGroup.toSeminormedAddGroup ↦ 23
    [type_class] SeminormedAddGroup.toAddGroup ↦ 23
    [type_class] ZMod.instField ↦ 23
    [type_class] instHAdd ↦ 22
    [type_class] instMulZeroOneClassOfSemiring ↦ 22
    [type_class] CommGroup.toDivisionCommMonoid ↦ 22
    [type_class] Group.toDivisionMonoid ↦ 22
    [type_class] GroupWithZero.toDivisionMonoid ↦ 22
    [type_class] IsOrderedMonoid.toIsOrderedCancelMonoid ↦ 22
    [type_class] MulZeroOneClass.toMulOneClass ↦ 22
    [type_class] instOfNatNat ↦ 21
    [type_class] IsOrderedAddMonoid.toAddLeftMono ↦ 21
    [type_class] LinearOrderedAddCommGroupWithTop.toAddCommMonoid ↦ 21
    [type_class] LinearOrderedAddCommMonoidWithTop.toAddCommMonoid ↦ 21
    [type_class] NonUnitalCommRing.toNonUnitalCommSemiring ↦ 21
    [type_class] NonUnitalCommSemiring.toNonUnitalSemiring ↦ 21
    [type_class] Semiring.toAddCommMonoid ↦ 21
  [type_class] max synth pending failures (maxSynthPendingDepth: 1), use `set_option maxSynthPendingDepth <limit>`
    [type_class] NormedAddCommGroup (Fin copies × I.GlobalVar → ZMod 2)
    [type_class] Ring (ZMod 2)
    [type_class] DivisionRing (Fin copies × I.GlobalVar → ZMod 2)
    [type_class] NonAssocRing (Fin copies × I.GlobalVar → ZMod 2)
    [type_class] Ring (ZMod 2)
    [type_class] NonAssocRing (Fin copies × I.GlobalVar → ZMod 2)
    [type_class] NonAssocRing (Fin copies × I.GlobalVar → ZMod 2)
    [type_class] NonUnitalNonAssocRing (Fin copies × I.GlobalVar → ZMod 2)
    [type_class] SeminormedAddCommGroup (Fin copies × I.GlobalVar → ZMod 2)
    [type_class] Ring (ZMod 2)
    [type_class] NonAssocRing (Fin copies × I.GlobalVar → ZMod 2)
    [type_class] AddCommGroup (Fin copies × I.GlobalVar → ZMod 2)
    [type_class] Ring (ZMod 2)
    [type_class] AddCommGroup (Fin copies × I.GlobalVar → ZMod 2)
    [type_class] DivisionRing (Fin copies × I.GlobalVar → ZMod 2)
    [type_class] DivisionRing (Fin copies × I.GlobalVar → ZMod 2)
  [def_eq] heuristic for solving `f a =?= f b` (max: 2636, num: 33):
    [def_eq] LE.le ↦ 2636
    [def_eq] Zero.toOfNat0 ↦ 1276
    [def_eq] instHAdd ↦ 1267
    [def_eq] OfNat.ofNat ↦ 1239
    [def_eq] MulZeroClass.toZero ↦ 1120
    [def_eq] instMulZeroClassOfSemiring ↦ 1110
    [def_eq] Nat.cast ↦ 402
    [def_eq] instHMul ↦ 356
    [def_eq] Ring.toSemiring ↦ 214
    [def_eq] AddMonoid.toZero ↦ 195
    [def_eq] LT.lt ↦ 165
    [def_eq] Zero.zero ↦ 161
    [def_eq] Pi.addMonoid ↦ 107
    [def_eq] instHDiv ↦ 102
    [def_eq] Pi.Function.module ↦ 99
    [def_eq] Submodule.setLike ↦ 83
    [def_eq] Nat.mul ↦ 67
    [def_eq] AddSubmonoidClass.toAddMonoid ↦ 54
    [def_eq] SetLike.instMembership ↦ 53
    [def_eq] Pi.addCommMonoid ↦ 48
    [def_eq] Grass ↦ 47
    [def_eq] blocks ↦ 38
    [def_eq] AddSubgroupClass.instZModModule ↦ 36
    [def_eq] decide ↦ 36
    [def_eq] instHSub ↦ 33
    [def_eq] Pi.addCommGroup ↦ 32
    [def_eq] Rat.cast ↦ 29
    [def_eq] Nat.pow ↦ 27
    [def_eq] AddMonoid.toAdd ↦ 26
    [def_eq] AddZeroClass.toAddZero ↦ 26
    [def_eq] MulOne.toMul ↦ 22
    [def_eq] Submodule.addCommMonoid ↦ 22
    [def_eq] One.toOfNat1 ↦ 21
  [reduction] Axioms (possibly imported non-exposed defs) that were tried to be unfolded (max: 111, num: 1):
    [reduction] Classical.choice ↦ 111
  [kernel] unfolded declarations (max: 3930, num: 161):
    [kernel] List.rec ↦ 3930
    [kernel] List.casesOn ↦ 2298
    [kernel] Add.add ↦ 2139
    [kernel] HAdd.hAdd ↦ 1775
    [kernel] Membership.mem ↦ 1096
    [kernel] Nat.casesOn ↦ 1069
    [kernel] Int.casesOn ↦ 1046
    [kernel] Nat.rec ↦ 1013
    [kernel] Int.rec ↦ 932
    [kernel] instDecidableEqList.match_1 ↦ 846
    [kernel] List.map._f ↦ 846
    [kernel] OfNat.ofNat ↦ 789
    [kernel] Subtype.val ↦ 734
    [kernel] AddMonoid.toAdd ↦ 576
    [kernel] SMul.smul ↦ 540
    [kernel] AddCommMonoid.toAddMonoid ↦ 527
    [kernel] instHAdd ↦ 518
    [kernel] List.zipWithAll._f ↦ 505
    [kernel] List.zipWithAll.match_1 ↦ 505
    [kernel] HSMul.hSMul ↦ 490
    [kernel] SubNegMonoid.toAddMonoid ↦ 422
    [kernel] Mul.mul ↦ 410
    [kernel] Int.add.match_1 ↦ 405
    [kernel] HMul.hMul ↦ 392
    [kernel] Sub.sub ↦ 382
    [kernel] HSub.hSub ↦ 376
    [kernel] AddSemigroup.toAdd ↦ 365
    [kernel] List.getLast?.match_1 ↦ 360
    [kernel] AddGroup.toSubNegMonoid ↦ 303
    [kernel] Int.negOfNat.match_1 ↦ 284
    [kernel] AddCommGroup.toAddGroup ↦ 283
    [kernel] Neg.neg ↦ 273
    [kernel] AddMonoid.toAddSemigroup ↦ 268
    [kernel] Option.rec ↦ 264
    [kernel] Int.add ↦ 263
    [kernel] List.foldr._f ↦ 247
    [kernel] Option.casesOn ↦ 246
    [kernel] List.brecOn ↦ 244
    [kernel] List.get?Internal._f ↦ 243
    [kernel] List.get?Internal._sparseCasesOn_1 ↦ 243
    [kernel] List.get?Internal.match_1 ↦ 243
    [kernel] Int.neg.match_1 ↦ 228
    [kernel] Ring.toAddCommGroup ↦ 222
    [kernel] List.brecOn.go ↦ 211
    [kernel] Int.negOfNat ↦ 202
    [kernel] Bool.rec ↦ 184
    [kernel] Semiring.toAddCommMonoid ↦ 180
    [kernel] Option.getD.match_1 ↦ 175
    [kernel] instHSMul ↦ 174
    [kernel] Int.neg ↦ 172
    [kernel] Bool.casesOn ↦ 170
    [kernel] AddMonoid.toZero ↦ 156
    [kernel] NatCast.natCast ↦ 151
    [kernel] Decidable.casesOn ↦ 143
    [kernel] Decidable.rec ↦ 143
    [kernel] LE.le ↦ 140
    [kernel] SemigroupAction.toSMul ↦ 140
    [kernel] ZSMul.zsmul ↦ 140
    [kernel] AddZeroClass.toAddZero ↦ 136
    [kernel] MulAction.toSemigroupAction ↦ 130
    [kernel] AddZero.toAdd ↦ 125
    [kernel] AddZeroClass.toAdd ↦ 125
    [kernel] Lean.Omega.Constraint.sat' ↦ 122
    [kernel] Lean.Omega.Coeffs.dot ↦ 121
    [kernel] DistribMulAction.toMulAction ↦ 120
    [kernel] Int.mul ↦ 120
    [kernel] Lean.Omega.LinearCombo.coeffs ↦ 117
    [kernel] Int.sub ↦ 116
    [kernel] AddMonoid.toAddZeroClass ↦ 114
    [kernel] Option.getD ↦ 111
    [kernel] AddZeroClass.toZero ↦ 110
    [kernel] Module.toDistribMulAction ↦ 110
    [kernel] List.find?._f ↦ 109
    [kernel] List.filter.match_1 ↦ 108
    [kernel] Lean.Omega.LinearCombo.const ↦ 107
    [kernel] List.map ↦ 104
    [kernel] Zero.zero ↦ 102
    [kernel] AddCommGroup.toAddCommMonoid ↦ 101
    [kernel] Monoid.toMulAction ↦ 100
    [kernel] Nat.cast ↦ 100
    [kernel] Lean.Omega.IntList.set._f ↦ 99
    [kernel] Lean.Omega.IntList.set.match_1 ↦ 99
    [kernel] HPow.hPow ↦ 92
    [kernel] Pow.pow ↦ 92
    [kernel] AddZero.toZero ↦ 90
    [kernel] ite ↦ 82
    [kernel] Int.subNatNat ↦ 82
    [kernel] AddMemClass.add ↦ 81
    [kernel] AddSubmonoid.toAddSubsemigroup ↦ 72
    [kernel] AddSubsemigroup.carrier ↦ 72
    [kernel] LT.lt ↦ 72
    [kernel] Prod.casesOn ↦ 72
    [kernel] Prod.rec ↦ 72
    [kernel] SetLike.coe ↦ 72
    [kernel] Submodule.toAddSubmonoid ↦ 72
    [kernel] Option.map ↦ 64
    [kernel] List.zipWithAll ↦ 62
    [kernel] NPow.npow ↦ 62
    [kernel] AddCommSemigroup.toAddSemigroup ↦ 60
    [kernel] Lean.Omega.Constraint.lowerBound ↦ 60
    [kernel] Lean.Omega.Constraint.upperBound ↦ 59
    [kernel] Ring.toSemiring ↦ 57
    [kernel] AddSubmonoidClass.toAddMonoid ↦ 56
    [kernel] instOfNatNat ↦ 55
    [kernel] Lean.Omega.normalize?.match_1 ↦ 54
    [kernel] inferInstance ↦ 52
    [kernel] Semiring.toModule ↦ 50
    [kernel] Zero.toOfNat0 ↦ 47
    [kernel] AddSubmonoidClass.toAddZeroClass ↦ 46
    [kernel] AddCommMonoid.toAddCommSemigroup ↦ 45
    [kernel] instHSub ↦ 44
    [kernel] decide ↦ 43
    [kernel] Lean.Omega.Coeffs.smul ↦ 41
    [kernel] Lean.Omega.IntList.smul ↦ 41
    [kernel] instDecidableEqNat ↦ 40
    [kernel] Nat.decEq ↦ 40
    [kernel] Nat.decEq.match_1 ↦ 40
    [kernel] Lean.Omega.LinearCombo.eval ↦ 40
    [kernel] Pi.instAdd ↦ 39
    [kernel] instHMul ↦ 38
    [kernel] Int.le ↦ 38
    [kernel] Semiring.toNatCast ↦ 37
    [kernel] CommSemiring.toSemiring ↦ 35
    [kernel] Module.Dual ↦ 34
    [kernel] instOfNat ↦ 33
    [kernel] Int.decNonneg ↦ 31
    [kernel] SetLike.instMembership ↦ 31
    [kernel] AddSubgroupClass.toAddCommGroup ↦ 30
    [kernel] AddSubgroupClass.toAddGroup ↦ 30
    [kernel] List.foldr ↦ 30
    [kernel] Monoid.toOne ↦ 30
    [kernel] Lean.Omega.Coeffs.isZero ↦ 30
    [kernel] Lean.Omega.IntList.sub ↦ 30
    [kernel] Lean.Omega.LinearCombo.sub ↦ 30
    [kernel] AddSubmonoidClass.toAddCommMonoid ↦ 29
    [kernel] Submodule.addCommMonoid ↦ 29
    [kernel] Lean.Omega.Constraint.map ↦ 29
    [kernel] NatPow.pow ↦ 28
    [kernel] Pi.addSemigroup ↦ 28
    [kernel] Submodule.setLike ↦ 28
    [kernel] AddSubgroupClass.instZModSMul ↦ 25
    [kernel] Int.natAbs ↦ 25
    [kernel] Submodule.smul ↦ 25
    [kernel] autoParam ↦ 24
    [kernel] Nat.brecOn ↦ 24
    [kernel] NonAssocSemiring.toNatCast ↦ 24
    [kernel] ZSMul.toSMul ↦ 24
    [kernel] Lean.Omega.Coeffs.set ↦ 24
    [kernel] Lean.Omega.IntList.set ↦ 24
    [kernel] Lean.Omega.LinearCombo.coordinate ↦ 24
    [kernel] PartialOrder.toPreorder ↦ 23
    [kernel] Nat.brecOn.go ↦ 23
    [kernel] CommRing.toRing ↦ 22
    [kernel] Int.decEq ↦ 22
    [kernel] Int.instDecidableEq ↦ 22
    [kernel] Monoid.toMul ↦ 22
    [kernel] Pi.addCommMonoid ↦ 22
    [kernel] Semiring.toMonoid ↦ 21
    [kernel] ZeroMemClass.zero ↦ 21
    [kernel] Lean.Omega.IntList.add ↦ 21
    [kernel] Lean.Omega.LinearCombo.add ↦ 21
  use `set_option diagnostics.threshold <num>` to control threshold for reporting counters
Some required targets logged failures:
- PvNP.RealizableHardness.ActualSelectedComplementAnalyticMargin
