⚠ [2202/2475] Replayed PvNP.RealizableHardness.BinaryMatrixFourier
warning: lean/PvNP/RealizableHardness/BinaryMatrixFourier.lean:126:8: `if_pos` has been deprecated: Use `ite_eq_left` instead
warning: lean/PvNP/RealizableHardness/BinaryMatrixFourier.lean:132:8: `if_neg` has been deprecated: Use `ite_eq_right` instead
⚠ [2204/2475] Replayed PvNP.RealizableHardness.BinaryMatrixHybridSelector
warning: lean/PvNP/RealizableHardness/BinaryMatrixHybridSelector.lean:71:8: `if_pos` has been deprecated: Use `ite_eq_left` instead
warning: lean/PvNP/RealizableHardness/BinaryMatrixHybridSelector.lean:90:8: `if_neg` has been deprecated: Use `ite_eq_right` instead
⚠ [2206/2475] Replayed PvNP.RealizableHardness.BinaryMatrixLineTranslation
warning: lean/PvNP/RealizableHardness/BinaryMatrixLineTranslation.lean:243:4: try 'simp' instead of 'simpa'

Note: This linter can be disabled with `set_option linter.unnecessarySimpa false`
warning: lean/PvNP/RealizableHardness/BinaryMatrixLineTranslation.lean:315:8: `if_neg` has been deprecated: Use `ite_eq_right` instead
warning: lean/PvNP/RealizableHardness/BinaryMatrixLineTranslation.lean:407:15: `if_neg` has been deprecated: Use `ite_eq_right` instead
warning: lean/PvNP/RealizableHardness/BinaryMatrixLineTranslation.lean:433:41: This simp argument is unused:
  s

Hint: Omit it from the simp argument list.
  [apply] simp [hs, hr]

Note: This linter can be disabled with `set_option linter.unusedSimpArgs false`
warning: lean/PvNP/RealizableHardness/BinaryMatrixLineTranslation.lean:555:15: `if_neg` has been deprecated: Use `ite_eq_right` instead
warning: lean/PvNP/RealizableHardness/BinaryMatrixLineTranslation.lean:592:57: This simp argument is unused:
  mul_assoc

Hint: Omit it from the simp argument list.
  [apply] simp [hr, hs]

Note: This linter can be disabled with `set_option linter.unusedSimpArgs false`
⚠ [2207/2475] Replayed PvNP.RealizableHardness.BinaryMatrixLineA14
warning: lean/PvNP/RealizableHardness/BinaryMatrixLineA14.lean:88:8: `if_pos` has been deprecated: Use `ite_eq_left` instead
warning: lean/PvNP/RealizableHardness/BinaryMatrixLineA14.lean:97:8: `if_neg` has been deprecated: Use `ite_eq_right` instead
⚠ [2282/2475] Replayed PvNP.RealizableHardness.BinaryMatrixA1TypedFourier
warning: lean/PvNP/RealizableHardness/BinaryMatrixA1TypedFourier.lean:198:8: `if_pos` has been deprecated: Use `ite_eq_left` instead
warning: lean/PvNP/RealizableHardness/BinaryMatrixA1TypedFourier.lean:204:8: `if_neg` has been deprecated: Use `ite_eq_right` instead
warning: lean/PvNP/RealizableHardness/BinaryMatrixA1TypedFourier.lean:236:8: `if_pos` has been deprecated: Use `ite_eq_left` instead
warning: lean/PvNP/RealizableHardness/BinaryMatrixA1TypedFourier.lean:242:8: `if_neg` has been deprecated: Use `ite_eq_right` instead
⚠ [2284/2475] Replayed PvNP.RealizableHardness.BinaryMatrixA1CoefficientTransfer
warning: lean/PvNP/RealizableHardness/BinaryMatrixA1CoefficientTransfer.lean:111:15: `if_pos` has been deprecated: Use `ite_eq_left` instead
⚠ [2285/2475] Replayed PvNP.RealizableHardness.BinaryMatrixA1Composition
warning: lean/PvNP/RealizableHardness/BinaryMatrixA1Composition.lean:40:15: `if_pos` has been deprecated: Use `ite_eq_left` instead
warning: lean/PvNP/RealizableHardness/BinaryMatrixA1Composition.lean:102:5: Variable name `hA` is not explicitly referenced.

Hint: The binding can be removed (if unused) or named `_` (if used implicitly). Alternatively, prefix the name with `_` to silence this warning:
  [apply] _hA

Note: This linter can be disabled with `set_option linter.unusedVariables false`
warning: lean/PvNP/RealizableHardness/BinaryMatrixA1Composition.lean:102:20: Variable name `hB` is not explicitly referenced.

Hint: The binding can be removed (if unused) or named `_` (if used implicitly). Alternatively, prefix the name with `_` to silence this warning:
  [apply] _hB

Note: This linter can be disabled with `set_option linter.unusedVariables false`
warning: lean/PvNP/RealizableHardness/BinaryMatrixA1Composition.lean:172:43: `if_pos` has been deprecated: Use `ite_eq_left` instead
⚠ [2288/2475] Replayed PvNP.RealizableHardness.BinaryMatrixComplexA15
warning: lean/PvNP/RealizableHardness/BinaryMatrixComplexA15.lean:35:4: Unused tactic linter: `change fibreEnergy R.fibre f ≤ ε` does nothing

Note: This linter can be disabled with `set_option linter.unusedTactic false`
warning: lean/PvNP/RealizableHardness/BinaryMatrixComplexA15.lean:46:2: Unused tactic linter: `change fibreEnergy Q.fibre f ≤ ε` does nothing

Note: This linter can be disabled with `set_option linter.unusedTactic false`
warning: lean/PvNP/RealizableHardness/BinaryMatrixComplexA15.lean:184:24: This simp argument is unused:
  zero_add

Hint: Omit it from the simp argument list.
  [apply] simp only [Complex.normSq_apply, Complex.sub_re, Complex.sub_im, Complex.mul_re, Complex.mul_im,
    Complex.ofReal_re, Complex.ofReal_im, zero_mul, sub_zero, mul_zero]

Note: This linter can be disabled with `set_option linter.unusedSimpArgs false`
warning: lean/PvNP/RealizableHardness/BinaryMatrixComplexA15.lean:184:34: This simp argument is unused:
  mul_zero

Hint: Omit it from the simp argument list.
  [apply] simp only [Complex.normSq_apply, Complex.sub_re, Complex.sub_im, Complex.mul_re, Complex.mul_im,
    Complex.ofReal_re, Complex.ofReal_im, zero_mul, sub_zero, zero_add]

Note: This linter can be disabled with `set_option linter.unusedSimpArgs false`
⚠ [2300/2475] Replayed PvNP.RealizableHardness.BinaryMatrixTypedA15HyperplaneGlobal
warning: lean/PvNP/RealizableHardness/BinaryMatrixTypedA15HyperplaneGlobal.lean:48:25: Variable name `hH` is not explicitly referenced.

Hint: The binding can be removed (if unused) or named `_` (if used implicitly). Alternatively, prefix the name with `_` to silence this warning:
  [apply] _hH

Note: This linter can be disabled with `set_option linter.unusedVariables false`
⚠ [2302/2475] Replayed PvNP.RealizableHardness.BinaryMatrixTypedA15HyperplaneReducedGlobal
warning: lean/PvNP/RealizableHardness/BinaryMatrixTypedA15HyperplaneReducedGlobal.lean:54:25: Variable name `hH` is not explicitly referenced.

Hint: The binding can be removed (if unused) or named `_` (if used implicitly). Alternatively, prefix the name with `_` to silence this warning:
  [apply] _hH

Note: This linter can be disabled with `set_option linter.unusedVariables false`
warning: lean/PvNP/RealizableHardness/BinaryMatrixTypedA15HyperplaneReducedGlobal.lean:64:25: Variable name `hH` is not explicitly referenced.

Hint: The binding can be removed (if unused) or named `_` (if used implicitly). Alternatively, prefix the name with `_` to silence this warning:
  [apply] _hH

Note: This linter can be disabled with `set_option linter.unusedVariables false`
warning: lean/PvNP/RealizableHardness/BinaryMatrixTypedA15HyperplaneReducedGlobal.lean:84:25: Variable name `hH` is not explicitly referenced.

Hint: The binding can be removed (if unused) or named `_` (if used implicitly). Alternatively, prefix the name with `_` to silence this warning:
  [apply] _hH

Note: This linter can be disabled with `set_option linter.unusedVariables false`
warning: lean/PvNP/RealizableHardness/BinaryMatrixTypedA15HyperplaneReducedGlobal.lean:98:25: Variable name `hH` is not explicitly referenced.

Hint: The binding can be removed (if unused) or named `_` (if used implicitly). Alternatively, prefix the name with `_` to silence this warning:
  [apply] _hH

Note: This linter can be disabled with `set_option linter.unusedVariables false`
warning: lean/PvNP/RealizableHardness/BinaryMatrixTypedA15HyperplaneReducedGlobal.lean:236:25: Variable name `hH` is not explicitly referenced.

Hint: The binding can be removed (if unused) or named `_` (if used implicitly). Alternatively, prefix the name with `_` to silence this warning:
  [apply] _hH

Note: This linter can be disabled with `set_option linter.unusedVariables false`
⚠ [2304/2475] Replayed PvNP.RealizableHardness.BinaryMatrixTypedA14HyperplaneReduced
warning: lean/PvNP/RealizableHardness/BinaryMatrixTypedA14HyperplaneReduced.lean:35:55: Variable name `hH` is not explicitly referenced.

Hint: The binding can be removed (if unused) or named `_` (if used implicitly). Alternatively, prefix the name with `_` to silence this warning:
  [apply] _hH

Note: This linter can be disabled with `set_option linter.unusedVariables false`
warning: lean/PvNP/RealizableHardness/BinaryMatrixTypedA14HyperplaneReduced.lean:119:55: Variable name `hH` is not explicitly referenced.

Hint: The binding can be removed (if unused) or named `_` (if used implicitly). Alternatively, prefix the name with `_` to silence this warning:
  [apply] _hH

Note: This linter can be disabled with `set_option linter.unusedVariables false`
⚠ [2306/2475] Replayed PvNP.RealizableHardness.BinaryMatrixA15BaseCase
warning: lean/PvNP/RealizableHardness/BinaryMatrixA15BaseCase.lean:31:4: Try this: 
  haveI̵

The goal is a proposition, so `have` is preferred over `haveI`.
The difference between `have` and `haveI` is that `haveI` inlines the value.
But this is not relevant for proofs because of proof irrelevance.

Note: This linter can be disabled with `set_option linter.style.haveILetI false`
⚠ [2311/2475] Replayed PvNP.RealizableHardness.BinaryMatrixTypedHyperplaneIntrinsicP
warning: lean/PvNP/RealizableHardness/BinaryMatrixTypedHyperplaneIntrinsicP.lean:138:35: This simp argument is unused:
  Module.Basis.dualBasis_equivFun

Hint: Omit it from the simp argument list.
  [apply] simp [hyperplaneMatrixEquiv, hyperplaneShiftVectorIndex, lineShift, lineFunctional]

Note: This linter can be disabled with `set_option linter.unusedSimpArgs false`
⚠ [2313/2475] Replayed PvNP.RealizableHardness.BinaryMatrixA15SelectedBridge
warning: lean/PvNP/RealizableHardness/BinaryMatrixA15SelectedBridge.lean:44:10: try 'simp' instead of 'simpa'

Note: This linter can be disabled with `set_option linter.unnecessarySimpa false`
warning: lean/PvNP/RealizableHardness/BinaryMatrixA15SelectedBridge.lean:50:10: try 'simp' instead of 'simpa'

Note: This linter can be disabled with `set_option linter.unnecessarySimpa false`
⚠ [2315/2475] Replayed PvNP.RealizableHardness.ActualTypedIntrinsicWitnessNaturality
warning: lean/PvNP/RealizableHardness/ActualTypedIntrinsicWitnessNaturality.lean:224:31: This simp argument is unused:
  LinearEquiv.arrowCongr_apply

Hint: Omit it from the simp argument list.
  [apply] simp [eN, mapReindexEquiv, LinearMap.comp_apply]

Note: This linter can be disabled with `set_option linter.unusedSimpArgs false`
warning: lean/PvNP/RealizableHardness/ActualTypedIntrinsicWitnessNaturality.lean:225:6: This simp argument is unused:
  LinearMap.comp_apply

Hint: Omit it from the simp argument list.
  [apply] simp [eN, mapReindexEquiv, LinearEquiv.arrowCongr_apply]

Note: This linter can be disabled with `set_option linter.unusedSimpArgs false`
warning: lean/PvNP/RealizableHardness/ActualTypedIntrinsicWitnessNaturality.lean:327:4: Try `simp at hz` instead of `simpa using hz`

Note: This linter can be disabled with `set_option linter.unnecessarySimpa false`
warning: lean/PvNP/RealizableHardness/ActualTypedIntrinsicWitnessNaturality.lean:357:4: Try `simp at h'` instead of `simpa using h'`

Note: This linter can be disabled with `set_option linter.unnecessarySimpa false`
warning: lean/PvNP/RealizableHardness/ActualTypedIntrinsicWitnessNaturality.lean:373:2: try 'simp' instead of 'simpa'

Note: This linter can be disabled with `set_option linter.unnecessarySimpa false`
⚠ [2316/2475] Replayed PvNP.RealizableHardness.ActualTypedIntrinsicHyperplaneNaturality
warning: lean/PvNP/RealizableHardness/ActualTypedIntrinsicHyperplaneNaturality.lean:48:5: Variable name `hφ` is not explicitly referenced.

Hint: The binding can be removed (if unused) or named `_` (if used implicitly). Alternatively, prefix the name with `_` to silence this warning:
  [apply] _hφ

Note: This linter can be disabled with `set_option linter.unusedVariables false`
warning: lean/PvNP/RealizableHardness/ActualTypedIntrinsicHyperplaneNaturality.lean:207:6: This simp argument is unused:
  LinearEquiv.arrowCongr_apply

Hint: Omit it from the simp argument list.
  [apply] simp [eIndex, ePhi, eW, mapReindexEquiv, LinearMap.comp_apply, LinearMap.smulRight_apply]

Note: This linter can be disabled with `set_option linter.unusedSimpArgs false`
warning: lean/PvNP/RealizableHardness/ActualTypedIntrinsicHyperplaneNaturality.lean:358:31: This simp argument is unused:
  LinearEquiv.arrowCongr_apply

Hint: Omit it from the simp argument list.
  [apply] simp [eN, mapReindexEquiv, LinearMap.comp_apply]

Note: This linter can be disabled with `set_option linter.unusedSimpArgs false`
warning: lean/PvNP/RealizableHardness/ActualTypedIntrinsicHyperplaneNaturality.lean:359:6: This simp argument is unused:
  LinearMap.comp_apply

Hint: Omit it from the simp argument list.
  [apply] simp [eN, mapReindexEquiv, LinearEquiv.arrowCongr_apply]

Note: This linter can be disabled with `set_option linter.unusedSimpArgs false`
warning: lean/PvNP/RealizableHardness/ActualTypedIntrinsicHyperplaneNaturality.lean:395:31: This simp argument is unused:
  LinearEquiv.arrowCongr_apply

Hint: Omit it from the simp argument list.
  [apply] simp [eN, mapReindexEquiv, LinearMap.comp_apply]

Note: This linter can be disabled with `set_option linter.unusedSimpArgs false`
warning: lean/PvNP/RealizableHardness/ActualTypedIntrinsicHyperplaneNaturality.lean:396:6: This simp argument is unused:
  LinearMap.comp_apply

Hint: Omit it from the simp argument list.
  [apply] simp [eN, mapReindexEquiv, LinearEquiv.arrowCongr_apply]

Note: This linter can be disabled with `set_option linter.unusedSimpArgs false`
⚠ [2317/2475] Replayed PvNP.RealizableHardness.ActualTypedMixedTower
warning: lean/PvNP/RealizableHardness/ActualTypedMixedTower.lean:46:4: The namespace `ActualTypedMixedTower` is duplicated in the declaration `PvNP.RealizableHardness.ActualTypedMixedTower.ActualTypedMixedTower.line`.

Note: This linter can be disabled with `set_option linter.dupNamespace false`
warning: lean/PvNP/RealizableHardness/ActualTypedMixedTower.lean:57:4: The namespace `ActualTypedMixedTower` is duplicated in the declaration `PvNP.RealizableHardness.ActualTypedMixedTower.ActualTypedMixedTower.hyperplane`.

Note: This linter can be disabled with `set_option linter.dupNamespace false`
warning: lean/PvNP/RealizableHardness/ActualTypedMixedTower.lean:37:10: The namespace `ActualTypedMixedTower` is duplicated in the declaration `PvNP.RealizableHardness.ActualTypedMixedTower.ActualTypedMixedTower`.

Note: This linter can be disabled with `set_option linter.dupNamespace false`
warning: lean/PvNP/RealizableHardness/ActualTypedMixedTower.lean:42:4: The namespace `ActualTypedMixedTower` is duplicated in the declaration `PvNP.RealizableHardness.ActualTypedMixedTower.ActualTypedMixedTower.done`.

Note: This linter can be disabled with `set_option linter.dupNamespace false`
⚠ [2318/2475] Replayed PvNP.RealizableHardness.ActualTypedABMixedTower
warning: lean/PvNP/RealizableHardness/ActualTypedABMixedTower.lean:73:4: The namespace `ActualTypedABMixedTower` is duplicated in the declaration `PvNP.RealizableHardness.ActualTypedABMixedTower.ActualTypedABMixedTower.line`.

Note: This linter can be disabled with `set_option linter.dupNamespace false`
warning: lean/PvNP/RealizableHardness/ActualTypedABMixedTower.lean:70:4: The namespace `ActualTypedABMixedTower` is duplicated in the declaration `PvNP.RealizableHardness.ActualTypedABMixedTower.ActualTypedABMixedTower.done`.

Note: This linter can be disabled with `set_option linter.dupNamespace false`
warning: lean/PvNP/RealizableHardness/ActualTypedABMixedTower.lean:84:4: The namespace `ActualTypedABMixedTower` is duplicated in the declaration `PvNP.RealizableHardness.ActualTypedABMixedTower.ActualTypedABMixedTower.hyperplane`.

Note: This linter can be disabled with `set_option linter.dupNamespace false`
warning: lean/PvNP/RealizableHardness/ActualTypedABMixedTower.lean:67:10: The namespace `ActualTypedABMixedTower` is duplicated in the declaration `PvNP.RealizableHardness.ActualTypedABMixedTower.ActualTypedABMixedTower`.

Note: This linter can be disabled with `set_option linter.dupNamespace false`
warning: lean/PvNP/RealizableHardness/ActualTypedABMixedTower.lean:97:32: Variable name `n` is not explicitly referenced.

Hint: The binding can be removed (if unused) or named `_` (if used implicitly). Alternatively, prefix the name with `_` to silence this warning:
  [apply] _n

Note: This linter can be disabled with `set_option linter.unusedVariables false`
warning: lean/PvNP/RealizableHardness/ActualTypedABMixedTower.lean:158:5: Variable name `hA` is not explicitly referenced.

Hint: The binding can be removed (if unused) or named `_` (if used implicitly). Alternatively, prefix the name with `_` to silence this warning:
  [apply] _hA

Note: This linter can be disabled with `set_option linter.unusedVariables false`
warning: lean/PvNP/RealizableHardness/ActualTypedABMixedTower.lean:208:48: This simp argument is unused:
  Q

Hint: Omit it from the simp argument list.
  [apply] simp [e]

Note: This linter can be disabled with `set_option linter.unusedSimpArgs false`
warning: lean/PvNP/RealizableHardness/ActualTypedABMixedTower.lean:201:2: Try this: intro Q' hQ'
warning: lean/PvNP/RealizableHardness/ActualTypedABMixedTower.lean:283:48: This simp argument is unused:
  Q

Hint: Omit it from the simp argument list.
  [apply] simp [e]

Note: This linter can be disabled with `set_option linter.unusedSimpArgs false`
warning: lean/PvNP/RealizableHardness/ActualTypedABMixedTower.lean:276:2: Try this: intro Q' hQ'
warning: lean/PvNP/RealizableHardness/ActualTypedABMixedTower.lean:554:45: Variable name `hA` is not explicitly referenced.

Hint: The binding can be removed (if unused) or named `_` (if used implicitly). Alternatively, prefix the name with `_` to silence this warning:
  [apply] _hA

Note: This linter can be disabled with `set_option linter.unusedVariables false`
⚠ [2319/2475] Replayed PvNP.RealizableHardness.ActualTypedABRankedTower
warning: lean/PvNP/RealizableHardness/ActualTypedABRankedTower.lean:34:10: The namespace `ActualTypedABRankedTower` is duplicated in the declaration `PvNP.RealizableHardness.ActualTypedABRankedTower.ActualTypedABRankedTower`.

Note: This linter can be disabled with `set_option linter.dupNamespace false`
warning: lean/PvNP/RealizableHardness/ActualTypedABRankedTower.lean:37:4: The namespace `ActualTypedABRankedTower` is duplicated in the declaration `PvNP.RealizableHardness.ActualTypedABRankedTower.ActualTypedABRankedTower.done`.

Note: This linter can be disabled with `set_option linter.dupNamespace false`
warning: lean/PvNP/RealizableHardness/ActualTypedABRankedTower.lean:51:4: The namespace `ActualTypedABRankedTower` is duplicated in the declaration `PvNP.RealizableHardness.ActualTypedABRankedTower.ActualTypedABRankedTower.hyperplane`.

Note: This linter can be disabled with `set_option linter.dupNamespace false`
warning: lean/PvNP/RealizableHardness/ActualTypedABRankedTower.lean:40:4: The namespace `ActualTypedABRankedTower` is duplicated in the declaration `PvNP.RealizableHardness.ActualTypedABRankedTower.ActualTypedABRankedTower.line`.

Note: This linter can be disabled with `set_option linter.dupNamespace false`
warning: lean/PvNP/RealizableHardness/ActualTypedABRankedTower.lean:99:63: Used `tac1 <;> tac2` where `(tac1; tac2)` would suffice

Note: This linter can be disabled with `set_option linter.unnecessarySeqFocus false`
warning: lean/PvNP/RealizableHardness/ActualTypedABRankedTower.lean:163:40: This simp argument is unused:
  mul_left_comm

Hint: Omit it from the simp argument list.
  [apply] simp [rankedA15Loss, mul_assoc, mul_comm]

Note: This linter can be disabled with `set_option linter.unusedSimpArgs false`
warning: lean/PvNP/RealizableHardness/ActualTypedABRankedTower.lean:183:40: This simp argument is unused:
  mul_left_comm

Hint: Omit it from the simp argument list.
  [apply] simp [rankedA15Loss, mul_assoc, mul_comm]

Note: This linter can be disabled with `set_option linter.unusedSimpArgs false`
ℹ [2321/2475] Replayed PvNP.RealizableHardness.ExceptionRepair
info: lean/PvNP/RealizableHardness/ExceptionRepair.lean:200:0: 'PvNP.RealizableHardness.exception_completeness' depends on axioms: [propext, Classical.choice, Quot.sound]
info: lean/PvNP/RealizableHardness/ExceptionRepair.lean:201:0: 'PvNP.RealizableHardness.exception_soundness' depends on axioms: [propext, Classical.choice, Quot.sound]
ℹ [2322/2475] Replayed PvNP.RealizableHardness.Formula
info: lean/PvNP/RealizableHardness/Formula.lean:93:0: 'PvNP.RealizableHardness.Formula.repair_complete' depends on axioms: [propext, Classical.choice, Quot.sound]
info: lean/PvNP/RealizableHardness/Formula.lean:94:0: 'PvNP.RealizableHardness.Formula.leaves_repair' depends on axioms: [propext]
info: lean/PvNP/RealizableHardness/Formula.lean:95:0: 'PvNP.RealizableHardness.Formula.repair_sound' depends on axioms: [propext, Classical.choice, Quot.sound]
⚠ [2323/2475] Replayed PvNP.RealizableHardness.WeightRounding
warning: lean/PvNP/RealizableHardness/WeightRounding.lean:47:56: `if_false` has been deprecated: Use `ite_false` instead
warning: lean/PvNP/RealizableHardness/WeightRounding.lean:47:56: `if_false` has been deprecated: Use `ite_false` instead
warning: lean/PvNP/RealizableHardness/WeightRounding.lean:47:32: This simp argument is unused:
  hx

Hint: Omit it from the simp argument list.
  [apply] simp only [Bool.false_eq_true, if_false, mul_zero, ite_true]

Note: This linter can be disabled with `set_option linter.unusedSimpArgs false`
warning: lean/PvNP/RealizableHardness/WeightRounding.lean:61:14: This simp argument is unused:
  hx

Hint: Omit it from the simp argument list.
  [apply] simp

Note: This linter can be disabled with `set_option linter.unusedSimpArgs false`
⚠ [2324/2475] Replayed PvNP.RealizableHardness.FiniteSampling
warning: lean/PvNP/RealizableHardness/FiniteSampling.lean:94:14: This simp argument is unused:
  hi

Hint: Omit it from the simp argument list.
  [apply] simp

Note: This linter can be disabled with `set_option linter.unusedSimpArgs false`
warning: lean/PvNP/RealizableHardness/FiniteSampling.lean:136:8: `if_neg` has been deprecated: Use `ite_eq_right` instead
⚠ [2325/2475] Replayed PvNP.RealizableHardness.TripleRestrictionRank
warning: lean/PvNP/RealizableHardness/TripleRestrictionRank.lean:41:39: This simp argument is unused:
  Fin.sum_univ_succ

Hint: Omit it from the simp argument list.
  [apply] simp [Fintype.sum_option, blockMass]

Note: This linter can be disabled with `set_option linter.unusedSimpArgs false`
warning: lean/PvNP/RealizableHardness/TripleRestrictionRank.lean:42:2: Used `tac1 <;> tac2` where `(tac1; tac2)` would suffice

Note: This linter can be disabled with `set_option linter.unnecessarySeqFocus false`
warning: lean/PvNP/RealizableHardness/TripleRestrictionRank.lean:49:26: `if_true` has been deprecated: Use `ite_true` instead
warning: lean/PvNP/RealizableHardness/TripleRestrictionRank.lean:69:19: `if_false` has been deprecated: Use `ite_false` instead
warning: lean/PvNP/RealizableHardness/TripleRestrictionRank.lean:91:25: `if_pos` has been deprecated: Use `ite_eq_left` instead
warning: lean/PvNP/RealizableHardness/TripleRestrictionRank.lean:92:25: `if_neg` has been deprecated: Use `ite_eq_right` instead
warning: lean/PvNP/RealizableHardness/TripleRestrictionRank.lean:92:50: `if_true` has been deprecated: Use `ite_true` instead
warning: lean/PvNP/RealizableHardness/TripleRestrictionRank.lean:105:19: `if_pos` has been deprecated: Use `ite_eq_left` instead
warning: lean/PvNP/RealizableHardness/TripleRestrictionRank.lean:106:19: `if_neg` has been deprecated: Use `ite_eq_right` instead
warning: lean/PvNP/RealizableHardness/TripleRestrictionRank.lean:92:36: This simp argument is unused:
  Bool.true_eq

Hint: Omit it from the simp argument list.
  [apply] simp only [events, if_neg hi, if_true]

Note: This linter can be disabled with `set_option linter.unusedSimpArgs false`
warning: lean/PvNP/RealizableHardness/TripleRestrictionRank.lean:112:39: This simp argument is unused:
  Fin.sum_univ_succ

Hint: Omit it from the simp argument list.
  [apply] simp [Fintype.sum_option, blockMass]

Note: This linter can be disabled with `set_option linter.unusedSimpArgs false`
warning: lean/PvNP/RealizableHardness/TripleRestrictionRank.lean:113:2: Used `tac1 <;> tac2` where `(tac1; tac2)` would suffice

Note: This linter can be disabled with `set_option linter.unnecessarySeqFocus false`
warning: lean/PvNP/RealizableHardness/TripleRestrictionRank.lean:121:20: This simp argument is unused:
  hd

Hint: Omit it from the simp argument list.
  [apply] simp

Note: This linter can be disabled with `set_option linter.unusedSimpArgs false`
warning: lean/PvNP/RealizableHardness/TripleRestrictionRank.lean:190:15: This simp argument is unused:
  Module.finrank_pi

Hint: Omit it from the simp argument list.
  [apply] simp [Coeff]

Note: This linter can be disabled with `set_option linter.unusedSimpArgs false`
warning: lean/PvNP/RealizableHardness/TripleRestrictionRank.lean:224:15: `if_pos` has been deprecated: Use `ite_eq_left` instead
warning: lean/PvNP/RealizableHardness/TripleRestrictionRank.lean:234:15: `if_neg` has been deprecated: Use `ite_eq_right` instead
warning: lean/PvNP/RealizableHardness/TripleRestrictionRank.lean:257:25: This simp argument is unused:
  Coeff

Hint: Omit it from the simp argument list.
  [apply] simp [s, Fintype.card_fun, ZMod.card]

Note: This linter can be disabled with `set_option linter.unusedSimpArgs false`
warning: lean/PvNP/RealizableHardness/TripleRestrictionRank.lean:257:32: This simp argument is unused:
  Fintype.card_fun

Hint: Omit it from the simp argument list.
  [apply] simp [s, Coeff, ZMod.card]

Note: This linter can be disabled with `set_option linter.unusedSimpArgs false`
warning: lean/PvNP/RealizableHardness/TripleRestrictionRank.lean:335:49: This simp argument is unused:
  mul_assoc

Hint: Omit it from the simp argument list.
  [apply] simp [evaluate, Finset.mul_sum, mul_left_comm]

Note: This linter can be disabled with `set_option linter.unusedSimpArgs false`
warning: lean/PvNP/RealizableHardness/TripleRestrictionRank.lean:433:69: This simp argument is unused:
  Module.finrank_pi

Hint: Omit it from the simp argument list.
  [apply] simp [Coeff]

Note: This linter can be disabled with `set_option linter.unusedSimpArgs false`
⚠ [2326/2475] Replayed PvNP.RealizableHardness.SubspaceRestriction
warning: lean/PvNP/RealizableHardness/SubspaceRestriction.lean:123:52: This simp argument is unused:
  Module.finrank_pi

Hint: Omit it from the simp argument list.
  [apply] simp [codim, TripleRestrictionRank.Vector, Coord, Nat.mul_comm]

Note: This linter can be disabled with `set_option linter.unusedSimpArgs false`
warning: lean/PvNP/RealizableHardness/SubspaceRestriction.lean:126:52: This simp argument is unused:
  Module.finrank_pi

Hint: Omit it from the simp argument list.
  [apply] simp [codim, TripleRestrictionRank.Vector, Coord]

Note: This linter can be disabled with `set_option linter.unusedSimpArgs false`
⚠ [2327/2475] Replayed PvNP.RealizableHardness.PosteriorReweighting
warning: lean/PvNP/RealizableHardness/PosteriorReweighting.lean:25:0: automatically included section variable(s) unused in theorem `PvNP.RealizableHardness.PosteriorReweighting.marginal_nonneg`:
  [Fintype Q]
consider restructuring your `variable` declarations so that the variables are not in scope or explicitly omit them:
  omit [Fintype Q] in theorem ...

Note: This linter can be disabled with `set_option linter.unusedSectionVars false`
warning: lean/PvNP/RealizableHardness/PosteriorReweighting.lean:36:0: automatically included section variable(s) unused in theorem `PvNP.RealizableHardness.PosteriorReweighting.posterior_normalized`:
  [Fintype Q]
consider restructuring your `variable` declarations so that the variables are not in scope or explicitly omit them:
  omit [Fintype Q] in theorem ...

Note: This linter can be disabled with `set_option linter.unusedSectionVars false`
warning: lean/PvNP/RealizableHardness/PosteriorReweighting.lean:41:0: automatically included section variable(s) unused in theorem `PvNP.RealizableHardness.PosteriorReweighting.bayes_mass`:
  [Fintype Q]
consider restructuring your `variable` declarations so that the variables are not in scope or explicitly omit them:
  omit [Fintype Q] in theorem ...

Note: This linter can be disabled with `set_option linter.unusedSectionVars false`
warning: lean/PvNP/RealizableHardness/PosteriorReweighting.lean:46:0: automatically included section variable(s) unused in theorem `PvNP.RealizableHardness.PosteriorReweighting.zero_prior`:
  [Fintype Q]
consider restructuring your `variable` declarations so that the variables are not in scope or explicitly omit them:
  omit [Fintype Q] in theorem ...

Note: This linter can be disabled with `set_option linter.unusedSectionVars false`
warning: lean/PvNP/RealizableHardness/PosteriorReweighting.lean:49:0: automatically included section variable(s) unused in theorem `PvNP.RealizableHardness.PosteriorReweighting.bayes_ratio`:
  [Fintype Q]
consider restructuring your `variable` declarations so that the variables are not in scope or explicitly omit them:
  omit [Fintype Q] in theorem ...

Note: This linter can be disabled with `set_option linter.unusedSectionVars false`
warning: lean/PvNP/RealizableHardness/PosteriorReweighting.lean:56:0: automatically included section variable(s) unused in theorem `PvNP.RealizableHardness.PosteriorReweighting.joint_zero_of_marginal_zero`:
  [Fintype Q]
consider restructuring your `variable` declarations so that the variables are not in scope or explicitly omit them:
  omit [Fintype Q] in theorem ...

Note: This linter can be disabled with `set_option linter.unusedSectionVars false`
warning: lean/PvNP/RealizableHardness/PosteriorReweighting.lean:88:29: This simp argument is unused:
  hb

Hint: Omit it from the simp argument list.
  [apply] simp [hg, hr]

Note: This linter can be disabled with `set_option linter.unusedSimpArgs false`
warning: lean/PvNP/RealizableHardness/PosteriorReweighting.lean:90:17: This simp argument is unused:
  hb

Hint: Omit it from the simp argument list.
  [apply] simp only [hg, Bool.not_false, Bool.true_eq, ite_true]

Note: This linter can be disabled with `set_option linter.unusedSimpArgs false`
warning: lean/PvNP/RealizableHardness/PosteriorReweighting.lean:90:41: This simp argument is unused:
  Bool.true_eq

Hint: Omit it from the simp argument list.
  [apply] simp only [hb, hg, Bool.not_false, ite_true]

Note: This linter can be disabled with `set_option linter.unusedSimpArgs false`
warning: lean/PvNP/RealizableHardness/PosteriorReweighting.lean:100:20: Variable name `hz` is not explicitly referenced.

Hint: The binding can be removed (if unused) or named `_` (if used implicitly). Alternatively, prefix the name with `_` to silence this warning:
  [apply] _hz

Note: This linter can be disabled with `set_option linter.unusedVariables false`
warning: lean/PvNP/RealizableHardness/PosteriorReweighting.lean:109:17: This simp argument is unused:
  hg

Hint: Omit it from the simp argument list.
  [apply] simp only [Bool.not_false, Bool.true_eq, ite_true]

Note: This linter can be disabled with `set_option linter.unusedSimpArgs false`
warning: lean/PvNP/RealizableHardness/PosteriorReweighting.lean:109:37: This simp argument is unused:
  Bool.true_eq

Hint: Omit it from the simp argument list.
  [apply] simp only [hg, Bool.not_false, ite_true]

Note: This linter can be disabled with `set_option linter.unusedSimpArgs false`
warning: lean/PvNP/RealizableHardness/PosteriorReweighting.lean:116:17: This simp argument is unused:
  hg

Hint: Omit it from the simp argument list.
  [apply] simp only [Bool.not_true, Bool.false_eq_true, ite_false, add_zero]

Note: This linter can be disabled with `set_option linter.unusedSimpArgs false`
⚠ [2328/2475] Replayed PvNP.RealizableHardness.GrassmannIncidence
warning: lean/PvNP/RealizableHardness/GrassmannIncidence.lean:64:2: Try this: 
  letI̵

The goal is a proposition, so `let` is preferred over `letI`.
The difference between `let` and `letI` is that `letI` inlines the value.
But this is not relevant for proofs because of proof irrelevance.

Note: This linter can be disabled with `set_option linter.style.haveILetI false`
warning: lean/PvNP/RealizableHardness/GrassmannIncidence.lean:79:17: This simp argument is unused:
  Module.finrank_pi

Hint: Omit it from the simp argument list.
  [apply] simp [Coeff]

Note: This linter can be disabled with `set_option linter.unusedSimpArgs false`
⚠ [2355/2475] Replayed PvNP.RealizableHardness.GrassmannCounting
warning: lean/PvNP/RealizableHardness/GrassmannCounting.lean:28:2: Try this: 
  letI̵

The goal is a proposition, so `let` is preferred over `letI`.
The difference between `let` and `letI` is that `letI` inlines the value.
But this is not relevant for proofs because of proof irrelevance.

Note: This linter can be disabled with `set_option linter.style.haveILetI false`
warning: lean/PvNP/RealizableHardness/GrassmannCounting.lean:60:0: automatically included section variable(s) unused in theorem `PvNP.RealizableHardness.GrassmannCounting.flatten_surjective`:
  [Finite V]
consider restructuring your `variable` declarations so that the variables are not in scope or explicitly omit them:
  omit [Finite V] in theorem ...

Note: This linter can be disabled with `set_option linter.unusedSectionVars false`
warning: lean/PvNP/RealizableHardness/GrassmannCounting.lean:111:2: Try this: 
  letI̵

The goal is a proposition, so `let` is preferred over `letI`.
The difference between `let` and `letI` is that `letI` inlines the value.
But this is not relevant for proofs because of proof irrelevance.

Note: This linter can be disabled with `set_option linter.style.haveILetI false`
warning: lean/PvNP/RealizableHardness/GrassmannCounting.lean:119:18: `if_pos` has been deprecated: Use `ite_eq_left` instead
warning: lean/PvNP/RealizableHardness/GrassmannCounting.lean:120:18: `if_neg` has been deprecated: Use `ite_eq_right` instead
warning: lean/PvNP/RealizableHardness/GrassmannCounting.lean:135:0: automatically included section variable(s) unused in theorem `PvNP.RealizableHardness.GrassmannCounting.include_injective`:
  [Finite V]
consider restructuring your `variable` declarations so that the variables are not in scope or explicitly omit them:
  omit [Finite V] in theorem ...

Note: This linter can be disabled with `set_option linter.unusedSectionVars false`
warning: lean/PvNP/RealizableHardness/GrassmannCounting.lean:144:0: automatically included section variable(s) unused in theorem `PvNP.RealizableHardness.GrassmannCounting.include_surjective`:
  [Finite V]
consider restructuring your `variable` declarations so that the variables are not in scope or explicitly omit them:
  omit [Finite V] in theorem ...

Note: This linter can be disabled with `set_option linter.unusedSectionVars false`
⚠ [3112/3283] Replayed PvNP.RealizableHardness.ActualMaximalPairLadder
warning: lean/PvNP/RealizableHardness/ActualMaximalPairLadder.lean:57:0: automatically included section variable(s) unused in theorem `PvNP.RealizableHardness.ActualMaximalPairLadder.compatibleExtension_refl`:
  [Fintype V]
consider restructuring your `variable` declarations so that the variables are not in scope or explicitly omit them:
  omit [Fintype V] in theorem ...

Note: This linter can be disabled with `set_option linter.unusedSectionVars false`
warning: lean/PvNP/RealizableHardness/ActualMaximalPairLadder.lean:63:0: automatically included section variable(s) unused in theorem `PvNP.RealizableHardness.ActualMaximalPairLadder.compatibleExtension_trans`:
  [Fintype V]
consider restructuring your `variable` declarations so that the variables are not in scope or explicitly omit them:
  omit [Fintype V] in theorem ...

Note: This linter can be disabled with `set_option linter.unusedSectionVars false`
warning: lean/PvNP/RealizableHardness/ActualMaximalPairLadder.lean:147:5: Variable name `h` is not explicitly referenced.

Hint: The binding can be removed (if unused) or named `_` (if used implicitly). Alternatively, prefix the name with `_` to silence this warning:
  [apply] _h

Note: This linter can be disabled with `set_option linter.unusedVariables false`
warning: lean/PvNP/RealizableHardness/ActualMaximalPairLadder.lean:227:32: Used `tac1 <;> tac2` where `(tac1; tac2)` would suffice

Note: This linter can be disabled with `set_option linter.unnecessarySeqFocus false`
⚠ [3113/3283] Replayed PvNP.RealizableHardness.ActualFiniteLaw
warning: lean/PvNP/RealizableHardness/ActualFiniteLaw.lean:84:21: `if_true` has been deprecated: Use `ite_true` instead
warning: lean/PvNP/RealizableHardness/ActualFiniteLaw.lean:86:21: `if_false` has been deprecated: Use `ite_false` instead
warning: lean/PvNP/RealizableHardness/ActualFiniteLaw.lean:86:31: This simp argument is unused:
  zero_mul

Hint: Omit it from the simp argument list.
  [apply] simp only [hx, if_false]

Note: This linter can be disabled with `set_option linter.unusedSimpArgs false`
warning: lean/PvNP/RealizableHardness/ActualFiniteLaw.lean:241:60: This simp argument is unused:
  hn

Hint: Omit it from the simp argument list.
  [apply] simp [Finset.sum_const, Finset.card_univ, nsmul_eq_mul]

Note: This linter can be disabled with `set_option linter.unusedSimpArgs false`
warning: lean/PvNP/RealizableHardness/ActualFiniteLaw.lean:368:2: Try this: 
  letI̵

The goal is a proposition, so `let` is preferred over `letI`.
The difference between `let` and `letI` is that `letI` inlines the value.
But this is not relevant for proofs because of proof irrelevance.

Note: This linter can be disabled with `set_option linter.style.haveILetI false`
⚠ [3114/3283] Replayed PvNP.RealizableHardness.ActualFiniteIncidenceSampling
warning: lean/PvNP/RealizableHardness/ActualFiniteIncidenceSampling.lean:179:32: This simp argument is unused:
  Finset.mem_filter

Hint: Omit it from the simp argument list.
  [apply] simp only [Finset.sum_filter]

Note: This linter can be disabled with `set_option linter.unusedSimpArgs false`
warning: lean/PvNP/RealizableHardness/ActualFiniteIncidenceSampling.lean:281:34: This simp argument is unused:
  Finset.mem_univ

Hint: Omit it from the simp argument list.
  [apply] simp only [Finset.sum_filter, ite_true]

Note: This linter can be disabled with `set_option linter.unusedSimpArgs false`
warning: lean/PvNP/RealizableHardness/ActualFiniteIncidenceSampling.lean:281:51: This simp argument is unused:
  ite_true

Hint: Omit it from the simp argument list.
  [apply] simp only [Finset.sum_filter, Finset.mem_univ]

Note: This linter can be disabled with `set_option linter.unusedSimpArgs false`
warning: lean/PvNP/RealizableHardness/ActualFiniteIncidenceSampling.lean:598:10: `if_pos` has been deprecated: Use `ite_eq_left` instead
warning: lean/PvNP/RealizableHardness/ActualFiniteIncidenceSampling.lean:570:34: This simp argument is unused:
  Finset.mem_univ

Hint: Omit it from the simp argument list.
  [apply] simp only [Finset.sum_filter, ite_true]

Note: This linter can be disabled with `set_option linter.unusedSimpArgs false`
warning: lean/PvNP/RealizableHardness/ActualFiniteIncidenceSampling.lean:570:51: This simp argument is unused:
  ite_true

Hint: Omit it from the simp argument list.
  [apply] simp only [Finset.sum_filter, Finset.mem_univ]

Note: This linter can be disabled with `set_option linter.unusedSimpArgs false`
warning: lean/PvNP/RealizableHardness/ActualFiniteIncidenceSampling.lean:707:25: `if_true` has been deprecated: Use `ite_true` instead
warning: lean/PvNP/RealizableHardness/ActualFiniteIncidenceSampling.lean:707:15: This simp argument is unused:
  Prod.fst

Hint: Omit it from the simp argument list.
  [apply] simp only [if_true]

Note: This linter can be disabled with `set_option linter.unusedSimpArgs false`
warning: lean/PvNP/RealizableHardness/ActualFiniteIncidenceSampling.lean:770:32: This simp argument is unused:
  Finset.mem_univ

Hint: Omit it from the simp argument list.
  [apply] simp only [Finset.sum_filter, ite_true]

Note: This linter can be disabled with `set_option linter.unusedSimpArgs false`
warning: lean/PvNP/RealizableHardness/ActualFiniteIncidenceSampling.lean:770:49: This simp argument is unused:
  ite_true

Hint: Omit it from the simp argument list.
  [apply] simp only [Finset.sum_filter, Finset.mem_univ]

Note: This linter can be disabled with `set_option linter.unusedSimpArgs false`
warning: lean/PvNP/RealizableHardness/ActualFiniteIncidenceSampling.lean:790:2: Try this: 
  letI̵

The goal is a proposition, so `let` is preferred over `letI`.
The difference between `let` and `letI` is that `letI` inlines the value.
But this is not relevant for proofs because of proof irrelevance.

Note: This linter can be disabled with `set_option linter.style.haveILetI false`
warning: lean/PvNP/RealizableHardness/ActualFiniteIncidenceSampling.lean:809:8: `if_neg` has been deprecated: Use `ite_eq_right` instead
⚠ [3115/3283] Replayed PvNP.RealizableHardness.ActualStarQuestionSupport
warning: lean/PvNP/RealizableHardness/ActualStarQuestionSupport.lean:16:0: automatically included section variable(s) unused in theorem `PvNP.RealizableHardness.ActualStarQuestionSupport.excluded_row_points_eq`:
  [Fintype X]
  [Fintype E]
consider restructuring your `variable` declarations so that the variables are not in scope or explicitly omit them:
  omit [Fintype X] [Fintype E] in theorem ...

Note: This linter can be disabled with `set_option linter.unusedSectionVars false`
info: lean/PvNP/RealizableHardness/ActualStarQuestionSupport.lean:84:0: 'PvNP.RealizableHardness.ActualStarQuestionSupport.excluded_row_points_eq' depends on axioms: [propext,
 Classical.choice,
 Quot.sound]
info: lean/PvNP/RealizableHardness/ActualStarQuestionSupport.lean:85:0: 'PvNP.RealizableHardness.ActualStarQuestionSupport.excluded_row_overlap_le_one' depends on axioms: [propext,
 Classical.choice,
 Quot.sound]
info: lean/PvNP/RealizableHardness/ActualStarQuestionSupport.lean:86:0: 'PvNP.RealizableHardness.ActualStarQuestionSupport.new_row_private_coordinate' depends on axioms: [propext,
 Classical.choice,
 Quot.sound]
⚠ [3116/3283] Replayed PvNP.RealizableHardness.ActualStarSpanIntersection
warning: lean/PvNP/RealizableHardness/ActualStarSpanIntersection.lean:33:0: automatically included section variable(s) unused in theorem `PvNP.RealizableHardness.ActualStarSpanIntersection.equationVector_mem_coordinateSpace`:
  [Fintype X]
  [Fintype E]
  [DecidableEq E]
consider restructuring your `variable` declarations so that the variables are not in scope or explicitly omit them:
  omit [Fintype X] [Fintype E] [DecidableEq E] in theorem ...

Note: This linter can be disabled with `set_option linter.unusedSectionVars false`
warning: lean/PvNP/RealizableHardness/ActualStarSpanIntersection.lean:43:0: automatically included section variable(s) unused in theorem `PvNP.RealizableHardness.ActualStarSpanIntersection.equationVector_mem_equationSpan`:
  [Fintype X]
  [Fintype E]
  [DecidableEq E]
consider restructuring your `variable` declarations so that the variables are not in scope or explicitly omit them:
  omit [Fintype X] [Fintype E] [DecidableEq E] in theorem ...

Note: This linter can be disabled with `set_option linter.unusedSectionVars false`
info: lean/PvNP/RealizableHardness/ActualStarSpanIntersection.lean:109:0: 'PvNP.RealizableHardness.ActualStarSpanIntersection.equationSpan_inf_coordinateSpace' depends on axioms: [propext,
 Classical.choice,
 Quot.sound]
⚠ [3252/3283] Replayed PvNP.RealizableHardness.EqualityGadget
warning: lean/PvNP/RealizableHardness/EqualityGadget.lean:112:0: automatically included section variable(s) unused in theorem `PvNP.RealizableHardness.EqualityGadget.relabeled_row_injective`:
  [DecidableEq V]
consider restructuring your `variable` declarations so that the variables are not in scope or explicitly omit them:
  omit [DecidableEq V] in theorem ...

Note: This linter can be disabled with `set_option linter.unusedSectionVars false`
warning: lean/PvNP/RealizableHardness/EqualityGadget.lean:115:0: automatically included section variable(s) unused in theorem `PvNP.RealizableHardness.EqualityGadget.relabeled_support_card`:
  [DecidableEq V]
consider restructuring your `variable` declarations so that the variables are not in scope or explicitly omit them:
  omit [DecidableEq V] in theorem ...

Note: This linter can be disabled with `set_option linter.unusedSectionVars false`
warning: lean/PvNP/RealizableHardness/EqualityGadget.lean:118:0: automatically included section variable(s) unused in theorem `PvNP.RealizableHardness.EqualityGadget.relabeled_support_injective`:
  [DecidableEq V]
consider restructuring your `variable` declarations so that the variables are not in scope or explicitly omit them:
  omit [DecidableEq V] in theorem ...

Note: This linter can be disabled with `set_option linter.unusedSectionVars false`
warning: lean/PvNP/RealizableHardness/EqualityGadget.lean:144:0: automatically included section variable(s) unused in theorem `PvNP.RealizableHardness.EqualityGadget.relabeled_satisfied`:
  [DecidableEq V]
consider restructuring your `variable` declarations so that the variables are not in scope or explicitly omit them:
  omit [DecidableEq V] in theorem ...

Note: This linter can be disabled with `set_option linter.unusedSectionVars false`
warning: lean/PvNP/RealizableHardness/EqualityGadget.lean:148:0: automatically included section variable(s) unused in theorem `PvNP.RealizableHardness.EqualityGadget.relabeled_violations_lower`:
  [DecidableEq V]
consider restructuring your `variable` declarations so that the variables are not in scope or explicitly omit them:
  omit [DecidableEq V] in theorem ...

Note: This linter can be disabled with `set_option linter.unusedSectionVars false`
⚠ [3257/3283] Replayed PvNP.RealizableHardness.ActualRhsFunctionalConstruction
warning: lean/PvNP/RealizableHardness/ActualRhsFunctionalConstruction.lean:14:0: automatically included section variable(s) unused in theorem `PvNP.RealizableHardness.ActualRhsFunctionalConstruction.equationVectors_linearIndependent`:
  [Fintype X]
  [Fintype E]
  [DecidableEq E]
consider restructuring your `variable` declarations so that the variables are not in scope or explicitly omit them:
  omit [Fintype X] [Fintype E] [DecidableEq E] in theorem ...

Note: This linter can be disabled with `set_option linter.unusedSectionVars false`
⚠ [3264/3283] Replayed PvNP.RealizableHardness.ActualLeafTransportCoherence
warning: lean/PvNP/RealizableHardness/ActualLeafTransportCoherence.lean:15:8: automatically included section variable(s) unused in theorem `_private.PvNP.RealizableHardness.ActualLeafTransportCoherence.0.PvNP.RealizableHardness.ActualPresentedLeafGluing.goodQuestion_erase`:
  [Fintype X]
  [Fintype E]
  [DecidableEq X]
consider restructuring your `variable` declarations so that the variables are not in scope or explicitly omit them:
  omit [Fintype X] [Fintype E] [DecidableEq X] in theorem ...

Note: This linter can be disabled with `set_option linter.unusedSectionVars false`
⚠ [3269/3283] Replayed PvNP.RealizableHardness.ActualQuestionCenterDomainDraw
warning: lean/PvNP/RealizableHardness/ActualQuestionCenterDomainDraw.lean:192:51: This simp argument is unused:
  Nat.add_left_comm

Hint: Omit it from the simp argument list.
  [apply] simp [Nat.succ_mul, Nat.add_assoc, Nat.add_comm] at h'

Note: This linter can be disabled with `set_option linter.unusedSimpArgs false`
warning: lean/PvNP/RealizableHardness/ActualQuestionCenterDomainDraw.lean:285:20: Variable name `hh` is not explicitly referenced.

Hint: The binding can be removed (if unused) or named `_` (if used implicitly). Alternatively, prefix the name with `_` to silence this warning:
  [apply] _hh

Note: This linter can be disabled with `set_option linter.unusedVariables false`
warning: lean/PvNP/RealizableHardness/ActualQuestionCenterDomainDraw.lean:361:2: Try this: 
  letI̵

The goal is a proposition, so `let` is preferred over `letI`.
The difference between `let` and `letI` is that `letI` inlines the value.
But this is not relevant for proofs because of proof irrelevance.

Note: This linter can be disabled with `set_option linter.style.haveILetI false`
warning: lean/PvNP/RealizableHardness/ActualQuestionCenterDomainDraw.lean:372:2: Try this: 
  letI̵

The goal is a proposition, so `let` is preferred over `letI`.
The difference between `let` and `letI` is that `letI` inlines the value.
But this is not relevant for proofs because of proof irrelevance.

Note: This linter can be disabled with `set_option linter.style.haveILetI false`
warning: lean/PvNP/RealizableHardness/ActualQuestionCenterDomainDraw.lean:375:2: Try this: 
  letI̵

The goal is a proposition, so `let` is preferred over `letI`.
The difference between `let` and `letI` is that `letI` inlines the value.
But this is not relevant for proofs because of proof irrelevance.

Note: This linter can be disabled with `set_option linter.style.haveILetI false`
warning: lean/PvNP/RealizableHardness/ActualQuestionCenterDomainDraw.lean:446:51: This simp argument is unused:
  Nat.add_left_comm

Hint: Omit it from the simp argument list.
  [apply] simp [Nat.succ_mul, Nat.add_assoc, Nat.add_comm] at h'

Note: This linter can be disabled with `set_option linter.unusedSimpArgs false`
warning: lean/PvNP/RealizableHardness/ActualQuestionCenterDomainDraw.lean:481:4: try 'simp' instead of 'simpa'

Note: This linter can be disabled with `set_option linter.unnecessarySimpa false`
⚠ [3271/3283] Replayed PvNP.RealizableHardness.ActualCliqueScoreTransfer
warning: lean/PvNP/RealizableHardness/ActualCliqueScoreTransfer.lean:55:12: `if_pos` has been deprecated: Use `ite_eq_left` instead
warning: lean/PvNP/RealizableHardness/ActualCliqueScoreTransfer.lean:56:12: `if_neg` has been deprecated: Use `ite_eq_right` instead
warning: lean/PvNP/RealizableHardness/ActualCliqueScoreTransfer.lean:56:27: Unused tactic linter: `norm_num` does nothing

Note: This linter can be disabled with `set_option linter.unusedTactic false`
warning: lean/PvNP/RealizableHardness/ActualCliqueScoreTransfer.lean:56:27: this tactic is never executed

Note: This linter can be disabled with `set_option linter.unreachableTactic false`
warning: lean/PvNP/RealizableHardness/ActualCliqueScoreTransfer.lean:55:23: Used `tac1 <;> tac2` where `(tac1; tac2)` would suffice

Note: This linter can be disabled with `set_option linter.unnecessarySeqFocus false`
warning: lean/PvNP/RealizableHardness/ActualCliqueScoreTransfer.lean:68:12: `if_pos` has been deprecated: Use `ite_eq_left` instead
warning: lean/PvNP/RealizableHardness/ActualCliqueScoreTransfer.lean:69:12: `if_neg` has been deprecated: Use `ite_eq_right` instead
warning: lean/PvNP/RealizableHardness/ActualCliqueScoreTransfer.lean:68:27: Unused tactic linter: `norm_num` does nothing

Note: This linter can be disabled with `set_option linter.unusedTactic false`
warning: lean/PvNP/RealizableHardness/ActualCliqueScoreTransfer.lean:68:27: this tactic is never executed

Note: This linter can be disabled with `set_option linter.unreachableTactic false`
warning: lean/PvNP/RealizableHardness/ActualCliqueScoreTransfer.lean:69:23: Used `tac1 <;> tac2` where `(tac1; tac2)` would suffice

Note: This linter can be disabled with `set_option linter.unnecessarySeqFocus false`
⚠ [3274/3283] Replayed PvNP.RealizableHardness.ActualQuestionCenterCollisionBound
warning: lean/PvNP/RealizableHardness/ActualQuestionCenterCollisionBound.lean:49:2: Try this: 
  letI̵

The goal is a proposition, so `let` is preferred over `letI`.
The difference between `let` and `letI` is that `letI` inlines the value.
But this is not relevant for proofs because of proof irrelevance.

Note: This linter can be disabled with `set_option linter.style.haveILetI false`
warning: lean/PvNP/RealizableHardness/ActualQuestionCenterCollisionBound.lean:44:0: Definition `PvNP.RealizableHardness.ActualQuestionCenterCollisionBound.domainTupleNonempty` of class type is semireducible. Most type class instances should be instance-reducible, so consider marking this
definition with `@[instance_reducible]`. If it is intentionally semireducible, this warning can be disabled with `set_option warn.classDefReducibility false`.
warning: lean/PvNP/RealizableHardness/ActualQuestionCenterCollisionBound.lean:44:0: Definition `domainTupleNonempty` is a proposition; use `theorem` instead of `def`

Note: This linter can be disabled with `set_option linter.defProp false`
warning: lean/PvNP/RealizableHardness/ActualQuestionCenterCollisionBound.lean:213:2: Try this: 
  letI̵

The goal is a proposition, so `let` is preferred over `letI`.
The difference between `let` and `letI` is that `letI` inlines the value.
But this is not relevant for proofs because of proof irrelevance.

Note: This linter can be disabled with `set_option linter.style.haveILetI false`
warning: lean/PvNP/RealizableHardness/ActualQuestionCenterCollisionBound.lean:214:2: Try this: 
  letI̵

The goal is a proposition, so `let` is preferred over `letI`.
The difference between `let` and `letI` is that `letI` inlines the value.
But this is not relevant for proofs because of proof irrelevance.

Note: This linter can be disabled with `set_option linter.style.haveILetI false`
warning: lean/PvNP/RealizableHardness/ActualQuestionCenterCollisionBound.lean:330:16: `if_pos` has been deprecated: Use `ite_eq_left` instead
warning: lean/PvNP/RealizableHardness/ActualQuestionCenterCollisionBound.lean:408:16: try 'simp' instead of 'simpa'

Note: This linter can be disabled with `set_option linter.unnecessarySimpa false`
warning: lean/PvNP/RealizableHardness/ActualQuestionCenterCollisionBound.lean:669:2: Try this: 
  letI̵

The goal is a proposition, so `let` is preferred over `letI`.
The difference between `let` and `letI` is that `letI` inlines the value.
But this is not relevant for proofs because of proof irrelevance.

Note: This linter can be disabled with `set_option linter.style.haveILetI false`
warning: lean/PvNP/RealizableHardness/ActualQuestionCenterCollisionBound.lean:688:16: `if_pos` has been deprecated: Use `ite_eq_left` instead
warning: lean/PvNP/RealizableHardness/ActualQuestionCenterCollisionBound.lean:690:16: `if_neg` has been deprecated: Use `ite_eq_right` instead
warning: lean/PvNP/RealizableHardness/ActualQuestionCenterCollisionBound.lean:692:10: `if_pos` has been deprecated: Use `ite_eq_left` instead
warning: lean/PvNP/RealizableHardness/ActualQuestionCenterCollisionBound.lean:693:10: `if_pos` has been deprecated: Use `ite_eq_left` instead
⚠ [3275/3283] Replayed PvNP.RealizableHardness.ActualMZ24FixedZoomListBound
warning: lean/PvNP/RealizableHardness/ActualMZ24FixedZoomListBound.lean:47:32: This simp argument is unused:
  Finset.mem_univ

Hint: Omit it from the simp argument list.
  [apply] simp only [Finset.sum_filter, ite_true]

Note: This linter can be disabled with `set_option linter.unusedSimpArgs false`
warning: lean/PvNP/RealizableHardness/ActualMZ24FixedZoomListBound.lean:47:49: This simp argument is unused:
  ite_true

Hint: Omit it from the simp argument list.
  [apply] simp only [Finset.sum_filter, Finset.mem_univ]

Note: This linter can be disabled with `set_option linter.unusedSimpArgs false`
warning: lean/PvNP/RealizableHardness/ActualMZ24FixedZoomListBound.lean:126:12: `if_pos` has been deprecated: Use `ite_eq_left` instead
warning: lean/PvNP/RealizableHardness/ActualMZ24FixedZoomListBound.lean:128:17: `if_neg` has been deprecated: Use `ite_eq_right` instead
warning: lean/PvNP/RealizableHardness/ActualMZ24FixedZoomListBound.lean:132:12: `if_pos` has been deprecated: Use `ite_eq_left` instead
warning: lean/PvNP/RealizableHardness/ActualMZ24FixedZoomListBound.lean:134:17: `if_neg` has been deprecated: Use `ite_eq_right` instead
warning: lean/PvNP/RealizableHardness/ActualMZ24FixedZoomListBound.lean:142:10: `if_pos` has been deprecated: Use `ite_eq_left` instead
warning: lean/PvNP/RealizableHardness/ActualMZ24FixedZoomListBound.lean:146:19: `if_neg` has been deprecated: Use `ite_eq_right` instead
warning: lean/PvNP/RealizableHardness/ActualMZ24FixedZoomListBound.lean:147:10: `if_neg` has been deprecated: Use `ite_eq_right` instead
warning: lean/PvNP/RealizableHardness/ActualMZ24FixedZoomListBound.lean:155:19: `if_pos` has been deprecated: Use `ite_eq_left` instead
warning: lean/PvNP/RealizableHardness/ActualMZ24FixedZoomListBound.lean:155:31: `if_neg` has been deprecated: Use `ite_eq_right` instead
warning: lean/PvNP/RealizableHardness/ActualMZ24FixedZoomListBound.lean:156:19: `if_neg` has been deprecated: Use `ite_eq_right` instead
warning: lean/PvNP/RealizableHardness/ActualMZ24FixedZoomListBound.lean:155:43: This simp argument is unused:
  one_mul

Hint: Omit it from the simp argument list.
  [apply] simp only [if_pos hxs, if_neg hys, mul_zero]

Note: This linter can be disabled with `set_option linter.unusedSimpArgs false`
warning: lean/PvNP/RealizableHardness/ActualMZ24FixedZoomListBound.lean:173:4: This simp argument is unused:
  Finset.sum_mul

Hint: Omit it from the simp argument list.
  [apply] simp only [Finset.sum_add_distrib, Finset.sum_sub_distrib, Finset.mul_sum]

Note: This linter can be disabled with `set_option linter.unusedSimpArgs false`
warning: lean/PvNP/RealizableHardness/ActualMZ24FixedZoomListBound.lean:173:20: This simp argument is unused:
  Finset.mul_sum

Hint: Omit it from the simp argument list.
  [apply] simp only [Finset.sum_add_distrib, Finset.sum_sub_distrib, Finset.sum_mul]

Note: This linter can be disabled with `set_option linter.unusedSimpArgs false`
warning: lean/PvNP/RealizableHardness/ActualMZ24FixedZoomListBound.lean:242:4: Try this: 
  letI̵

The goal is a proposition, so `let` is preferred over `letI`.
The difference between `let` and `letI` is that `letI` inlines the value.
But this is not relevant for proofs because of proof irrelevance.

Note: This linter can be disabled with `set_option linter.style.haveILetI false`
warning: lean/PvNP/RealizableHardness/ActualMZ24FixedZoomListBound.lean:341:24: `if_pos` has been deprecated: Use `ite_eq_left` instead
warning: lean/PvNP/RealizableHardness/ActualMZ24FixedZoomListBound.lean:343:29: `if_neg` has been deprecated: Use `ite_eq_right` instead
warning: lean/PvNP/RealizableHardness/ActualMZ24FixedZoomListBound.lean:434:4: Try this: 
  letI̵

The goal is a proposition, so `let` is preferred over `letI`.
The difference between `let` and `letI` is that `letI` inlines the value.
But this is not relevant for proofs because of proof irrelevance.

Note: This linter can be disabled with `set_option linter.style.haveILetI false`
warning: lean/PvNP/RealizableHardness/ActualMZ24FixedZoomListBound.lean:232:5: Variable name `hinj` is not explicitly referenced.

Hint: The binding can be removed (if unused) or named `_` (if used implicitly). Alternatively, prefix the name with `_` to silence this warning:
  [apply] _hinj

Note: This linter can be disabled with `set_option linter.unusedVariables false`
warning: lean/PvNP/RealizableHardness/ActualMZ24FixedZoomListBound.lean:620:8: try 'simp' instead of 'simpa'

Note: This linter can be disabled with `set_option linter.unnecessarySimpa false`
warning: lean/PvNP/RealizableHardness/ActualMZ24FixedZoomListBound.lean:623:4: try 'simp' instead of 'simpa'

Note: This linter can be disabled with `set_option linter.unnecessarySimpa false`
warning: lean/PvNP/RealizableHardness/ActualMZ24FixedZoomListBound.lean:571:27: Variable name `hb` is not explicitly referenced.

Hint: The binding can be removed (if unused) or named `_` (if used implicitly). Alternatively, prefix the name with `_` to silence this warning:
  [apply] _hb

Note: This linter can be disabled with `set_option linter.unusedVariables false`
warning: lean/PvNP/RealizableHardness/ActualMZ24FixedZoomListBound.lean:644:32: Variable name `hQW` is not explicitly referenced.

Hint: The binding can be removed (if unused) or named `_` (if used implicitly). Alternatively, prefix the name with `_` to silence this warning:
  [apply] _hQW

Note: This linter can be disabled with `set_option linter.unusedVariables false`
warning: lean/PvNP/RealizableHardness/ActualMZ24FixedZoomListBound.lean:740:6: try 'simp' instead of 'simpa'

Note: This linter can be disabled with `set_option linter.unnecessarySimpa false`
warning: lean/PvNP/RealizableHardness/ActualMZ24FixedZoomListBound.lean:804:6: try 'simp' instead of 'simpa'

Note: This linter can be disabled with `set_option linter.unnecessarySimpa false`
warning: lean/PvNP/RealizableHardness/ActualMZ24FixedZoomListBound.lean:847:11: Variable name `y` is not explicitly referenced.

Hint: The binding can be removed (if unused) or named `_` (if used implicitly). Alternatively, prefix the name with `_` to silence this warning:
  [apply] _y

Note: This linter can be disabled with `set_option linter.unusedVariables false`
warning: lean/PvNP/RealizableHardness/ActualMZ24FixedZoomListBound.lean:848:12: Variable name `y` is not explicitly referenced.

Hint: The binding can be removed (if unused) or named `_` (if used implicitly). Alternatively, prefix the name with `_` to silence this warning:
  [apply] _y

Note: This linter can be disabled with `set_option linter.unusedVariables false`
warning: lean/PvNP/RealizableHardness/ActualMZ24FixedZoomListBound.lean:862:32: Variable name `hQW` is not explicitly referenced.

Hint: The binding can be removed (if unused) or named `_` (if used implicitly). Alternatively, prefix the name with `_` to silence this warning:
  [apply] _hQW

Note: This linter can be disabled with `set_option linter.unusedVariables false`
warning: lean/PvNP/RealizableHardness/ActualMZ24FixedZoomListBound.lean:1322:2: Try this: 
  letI̵

The goal is a proposition, so `let` is preferred over `letI`.
The difference between `let` and `letI` is that `letI` inlines the value.
But this is not relevant for proofs because of proof irrelevance.

Note: This linter can be disabled with `set_option linter.style.haveILetI false`
warning: lean/PvNP/RealizableHardness/ActualMZ24FixedZoomListBound.lean:1325:2: Try this: 
  letI̵

The goal is a proposition, so `let` is preferred over `letI`.
The difference between `let` and `letI` is that `letI` inlines the value.
But this is not relevant for proofs because of proof irrelevance.

Note: This linter can be disabled with `set_option linter.style.haveILetI false`
warning: lean/PvNP/RealizableHardness/ActualMZ24FixedZoomListBound.lean:1326:2: Try this: 
  letI̵

The goal is a proposition, so `let` is preferred over `letI`.
The difference between `let` and `letI` is that `letI` inlines the value.
But this is not relevant for proofs because of proof irrelevance.

Note: This linter can be disabled with `set_option linter.style.haveILetI false`
warning: lean/PvNP/RealizableHardness/ActualMZ24FixedZoomListBound.lean:1327:2: Try this: 
  letI̵

The goal is a proposition, so `let` is preferred over `letI`.
The difference between `let` and `letI` is that `letI` inlines the value.
But this is not relevant for proofs because of proof irrelevance.

Note: This linter can be disabled with `set_option linter.style.haveILetI false`
warning: lean/PvNP/RealizableHardness/ActualMZ24FixedZoomListBound.lean:1332:37: This simp argument is unused:
  mul_left_comm

Hint: Omit it from the simp argument list.
  [apply] simp [Finset.sum_const, mul_assoc, mul_comm]

Note: This linter can be disabled with `set_option linter.unusedSimpArgs false`
warning: lean/PvNP/RealizableHardness/ActualMZ24FixedZoomListBound.lean:1346:2: Try this: 
  letI̵

The goal is a proposition, so `let` is preferred over `letI`.
The difference between `let` and `letI` is that `letI` inlines the value.
But this is not relevant for proofs because of proof irrelevance.

Note: This linter can be disabled with `set_option linter.style.haveILetI false`
warning: lean/PvNP/RealizableHardness/ActualMZ24FixedZoomListBound.lean:1349:2: Try this: 
  letI̵

The goal is a proposition, so `let` is preferred over `letI`.
The difference between `let` and `letI` is that `letI` inlines the value.
But this is not relevant for proofs because of proof irrelevance.

Note: This linter can be disabled with `set_option linter.style.haveILetI false`
warning: lean/PvNP/RealizableHardness/ActualMZ24FixedZoomListBound.lean:1337:5: Variable name `T` is not explicitly referenced.

Hint: The binding can be removed (if unused) or named `_` (if used implicitly). Alternatively, prefix the name with `_` to silence this warning:
  [apply] _T

Note: This linter can be disabled with `set_option linter.unusedVariables false`
warning: lean/PvNP/RealizableHardness/ActualMZ24FixedZoomListBound.lean:1358:26: This simp argument is unused:
  mul_assoc

Hint: Omit it from the simp argument list.
  [apply] simp [Finset.sum_const, mul_left_comm, mul_comm]

Note: This linter can be disabled with `set_option linter.unusedSimpArgs false`
warning: lean/PvNP/RealizableHardness/ActualMZ24FixedZoomListBound.lean:1358:37: This simp argument is unused:
  mul_left_comm

Hint: Omit it from the simp argument list.
  [apply] simp [Finset.sum_const, mul_assoc, mul_comm]

Note: This linter can be disabled with `set_option linter.unusedSimpArgs false`
warning: lean/PvNP/RealizableHardness/ActualMZ24FixedZoomListBound.lean:1358:52: This simp argument is unused:
  mul_comm

Hint: Omit it from the simp argument list.
  [apply] simp [Finset.sum_const, mul_assoc, mul_left_comm]

Note: This linter can be disabled with `set_option linter.unusedSimpArgs false`
warning: lean/PvNP/RealizableHardness/ActualMZ24FixedZoomListBound.lean:1406:2: Try this: 
  letI̵

The goal is a proposition, so `let` is preferred over `letI`.
The difference between `let` and `letI` is that `letI` inlines the value.
But this is not relevant for proofs because of proof irrelevance.

Note: This linter can be disabled with `set_option linter.style.haveILetI false`
⚠ [3276/3283] Replayed PvNP.RealizableHardness.ActualMZ24ComplementRestriction
warning: lean/PvNP/RealizableHardness/ActualMZ24ComplementRestriction.lean:35:0: automatically included section variable(s) unused in theorem `PvNP.RealizableHardness.ActualMZ24ComplementRestriction.lift_complementSubspace`:
  [Fintype V]
consider restructuring your `variable` declarations so that the variables are not in scope or explicitly omit them:
  omit [Fintype V] in theorem ...

Note: This linter can be disabled with `set_option linter.unusedSectionVars false`
warning: lean/PvNP/RealizableHardness/ActualMZ24ComplementRestriction.lean:36:32: Variable name `hQW` is not explicitly referenced.

Hint: The binding can be removed (if unused) or named `_` (if used implicitly). Alternatively, prefix the name with `_` to silence this warning:
  [apply] _hQW

Note: This linter can be disabled with `set_option linter.unusedVariables false`
warning: lean/PvNP/RealizableHardness/ActualMZ24ComplementRestriction.lean:52:32: Variable name `hQW` is not explicitly referenced.

Hint: The binding can be removed (if unused) or named `_` (if used implicitly). Alternatively, prefix the name with `_` to silence this warning:
  [apply] _hQW

Note: This linter can be disabled with `set_option linter.unusedVariables false`
warning: lean/PvNP/RealizableHardness/ActualMZ24ComplementRestriction.lean:108:0: automatically included section variable(s) unused in theorem `PvNP.RealizableHardness.ActualMZ24ComplementRestriction.lift_le_of_le`:
  [Fintype V]
consider restructuring your `variable` declarations so that the variables are not in scope or explicitly omit them:
  omit [Fintype V] in theorem ...

Note: This linter can be disabled with `set_option linter.unusedSectionVars false`
warning: lean/PvNP/RealizableHardness/ActualMZ24ComplementRestriction.lean:109:32: Variable name `hQW` is not explicitly referenced.

Hint: The binding can be removed (if unused) or named `_` (if used implicitly). Alternatively, prefix the name with `_` to silence this warning:
  [apply] _hQW

Note: This linter can be disabled with `set_option linter.unusedVariables false`
warning: lean/PvNP/RealizableHardness/ActualMZ24ComplementRestriction.lean:116:0: automatically included section variable(s) unused in theorem `PvNP.RealizableHardness.ActualMZ24ComplementRestriction.lift_finrank`:
  [Fintype V]
consider restructuring your `variable` declarations so that the variables are not in scope or explicitly omit them:
  omit [Fintype V] in theorem ...

Note: This linter can be disabled with `set_option linter.unusedSectionVars false`
warning: lean/PvNP/RealizableHardness/ActualMZ24ComplementRestriction.lean:134:2: try 'simp' instead of 'simpa'

Note: This linter can be disabled with `set_option linter.unnecessarySimpa false`
warning: lean/PvNP/RealizableHardness/ActualMZ24ComplementRestriction.lean:123:0: automatically included section variable(s) unused in theorem `PvNP.RealizableHardness.ActualMZ24ComplementRestriction.complementSubspace_sup_lift`:
  [Fintype V]
consider restructuring your `variable` declarations so that the variables are not in scope or explicitly omit them:
  omit [Fintype V] in theorem ...

Note: This linter can be disabled with `set_option linter.unusedSectionVars false`
warning: lean/PvNP/RealizableHardness/ActualMZ24ComplementRestriction.lean:271:30: Variable name `had` is not explicitly referenced.

Hint: The binding can be removed (if unused) or named `_` (if used implicitly). Alternatively, prefix the name with `_` to silence this warning:
  [apply] _had

Note: This linter can be disabled with `set_option linter.unusedVariables false`
warning: lean/PvNP/RealizableHardness/ActualMZ24ComplementRestriction.lean:278:8: automatically included section variable(s) unused in theorem `_private.PvNP.RealizableHardness.ActualMZ24ComplementRestriction.0.PvNP.RealizableHardness.ActualMZ24ComplementRestriction.dependentTable_apply`:
  [Fintype V]
consider restructuring your `variable` declarations so that the variables are not in scope or explicitly omit them:
  omit [Fintype V] in theorem ...

Note: This linter can be disabled with `set_option linter.unusedSectionVars false`
warning: lean/PvNP/RealizableHardness/ActualMZ24ComplementRestriction.lean:285:8: automatically included section variable(s) unused in theorem `_private.PvNP.RealizableHardness.ActualMZ24ComplementRestriction.0.PvNP.RealizableHardness.ActualMZ24ComplementRestriction.grassCast_coe`:
  [Fintype V]
consider restructuring your `variable` declarations so that the variables are not in scope or explicitly omit them:
  omit [Fintype V] in theorem ...

Note: This linter can be disabled with `set_option linter.unusedSectionVars false`
⚠ [3277/3283] Replayed PvNP.RealizableHardness.ActualBinaryGrassmannIncidence
warning: lean/PvNP/RealizableHardness/ActualBinaryGrassmannIncidence.lean:49:8: automatically included section variable(s) unused in theorem `PvNP.RealizableHardness.ActualBinaryGrassmannIncidence.familyInter_empty`:
  [Fintype V]
  [Fintype I]
consider restructuring your `variable` declarations so that the variables are not in scope or explicitly omit them:
  omit [Fintype V] [Fintype I] in theorem ...

Note: This linter can be disabled with `set_option linter.unusedSectionVars false`
warning: lean/PvNP/RealizableHardness/ActualBinaryGrassmannIncidence.lean:53:8: automatically included section variable(s) unused in theorem `PvNP.RealizableHardness.ActualBinaryGrassmannIncidence.familyInter_singleton`:
  [Fintype V]
  [Fintype I]
consider restructuring your `variable` declarations so that the variables are not in scope or explicitly omit them:
  omit [Fintype V] [Fintype I] in theorem ...

Note: This linter can be disabled with `set_option linter.unusedSectionVars false`
warning: lean/PvNP/RealizableHardness/ActualBinaryGrassmannIncidence.lean:57:0: automatically included section variable(s) unused in theorem `PvNP.RealizableHardness.ActualBinaryGrassmannIncidence.familyInter_pair`:
  [Fintype V]
  [Fintype I]
consider restructuring your `variable` declarations so that the variables are not in scope or explicitly omit them:
  omit [Fintype V] [Fintype I] in theorem ...

Note: This linter can be disabled with `set_option linter.unusedSectionVars false`
warning: lean/PvNP/RealizableHardness/ActualBinaryGrassmannIncidence.lean:58:5: Variable name `hij` is not explicitly referenced.

Hint: The binding can be removed (if unused) or named `_` (if used implicitly). Alternatively, prefix the name with `_` to silence this warning:
  [apply] _hij

Note: This linter can be disabled with `set_option linter.unusedVariables false`
warning: lean/PvNP/RealizableHardness/ActualBinaryGrassmannIncidence.lean:60:21: This simp argument is unused:
  hij

Hint: Omit it from the simp argument list.
  [apply] simp [familyInter]

Note: This linter can be disabled with `set_option linter.unusedSimpArgs false`
warning: lean/PvNP/RealizableHardness/ActualBinaryGrassmannIncidence.lean:75:0: automatically included section variable(s) unused in theorem `PvNP.RealizableHardness.ActualBinaryGrassmannIncidence.genericUpTo_zero`:
  [Fintype V]
  [Fintype I]
consider restructuring your `variable` declarations so that the variables are not in scope or explicitly omit them:
  omit [Fintype V] [Fintype I] in theorem ...

Note: This linter can be disabled with `set_option linter.unusedSectionVars false`
warning: lean/PvNP/RealizableHardness/ActualBinaryGrassmannIncidence.lean:81:0: automatically included section variable(s) unused in theorem `PvNP.RealizableHardness.ActualBinaryGrassmannIncidence.genericUpTo_mono`:
  [Fintype V]
  [Fintype I]
consider restructuring your `variable` declarations so that the variables are not in scope or explicitly omit them:
  omit [Fintype V] [Fintype I] in theorem ...

Note: This linter can be disabled with `set_option linter.unusedSectionVars false`
warning: lean/PvNP/RealizableHardness/ActualBinaryGrassmannIncidence.lean:91:0: automatically included section variable(s) unused in theorem `PvNP.RealizableHardness.ActualBinaryGrassmannIncidence.genericUpTo_general`:
  [Fintype V]
  [Fintype I]
consider restructuring your `variable` declarations so that the variables are not in scope or explicitly omit them:
  omit [Fintype V] [Fintype I] in theorem ...

Note: This linter can be disabled with `set_option linter.unusedSectionVars false`
warning: lean/PvNP/RealizableHardness/ActualBinaryGrassmannIncidence.lean:111:32: This simp argument is unused:
  hij

Hint: Omit it from the simp argument list.
  [apply] simp

Note: This linter can be disabled with `set_option linter.unusedSimpArgs false`
warning: lean/PvNP/RealizableHardness/ActualBinaryGrassmannIncidence.lean:114:15: This simp argument is unused:
  Ne.symm hij

Hint: Omit it from the simp argument list.
  [apply] simp [hij]

Note: This linter can be disabled with `set_option linter.unusedSimpArgs false`
warning: lean/PvNP/RealizableHardness/ActualBinaryGrassmannIncidence.lean:131:0: automatically included section variable(s) unused in theorem `PvNP.RealizableHardness.ActualBinaryGrassmannIncidence.familyInter_image`:
  [Fintype V]
  [Fintype I]
consider restructuring your `variable` declarations so that the variables are not in scope or explicitly omit them:
  omit [Fintype V] [Fintype I] in theorem ...

Note: This linter can be disabled with `set_option linter.unusedSectionVars false`
warning: lean/PvNP/RealizableHardness/ActualBinaryGrassmannIncidence.lean:206:0: automatically included section variable(s) unused in theorem `PvNP.RealizableHardness.ActualBinaryGrassmannIncidence.grass_nonempty_of_le`:
  [Fintype V]
consider restructuring your `variable` declarations so that the variables are not in scope or explicitly omit them:
  omit [Fintype V] in theorem ...

Note: This linter can be disabled with `set_option linter.unusedSectionVars false`
warning: lean/PvNP/RealizableHardness/ActualBinaryGrassmannIncidence.lean:218:2: Try this: 
  letI̵

The goal is a proposition, so `let` is preferred over `letI`.
The difference between `let` and `letI` is that `letI` inlines the value.
But this is not relevant for proofs because of proof irrelevance.

Note: This linter can be disabled with `set_option linter.style.haveILetI false`
warning: lean/PvNP/RealizableHardness/ActualBinaryGrassmannIncidence.lean:217:14: This simp argument is unused:
  Module.finrank_pi

Hint: Omit it from the simp argument list.
  [apply] simp [Vn]

Note: This linter can be disabled with `set_option linter.unusedSimpArgs false`
warning: lean/PvNP/RealizableHardness/ActualBinaryGrassmannIncidence.lean:235:0: automatically included section variable(s) unused in theorem `PvNP.RealizableHardness.ActualBinaryGrassmannIncidence.bottomContained_card_nat`:
  [Fintype I]
consider restructuring your `variable` declarations so that the variables are not in scope or explicitly omit them:
  omit [Fintype I] in theorem ...

Note: This linter can be disabled with `set_option linter.unusedSectionVars false`
warning: lean/PvNP/RealizableHardness/ActualBinaryGrassmannIncidence.lean:254:11: Variable name `L` is not explicitly referenced.

Hint: The binding can be removed (if unused) or named `_` (if used implicitly). Alternatively, prefix the name with `_` to silence this warning:
  [apply] _L

Note: This linter can be disabled with `set_option linter.unusedVariables false`
warning: lean/PvNP/RealizableHardness/ActualBinaryGrassmannIncidence.lean:255:12: Variable name `L` is not explicitly referenced.

Hint: The binding can be removed (if unused) or named `_` (if used implicitly). Alternatively, prefix the name with `_` to silence this warning:
  [apply] _L

Note: This linter can be disabled with `set_option linter.unusedVariables false`
warning: lean/PvNP/RealizableHardness/ActualBinaryGrassmannIncidence.lean:257:0: automatically included section variable(s) unused in theorem `PvNP.RealizableHardness.ActualBinaryGrassmannIncidence.bottomPairContained_card_nat`:
  [Fintype I]
consider restructuring your `variable` declarations so that the variables are not in scope or explicitly omit them:
  omit [Fintype I] in theorem ...

Note: This linter can be disabled with `set_option linter.unusedSectionVars false`
warning: lean/PvNP/RealizableHardness/ActualBinaryGrassmannIncidence.lean:284:0: automatically included section variable(s) unused in theorem `PvNP.RealizableHardness.ActualBinaryGrassmannIncidence.bottomGeneralContained_card_nat`:
  [Fintype I]
consider restructuring your `variable` declarations so that the variables are not in scope or explicitly omit them:
  omit [Fintype I] in theorem ...

Note: This linter can be disabled with `set_option linter.unusedSectionVars false`
warning: lean/PvNP/RealizableHardness/ActualBinaryGrassmannIncidence.lean:372:0: automatically included section variable(s) unused in theorem `PvNP.RealizableHardness.ActualBinaryGrassmannIncidence.familyInter_complement`:
  [Fintype V]
  [Fintype I]
consider restructuring your `variable` declarations so that the variables are not in scope or explicitly omit them:
  omit [Fintype V] [Fintype I] in theorem ...

Note: This linter can be disabled with `set_option linter.unusedSectionVars false`
warning: lean/PvNP/RealizableHardness/ActualBinaryGrassmannIncidence.lean:400:0: automatically included section variable(s) unused in theorem `PvNP.RealizableHardness.ActualBinaryGrassmannIncidence.complementFamily_injective`:
  [Fintype I]
consider restructuring your `variable` declarations so that the variables are not in scope or explicitly omit them:
  omit [Fintype I] in theorem ...

Note: This linter can be disabled with `set_option linter.unusedSectionVars false`
warning: lean/PvNP/RealizableHardness/ActualBinaryGrassmannIncidence.lean:453:38: Variable name `C` is not explicitly referenced.

Hint: The binding can be removed (if unused) or named `_` (if used implicitly). Alternatively, prefix the name with `_` to silence this warning:
  [apply] _C

Note: This linter can be disabled with `set_option linter.unusedVariables false`
warning: lean/PvNP/RealizableHardness/ActualBinaryGrassmannIncidence.lean:464:2: Try this: 
  letI̵

The goal is a proposition, so `let` is preferred over `letI`.
The difference between `let` and `letI` is that `letI` inlines the value.
But this is not relevant for proofs because of proof irrelevance.

Note: This linter can be disabled with `set_option linter.style.haveILetI false`
warning: lean/PvNP/RealizableHardness/ActualBinaryGrassmannIncidence.lean:475:8: `if_pos` has been deprecated: Use `ite_eq_left` instead
warning: lean/PvNP/RealizableHardness/ActualBinaryGrassmannIncidence.lean:477:4: Try this: 
  letI̵

The goal is a proposition, so `let` is preferred over `letI`.
The difference between `let` and `letI` is that `letI` inlines the value.
But this is not relevant for proofs because of proof irrelevance.

Note: This linter can be disabled with `set_option linter.style.haveILetI false`
warning: lean/PvNP/RealizableHardness/ActualBinaryGrassmannIncidence.lean:478:10: `if_neg` has been deprecated: Use `ite_eq_right` instead
warning: lean/PvNP/RealizableHardness/ActualBinaryGrassmannIncidence.lean:488:0: automatically included section variable(s) unused in theorem `PvNP.RealizableHardness.ActualBinaryGrassmannIncidence.pointedContained_iff`:
  [Fintype I]
consider restructuring your `variable` declarations so that the variables are not in scope or explicitly omit them:
  omit [Fintype I] in theorem ...

Note: This linter can be disabled with `set_option linter.unusedSectionVars false`
warning: lean/PvNP/RealizableHardness/ActualBinaryGrassmannIncidence.lean:527:8: `if_pos` has been deprecated: Use `ite_eq_left` instead
warning: lean/PvNP/RealizableHardness/ActualBinaryGrassmannIncidence.lean:529:4: Try this: 
  letI̵

The goal is a proposition, so `let` is preferred over `letI`.
The difference between `let` and `letI` is that `letI` inlines the value.
But this is not relevant for proofs because of proof irrelevance.

Note: This linter can be disabled with `set_option linter.style.haveILetI false`
warning: lean/PvNP/RealizableHardness/ActualBinaryGrassmannIncidence.lean:530:10: `if_neg` has been deprecated: Use `ite_eq_right` instead
warning: lean/PvNP/RealizableHardness/ActualBinaryGrassmannIncidence.lean:551:15: `if_pos` has been deprecated: Use `ite_eq_left` instead
warning: lean/PvNP/RealizableHardness/ActualBinaryGrassmannIncidence.lean:606:8: `if_pos` has been deprecated: Use `ite_eq_left` instead
warning: lean/PvNP/RealizableHardness/ActualBinaryGrassmannIncidence.lean:609:4: Try this: 
  letI̵

The goal is a proposition, so `let` is preferred over `letI`.
The difference between `let` and `letI` is that `letI` inlines the value.
But this is not relevant for proofs because of proof irrelevance.

Note: This linter can be disabled with `set_option linter.style.haveILetI false`
warning: lean/PvNP/RealizableHardness/ActualBinaryGrassmannIncidence.lean:610:10: `if_neg` has been deprecated: Use `ite_eq_right` instead
warning: lean/PvNP/RealizableHardness/ActualBinaryGrassmannIncidence.lean:633:15: `if_pos` has been deprecated: Use `ite_eq_left` instead
warning: lean/PvNP/RealizableHardness/ActualBinaryGrassmannIncidence.lean:690:8: `if_pos` has been deprecated: Use `ite_eq_left` instead
warning: lean/PvNP/RealizableHardness/ActualBinaryGrassmannIncidence.lean:693:4: Try this: 
  letI̵

The goal is a proposition, so `let` is preferred over `letI`.
The difference between `let` and `letI` is that `letI` inlines the value.
But this is not relevant for proofs because of proof irrelevance.

Note: This linter can be disabled with `set_option linter.style.haveILetI false`
warning: lean/PvNP/RealizableHardness/ActualBinaryGrassmannIncidence.lean:694:10: `if_neg` has been deprecated: Use `ite_eq_right` instead
warning: lean/PvNP/RealizableHardness/ActualBinaryGrassmannIncidence.lean:716:15: `if_pos` has been deprecated: Use `ite_eq_left` instead
warning: lean/PvNP/RealizableHardness/ActualBinaryGrassmannIncidence.lean:761:37: Variable name `r` is not explicitly referenced.

Hint: The binding can be removed (if unused) or named `_` (if used implicitly). Alternatively, prefix the name with `_` to silence this warning:
  [apply] _r

Note: This linter can be disabled with `set_option linter.unusedVariables false`
warning: lean/PvNP/RealizableHardness/ActualBinaryGrassmannIncidence.lean:769:39: Variable name `r` is not explicitly referenced.

Hint: The binding can be removed (if unused) or named `_` (if used implicitly). Alternatively, prefix the name with `_` to silence this warning:
  [apply] _r

Note: This linter can be disabled with `set_option linter.unusedVariables false`
⚠ [3278/3283] Replayed PvNP.RealizableHardness.ActualMZ24DistinctPairAggregation
warning: lean/PvNP/RealizableHardness/ActualMZ24DistinctPairAggregation.lean:27:8: automatically included section variable(s) unused in theorem `_private.PvNP.RealizableHardness.ActualMZ24DistinctPairAggregation.0.PvNP.RealizableHardness.ActualMZ24DistinctPairAggregation.transport_trans`:
  [Fintype V]
consider restructuring your `variable` declarations so that the variables are not in scope or explicitly omit them:
  omit [Fintype V] in theorem ...

Note: This linter can be disabled with `set_option linter.unusedSectionVars false`
warning: lean/PvNP/RealizableHardness/ActualMZ24DistinctPairAggregation.lean:34:8: automatically included section variable(s) unused in theorem `_private.PvNP.RealizableHardness.ActualMZ24DistinctPairAggregation.0.PvNP.RealizableHardness.ActualMZ24DistinctPairAggregation.transport_symm`:
  [Fintype V]
consider restructuring your `variable` declarations so that the variables are not in scope or explicitly omit them:
  omit [Fintype V] in theorem ...

Note: This linter can be disabled with `set_option linter.unusedSectionVars false`
warning: lean/PvNP/RealizableHardness/ActualMZ24DistinctPairAggregation.lean:41:0: automatically included section variable(s) unused in theorem `PvNP.RealizableHardness.ActualMZ24DistinctPairAggregation.decodedPair_ext_of_transport`:
  [Fintype V]
consider restructuring your `variable` declarations so that the variables are not in scope or explicitly omit them:
  omit [Fintype V] in theorem ...

Note: This linter can be disabled with `set_option linter.unusedSectionVars false`
warning: lean/PvNP/RealizableHardness/ActualMZ24DistinctPairAggregation.lean:71:0: automatically included section variable(s) unused in theorem `PvNP.RealizableHardness.ActualMZ24DistinctPairAggregation.pairSubspace_contains`:
  [Fintype V]
consider restructuring your `variable` declarations so that the variables are not in scope or explicitly omit them:
  omit [Fintype V] in theorem ...

Note: This linter can be disabled with `set_option linter.unusedSectionVars false`
warning: lean/PvNP/RealizableHardness/ActualMZ24DistinctPairAggregation.lean:160:0: automatically included section variable(s) unused in theorem `PvNP.RealizableHardness.ActualMZ24DistinctPairAggregation.pairWFiber_card_sum`:
  [Fintype V]
consider restructuring your `variable` declarations so that the variables are not in scope or explicitly omit them:
  omit [Fintype V] in theorem ...

Note: This linter can be disabled with `set_option linter.unusedSectionVars false`
warning: lean/PvNP/RealizableHardness/ActualMZ24DistinctPairAggregation.lean:208:10: Unused tactic linter: `ring` does nothing

Note: This linter can be disabled with `set_option linter.unusedTactic false`
warning: lean/PvNP/RealizableHardness/ActualMZ24DistinctPairAggregation.lean:208:10: this tactic is never executed

Note: This linter can be disabled with `set_option linter.unreachableTactic false`
warning: lean/PvNP/RealizableHardness/ActualMZ24DistinctPairAggregation.lean:280:0: automatically included section variable(s) unused in theorem `PvNP.RealizableHardness.ActualMZ24DistinctPairAggregation.pairSubspaces_exact_codim_partition`:
  [Fintype V]
consider restructuring your `variable` declarations so that the variables are not in scope or explicitly omit them:
  omit [Fintype V] in theorem ...

Note: This linter can be disabled with `set_option linter.unusedSectionVars false`
warning: lean/PvNP/RealizableHardness/ActualMZ24DistinctPairAggregation.lean:322:12: This simp argument is unused:
  hne

Hint: Omit it from the simp argument list.
  [apply] simp [ih]

Note: This linter can be disabled with `set_option linter.unusedSimpArgs false`
warning: lean/PvNP/RealizableHardness/ActualMZ24DistinctPairAggregation.lean:398:2: Unused tactic linter: `norm_num at h` does nothing

Note: This linter can be disabled with `set_option linter.unusedTactic false`
⚠ [3279/3283] Replayed PvNP.RealizableHardness.ActualMZ24GenericSubfamilyRepresentative
warning: lean/PvNP/RealizableHardness/ActualMZ24GenericSubfamilyRepresentative.lean:126:0: automatically included section variable(s) unused in theorem `PvNP.RealizableHardness.ActualMZ24GenericSubfamilyRepresentative.exists_positiveBucketRepresentative`:
  [Fintype V]
consider restructuring your `variable` declarations so that the variables are not in scope or explicitly omit them:
  omit [Fintype V] in theorem ...

Note: This linter can be disabled with `set_option linter.unusedSectionVars false`
⚠ [3281/3283] Replayed PvNP.RealizableHardness.ActualMZ24HyperplaneSupport
warning: lean/PvNP/RealizableHardness/ActualMZ24HyperplaneSupport.lean:32:0: automatically included section variable(s) unused in theorem `PvNP.RealizableHardness.ActualMZ24HyperplaneSupport.relativeCodim_eq_finrank_sub`:
  [Fintype V]
consider restructuring your `variable` declarations so that the variables are not in scope or explicitly omit them:
  omit [Fintype V] in theorem ...

Note: This linter can be disabled with `set_option linter.unusedSectionVars false`
warning: lean/PvNP/RealizableHardness/ActualMZ24HyperplaneSupport.lean:80:0: automatically included section variable(s) unused in theorem `PvNP.RealizableHardness.ActualMZ24HyperplaneSupport.hyperplane_ne_top`:
  [Fintype V]
consider restructuring your `variable` declarations so that the variables are not in scope or explicitly omit them:
  omit [Fintype V] in theorem ...

Note: This linter can be disabled with `set_option linter.unusedSectionVars false`
warning: lean/PvNP/RealizableHardness/ActualMZ24HyperplaneSupport.lean:95:2: Try this: 
  letI̵

The goal is a proposition, so `let` is preferred over `letI`.
The difference between `let` and `letI` is that `letI` inlines the value.
But this is not relevant for proofs because of proof irrelevance.

Note: This linter can be disabled with `set_option linter.style.haveILetI false`
warning: lean/PvNP/RealizableHardness/ActualMZ24HyperplaneSupport.lean:100:2: Try this: 
  letI̵

The goal is a proposition, so `let` is preferred over `letI`.
The difference between `let` and `letI` is that `letI` inlines the value.
But this is not relevant for proofs because of proof irrelevance.

Note: This linter can be disabled with `set_option linter.style.haveILetI false`
warning: lean/PvNP/RealizableHardness/ActualMZ24HyperplaneSupport.lean:203:32: This simp argument is unused:
  hn

Hint: Omit it from the simp argument list.
  [apply] simp [gaussian, frameProduct, hn1, hn0]

Note: This linter can be disabled with `set_option linter.unusedSimpArgs false`
warning: lean/PvNP/RealizableHardness/ActualMZ24HyperplaneSupport.lean:203:41: This simp argument is unused:
  hn0

Hint: Omit it from the simp argument list.
  [apply] simp [gaussian, frameProduct, hn, hn1]

Note: This linter can be disabled with `set_option linter.unusedSimpArgs false`
warning: lean/PvNP/RealizableHardness/ActualMZ24HyperplaneSupport.lean:215:2: Try this: 
  letI̵

The goal is a proposition, so `let` is preferred over `letI`.
The difference between `let` and `letI` is that `letI` inlines the value.
But this is not relevant for proofs because of proof irrelevance.

Note: This linter can be disabled with `set_option linter.style.haveILetI false`
warning: lean/PvNP/RealizableHardness/ActualMZ24HyperplaneSupport.lean:235:2: Try this: 
  letI̵

The goal is a proposition, so `let` is preferred over `letI`.
The difference between `let` and `letI` is that `letI` inlines the value.
But this is not relevant for proofs because of proof irrelevance.

Note: This linter can be disabled with `set_option linter.style.haveILetI false`
warning: lean/PvNP/RealizableHardness/ActualMZ24HyperplaneSupport.lean:279:32: Variable name `hWH` is not explicitly referenced.

Hint: The binding can be removed (if unused) or named `_` (if used implicitly). Alternatively, prefix the name with `_` to silence this warning:
  [apply] _hWH

Note: This linter can be disabled with `set_option linter.unusedVariables false`
warning: lean/PvNP/RealizableHardness/ActualMZ24HyperplaneSupport.lean:282:0: automatically included section variable(s) unused in theorem `PvNP.RealizableHardness.ActualMZ24HyperplaneSupport.restrictToHyperplane_map_recovery`:
  [Fintype V]
consider restructuring your `variable` declarations so that the variables are not in scope or explicitly omit them:
  omit [Fintype V] in theorem ...

Note: This linter can be disabled with `set_option linter.unusedSectionVars false`
✖ [3282/3283] Building PvNP.RealizableHardness.ActualTypedABCanonicalFlag (5.4s)
trace: .> LEAN_PATH=/home/dfredriksen_quantyra_org/cmmsa_analytic_20260930T040837Z/.lake/packages/Cli/.lake/build/lib/lean:/home/dfredriksen_quantyra_org/cmmsa_analytic_20260930T040837Z/.lake/packages/batteries/.lake/build/lib/lean:/home/dfredriksen_quantyra_org/cmmsa_analytic_20260930T040837Z/.lake/packages/Qq/.lake/build/lib/lean:/home/dfredriksen_quantyra_org/cmmsa_analytic_20260930T040837Z/.lake/packages/aesop/.lake/build/lib/lean:/home/dfredriksen_quantyra_org/cmmsa_analytic_20260930T040837Z/.lake/packages/proofwidgets/.lake/build/lib/lean:/home/dfredriksen_quantyra_org/cmmsa_analytic_20260930T040837Z/.lake/packages/importGraph/.lake/build/lib/lean:/home/dfredriksen_quantyra_org/cmmsa_analytic_20260930T040837Z/.lake/packages/LeanSearchClient/.lake/build/lib/lean:/home/dfredriksen_quantyra_org/cmmsa_analytic_20260930T040837Z/.lake/packages/plausible/.lake/build/lib/lean:/home/dfredriksen_quantyra_org/cmmsa_analytic_20260930T040837Z/.lake/packages/complexitylib/.lake/build/lib/lean:/home/dfredriksen_quantyra_org/cmmsa_analytic_20260930T040837Z/.lake/packages/mathlib/.lake/build/lib/lean:/home/dfredriksen_quantyra_org/cmmsa_analytic_20260930T040837Z/.lake/packages/cslib/.lake/build/lib/lean:/home/dfredriksen_quantyra_org/cmmsa_analytic_20260930T040837Z/.lake/build/lib/lean /home/dfredriksen_quantyra_org/.elan/toolchains/leanprover--lean4---v4.34.0-rc2/bin/lean /home/dfredriksen_quantyra_org/cmmsa_analytic_20260930T040837Z/lean/PvNP/RealizableHardness/ActualTypedABCanonicalFlag.lean -o /home/dfredriksen_quantyra_org/cmmsa_analytic_20260930T040837Z/.lake/build/lib/lean/PvNP/RealizableHardness/ActualTypedABCanonicalFlag.olean -i /home/dfredriksen_quantyra_org/cmmsa_analytic_20260930T040837Z/.lake/build/lib/lean/PvNP/RealizableHardness/ActualTypedABCanonicalFlag.ilean -c /home/dfredriksen_quantyra_org/cmmsa_analytic_20260930T040837Z/.lake/build/ir/PvNP/RealizableHardness/ActualTypedABCanonicalFlag.c --setup /home/dfredriksen_quantyra_org/cmmsa_analytic_20260930T040837Z/.lake/build/ir/PvNP/RealizableHardness/ActualTypedABCanonicalFlag.setup.json --json
error: lean/PvNP/RealizableHardness/ActualTypedABCanonicalFlag.lean:60:2: Too many variable names provided at alternative `cons`: 8 provided, but 7 expected
error: lean/PvNP/RealizableHardness/ActualTypedABCanonicalFlag.lean:61:21: Application type mismatch: The argument
  hL
has type
  ℕ
of sort `Type` but is expected to have type
  Module.finrank F ↥(Submodule.map (Submodule.mkQ ?m.74) ?m.75) = 1
of sort `Prop` in the application
  @cons ?m.73 ?m.74 ?m.75 ?m.76 hL
error: lean/PvNP/RealizableHardness/ActualTypedABCanonicalFlag.lean:62:9: Unknown identifier `ih`
error: lean/PvNP/RealizableHardness/ActualTypedABCanonicalFlag.lean:61:18: Application type mismatch: The argument
  hA
has type
  Module.finrank F ↥(Submodule.map d.mkQ A) = 1
but is expected to have type
  d ≤ ?m.75
in the application
  cons hA
error: lean/PvNP/RealizableHardness/ActualTypedABCanonicalFlag.lean:74:2: Too many variable names provided at alternative `cons`: 8 provided, but 7 expected
error: lean/PvNP/RealizableHardness/ActualTypedABCanonicalFlag.lean:76:9: Unknown identifier `ih`
warning: lean/PvNP/RealizableHardness/ActualTypedABCanonicalFlag.lean:75:13: declaration uses `sorry`
error: lean/PvNP/RealizableHardness/ActualTypedABCanonicalFlag.lean:93:11: unsolved goals
case done
n : ℕ
B✝ : Submodule F (W n)
k : ℕ
B : Submodule F (W n)
⊢ Module.finrank F ↥B = Module.finrank F ↥B
error: lean/PvNP/RealizableHardness/ActualTypedABCanonicalFlag.lean:94:2: Too many variable names provided at alternative `cons`: 7 provided, but 6 expected
error: lean/PvNP/RealizableHardness/ActualTypedABCanonicalFlag.lean:95:22: Invalid field `finrank_quotient_add_finrank`: The environment does not contain `Eq.finrank_quotient_add_finrank`, so it is not possible to project the field `finrank_quotient_add_finrank` from an expression
  H
of type `Module.finrank F (↥n ⧸ B) = 1`
error: lean/PvNP/RealizableHardness/ActualTypedABCanonicalFlag.lean:118:8: Invalid rewrite argument: Expected an equality or iff proof or definition name, but `B'` is a value of type
  Submodule F (W n)
error: lean/PvNP/RealizableHardness/ActualTypedABCanonicalFlag.lean:141:2: Too many variable names provided at alternative `cons`: 7 provided, but 6 expected
error: lean/PvNP/RealizableHardness/ActualTypedABCanonicalFlag.lean:142:13: Unknown identifier `ih`
error: lean/PvNP/RealizableHardness/ActualTypedABCanonicalFlag.lean:142:21: Tactic `rcases` failed: `x✝ : ?m.36` is not an inductive datatype
error: lean/PvNP/RealizableHardness/ActualTypedABCanonicalFlag.lean:164:8: Type mismatch: After simplification, term
  CodomainHyperplaneFlag.done ⊥
 has type
  CodomainHyperplaneFlag ⊥ 0
but is expected to have type
  CodomainHyperplaneFlag x✝ (Module.finrank F ↥x✝)
error: lean/PvNP/RealizableHardness/ActualTypedABCanonicalFlag.lean:167:32: Application type mismatch: The argument
  Module.finrank F
has type
  (M : Type ?u.38) → [inst : Semiring F] → [inst_1 : AddCommMonoid M] → [Module F M] → ℕ
but is expected to have type
  Submodule F ↥B → ?m.76
in the application
  congrArg (Module.finrank F)
error: lean/PvNP/RealizableHardness/ActualTypedABCanonicalFlag.lean:180:10: omega could not prove the goal:
a possible counterexample may satisfy the constraints
  b ≥ 0
  a ≥ 1
where
 a := ↑(Module.finrank F ↥B)
 b := ↑(Module.finrank (ZMod 2) ↥H)
error: lean/PvNP/RealizableHardness/ActualTypedABCanonicalFlag.lean:189:8: Type mismatch: After simplification, term
  CodomainHyperplaneFlag.cons H hquot tail
 has type
  CodomainHyperplaneFlag B (Module.finrank F ↥H + 1)
but is expected to have type
  CodomainHyperplaneFlag x✝ (Module.finrank F ↥x✝)
warning: lean/PvNP/RealizableHardness/ActualTypedABCanonicalFlag.lean:191:0: unused termination hints, function is not recursive
error: lean/PvNP/RealizableHardness/ActualTypedABCanonicalFlag.lean:216:15: Application type mismatch: The argument
  CodomainHyperplaneFlag.done B
has type
  CodomainHyperplaneFlag B 0
but is expected to have type
  CodomainHyperplaneFlag B (Module.finrank F ↥B - Module.finrank F ↥B)
in the application
  Subtype.mk (CodomainHyperplaneFlag.done B)
error: lean/PvNP/RealizableHardness/ActualTypedABCanonicalFlag.lean:239:10: omega could not prove the goal:
a possible counterexample may satisfy the constraints
  b ≥ 0
  a ≥ 0
where
 a := ↑(Module.finrank F ↥B)
 b := ↑(Module.finrank (ZMod 2) ↥H)
error: lean/PvNP/RealizableHardness/ActualTypedABCanonicalFlag.lean:262:10: Type mismatch: After simplification, term
  htail.property
 has type
  (↑htail).endpoint = K
but is expected to have type
  (cast ⋯ (CodomainHyperplaneFlag.cons H hH ↑htail)).endpoint = K
error: lean/PvNP/RealizableHardness/ActualTypedABCanonicalFlag.lean:264:14: omega could not prove the goal:
a possible counterexample may satisfy the constraints
  c ≥ 0
  b ≥ 1
  a ≥ 0
  a - b ≥ 0
  a - b - c ≤ -1
  a - c ≤ 0
  a ≥ 0
where
 a := ↑(Module.finrank F ↥(Submodule.map B.subtype ↑↑(Classical.choice ⋯)) - Module.finrank F ↥K)
 b := ↑(Module.finrank F ↥B - Module.finrank F ↥K)
 c := ↑(Module.finrank F ↥(Submodule.map B.subtype ↑↑(Classical.choice ⋯)))
error: lean/PvNP/RealizableHardness/ActualTypedABCanonicalFlag.lean:277:2: Dependent elimination failed: Failed to solve equation
  { carrier := {0}, add_mem' := ⋯, zero_mem' := ⋯, smul_mem' := ⋯ } = flag.endpoint
error: lean/PvNP/RealizableHardness/ActualTypedABCanonicalFlag.lean:302:4: Type mismatch
  CodomainHyperplaneFlag.done ?m.23
has type
  CodomainHyperplaneFlag ?m.23 0
but is expected to have type
  CodomainHyperplaneFlag B h
error: lean/PvNP/RealizableHardness/ActualTypedABCanonicalFlag.lean:318:4: Type mismatch
  CodomainHyperplaneFlag.done ?m.35
has type
  CodomainHyperplaneFlag ?m.35 0
but is expected to have type
  CodomainHyperplaneFlag B h
error: lean/PvNP/RealizableHardness/ActualTypedABCanonicalFlag.lean:335:4: Type mismatch
  DomainLineFlag.done ?m.30
has type
  DomainLineFlag ?m.30 0
but is expected to have type
  DomainLineFlag A l
error: lean/PvNP/RealizableHardness/ActualTypedABCanonicalFlag.lean:355:2: Too many variable names provided at alternative `cons`: 7 provided, but 6 expected
error: lean/PvNP/RealizableHardness/ActualTypedABCanonicalFlag.lean:356:21: Application type mismatch: The argument
  hL
has type
  ℕ
of sort `Type` but is expected to have type
  Module.finrank PvNP.RealizableHardness.ActualTypedABRankedTower.F✝ ↥(Submodule.map (Submodule.mkQ ?m.124) ?m.126) = 1
of sort `Prop` in the application
  @ActualTypedABRankedTower.line ?m.122 ?m.123 ?m.124 ?m.125 ?m.126 ?m.127 hL
error: lean/PvNP/RealizableHardness/ActualTypedABCanonicalFlag.lean:358:10: Unknown identifier `typedLineReducedWitness`
error: lean/PvNP/RealizableHardness/ActualTypedABCanonicalFlag.lean:357:25: Unknown identifier `tail`
error: lean/PvNP/RealizableHardness/ActualTypedABCanonicalFlag.lean:370:4: don't know how to synthesize implicit argument `f`
  @HasRankedA14Semantics n d (?m.46 lines hypers T) (h + l) A B (?m.47 lines hypers T)
    (buildCanonicalSourceTower lines hypers T)
context:
n d r l h : ℕ
A : Submodule F (V d)
B : Submodule F (W n)
f : (V d ⧸ A →ₗ[F] ↥B) → ℂ
lines : DomainLineFlag A l
hypers : CodomainHyperplaneFlag B h
T : V d ⧸ A →ₗ[F] ↥B
⊢ (PvNP.RealizableHardness.ActualTypedABRankedTower.V✝ d ⧸ A →ₗ[PvNP.RealizableHardness.ActualTypedABRankedTower.F✝]
      ↥B) →
    ℂ

Note: All parameter types and holes (e.g., `_`) in the header of a theorem are resolved before the proof is processed; information from the proof cannot be used to infer what these values should be
error: lean/PvNP/RealizableHardness/ActualTypedABCanonicalFlag.lean:370:4: don't know how to synthesize implicit argument `r`
  @HasRankedA14Semantics n d (?m.46 lines hypers T) (h + l) A B (?m.47 lines hypers T)
    (buildCanonicalSourceTower lines hypers T)
context:
n d r l h : ℕ
A : Submodule F (V d)
B : Submodule F (W n)
f : (V d ⧸ A →ₗ[F] ↥B) → ℂ
lines : DomainLineFlag A l
hypers : CodomainHyperplaneFlag B h
T : V d ⧸ A →ₗ[F] ↥B
⊢ ℕ

Note: All parameter types and holes (e.g., `_`) in the header of a theorem are resolved before the proof is processed; information from the proof cannot be used to infer what these values should be
error: lean/PvNP/RealizableHardness/ActualTypedABCanonicalFlag.lean:370:27: don't know how to synthesize implicit argument `f`
  @buildCanonicalSourceTower n d (?m.46 lines hypers T) l h A B (?m.47 lines hypers T) lines hypers T
context:
n d r l h : ℕ
A : Submodule F (V d)
B : Submodule F (W n)
f : (V d ⧸ A →ₗ[F] ↥B) → ℂ
lines : DomainLineFlag A l
hypers : CodomainHyperplaneFlag B h
T : V d ⧸ A →ₗ[F] ↥B
⊢ (V d ⧸ A →ₗ[F] ↥B) → ℂ

Note: All parameter types and holes (e.g., `_`) in the header of a theorem are resolved before the proof is processed; information from the proof cannot be used to infer what these values should be
error: lean/PvNP/RealizableHardness/ActualTypedABCanonicalFlag.lean:370:27: don't know how to synthesize implicit argument `r`
  @buildCanonicalSourceTower n d (?m.46 lines hypers T) l h A B (?m.47 lines hypers T) lines hypers T
context:
n d r l h : ℕ
A : Submodule F (V d)
B : Submodule F (W n)
f : (V d ⧸ A →ₗ[F] ↥B) → ℂ
lines : DomainLineFlag A l
hypers : CodomainHyperplaneFlag B h
T : V d ⧸ A →ₗ[F] ↥B
⊢ ℕ

Note: All parameter types and holes (e.g., `_`) in the header of a theorem are resolved before the proof is processed; information from the proof cannot be used to infer what these values should be
error: lean/PvNP/RealizableHardness/ActualTypedABCanonicalFlag.lean:380:2: Unnecessary `generalizing` argument: Variable `f` is generalized automatically
error: lean/PvNP/RealizableHardness/ActualTypedABCanonicalFlag.lean:381:14: Tactic `rfl` failed: The left-hand side
  (rankedTerminalData (buildHyperplaneSuffix (CodomainHyperplaneFlag.done B))).Bend
is not definitionally equal to the right-hand side
  (CodomainHyperplaneFlag.done B).endpoint

case done
n d r h : ℕ
A : Submodule F (V d)
B✝ B : Submodule F (W n)
f : (V d ⧸ A →ₗ[F] ↥B) → ℂ
⊢ (rankedTerminalData (buildHyperplaneSuffix (CodomainHyperplaneFlag.done B))).Bend =
    (CodomainHyperplaneFlag.done B).endpoint
error: lean/PvNP/RealizableHardness/ActualTypedABCanonicalFlag.lean:382:2: Too many variable names provided at alternative `cons`: 7 provided, but 6 expected
error: lean/PvNP/RealizableHardness/ActualTypedABCanonicalFlag.lean:384:9: Unknown identifier `ih`
warning: lean/PvNP/RealizableHardness/ActualTypedABCanonicalFlag.lean:383:13: declaration uses `sorry`
error: lean/PvNP/RealizableHardness/ActualTypedABCanonicalFlag.lean:396:14: Tactic `rfl` failed: The left-hand side
  (rankedTerminalData (buildHyperplanePrefix (CodomainHyperplaneFlag.done B) T)).Bend
is not definitionally equal to the right-hand side
  (CodomainHyperplaneFlag.done B).endpoint

case done
n d r : ℕ
A : Submodule F (V d)
B : Submodule F (W n)
f : (V d ⧸ A →ₗ[F] ↥B) → ℂ
T : V d ⧸ A →ₗ[F] ↥B
⊢ (rankedTerminalData (buildHyperplanePrefix (CodomainHyperplaneFlag.done B) T)).Bend =
    (CodomainHyperplaneFlag.done B).endpoint
error: lean/PvNP/RealizableHardness/ActualTypedABCanonicalFlag.lean:397:2: Too many variable names provided at alternative `cons`: 6 provided, but 5 expected
error: lean/PvNP/RealizableHardness/ActualTypedABCanonicalFlag.lean:400:10: Unknown identifier `typedHyperplaneReducedWitness`
error: lean/PvNP/RealizableHardness/ActualTypedABCanonicalFlag.lean:401:103: Unknown identifier `tail`
warning: lean/PvNP/RealizableHardness/ActualTypedABCanonicalFlag.lean:398:13: declaration uses `sorry`
warning: lean/PvNP/RealizableHardness/ActualTypedABCanonicalFlag.lean:398:36: declaration uses `sorry`
error: lean/PvNP/RealizableHardness/ActualTypedABCanonicalFlag.lean:411:2: Unnecessary `generalizing` argument: Variable `f` is generalized automatically
error: lean/PvNP/RealizableHardness/ActualTypedABCanonicalFlag.lean:412:21: Application type mismatch: The argument
  rfl
has type
  ?m.78 = ?m.78
but is expected to have type
  (rankedTerminalData (buildLineSuffix (DomainLineFlag.done A) hypers)).Aend = (DomainLineFlag.done A).endpoint
in the application
  And.intro rfl
error: lean/PvNP/RealizableHardness/ActualTypedABCanonicalFlag.lean:413:2: Too many variable names provided at alternative `cons`: 8 provided, but 7 expected
error: lean/PvNP/RealizableHardness/ActualTypedABCanonicalFlag.lean:415:9: Unknown identifier `ih`
warning: lean/PvNP/RealizableHardness/ActualTypedABCanonicalFlag.lean:414:13: declaration uses `sorry`
error: lean/PvNP/RealizableHardness/ActualTypedABCanonicalFlag.lean:427:7: don't know how to synthesize implicit argument `f`
  @rankedTerminalData n d r (h + l) A B (?m.72 lines hypers T) (buildCanonicalSourceTower lines hypers T)
context:
n d r l h : ℕ
A : Submodule F (V d)
B : Submodule F (W n)
f : (V d ⧸ A →ₗ[F] ↥B) → ℂ
lines : DomainLineFlag A l
hypers : CodomainHyperplaneFlag B h
T : V d ⧸ A →ₗ[F] ↥B
⊢ (PvNP.RealizableHardness.ActualTypedABRankedTower.V✝ d ⧸ A →ₗ[PvNP.RealizableHardness.ActualTypedABRankedTower.F✝]
      ↥B) →
    ℂ

Note: All parameter types and holes (e.g., `_`) in the header of a theorem are resolved before the proof is processed; information from the proof cannot be used to infer what these values should be
error: lean/PvNP/RealizableHardness/ActualTypedABCanonicalFlag.lean:427:27: don't know how to synthesize implicit argument `f`
  @buildCanonicalSourceTower n d r l h A B (?m.72 lines hypers T) lines hypers T
context:
n d r l h : ℕ
A : Submodule F (V d)
B : Submodule F (W n)
f : (V d ⧸ A →ₗ[F] ↥B) → ℂ
lines : DomainLineFlag A l
hypers : CodomainHyperplaneFlag B h
T : V d ⧸ A →ₗ[F] ↥B
⊢ (V d ⧸ A →ₗ[F] ↥B) → ℂ

Note: All parameter types and holes (e.g., `_`) in the header of a theorem are resolved before the proof is processed; information from the proof cannot be used to infer what these values should be
error: lean/PvNP/RealizableHardness/ActualTypedABCanonicalFlag.lean:425:5: don't know how to synthesize implicit argument `f`
  @rankedTerminalData n d r (h + l) A B (?m.71 lines hypers T) (buildCanonicalSourceTower lines hypers T)
context:
n d r l h : ℕ
A : Submodule F (V d)
B : Submodule F (W n)
f : (V d ⧸ A →ₗ[F] ↥B) → ℂ
lines : DomainLineFlag A l
hypers : CodomainHyperplaneFlag B h
T : V d ⧸ A →ₗ[F] ↥B
⊢ (PvNP.RealizableHardness.ActualTypedABRankedTower.V✝ d ⧸ A →ₗ[PvNP.RealizableHardness.ActualTypedABRankedTower.F✝]
      ↥B) →
    ℂ

Note: All parameter types and holes (e.g., `_`) in the header of a theorem are resolved before the proof is processed; information from the proof cannot be used to infer what these values should be
error: lean/PvNP/RealizableHardness/ActualTypedABCanonicalFlag.lean:425:25: don't know how to synthesize implicit argument `f`
  @buildCanonicalSourceTower n d r l h A B (?m.71 lines hypers T) lines hypers T
context:
n d r l h : ℕ
A : Submodule F (V d)
B : Submodule F (W n)
f : (V d ⧸ A →ₗ[F] ↥B) → ℂ
lines : DomainLineFlag A l
hypers : CodomainHyperplaneFlag B h
T : V d ⧸ A →ₗ[F] ↥B
⊢ (V d ⧸ A →ₗ[F] ↥B) → ℂ

Note: All parameter types and holes (e.g., `_`) in the header of a theorem are resolved before the proof is processed; information from the proof cannot be used to infer what these values should be
error: lean/PvNP/RealizableHardness/ActualTypedABCanonicalFlag.lean:431:18: Application type mismatch: The argument
  buildHyperplanePrefix_endpoint hypers T
has type
  (rankedTerminalData (buildHyperplanePrefix hypers T)).Bend = hypers.endpoint
but is expected to have type
  (rankedTerminalData (buildCanonicalSourceTower (DomainLineFlag.done A) hypers T)).Bend = hypers.endpoint
in the application
  ⟨?m.123, buildHyperplanePrefix_endpoint hypers T⟩
error: lean/PvNP/RealizableHardness/ActualTypedABCanonicalFlag.lean:431:13: Application type mismatch: The argument
  rfl
has type
  ?m.122 = ?m.122
but is expected to have type
  (rankedTerminalData (buildCanonicalSourceTower (DomainLineFlag.done A) hypers T)).Aend =
    (DomainLineFlag.done A).endpoint
in the application
  And.intro rfl
error: lean/PvNP/RealizableHardness/ActualTypedABCanonicalFlag.lean:433:2: Too many variable names provided at alternative `cons`: 7 provided, but 6 expected
error: lean/PvNP/RealizableHardness/ActualTypedABCanonicalFlag.lean:436:10: Unknown identifier `typedLineReducedWitness`
error: lean/PvNP/RealizableHardness/ActualTypedABCanonicalFlag.lean:438:50: Unknown identifier `tail`
warning: lean/PvNP/RealizableHardness/ActualTypedABCanonicalFlag.lean:434:13: declaration uses `sorry`
error: lean/PvNP/RealizableHardness/ActualTypedABCanonicalFlag.lean:460:10: Unknown identifier `buildCanonicalSourceTower_A14`
error: lean/PvNP/RealizableHardness/ActualTypedABCanonicalFlag.lean:461:11: Unknown identifier `buildCanonicalSourceTower_endpoints`
error: lean/PvNP/RealizableHardness/ActualTypedABCanonicalFlag.lean:462:11: Unknown identifier `buildCanonicalSourceTower_endpoints`
error: lean/PvNP/RealizableHardness/ActualTypedABCanonicalFlag.lean:474:28: Unknown identifier `UpToTypedNormSqGlobal`

Note: It is not possible to treat `UpToTypedNormSqGlobal` as an implicitly bound variable here because the `autoImplicit` option is set to `false`.
Some required targets logged failures:
- PvNP.RealizableHardness.ActualTypedABCanonicalFlag
