ℹ [996/1007] Replayed PvNP.RealizableHardness.ExceptionRepair
info: lean/PvNP/RealizableHardness/ExceptionRepair.lean:200:0: 'PvNP.RealizableHardness.exception_completeness' depends on axioms: [propext, Classical.choice, Quot.sound]
info: lean/PvNP/RealizableHardness/ExceptionRepair.lean:201:0: 'PvNP.RealizableHardness.exception_soundness' depends on axioms: [propext, Classical.choice, Quot.sound]
ℹ [998/1007] Replayed PvNP.RealizableHardness.Formula
info: lean/PvNP/RealizableHardness/Formula.lean:93:0: 'PvNP.RealizableHardness.Formula.repair_complete' depends on axioms: [propext, Classical.choice, Quot.sound]
info: lean/PvNP/RealizableHardness/Formula.lean:94:0: 'PvNP.RealizableHardness.Formula.leaves_repair' depends on axioms: [propext]
info: lean/PvNP/RealizableHardness/Formula.lean:95:0: 'PvNP.RealizableHardness.Formula.repair_sound' depends on axioms: [propext, Classical.choice, Quot.sound]
⚠ [1014/1251] Replayed PvNP.RealizableHardness.WeightRounding
warning: lean/PvNP/RealizableHardness/WeightRounding.lean:47:56: `if_false` has been deprecated: Use `ite_false` instead
warning: lean/PvNP/RealizableHardness/WeightRounding.lean:47:56: `if_false` has been deprecated: Use `ite_false` instead
warning: lean/PvNP/RealizableHardness/WeightRounding.lean:47:32: This simp argument is unused:
  hx

Hint: Omit it from the simp argument list.
  [apply] simp only [Bool.false_eq_true, if_false, mul_zero, ite_true]

Note: This linter can be disabled with `set_option linter.unusedSimpArgs false`
warning: lean/PvNP/RealizableHardness/WeightRounding.lean:61:14: This simp argument is unused:
  hx

Hint: Omit it from the simp argument list.
  [apply] simp

Note: This linter can be disabled with `set_option linter.unusedSimpArgs false`
⚠ [1043/1251] Replayed PvNP.RealizableHardness.FiniteSampling
warning: lean/PvNP/RealizableHardness/FiniteSampling.lean:94:14: This simp argument is unused:
  hi

Hint: Omit it from the simp argument list.
  [apply] simp

Note: This linter can be disabled with `set_option linter.unusedSimpArgs false`
warning: lean/PvNP/RealizableHardness/FiniteSampling.lean:136:8: `if_neg` has been deprecated: Use `ite_eq_right` instead
⚠ [1717/1755] Replayed PvNP.RealizableHardness.TripleRestrictionRank
warning: lean/PvNP/RealizableHardness/TripleRestrictionRank.lean:41:39: This simp argument is unused:
  Fin.sum_univ_succ

Hint: Omit it from the simp argument list.
  [apply] simp [Fintype.sum_option, blockMass]

Note: This linter can be disabled with `set_option linter.unusedSimpArgs false`
warning: lean/PvNP/RealizableHardness/TripleRestrictionRank.lean:42:2: Used `tac1 <;> tac2` where `(tac1; tac2)` would suffice

Note: This linter can be disabled with `set_option linter.unnecessarySeqFocus false`
warning: lean/PvNP/RealizableHardness/TripleRestrictionRank.lean:49:26: `if_true` has been deprecated: Use `ite_true` instead
warning: lean/PvNP/RealizableHardness/TripleRestrictionRank.lean:69:19: `if_false` has been deprecated: Use `ite_false` instead
warning: lean/PvNP/RealizableHardness/TripleRestrictionRank.lean:91:25: `if_pos` has been deprecated: Use `ite_eq_left` instead
warning: lean/PvNP/RealizableHardness/TripleRestrictionRank.lean:92:25: `if_neg` has been deprecated: Use `ite_eq_right` instead
warning: lean/PvNP/RealizableHardness/TripleRestrictionRank.lean:92:50: `if_true` has been deprecated: Use `ite_true` instead
warning: lean/PvNP/RealizableHardness/TripleRestrictionRank.lean:105:19: `if_pos` has been deprecated: Use `ite_eq_left` instead
warning: lean/PvNP/RealizableHardness/TripleRestrictionRank.lean:106:19: `if_neg` has been deprecated: Use `ite_eq_right` instead
warning: lean/PvNP/RealizableHardness/TripleRestrictionRank.lean:92:36: This simp argument is unused:
  Bool.true_eq

Hint: Omit it from the simp argument list.
  [apply] simp only [events, if_neg hi, if_true]

Note: This linter can be disabled with `set_option linter.unusedSimpArgs false`
warning: lean/PvNP/RealizableHardness/TripleRestrictionRank.lean:112:39: This simp argument is unused:
  Fin.sum_univ_succ

Hint: Omit it from the simp argument list.
  [apply] simp [Fintype.sum_option, blockMass]

Note: This linter can be disabled with `set_option linter.unusedSimpArgs false`
warning: lean/PvNP/RealizableHardness/TripleRestrictionRank.lean:113:2: Used `tac1 <;> tac2` where `(tac1; tac2)` would suffice

Note: This linter can be disabled with `set_option linter.unnecessarySeqFocus false`
warning: lean/PvNP/RealizableHardness/TripleRestrictionRank.lean:121:20: This simp argument is unused:
  hd

Hint: Omit it from the simp argument list.
  [apply] simp

Note: This linter can be disabled with `set_option linter.unusedSimpArgs false`
warning: lean/PvNP/RealizableHardness/TripleRestrictionRank.lean:190:15: This simp argument is unused:
  Module.finrank_pi

Hint: Omit it from the simp argument list.
  [apply] simp [Coeff]

Note: This linter can be disabled with `set_option linter.unusedSimpArgs false`
warning: lean/PvNP/RealizableHardness/TripleRestrictionRank.lean:224:15: `if_pos` has been deprecated: Use `ite_eq_left` instead
warning: lean/PvNP/RealizableHardness/TripleRestrictionRank.lean:234:15: `if_neg` has been deprecated: Use `ite_eq_right` instead
warning: lean/PvNP/RealizableHardness/TripleRestrictionRank.lean:257:25: This simp argument is unused:
  Coeff

Hint: Omit it from the simp argument list.
  [apply] simp [s, Fintype.card_fun, ZMod.card]

Note: This linter can be disabled with `set_option linter.unusedSimpArgs false`
warning: lean/PvNP/RealizableHardness/TripleRestrictionRank.lean:257:32: This simp argument is unused:
  Fintype.card_fun

Hint: Omit it from the simp argument list.
  [apply] simp [s, Coeff, ZMod.card]

Note: This linter can be disabled with `set_option linter.unusedSimpArgs false`
warning: lean/PvNP/RealizableHardness/TripleRestrictionRank.lean:335:49: This simp argument is unused:
  mul_assoc

Hint: Omit it from the simp argument list.
  [apply] simp [evaluate, Finset.mul_sum, mul_left_comm]

Note: This linter can be disabled with `set_option linter.unusedSimpArgs false`
warning: lean/PvNP/RealizableHardness/TripleRestrictionRank.lean:433:69: This simp argument is unused:
  Module.finrank_pi

Hint: Omit it from the simp argument list.
  [apply] simp [Coeff]

Note: This linter can be disabled with `set_option linter.unusedSimpArgs false`
⚠ [1718/1755] Replayed PvNP.RealizableHardness.SubspaceRestriction
warning: lean/PvNP/RealizableHardness/SubspaceRestriction.lean:123:52: This simp argument is unused:
  Module.finrank_pi

Hint: Omit it from the simp argument list.
  [apply] simp [codim, TripleRestrictionRank.Vector, Coord, Nat.mul_comm]

Note: This linter can be disabled with `set_option linter.unusedSimpArgs false`
warning: lean/PvNP/RealizableHardness/SubspaceRestriction.lean:126:52: This simp argument is unused:
  Module.finrank_pi

Hint: Omit it from the simp argument list.
  [apply] simp [codim, TripleRestrictionRank.Vector, Coord]

Note: This linter can be disabled with `set_option linter.unusedSimpArgs false`
⚠ [1719/1755] Replayed PvNP.RealizableHardness.PosteriorReweighting
warning: lean/PvNP/RealizableHardness/PosteriorReweighting.lean:25:0: automatically included section variable(s) unused in theorem `PvNP.RealizableHardness.PosteriorReweighting.marginal_nonneg`:
  [Fintype Q]
consider restructuring your `variable` declarations so that the variables are not in scope or explicitly omit them:
  omit [Fintype Q] in theorem ...

Note: This linter can be disabled with `set_option linter.unusedSectionVars false`
warning: lean/PvNP/RealizableHardness/PosteriorReweighting.lean:36:0: automatically included section variable(s) unused in theorem `PvNP.RealizableHardness.PosteriorReweighting.posterior_normalized`:
  [Fintype Q]
consider restructuring your `variable` declarations so that the variables are not in scope or explicitly omit them:
  omit [Fintype Q] in theorem ...

Note: This linter can be disabled with `set_option linter.unusedSectionVars false`
warning: lean/PvNP/RealizableHardness/PosteriorReweighting.lean:41:0: automatically included section variable(s) unused in theorem `PvNP.RealizableHardness.PosteriorReweighting.bayes_mass`:
  [Fintype Q]
consider restructuring your `variable` declarations so that the variables are not in scope or explicitly omit them:
  omit [Fintype Q] in theorem ...

Note: This linter can be disabled with `set_option linter.unusedSectionVars false`
warning: lean/PvNP/RealizableHardness/PosteriorReweighting.lean:46:0: automatically included section variable(s) unused in theorem `PvNP.RealizableHardness.PosteriorReweighting.zero_prior`:
  [Fintype Q]
consider restructuring your `variable` declarations so that the variables are not in scope or explicitly omit them:
  omit [Fintype Q] in theorem ...

Note: This linter can be disabled with `set_option linter.unusedSectionVars false`
warning: lean/PvNP/RealizableHardness/PosteriorReweighting.lean:49:0: automatically included section variable(s) unused in theorem `PvNP.RealizableHardness.PosteriorReweighting.bayes_ratio`:
  [Fintype Q]
consider restructuring your `variable` declarations so that the variables are not in scope or explicitly omit them:
  omit [Fintype Q] in theorem ...

Note: This linter can be disabled with `set_option linter.unusedSectionVars false`
warning: lean/PvNP/RealizableHardness/PosteriorReweighting.lean:56:0: automatically included section variable(s) unused in theorem `PvNP.RealizableHardness.PosteriorReweighting.joint_zero_of_marginal_zero`:
  [Fintype Q]
consider restructuring your `variable` declarations so that the variables are not in scope or explicitly omit them:
  omit [Fintype Q] in theorem ...

Note: This linter can be disabled with `set_option linter.unusedSectionVars false`
warning: lean/PvNP/RealizableHardness/PosteriorReweighting.lean:88:29: This simp argument is unused:
  hb

Hint: Omit it from the simp argument list.
  [apply] simp [hg, hr]

Note: This linter can be disabled with `set_option linter.unusedSimpArgs false`
warning: lean/PvNP/RealizableHardness/PosteriorReweighting.lean:90:17: This simp argument is unused:
  hb

Hint: Omit it from the simp argument list.
  [apply] simp only [hg, Bool.not_false, Bool.true_eq, ite_true]

Note: This linter can be disabled with `set_option linter.unusedSimpArgs false`
warning: lean/PvNP/RealizableHardness/PosteriorReweighting.lean:90:41: This simp argument is unused:
  Bool.true_eq

Hint: Omit it from the simp argument list.
  [apply] simp only [hb, hg, Bool.not_false, ite_true]

Note: This linter can be disabled with `set_option linter.unusedSimpArgs false`
warning: lean/PvNP/RealizableHardness/PosteriorReweighting.lean:100:20: Variable name `hz` is not explicitly referenced.

Hint: The binding can be removed (if unused) or named `_` (if used implicitly). Alternatively, prefix the name with `_` to silence this warning:
  [apply] _hz

Note: This linter can be disabled with `set_option linter.unusedVariables false`
warning: lean/PvNP/RealizableHardness/PosteriorReweighting.lean:109:17: This simp argument is unused:
  hg

Hint: Omit it from the simp argument list.
  [apply] simp only [Bool.not_false, Bool.true_eq, ite_true]

Note: This linter can be disabled with `set_option linter.unusedSimpArgs false`
warning: lean/PvNP/RealizableHardness/PosteriorReweighting.lean:109:37: This simp argument is unused:
  Bool.true_eq

Hint: Omit it from the simp argument list.
  [apply] simp only [hg, Bool.not_false, ite_true]

Note: This linter can be disabled with `set_option linter.unusedSimpArgs false`
warning: lean/PvNP/RealizableHardness/PosteriorReweighting.lean:116:17: This simp argument is unused:
  hg

Hint: Omit it from the simp argument list.
  [apply] simp only [Bool.not_true, Bool.false_eq_true, ite_false, add_zero]

Note: This linter can be disabled with `set_option linter.unusedSimpArgs false`
⚠ [1720/1755] Replayed PvNP.RealizableHardness.GrassmannIncidence
warning: lean/PvNP/RealizableHardness/GrassmannIncidence.lean:64:2: Try this: 
  letI̵

The goal is a proposition, so `let` is preferred over `letI`.
The difference between `let` and `letI` is that `letI` inlines the value.
But this is not relevant for proofs because of proof irrelevance.

Note: This linter can be disabled with `set_option linter.style.haveILetI false`
warning: lean/PvNP/RealizableHardness/GrassmannIncidence.lean:79:17: This simp argument is unused:
  Module.finrank_pi

Hint: Omit it from the simp argument list.
  [apply] simp [Coeff]

Note: This linter can be disabled with `set_option linter.unusedSimpArgs false`
⚠ [1860/1987] Replayed PvNP.RealizableHardness.GrassmannCounting
warning: lean/PvNP/RealizableHardness/GrassmannCounting.lean:28:2: Try this: 
  letI̵

The goal is a proposition, so `let` is preferred over `letI`.
The difference between `let` and `letI` is that `letI` inlines the value.
But this is not relevant for proofs because of proof irrelevance.

Note: This linter can be disabled with `set_option linter.style.haveILetI false`
warning: lean/PvNP/RealizableHardness/GrassmannCounting.lean:60:0: automatically included section variable(s) unused in theorem `PvNP.RealizableHardness.GrassmannCounting.flatten_surjective`:
  [Finite V]
consider restructuring your `variable` declarations so that the variables are not in scope or explicitly omit them:
  omit [Finite V] in theorem ...

Note: This linter can be disabled with `set_option linter.unusedSectionVars false`
warning: lean/PvNP/RealizableHardness/GrassmannCounting.lean:111:2: Try this: 
  letI̵

The goal is a proposition, so `let` is preferred over `letI`.
The difference between `let` and `letI` is that `letI` inlines the value.
But this is not relevant for proofs because of proof irrelevance.

Note: This linter can be disabled with `set_option linter.style.haveILetI false`
warning: lean/PvNP/RealizableHardness/GrassmannCounting.lean:119:18: `if_pos` has been deprecated: Use `ite_eq_left` instead
warning: lean/PvNP/RealizableHardness/GrassmannCounting.lean:120:18: `if_neg` has been deprecated: Use `ite_eq_right` instead
warning: lean/PvNP/RealizableHardness/GrassmannCounting.lean:135:0: automatically included section variable(s) unused in theorem `PvNP.RealizableHardness.GrassmannCounting.include_injective`:
  [Finite V]
consider restructuring your `variable` declarations so that the variables are not in scope or explicitly omit them:
  omit [Finite V] in theorem ...

Note: This linter can be disabled with `set_option linter.unusedSectionVars false`
warning: lean/PvNP/RealizableHardness/GrassmannCounting.lean:144:0: automatically included section variable(s) unused in theorem `PvNP.RealizableHardness.GrassmannCounting.include_surjective`:
  [Finite V]
consider restructuring your `variable` declarations so that the variables are not in scope or explicitly omit them:
  omit [Finite V] in theorem ...

Note: This linter can be disabled with `set_option linter.unusedSectionVars false`
⚠ [3057/3141] Replayed PvNP.RealizableHardness.ActualMaximalPairLadder
warning: lean/PvNP/RealizableHardness/ActualMaximalPairLadder.lean:57:0: automatically included section variable(s) unused in theorem `PvNP.RealizableHardness.ActualMaximalPairLadder.compatibleExtension_refl`:
  [Fintype V]
consider restructuring your `variable` declarations so that the variables are not in scope or explicitly omit them:
  omit [Fintype V] in theorem ...

Note: This linter can be disabled with `set_option linter.unusedSectionVars false`
warning: lean/PvNP/RealizableHardness/ActualMaximalPairLadder.lean:63:0: automatically included section variable(s) unused in theorem `PvNP.RealizableHardness.ActualMaximalPairLadder.compatibleExtension_trans`:
  [Fintype V]
consider restructuring your `variable` declarations so that the variables are not in scope or explicitly omit them:
  omit [Fintype V] in theorem ...

Note: This linter can be disabled with `set_option linter.unusedSectionVars false`
warning: lean/PvNP/RealizableHardness/ActualMaximalPairLadder.lean:147:5: Variable name `h` is not explicitly referenced.

Hint: The binding can be removed (if unused) or named `_` (if used implicitly). Alternatively, prefix the name with `_` to silence this warning:
  [apply] _h

Note: This linter can be disabled with `set_option linter.unusedVariables false`
warning: lean/PvNP/RealizableHardness/ActualMaximalPairLadder.lean:227:32: Used `tac1 <;> tac2` where `(tac1; tac2)` would suffice

Note: This linter can be disabled with `set_option linter.unnecessarySeqFocus false`
⚠ [3058/3141] Replayed PvNP.RealizableHardness.ActualFiniteLaw
warning: lean/PvNP/RealizableHardness/ActualFiniteLaw.lean:84:21: `if_true` has been deprecated: Use `ite_true` instead
warning: lean/PvNP/RealizableHardness/ActualFiniteLaw.lean:86:21: `if_false` has been deprecated: Use `ite_false` instead
warning: lean/PvNP/RealizableHardness/ActualFiniteLaw.lean:86:31: This simp argument is unused:
  zero_mul

Hint: Omit it from the simp argument list.
  [apply] simp only [hx, if_false]

Note: This linter can be disabled with `set_option linter.unusedSimpArgs false`
warning: lean/PvNP/RealizableHardness/ActualFiniteLaw.lean:241:60: This simp argument is unused:
  hn

Hint: Omit it from the simp argument list.
  [apply] simp [Finset.sum_const, Finset.card_univ, nsmul_eq_mul]

Note: This linter can be disabled with `set_option linter.unusedSimpArgs false`
warning: lean/PvNP/RealizableHardness/ActualFiniteLaw.lean:368:2: Try this: 
  letI̵

The goal is a proposition, so `let` is preferred over `letI`.
The difference between `let` and `letI` is that `letI` inlines the value.
But this is not relevant for proofs because of proof irrelevance.

Note: This linter can be disabled with `set_option linter.style.haveILetI false`
⚠ [3063/3141] Replayed PvNP.RealizableHardness.ActualFiniteIncidenceSampling
warning: lean/PvNP/RealizableHardness/ActualFiniteIncidenceSampling.lean:179:32: This simp argument is unused:
  Finset.mem_filter

Hint: Omit it from the simp argument list.
  [apply] simp only [Finset.sum_filter]

Note: This linter can be disabled with `set_option linter.unusedSimpArgs false`
warning: lean/PvNP/RealizableHardness/ActualFiniteIncidenceSampling.lean:281:34: This simp argument is unused:
  Finset.mem_univ

Hint: Omit it from the simp argument list.
  [apply] simp only [Finset.sum_filter, ite_true]

Note: This linter can be disabled with `set_option linter.unusedSimpArgs false`
warning: lean/PvNP/RealizableHardness/ActualFiniteIncidenceSampling.lean:281:51: This simp argument is unused:
  ite_true

Hint: Omit it from the simp argument list.
  [apply] simp only [Finset.sum_filter, Finset.mem_univ]

Note: This linter can be disabled with `set_option linter.unusedSimpArgs false`
warning: lean/PvNP/RealizableHardness/ActualFiniteIncidenceSampling.lean:598:10: `if_pos` has been deprecated: Use `ite_eq_left` instead
warning: lean/PvNP/RealizableHardness/ActualFiniteIncidenceSampling.lean:570:34: This simp argument is unused:
  Finset.mem_univ

Hint: Omit it from the simp argument list.
  [apply] simp only [Finset.sum_filter, ite_true]

Note: This linter can be disabled with `set_option linter.unusedSimpArgs false`
warning: lean/PvNP/RealizableHardness/ActualFiniteIncidenceSampling.lean:570:51: This simp argument is unused:
  ite_true

Hint: Omit it from the simp argument list.
  [apply] simp only [Finset.sum_filter, Finset.mem_univ]

Note: This linter can be disabled with `set_option linter.unusedSimpArgs false`
warning: lean/PvNP/RealizableHardness/ActualFiniteIncidenceSampling.lean:707:25: `if_true` has been deprecated: Use `ite_true` instead
warning: lean/PvNP/RealizableHardness/ActualFiniteIncidenceSampling.lean:707:15: This simp argument is unused:
  Prod.fst

Hint: Omit it from the simp argument list.
  [apply] simp only [if_true]

Note: This linter can be disabled with `set_option linter.unusedSimpArgs false`
warning: lean/PvNP/RealizableHardness/ActualFiniteIncidenceSampling.lean:770:32: This simp argument is unused:
  Finset.mem_univ

Hint: Omit it from the simp argument list.
  [apply] simp only [Finset.sum_filter, ite_true]

Note: This linter can be disabled with `set_option linter.unusedSimpArgs false`
warning: lean/PvNP/RealizableHardness/ActualFiniteIncidenceSampling.lean:770:49: This simp argument is unused:
  ite_true

Hint: Omit it from the simp argument list.
  [apply] simp only [Finset.sum_filter, Finset.mem_univ]

Note: This linter can be disabled with `set_option linter.unusedSimpArgs false`
warning: lean/PvNP/RealizableHardness/ActualFiniteIncidenceSampling.lean:790:2: Try this: 
  letI̵

The goal is a proposition, so `let` is preferred over `letI`.
The difference between `let` and `letI` is that `letI` inlines the value.
But this is not relevant for proofs because of proof irrelevance.

Note: This linter can be disabled with `set_option linter.style.haveILetI false`
warning: lean/PvNP/RealizableHardness/ActualFiniteIncidenceSampling.lean:809:8: `if_neg` has been deprecated: Use `ite_eq_right` instead
⚠ [3064/3141] Replayed PvNP.RealizableHardness.ActualStarQuestionSupport
warning: lean/PvNP/RealizableHardness/ActualStarQuestionSupport.lean:16:0: automatically included section variable(s) unused in theorem `PvNP.RealizableHardness.ActualStarQuestionSupport.excluded_row_points_eq`:
  [Fintype X]
  [Fintype E]
consider restructuring your `variable` declarations so that the variables are not in scope or explicitly omit them:
  omit [Fintype X] [Fintype E] in theorem ...

Note: This linter can be disabled with `set_option linter.unusedSectionVars false`
info: lean/PvNP/RealizableHardness/ActualStarQuestionSupport.lean:84:0: 'PvNP.RealizableHardness.ActualStarQuestionSupport.excluded_row_points_eq' depends on axioms: [propext,
 Classical.choice,
 Quot.sound]
info: lean/PvNP/RealizableHardness/ActualStarQuestionSupport.lean:85:0: 'PvNP.RealizableHardness.ActualStarQuestionSupport.excluded_row_overlap_le_one' depends on axioms: [propext,
 Classical.choice,
 Quot.sound]
info: lean/PvNP/RealizableHardness/ActualStarQuestionSupport.lean:86:0: 'PvNP.RealizableHardness.ActualStarQuestionSupport.new_row_private_coordinate' depends on axioms: [propext,
 Classical.choice,
 Quot.sound]
⚠ [3065/3141] Replayed PvNP.RealizableHardness.ActualStarSpanIntersection
warning: lean/PvNP/RealizableHardness/ActualStarSpanIntersection.lean:33:0: automatically included section variable(s) unused in theorem `PvNP.RealizableHardness.ActualStarSpanIntersection.equationVector_mem_coordinateSpace`:
  [Fintype X]
  [Fintype E]
  [DecidableEq E]
consider restructuring your `variable` declarations so that the variables are not in scope or explicitly omit them:
  omit [Fintype X] [Fintype E] [DecidableEq E] in theorem ...

Note: This linter can be disabled with `set_option linter.unusedSectionVars false`
warning: lean/PvNP/RealizableHardness/ActualStarSpanIntersection.lean:43:0: automatically included section variable(s) unused in theorem `PvNP.RealizableHardness.ActualStarSpanIntersection.equationVector_mem_equationSpan`:
  [Fintype X]
  [Fintype E]
  [DecidableEq E]
consider restructuring your `variable` declarations so that the variables are not in scope or explicitly omit them:
  omit [Fintype X] [Fintype E] [DecidableEq E] in theorem ...

Note: This linter can be disabled with `set_option linter.unusedSectionVars false`
info: lean/PvNP/RealizableHardness/ActualStarSpanIntersection.lean:109:0: 'PvNP.RealizableHardness.ActualStarSpanIntersection.equationSpan_inf_coordinateSpace' depends on axioms: [propext,
 Classical.choice,
 Quot.sound]
⚠ [3202/3262] Replayed PvNP.RealizableHardness.EqualityGadget
warning: lean/PvNP/RealizableHardness/EqualityGadget.lean:112:0: automatically included section variable(s) unused in theorem `PvNP.RealizableHardness.EqualityGadget.relabeled_row_injective`:
  [DecidableEq V]
consider restructuring your `variable` declarations so that the variables are not in scope or explicitly omit them:
  omit [DecidableEq V] in theorem ...

Note: This linter can be disabled with `set_option linter.unusedSectionVars false`
warning: lean/PvNP/RealizableHardness/EqualityGadget.lean:115:0: automatically included section variable(s) unused in theorem `PvNP.RealizableHardness.EqualityGadget.relabeled_support_card`:
  [DecidableEq V]
consider restructuring your `variable` declarations so that the variables are not in scope or explicitly omit them:
  omit [DecidableEq V] in theorem ...

Note: This linter can be disabled with `set_option linter.unusedSectionVars false`
warning: lean/PvNP/RealizableHardness/EqualityGadget.lean:118:0: automatically included section variable(s) unused in theorem `PvNP.RealizableHardness.EqualityGadget.relabeled_support_injective`:
  [DecidableEq V]
consider restructuring your `variable` declarations so that the variables are not in scope or explicitly omit them:
  omit [DecidableEq V] in theorem ...

Note: This linter can be disabled with `set_option linter.unusedSectionVars false`
warning: lean/PvNP/RealizableHardness/EqualityGadget.lean:144:0: automatically included section variable(s) unused in theorem `PvNP.RealizableHardness.EqualityGadget.relabeled_satisfied`:
  [DecidableEq V]
consider restructuring your `variable` declarations so that the variables are not in scope or explicitly omit them:
  omit [DecidableEq V] in theorem ...

Note: This linter can be disabled with `set_option linter.unusedSectionVars false`
warning: lean/PvNP/RealizableHardness/EqualityGadget.lean:148:0: automatically included section variable(s) unused in theorem `PvNP.RealizableHardness.EqualityGadget.relabeled_violations_lower`:
  [DecidableEq V]
consider restructuring your `variable` declarations so that the variables are not in scope or explicitly omit them:
  omit [DecidableEq V] in theorem ...

Note: This linter can be disabled with `set_option linter.unusedSectionVars false`
⚠ [3207/3262] Replayed PvNP.RealizableHardness.ActualRhsFunctionalConstruction
warning: lean/PvNP/RealizableHardness/ActualRhsFunctionalConstruction.lean:14:0: automatically included section variable(s) unused in theorem `PvNP.RealizableHardness.ActualRhsFunctionalConstruction.equationVectors_linearIndependent`:
  [Fintype X]
  [Fintype E]
  [DecidableEq E]
consider restructuring your `variable` declarations so that the variables are not in scope or explicitly omit them:
  omit [Fintype X] [Fintype E] [DecidableEq E] in theorem ...

Note: This linter can be disabled with `set_option linter.unusedSectionVars false`
⚠ [3214/3262] Replayed PvNP.RealizableHardness.ActualLeafTransportCoherence
warning: lean/PvNP/RealizableHardness/ActualLeafTransportCoherence.lean:15:8: automatically included section variable(s) unused in theorem `_private.PvNP.RealizableHardness.ActualLeafTransportCoherence.0.PvNP.RealizableHardness.ActualPresentedLeafGluing.goodQuestion_erase`:
  [Fintype X]
  [Fintype E]
  [DecidableEq X]
consider restructuring your `variable` declarations so that the variables are not in scope or explicitly omit them:
  omit [Fintype X] [Fintype E] [DecidableEq X] in theorem ...

Note: This linter can be disabled with `set_option linter.unusedSectionVars false`
⚠ [3219/3262] Replayed PvNP.RealizableHardness.ActualQuestionCenterDomainDraw
warning: lean/PvNP/RealizableHardness/ActualQuestionCenterDomainDraw.lean:192:51: This simp argument is unused:
  Nat.add_left_comm

Hint: Omit it from the simp argument list.
  [apply] simp [Nat.succ_mul, Nat.add_assoc, Nat.add_comm] at h'

Note: This linter can be disabled with `set_option linter.unusedSimpArgs false`
warning: lean/PvNP/RealizableHardness/ActualQuestionCenterDomainDraw.lean:285:20: Variable name `hh` is not explicitly referenced.

Hint: The binding can be removed (if unused) or named `_` (if used implicitly). Alternatively, prefix the name with `_` to silence this warning:
  [apply] _hh

Note: This linter can be disabled with `set_option linter.unusedVariables false`
warning: lean/PvNP/RealizableHardness/ActualQuestionCenterDomainDraw.lean:321:2: Try this: 
  letI̵

The goal is a proposition, so `let` is preferred over `letI`.
The difference between `let` and `letI` is that `letI` inlines the value.
But this is not relevant for proofs because of proof irrelevance.

Note: This linter can be disabled with `set_option linter.style.haveILetI false`
warning: lean/PvNP/RealizableHardness/ActualQuestionCenterDomainDraw.lean:332:2: Try this: 
  letI̵

The goal is a proposition, so `let` is preferred over `letI`.
The difference between `let` and `letI` is that `letI` inlines the value.
But this is not relevant for proofs because of proof irrelevance.

Note: This linter can be disabled with `set_option linter.style.haveILetI false`
warning: lean/PvNP/RealizableHardness/ActualQuestionCenterDomainDraw.lean:335:2: Try this: 
  letI̵

The goal is a proposition, so `let` is preferred over `letI`.
The difference between `let` and `letI` is that `letI` inlines the value.
But this is not relevant for proofs because of proof irrelevance.

Note: This linter can be disabled with `set_option linter.style.haveILetI false`
warning: lean/PvNP/RealizableHardness/ActualQuestionCenterDomainDraw.lean:406:51: This simp argument is unused:
  Nat.add_left_comm

Hint: Omit it from the simp argument list.
  [apply] simp [Nat.succ_mul, Nat.add_assoc, Nat.add_comm] at h'

Note: This linter can be disabled with `set_option linter.unusedSimpArgs false`
warning: lean/PvNP/RealizableHardness/ActualQuestionCenterDomainDraw.lean:441:4: try 'simp' instead of 'simpa'

Note: This linter can be disabled with `set_option linter.unnecessarySimpa false`
⚠ [3221/3262] Replayed PvNP.RealizableHardness.ActualCliqueScoreTransfer
warning: lean/PvNP/RealizableHardness/ActualCliqueScoreTransfer.lean:55:12: `if_pos` has been deprecated: Use `ite_eq_left` instead
warning: lean/PvNP/RealizableHardness/ActualCliqueScoreTransfer.lean:56:12: `if_neg` has been deprecated: Use `ite_eq_right` instead
warning: lean/PvNP/RealizableHardness/ActualCliqueScoreTransfer.lean:56:27: Unused tactic linter: `norm_num` does nothing

Note: This linter can be disabled with `set_option linter.unusedTactic false`
warning: lean/PvNP/RealizableHardness/ActualCliqueScoreTransfer.lean:56:27: this tactic is never executed

Note: This linter can be disabled with `set_option linter.unreachableTactic false`
warning: lean/PvNP/RealizableHardness/ActualCliqueScoreTransfer.lean:55:23: Used `tac1 <;> tac2` where `(tac1; tac2)` would suffice

Note: This linter can be disabled with `set_option linter.unnecessarySeqFocus false`
warning: lean/PvNP/RealizableHardness/ActualCliqueScoreTransfer.lean:68:12: `if_pos` has been deprecated: Use `ite_eq_left` instead
warning: lean/PvNP/RealizableHardness/ActualCliqueScoreTransfer.lean:69:12: `if_neg` has been deprecated: Use `ite_eq_right` instead
warning: lean/PvNP/RealizableHardness/ActualCliqueScoreTransfer.lean:68:27: Unused tactic linter: `norm_num` does nothing

Note: This linter can be disabled with `set_option linter.unusedTactic false`
warning: lean/PvNP/RealizableHardness/ActualCliqueScoreTransfer.lean:68:27: this tactic is never executed

Note: This linter can be disabled with `set_option linter.unreachableTactic false`
warning: lean/PvNP/RealizableHardness/ActualCliqueScoreTransfer.lean:69:23: Used `tac1 <;> tac2` where `(tac1; tac2)` would suffice

Note: This linter can be disabled with `set_option linter.unnecessarySeqFocus false`
⚠ [3224/3262] Replayed PvNP.RealizableHardness.ActualQuestionCenterCollisionBound
warning: lean/PvNP/RealizableHardness/ActualQuestionCenterCollisionBound.lean:49:2: Try this: 
  letI̵

The goal is a proposition, so `let` is preferred over `letI`.
The difference between `let` and `letI` is that `letI` inlines the value.
But this is not relevant for proofs because of proof irrelevance.

Note: This linter can be disabled with `set_option linter.style.haveILetI false`
warning: lean/PvNP/RealizableHardness/ActualQuestionCenterCollisionBound.lean:44:0: Definition `PvNP.RealizableHardness.ActualQuestionCenterCollisionBound.domainTupleNonempty` of class type is semireducible. Most type class instances should be instance-reducible, so consider marking this
definition with `@[instance_reducible]`. If it is intentionally semireducible, this warning can be disabled with `set_option warn.classDefReducibility false`.
warning: lean/PvNP/RealizableHardness/ActualQuestionCenterCollisionBound.lean:44:0: Definition `domainTupleNonempty` is a proposition; use `theorem` instead of `def`

Note: This linter can be disabled with `set_option linter.defProp false`
warning: lean/PvNP/RealizableHardness/ActualQuestionCenterCollisionBound.lean:213:2: Try this: 
  letI̵

The goal is a proposition, so `let` is preferred over `letI`.
The difference between `let` and `letI` is that `letI` inlines the value.
But this is not relevant for proofs because of proof irrelevance.

Note: This linter can be disabled with `set_option linter.style.haveILetI false`
warning: lean/PvNP/RealizableHardness/ActualQuestionCenterCollisionBound.lean:214:2: Try this: 
  letI̵

The goal is a proposition, so `let` is preferred over `letI`.
The difference between `let` and `letI` is that `letI` inlines the value.
But this is not relevant for proofs because of proof irrelevance.

Note: This linter can be disabled with `set_option linter.style.haveILetI false`
warning: lean/PvNP/RealizableHardness/ActualQuestionCenterCollisionBound.lean:330:16: `if_pos` has been deprecated: Use `ite_eq_left` instead
warning: lean/PvNP/RealizableHardness/ActualQuestionCenterCollisionBound.lean:408:16: try 'simp' instead of 'simpa'

Note: This linter can be disabled with `set_option linter.unnecessarySimpa false`
warning: lean/PvNP/RealizableHardness/ActualQuestionCenterCollisionBound.lean:669:2: Try this: 
  letI̵

The goal is a proposition, so `let` is preferred over `letI`.
The difference between `let` and `letI` is that `letI` inlines the value.
But this is not relevant for proofs because of proof irrelevance.

Note: This linter can be disabled with `set_option linter.style.haveILetI false`
warning: lean/PvNP/RealizableHardness/ActualQuestionCenterCollisionBound.lean:688:16: `if_pos` has been deprecated: Use `ite_eq_left` instead
warning: lean/PvNP/RealizableHardness/ActualQuestionCenterCollisionBound.lean:690:16: `if_neg` has been deprecated: Use `ite_eq_right` instead
warning: lean/PvNP/RealizableHardness/ActualQuestionCenterCollisionBound.lean:692:10: `if_pos` has been deprecated: Use `ite_eq_left` instead
warning: lean/PvNP/RealizableHardness/ActualQuestionCenterCollisionBound.lean:693:10: `if_pos` has been deprecated: Use `ite_eq_left` instead
⚠ [3225/3262] Replayed PvNP.RealizableHardness.ActualMZ24FixedZoomListBound
warning: lean/PvNP/RealizableHardness/ActualMZ24FixedZoomListBound.lean:47:32: This simp argument is unused:
  Finset.mem_univ

Hint: Omit it from the simp argument list.
  [apply] simp only [Finset.sum_filter, ite_true]

Note: This linter can be disabled with `set_option linter.unusedSimpArgs false`
warning: lean/PvNP/RealizableHardness/ActualMZ24FixedZoomListBound.lean:47:49: This simp argument is unused:
  ite_true

Hint: Omit it from the simp argument list.
  [apply] simp only [Finset.sum_filter, Finset.mem_univ]

Note: This linter can be disabled with `set_option linter.unusedSimpArgs false`
warning: lean/PvNP/RealizableHardness/ActualMZ24FixedZoomListBound.lean:126:12: `if_pos` has been deprecated: Use `ite_eq_left` instead
warning: lean/PvNP/RealizableHardness/ActualMZ24FixedZoomListBound.lean:128:17: `if_neg` has been deprecated: Use `ite_eq_right` instead
warning: lean/PvNP/RealizableHardness/ActualMZ24FixedZoomListBound.lean:132:12: `if_pos` has been deprecated: Use `ite_eq_left` instead
warning: lean/PvNP/RealizableHardness/ActualMZ24FixedZoomListBound.lean:134:17: `if_neg` has been deprecated: Use `ite_eq_right` instead
warning: lean/PvNP/RealizableHardness/ActualMZ24FixedZoomListBound.lean:142:10: `if_pos` has been deprecated: Use `ite_eq_left` instead
warning: lean/PvNP/RealizableHardness/ActualMZ24FixedZoomListBound.lean:146:19: `if_neg` has been deprecated: Use `ite_eq_right` instead
warning: lean/PvNP/RealizableHardness/ActualMZ24FixedZoomListBound.lean:147:10: `if_neg` has been deprecated: Use `ite_eq_right` instead
warning: lean/PvNP/RealizableHardness/ActualMZ24FixedZoomListBound.lean:155:19: `if_pos` has been deprecated: Use `ite_eq_left` instead
warning: lean/PvNP/RealizableHardness/ActualMZ24FixedZoomListBound.lean:155:31: `if_neg` has been deprecated: Use `ite_eq_right` instead
warning: lean/PvNP/RealizableHardness/ActualMZ24FixedZoomListBound.lean:156:19: `if_neg` has been deprecated: Use `ite_eq_right` instead
warning: lean/PvNP/RealizableHardness/ActualMZ24FixedZoomListBound.lean:155:43: This simp argument is unused:
  one_mul

Hint: Omit it from the simp argument list.
  [apply] simp only [if_pos hxs, if_neg hys, mul_zero]

Note: This linter can be disabled with `set_option linter.unusedSimpArgs false`
warning: lean/PvNP/RealizableHardness/ActualMZ24FixedZoomListBound.lean:173:4: This simp argument is unused:
  Finset.sum_mul

Hint: Omit it from the simp argument list.
  [apply] simp only [Finset.sum_add_distrib, Finset.sum_sub_distrib, Finset.mul_sum]

Note: This linter can be disabled with `set_option linter.unusedSimpArgs false`
warning: lean/PvNP/RealizableHardness/ActualMZ24FixedZoomListBound.lean:173:20: This simp argument is unused:
  Finset.mul_sum

Hint: Omit it from the simp argument list.
  [apply] simp only [Finset.sum_add_distrib, Finset.sum_sub_distrib, Finset.sum_mul]

Note: This linter can be disabled with `set_option linter.unusedSimpArgs false`
warning: lean/PvNP/RealizableHardness/ActualMZ24FixedZoomListBound.lean:242:4: Try this: 
  letI̵

The goal is a proposition, so `let` is preferred over `letI`.
The difference between `let` and `letI` is that `letI` inlines the value.
But this is not relevant for proofs because of proof irrelevance.

Note: This linter can be disabled with `set_option linter.style.haveILetI false`
warning: lean/PvNP/RealizableHardness/ActualMZ24FixedZoomListBound.lean:341:24: `if_pos` has been deprecated: Use `ite_eq_left` instead
warning: lean/PvNP/RealizableHardness/ActualMZ24FixedZoomListBound.lean:343:29: `if_neg` has been deprecated: Use `ite_eq_right` instead
warning: lean/PvNP/RealizableHardness/ActualMZ24FixedZoomListBound.lean:434:4: Try this: 
  letI̵

The goal is a proposition, so `let` is preferred over `letI`.
The difference between `let` and `letI` is that `letI` inlines the value.
But this is not relevant for proofs because of proof irrelevance.

Note: This linter can be disabled with `set_option linter.style.haveILetI false`
warning: lean/PvNP/RealizableHardness/ActualMZ24FixedZoomListBound.lean:232:5: Variable name `hinj` is not explicitly referenced.

Hint: The binding can be removed (if unused) or named `_` (if used implicitly). Alternatively, prefix the name with `_` to silence this warning:
  [apply] _hinj

Note: This linter can be disabled with `set_option linter.unusedVariables false`
warning: lean/PvNP/RealizableHardness/ActualMZ24FixedZoomListBound.lean:620:8: try 'simp' instead of 'simpa'

Note: This linter can be disabled with `set_option linter.unnecessarySimpa false`
warning: lean/PvNP/RealizableHardness/ActualMZ24FixedZoomListBound.lean:623:4: try 'simp' instead of 'simpa'

Note: This linter can be disabled with `set_option linter.unnecessarySimpa false`
warning: lean/PvNP/RealizableHardness/ActualMZ24FixedZoomListBound.lean:571:27: Variable name `hb` is not explicitly referenced.

Hint: The binding can be removed (if unused) or named `_` (if used implicitly). Alternatively, prefix the name with `_` to silence this warning:
  [apply] _hb

Note: This linter can be disabled with `set_option linter.unusedVariables false`
warning: lean/PvNP/RealizableHardness/ActualMZ24FixedZoomListBound.lean:644:32: Variable name `hQW` is not explicitly referenced.

Hint: The binding can be removed (if unused) or named `_` (if used implicitly). Alternatively, prefix the name with `_` to silence this warning:
  [apply] _hQW

Note: This linter can be disabled with `set_option linter.unusedVariables false`
warning: lean/PvNP/RealizableHardness/ActualMZ24FixedZoomListBound.lean:740:6: try 'simp' instead of 'simpa'

Note: This linter can be disabled with `set_option linter.unnecessarySimpa false`
warning: lean/PvNP/RealizableHardness/ActualMZ24FixedZoomListBound.lean:804:6: try 'simp' instead of 'simpa'

Note: This linter can be disabled with `set_option linter.unnecessarySimpa false`
warning: lean/PvNP/RealizableHardness/ActualMZ24FixedZoomListBound.lean:847:11: Variable name `y` is not explicitly referenced.

Hint: The binding can be removed (if unused) or named `_` (if used implicitly). Alternatively, prefix the name with `_` to silence this warning:
  [apply] _y

Note: This linter can be disabled with `set_option linter.unusedVariables false`
warning: lean/PvNP/RealizableHardness/ActualMZ24FixedZoomListBound.lean:848:12: Variable name `y` is not explicitly referenced.

Hint: The binding can be removed (if unused) or named `_` (if used implicitly). Alternatively, prefix the name with `_` to silence this warning:
  [apply] _y

Note: This linter can be disabled with `set_option linter.unusedVariables false`
warning: lean/PvNP/RealizableHardness/ActualMZ24FixedZoomListBound.lean:862:32: Variable name `hQW` is not explicitly referenced.

Hint: The binding can be removed (if unused) or named `_` (if used implicitly). Alternatively, prefix the name with `_` to silence this warning:
  [apply] _hQW

Note: This linter can be disabled with `set_option linter.unusedVariables false`
warning: lean/PvNP/RealizableHardness/ActualMZ24FixedZoomListBound.lean:1322:2: Try this: 
  letI̵

The goal is a proposition, so `let` is preferred over `letI`.
The difference between `let` and `letI` is that `letI` inlines the value.
But this is not relevant for proofs because of proof irrelevance.

Note: This linter can be disabled with `set_option linter.style.haveILetI false`
warning: lean/PvNP/RealizableHardness/ActualMZ24FixedZoomListBound.lean:1325:2: Try this: 
  letI̵

The goal is a proposition, so `let` is preferred over `letI`.
The difference between `let` and `letI` is that `letI` inlines the value.
But this is not relevant for proofs because of proof irrelevance.

Note: This linter can be disabled with `set_option linter.style.haveILetI false`
warning: lean/PvNP/RealizableHardness/ActualMZ24FixedZoomListBound.lean:1326:2: Try this: 
  letI̵

The goal is a proposition, so `let` is preferred over `letI`.
The difference between `let` and `letI` is that `letI` inlines the value.
But this is not relevant for proofs because of proof irrelevance.

Note: This linter can be disabled with `set_option linter.style.haveILetI false`
warning: lean/PvNP/RealizableHardness/ActualMZ24FixedZoomListBound.lean:1327:2: Try this: 
  letI̵

The goal is a proposition, so `let` is preferred over `letI`.
The difference between `let` and `letI` is that `letI` inlines the value.
But this is not relevant for proofs because of proof irrelevance.

Note: This linter can be disabled with `set_option linter.style.haveILetI false`
warning: lean/PvNP/RealizableHardness/ActualMZ24FixedZoomListBound.lean:1332:37: This simp argument is unused:
  mul_left_comm

Hint: Omit it from the simp argument list.
  [apply] simp [Finset.sum_const, mul_assoc, mul_comm]

Note: This linter can be disabled with `set_option linter.unusedSimpArgs false`
warning: lean/PvNP/RealizableHardness/ActualMZ24FixedZoomListBound.lean:1346:2: Try this: 
  letI̵

The goal is a proposition, so `let` is preferred over `letI`.
The difference between `let` and `letI` is that `letI` inlines the value.
But this is not relevant for proofs because of proof irrelevance.

Note: This linter can be disabled with `set_option linter.style.haveILetI false`
warning: lean/PvNP/RealizableHardness/ActualMZ24FixedZoomListBound.lean:1349:2: Try this: 
  letI̵

The goal is a proposition, so `let` is preferred over `letI`.
The difference between `let` and `letI` is that `letI` inlines the value.
But this is not relevant for proofs because of proof irrelevance.

Note: This linter can be disabled with `set_option linter.style.haveILetI false`
warning: lean/PvNP/RealizableHardness/ActualMZ24FixedZoomListBound.lean:1337:5: Variable name `T` is not explicitly referenced.

Hint: The binding can be removed (if unused) or named `_` (if used implicitly). Alternatively, prefix the name with `_` to silence this warning:
  [apply] _T

Note: This linter can be disabled with `set_option linter.unusedVariables false`
warning: lean/PvNP/RealizableHardness/ActualMZ24FixedZoomListBound.lean:1358:26: This simp argument is unused:
  mul_assoc

Hint: Omit it from the simp argument list.
  [apply] simp [Finset.sum_const, mul_left_comm, mul_comm]

Note: This linter can be disabled with `set_option linter.unusedSimpArgs false`
warning: lean/PvNP/RealizableHardness/ActualMZ24FixedZoomListBound.lean:1358:37: This simp argument is unused:
  mul_left_comm

Hint: Omit it from the simp argument list.
  [apply] simp [Finset.sum_const, mul_assoc, mul_comm]

Note: This linter can be disabled with `set_option linter.unusedSimpArgs false`
warning: lean/PvNP/RealizableHardness/ActualMZ24FixedZoomListBound.lean:1358:52: This simp argument is unused:
  mul_comm

Hint: Omit it from the simp argument list.
  [apply] simp [Finset.sum_const, mul_assoc, mul_left_comm]

Note: This linter can be disabled with `set_option linter.unusedSimpArgs false`
warning: lean/PvNP/RealizableHardness/ActualMZ24FixedZoomListBound.lean:1406:2: Try this: 
  letI̵

The goal is a proposition, so `let` is preferred over `letI`.
The difference between `let` and `letI` is that `letI` inlines the value.
But this is not relevant for proofs because of proof irrelevance.

Note: This linter can be disabled with `set_option linter.style.haveILetI false`
⚠ [3226/3262] Replayed PvNP.RealizableHardness.ActualMZ24ComplementRestriction
warning: lean/PvNP/RealizableHardness/ActualMZ24ComplementRestriction.lean:35:0: automatically included section variable(s) unused in theorem `PvNP.RealizableHardness.ActualMZ24ComplementRestriction.lift_complementSubspace`:
  [Fintype V]
consider restructuring your `variable` declarations so that the variables are not in scope or explicitly omit them:
  omit [Fintype V] in theorem ...

Note: This linter can be disabled with `set_option linter.unusedSectionVars false`
warning: lean/PvNP/RealizableHardness/ActualMZ24ComplementRestriction.lean:36:32: Variable name `hQW` is not explicitly referenced.

Hint: The binding can be removed (if unused) or named `_` (if used implicitly). Alternatively, prefix the name with `_` to silence this warning:
  [apply] _hQW

Note: This linter can be disabled with `set_option linter.unusedVariables false`
warning: lean/PvNP/RealizableHardness/ActualMZ24ComplementRestriction.lean:52:32: Variable name `hQW` is not explicitly referenced.

Hint: The binding can be removed (if unused) or named `_` (if used implicitly). Alternatively, prefix the name with `_` to silence this warning:
  [apply] _hQW

Note: This linter can be disabled with `set_option linter.unusedVariables false`
warning: lean/PvNP/RealizableHardness/ActualMZ24ComplementRestriction.lean:108:0: automatically included section variable(s) unused in theorem `PvNP.RealizableHardness.ActualMZ24ComplementRestriction.lift_le_of_le`:
  [Fintype V]
consider restructuring your `variable` declarations so that the variables are not in scope or explicitly omit them:
  omit [Fintype V] in theorem ...

Note: This linter can be disabled with `set_option linter.unusedSectionVars false`
warning: lean/PvNP/RealizableHardness/ActualMZ24ComplementRestriction.lean:109:32: Variable name `hQW` is not explicitly referenced.

Hint: The binding can be removed (if unused) or named `_` (if used implicitly). Alternatively, prefix the name with `_` to silence this warning:
  [apply] _hQW

Note: This linter can be disabled with `set_option linter.unusedVariables false`
warning: lean/PvNP/RealizableHardness/ActualMZ24ComplementRestriction.lean:116:0: automatically included section variable(s) unused in theorem `PvNP.RealizableHardness.ActualMZ24ComplementRestriction.lift_finrank`:
  [Fintype V]
consider restructuring your `variable` declarations so that the variables are not in scope or explicitly omit them:
  omit [Fintype V] in theorem ...

Note: This linter can be disabled with `set_option linter.unusedSectionVars false`
warning: lean/PvNP/RealizableHardness/ActualMZ24ComplementRestriction.lean:134:2: try 'simp' instead of 'simpa'

Note: This linter can be disabled with `set_option linter.unnecessarySimpa false`
warning: lean/PvNP/RealizableHardness/ActualMZ24ComplementRestriction.lean:123:0: automatically included section variable(s) unused in theorem `PvNP.RealizableHardness.ActualMZ24ComplementRestriction.complementSubspace_sup_lift`:
  [Fintype V]
consider restructuring your `variable` declarations so that the variables are not in scope or explicitly omit them:
  omit [Fintype V] in theorem ...

Note: This linter can be disabled with `set_option linter.unusedSectionVars false`
warning: lean/PvNP/RealizableHardness/ActualMZ24ComplementRestriction.lean:271:30: Variable name `had` is not explicitly referenced.

Hint: The binding can be removed (if unused) or named `_` (if used implicitly). Alternatively, prefix the name with `_` to silence this warning:
  [apply] _had

Note: This linter can be disabled with `set_option linter.unusedVariables false`
warning: lean/PvNP/RealizableHardness/ActualMZ24ComplementRestriction.lean:278:8: automatically included section variable(s) unused in theorem `_private.PvNP.RealizableHardness.ActualMZ24ComplementRestriction.0.PvNP.RealizableHardness.ActualMZ24ComplementRestriction.dependentTable_apply`:
  [Fintype V]
consider restructuring your `variable` declarations so that the variables are not in scope or explicitly omit them:
  omit [Fintype V] in theorem ...

Note: This linter can be disabled with `set_option linter.unusedSectionVars false`
warning: lean/PvNP/RealizableHardness/ActualMZ24ComplementRestriction.lean:285:8: automatically included section variable(s) unused in theorem `_private.PvNP.RealizableHardness.ActualMZ24ComplementRestriction.0.PvNP.RealizableHardness.ActualMZ24ComplementRestriction.grassCast_coe`:
  [Fintype V]
consider restructuring your `variable` declarations so that the variables are not in scope or explicitly omit them:
  omit [Fintype V] in theorem ...

Note: This linter can be disabled with `set_option linter.unusedSectionVars false`
⚠ [3227/3262] Replayed PvNP.RealizableHardness.ActualBinaryGrassmannIncidence
warning: lean/PvNP/RealizableHardness/ActualBinaryGrassmannIncidence.lean:49:8: automatically included section variable(s) unused in theorem `PvNP.RealizableHardness.ActualBinaryGrassmannIncidence.familyInter_empty`:
  [Fintype V]
  [Fintype I]
consider restructuring your `variable` declarations so that the variables are not in scope or explicitly omit them:
  omit [Fintype V] [Fintype I] in theorem ...

Note: This linter can be disabled with `set_option linter.unusedSectionVars false`
warning: lean/PvNP/RealizableHardness/ActualBinaryGrassmannIncidence.lean:53:8: automatically included section variable(s) unused in theorem `PvNP.RealizableHardness.ActualBinaryGrassmannIncidence.familyInter_singleton`:
  [Fintype V]
  [Fintype I]
consider restructuring your `variable` declarations so that the variables are not in scope or explicitly omit them:
  omit [Fintype V] [Fintype I] in theorem ...

Note: This linter can be disabled with `set_option linter.unusedSectionVars false`
warning: lean/PvNP/RealizableHardness/ActualBinaryGrassmannIncidence.lean:57:0: automatically included section variable(s) unused in theorem `PvNP.RealizableHardness.ActualBinaryGrassmannIncidence.familyInter_pair`:
  [Fintype V]
  [Fintype I]
consider restructuring your `variable` declarations so that the variables are not in scope or explicitly omit them:
  omit [Fintype V] [Fintype I] in theorem ...

Note: This linter can be disabled with `set_option linter.unusedSectionVars false`
warning: lean/PvNP/RealizableHardness/ActualBinaryGrassmannIncidence.lean:58:5: Variable name `hij` is not explicitly referenced.

Hint: The binding can be removed (if unused) or named `_` (if used implicitly). Alternatively, prefix the name with `_` to silence this warning:
  [apply] _hij

Note: This linter can be disabled with `set_option linter.unusedVariables false`
warning: lean/PvNP/RealizableHardness/ActualBinaryGrassmannIncidence.lean:60:21: This simp argument is unused:
  hij

Hint: Omit it from the simp argument list.
  [apply] simp [familyInter]

Note: This linter can be disabled with `set_option linter.unusedSimpArgs false`
warning: lean/PvNP/RealizableHardness/ActualBinaryGrassmannIncidence.lean:75:0: automatically included section variable(s) unused in theorem `PvNP.RealizableHardness.ActualBinaryGrassmannIncidence.genericUpTo_zero`:
  [Fintype V]
  [Fintype I]
consider restructuring your `variable` declarations so that the variables are not in scope or explicitly omit them:
  omit [Fintype V] [Fintype I] in theorem ...

Note: This linter can be disabled with `set_option linter.unusedSectionVars false`
warning: lean/PvNP/RealizableHardness/ActualBinaryGrassmannIncidence.lean:81:0: automatically included section variable(s) unused in theorem `PvNP.RealizableHardness.ActualBinaryGrassmannIncidence.genericUpTo_mono`:
  [Fintype V]
  [Fintype I]
consider restructuring your `variable` declarations so that the variables are not in scope or explicitly omit them:
  omit [Fintype V] [Fintype I] in theorem ...

Note: This linter can be disabled with `set_option linter.unusedSectionVars false`
warning: lean/PvNP/RealizableHardness/ActualBinaryGrassmannIncidence.lean:91:0: automatically included section variable(s) unused in theorem `PvNP.RealizableHardness.ActualBinaryGrassmannIncidence.genericUpTo_general`:
  [Fintype V]
  [Fintype I]
consider restructuring your `variable` declarations so that the variables are not in scope or explicitly omit them:
  omit [Fintype V] [Fintype I] in theorem ...

Note: This linter can be disabled with `set_option linter.unusedSectionVars false`
warning: lean/PvNP/RealizableHardness/ActualBinaryGrassmannIncidence.lean:111:32: This simp argument is unused:
  hij

Hint: Omit it from the simp argument list.
  [apply] simp

Note: This linter can be disabled with `set_option linter.unusedSimpArgs false`
warning: lean/PvNP/RealizableHardness/ActualBinaryGrassmannIncidence.lean:114:15: This simp argument is unused:
  Ne.symm hij

Hint: Omit it from the simp argument list.
  [apply] simp [hij]

Note: This linter can be disabled with `set_option linter.unusedSimpArgs false`
warning: lean/PvNP/RealizableHardness/ActualBinaryGrassmannIncidence.lean:131:0: automatically included section variable(s) unused in theorem `PvNP.RealizableHardness.ActualBinaryGrassmannIncidence.familyInter_image`:
  [Fintype V]
  [Fintype I]
consider restructuring your `variable` declarations so that the variables are not in scope or explicitly omit them:
  omit [Fintype V] [Fintype I] in theorem ...

Note: This linter can be disabled with `set_option linter.unusedSectionVars false`
warning: lean/PvNP/RealizableHardness/ActualBinaryGrassmannIncidence.lean:206:0: automatically included section variable(s) unused in theorem `PvNP.RealizableHardness.ActualBinaryGrassmannIncidence.grass_nonempty_of_le`:
  [Fintype V]
consider restructuring your `variable` declarations so that the variables are not in scope or explicitly omit them:
  omit [Fintype V] in theorem ...

Note: This linter can be disabled with `set_option linter.unusedSectionVars false`
warning: lean/PvNP/RealizableHardness/ActualBinaryGrassmannIncidence.lean:218:2: Try this: 
  letI̵

The goal is a proposition, so `let` is preferred over `letI`.
The difference between `let` and `letI` is that `letI` inlines the value.
But this is not relevant for proofs because of proof irrelevance.

Note: This linter can be disabled with `set_option linter.style.haveILetI false`
warning: lean/PvNP/RealizableHardness/ActualBinaryGrassmannIncidence.lean:217:14: This simp argument is unused:
  Module.finrank_pi

Hint: Omit it from the simp argument list.
  [apply] simp [Vn]

Note: This linter can be disabled with `set_option linter.unusedSimpArgs false`
warning: lean/PvNP/RealizableHardness/ActualBinaryGrassmannIncidence.lean:235:0: automatically included section variable(s) unused in theorem `PvNP.RealizableHardness.ActualBinaryGrassmannIncidence.bottomContained_card_nat`:
  [Fintype I]
consider restructuring your `variable` declarations so that the variables are not in scope or explicitly omit them:
  omit [Fintype I] in theorem ...

Note: This linter can be disabled with `set_option linter.unusedSectionVars false`
warning: lean/PvNP/RealizableHardness/ActualBinaryGrassmannIncidence.lean:254:11: Variable name `L` is not explicitly referenced.

Hint: The binding can be removed (if unused) or named `_` (if used implicitly). Alternatively, prefix the name with `_` to silence this warning:
  [apply] _L

Note: This linter can be disabled with `set_option linter.unusedVariables false`
warning: lean/PvNP/RealizableHardness/ActualBinaryGrassmannIncidence.lean:255:12: Variable name `L` is not explicitly referenced.

Hint: The binding can be removed (if unused) or named `_` (if used implicitly). Alternatively, prefix the name with `_` to silence this warning:
  [apply] _L

Note: This linter can be disabled with `set_option linter.unusedVariables false`
warning: lean/PvNP/RealizableHardness/ActualBinaryGrassmannIncidence.lean:257:0: automatically included section variable(s) unused in theorem `PvNP.RealizableHardness.ActualBinaryGrassmannIncidence.bottomPairContained_card_nat`:
  [Fintype I]
consider restructuring your `variable` declarations so that the variables are not in scope or explicitly omit them:
  omit [Fintype I] in theorem ...

Note: This linter can be disabled with `set_option linter.unusedSectionVars false`
warning: lean/PvNP/RealizableHardness/ActualBinaryGrassmannIncidence.lean:284:0: automatically included section variable(s) unused in theorem `PvNP.RealizableHardness.ActualBinaryGrassmannIncidence.bottomGeneralContained_card_nat`:
  [Fintype I]
consider restructuring your `variable` declarations so that the variables are not in scope or explicitly omit them:
  omit [Fintype I] in theorem ...

Note: This linter can be disabled with `set_option linter.unusedSectionVars false`
warning: lean/PvNP/RealizableHardness/ActualBinaryGrassmannIncidence.lean:372:0: automatically included section variable(s) unused in theorem `PvNP.RealizableHardness.ActualBinaryGrassmannIncidence.familyInter_complement`:
  [Fintype V]
  [Fintype I]
consider restructuring your `variable` declarations so that the variables are not in scope or explicitly omit them:
  omit [Fintype V] [Fintype I] in theorem ...

Note: This linter can be disabled with `set_option linter.unusedSectionVars false`
warning: lean/PvNP/RealizableHardness/ActualBinaryGrassmannIncidence.lean:400:0: automatically included section variable(s) unused in theorem `PvNP.RealizableHardness.ActualBinaryGrassmannIncidence.complementFamily_injective`:
  [Fintype I]
consider restructuring your `variable` declarations so that the variables are not in scope or explicitly omit them:
  omit [Fintype I] in theorem ...

Note: This linter can be disabled with `set_option linter.unusedSectionVars false`
warning: lean/PvNP/RealizableHardness/ActualBinaryGrassmannIncidence.lean:453:38: Variable name `C` is not explicitly referenced.

Hint: The binding can be removed (if unused) or named `_` (if used implicitly). Alternatively, prefix the name with `_` to silence this warning:
  [apply] _C

Note: This linter can be disabled with `set_option linter.unusedVariables false`
warning: lean/PvNP/RealizableHardness/ActualBinaryGrassmannIncidence.lean:464:2: Try this: 
  letI̵

The goal is a proposition, so `let` is preferred over `letI`.
The difference between `let` and `letI` is that `letI` inlines the value.
But this is not relevant for proofs because of proof irrelevance.

Note: This linter can be disabled with `set_option linter.style.haveILetI false`
warning: lean/PvNP/RealizableHardness/ActualBinaryGrassmannIncidence.lean:475:8: `if_pos` has been deprecated: Use `ite_eq_left` instead
warning: lean/PvNP/RealizableHardness/ActualBinaryGrassmannIncidence.lean:477:4: Try this: 
  letI̵

The goal is a proposition, so `let` is preferred over `letI`.
The difference between `let` and `letI` is that `letI` inlines the value.
But this is not relevant for proofs because of proof irrelevance.

Note: This linter can be disabled with `set_option linter.style.haveILetI false`
warning: lean/PvNP/RealizableHardness/ActualBinaryGrassmannIncidence.lean:478:10: `if_neg` has been deprecated: Use `ite_eq_right` instead
warning: lean/PvNP/RealizableHardness/ActualBinaryGrassmannIncidence.lean:488:0: automatically included section variable(s) unused in theorem `PvNP.RealizableHardness.ActualBinaryGrassmannIncidence.pointedContained_iff`:
  [Fintype I]
consider restructuring your `variable` declarations so that the variables are not in scope or explicitly omit them:
  omit [Fintype I] in theorem ...

Note: This linter can be disabled with `set_option linter.unusedSectionVars false`
warning: lean/PvNP/RealizableHardness/ActualBinaryGrassmannIncidence.lean:527:8: `if_pos` has been deprecated: Use `ite_eq_left` instead
warning: lean/PvNP/RealizableHardness/ActualBinaryGrassmannIncidence.lean:529:4: Try this: 
  letI̵

The goal is a proposition, so `let` is preferred over `letI`.
The difference between `let` and `letI` is that `letI` inlines the value.
But this is not relevant for proofs because of proof irrelevance.

Note: This linter can be disabled with `set_option linter.style.haveILetI false`
warning: lean/PvNP/RealizableHardness/ActualBinaryGrassmannIncidence.lean:530:10: `if_neg` has been deprecated: Use `ite_eq_right` instead
warning: lean/PvNP/RealizableHardness/ActualBinaryGrassmannIncidence.lean:551:15: `if_pos` has been deprecated: Use `ite_eq_left` instead
warning: lean/PvNP/RealizableHardness/ActualBinaryGrassmannIncidence.lean:606:8: `if_pos` has been deprecated: Use `ite_eq_left` instead
warning: lean/PvNP/RealizableHardness/ActualBinaryGrassmannIncidence.lean:609:4: Try this: 
  letI̵

The goal is a proposition, so `let` is preferred over `letI`.
The difference between `let` and `letI` is that `letI` inlines the value.
But this is not relevant for proofs because of proof irrelevance.

Note: This linter can be disabled with `set_option linter.style.haveILetI false`
warning: lean/PvNP/RealizableHardness/ActualBinaryGrassmannIncidence.lean:610:10: `if_neg` has been deprecated: Use `ite_eq_right` instead
warning: lean/PvNP/RealizableHardness/ActualBinaryGrassmannIncidence.lean:633:15: `if_pos` has been deprecated: Use `ite_eq_left` instead
warning: lean/PvNP/RealizableHardness/ActualBinaryGrassmannIncidence.lean:690:8: `if_pos` has been deprecated: Use `ite_eq_left` instead
warning: lean/PvNP/RealizableHardness/ActualBinaryGrassmannIncidence.lean:693:4: Try this: 
  letI̵

The goal is a proposition, so `let` is preferred over `letI`.
The difference between `let` and `letI` is that `letI` inlines the value.
But this is not relevant for proofs because of proof irrelevance.

Note: This linter can be disabled with `set_option linter.style.haveILetI false`
warning: lean/PvNP/RealizableHardness/ActualBinaryGrassmannIncidence.lean:694:10: `if_neg` has been deprecated: Use `ite_eq_right` instead
warning: lean/PvNP/RealizableHardness/ActualBinaryGrassmannIncidence.lean:716:15: `if_pos` has been deprecated: Use `ite_eq_left` instead
warning: lean/PvNP/RealizableHardness/ActualBinaryGrassmannIncidence.lean:761:37: Variable name `r` is not explicitly referenced.

Hint: The binding can be removed (if unused) or named `_` (if used implicitly). Alternatively, prefix the name with `_` to silence this warning:
  [apply] _r

Note: This linter can be disabled with `set_option linter.unusedVariables false`
warning: lean/PvNP/RealizableHardness/ActualBinaryGrassmannIncidence.lean:769:39: Variable name `r` is not explicitly referenced.

Hint: The binding can be removed (if unused) or named `_` (if used implicitly). Alternatively, prefix the name with `_` to silence this warning:
  [apply] _r

Note: This linter can be disabled with `set_option linter.unusedVariables false`
⚠ [3228/3262] Replayed PvNP.RealizableHardness.ActualMZ24DistinctPairAggregation
warning: lean/PvNP/RealizableHardness/ActualMZ24DistinctPairAggregation.lean:27:8: automatically included section variable(s) unused in theorem `_private.PvNP.RealizableHardness.ActualMZ24DistinctPairAggregation.0.PvNP.RealizableHardness.ActualMZ24DistinctPairAggregation.transport_trans`:
  [Fintype V]
consider restructuring your `variable` declarations so that the variables are not in scope or explicitly omit them:
  omit [Fintype V] in theorem ...

Note: This linter can be disabled with `set_option linter.unusedSectionVars false`
warning: lean/PvNP/RealizableHardness/ActualMZ24DistinctPairAggregation.lean:34:8: automatically included section variable(s) unused in theorem `_private.PvNP.RealizableHardness.ActualMZ24DistinctPairAggregation.0.PvNP.RealizableHardness.ActualMZ24DistinctPairAggregation.transport_symm`:
  [Fintype V]
consider restructuring your `variable` declarations so that the variables are not in scope or explicitly omit them:
  omit [Fintype V] in theorem ...

Note: This linter can be disabled with `set_option linter.unusedSectionVars false`
warning: lean/PvNP/RealizableHardness/ActualMZ24DistinctPairAggregation.lean:41:0: automatically included section variable(s) unused in theorem `PvNP.RealizableHardness.ActualMZ24DistinctPairAggregation.decodedPair_ext_of_transport`:
  [Fintype V]
consider restructuring your `variable` declarations so that the variables are not in scope or explicitly omit them:
  omit [Fintype V] in theorem ...

Note: This linter can be disabled with `set_option linter.unusedSectionVars false`
warning: lean/PvNP/RealizableHardness/ActualMZ24DistinctPairAggregation.lean:71:0: automatically included section variable(s) unused in theorem `PvNP.RealizableHardness.ActualMZ24DistinctPairAggregation.pairSubspace_contains`:
  [Fintype V]
consider restructuring your `variable` declarations so that the variables are not in scope or explicitly omit them:
  omit [Fintype V] in theorem ...

Note: This linter can be disabled with `set_option linter.unusedSectionVars false`
warning: lean/PvNP/RealizableHardness/ActualMZ24DistinctPairAggregation.lean:160:0: automatically included section variable(s) unused in theorem `PvNP.RealizableHardness.ActualMZ24DistinctPairAggregation.pairWFiber_card_sum`:
  [Fintype V]
consider restructuring your `variable` declarations so that the variables are not in scope or explicitly omit them:
  omit [Fintype V] in theorem ...

Note: This linter can be disabled with `set_option linter.unusedSectionVars false`
warning: lean/PvNP/RealizableHardness/ActualMZ24DistinctPairAggregation.lean:208:10: Unused tactic linter: `ring` does nothing

Note: This linter can be disabled with `set_option linter.unusedTactic false`
warning: lean/PvNP/RealizableHardness/ActualMZ24DistinctPairAggregation.lean:208:10: this tactic is never executed

Note: This linter can be disabled with `set_option linter.unreachableTactic false`
warning: lean/PvNP/RealizableHardness/ActualMZ24DistinctPairAggregation.lean:280:0: automatically included section variable(s) unused in theorem `PvNP.RealizableHardness.ActualMZ24DistinctPairAggregation.pairSubspaces_exact_codim_partition`:
  [Fintype V]
consider restructuring your `variable` declarations so that the variables are not in scope or explicitly omit them:
  omit [Fintype V] in theorem ...

Note: This linter can be disabled with `set_option linter.unusedSectionVars false`
warning: lean/PvNP/RealizableHardness/ActualMZ24DistinctPairAggregation.lean:322:12: This simp argument is unused:
  hne

Hint: Omit it from the simp argument list.
  [apply] simp [ih]

Note: This linter can be disabled with `set_option linter.unusedSimpArgs false`
warning: lean/PvNP/RealizableHardness/ActualMZ24DistinctPairAggregation.lean:398:2: Unused tactic linter: `norm_num at h` does nothing

Note: This linter can be disabled with `set_option linter.unusedTactic false`
⚠ [3229/3262] Replayed PvNP.RealizableHardness.ActualMZ24GenericSubfamilyRepresentative
warning: lean/PvNP/RealizableHardness/ActualMZ24GenericSubfamilyRepresentative.lean:126:0: automatically included section variable(s) unused in theorem `PvNP.RealizableHardness.ActualMZ24GenericSubfamilyRepresentative.exists_positiveBucketRepresentative`:
  [Fintype V]
consider restructuring your `variable` declarations so that the variables are not in scope or explicitly omit them:
  omit [Fintype V] in theorem ...

Note: This linter can be disabled with `set_option linter.unusedSectionVars false`
⚠ [3231/3262] Replayed PvNP.RealizableHardness.ActualMZ24HyperplaneSupport
warning: lean/PvNP/RealizableHardness/ActualMZ24HyperplaneSupport.lean:32:0: automatically included section variable(s) unused in theorem `PvNP.RealizableHardness.ActualMZ24HyperplaneSupport.relativeCodim_eq_finrank_sub`:
  [Fintype V]
consider restructuring your `variable` declarations so that the variables are not in scope or explicitly omit them:
  omit [Fintype V] in theorem ...

Note: This linter can be disabled with `set_option linter.unusedSectionVars false`
warning: lean/PvNP/RealizableHardness/ActualMZ24HyperplaneSupport.lean:80:0: automatically included section variable(s) unused in theorem `PvNP.RealizableHardness.ActualMZ24HyperplaneSupport.hyperplane_ne_top`:
  [Fintype V]
consider restructuring your `variable` declarations so that the variables are not in scope or explicitly omit them:
  omit [Fintype V] in theorem ...

Note: This linter can be disabled with `set_option linter.unusedSectionVars false`
warning: lean/PvNP/RealizableHardness/ActualMZ24HyperplaneSupport.lean:95:2: Try this: 
  letI̵

The goal is a proposition, so `let` is preferred over `letI`.
The difference between `let` and `letI` is that `letI` inlines the value.
But this is not relevant for proofs because of proof irrelevance.

Note: This linter can be disabled with `set_option linter.style.haveILetI false`
warning: lean/PvNP/RealizableHardness/ActualMZ24HyperplaneSupport.lean:100:2: Try this: 
  letI̵

The goal is a proposition, so `let` is preferred over `letI`.
The difference between `let` and `letI` is that `letI` inlines the value.
But this is not relevant for proofs because of proof irrelevance.

Note: This linter can be disabled with `set_option linter.style.haveILetI false`
warning: lean/PvNP/RealizableHardness/ActualMZ24HyperplaneSupport.lean:203:32: This simp argument is unused:
  hn

Hint: Omit it from the simp argument list.
  [apply] simp [gaussian, frameProduct, hn1, hn0]

Note: This linter can be disabled with `set_option linter.unusedSimpArgs false`
warning: lean/PvNP/RealizableHardness/ActualMZ24HyperplaneSupport.lean:203:41: This simp argument is unused:
  hn0

Hint: Omit it from the simp argument list.
  [apply] simp [gaussian, frameProduct, hn, hn1]

Note: This linter can be disabled with `set_option linter.unusedSimpArgs false`
warning: lean/PvNP/RealizableHardness/ActualMZ24HyperplaneSupport.lean:215:2: Try this: 
  letI̵

The goal is a proposition, so `let` is preferred over `letI`.
The difference between `let` and `letI` is that `letI` inlines the value.
But this is not relevant for proofs because of proof irrelevance.

Note: This linter can be disabled with `set_option linter.style.haveILetI false`
warning: lean/PvNP/RealizableHardness/ActualMZ24HyperplaneSupport.lean:235:2: Try this: 
  letI̵

The goal is a proposition, so `let` is preferred over `letI`.
The difference between `let` and `letI` is that `letI` inlines the value.
But this is not relevant for proofs because of proof irrelevance.

Note: This linter can be disabled with `set_option linter.style.haveILetI false`
warning: lean/PvNP/RealizableHardness/ActualMZ24HyperplaneSupport.lean:279:32: Variable name `hWH` is not explicitly referenced.

Hint: The binding can be removed (if unused) or named `_` (if used implicitly). Alternatively, prefix the name with `_` to silence this warning:
  [apply] _hWH

Note: This linter can be disabled with `set_option linter.unusedVariables false`
warning: lean/PvNP/RealizableHardness/ActualMZ24HyperplaneSupport.lean:282:0: automatically included section variable(s) unused in theorem `PvNP.RealizableHardness.ActualMZ24HyperplaneSupport.restrictToHyperplane_map_recovery`:
  [Fintype V]
consider restructuring your `variable` declarations so that the variables are not in scope or explicitly omit them:
  omit [Fintype V] in theorem ...

Note: This linter can be disabled with `set_option linter.unusedSectionVars false`
⚠ [3232/3262] Replayed PvNP.RealizableHardness.ActualMZ24PhaseARestrictionSupport
warning: lean/PvNP/RealizableHardness/ActualMZ24PhaseARestrictionSupport.lean:27:0: automatically included section variable(s) unused in theorem `PvNP.RealizableHardness.ActualMZ24PhaseARestrictionSupport.flattenCarrier_subset`:
  [Fintype I]
consider restructuring your `variable` declarations so that the variables are not in scope or explicitly omit them:
  omit [Fintype I] in theorem ...

Note: This linter can be disabled with `set_option linter.unusedSectionVars false`
warning: lean/PvNP/RealizableHardness/ActualMZ24PhaseARestrictionSupport.lean:33:0: automatically included section variable(s) unused in theorem `PvNP.RealizableHardness.ActualMZ24PhaseARestrictionSupport.flattenCarrier_card`:
  [Fintype I]
consider restructuring your `variable` declarations so that the variables are not in scope or explicitly omit them:
  omit [Fintype I] in theorem ...

Note: This linter can be disabled with `set_option linter.unusedSectionVars false`
warning: lean/PvNP/RealizableHardness/ActualMZ24PhaseARestrictionSupport.lean:37:0: automatically included section variable(s) unused in theorem `PvNP.RealizableHardness.ActualMZ24PhaseARestrictionSupport.flattenCarrier_nonempty_iff`:
  [Fintype I]
consider restructuring your `variable` declarations so that the variables are not in scope or explicitly omit them:
  omit [Fintype I] in theorem ...

Note: This linter can be disabled with `set_option linter.unusedSectionVars false`
warning: lean/PvNP/RealizableHardness/ActualMZ24PhaseARestrictionSupport.lean:65:0: automatically included section variable(s) unused in theorem `PvNP.RealizableHardness.ActualMZ24PhaseARestrictionSupport.flattenCarrierEquiv_original_value`:
  [Fintype I]
consider restructuring your `variable` declarations so that the variables are not in scope or explicitly omit them:
  omit [Fintype I] in theorem ...

Note: This linter can be disabled with `set_option linter.unusedSectionVars false`
warning: lean/PvNP/RealizableHardness/ActualMZ24PhaseARestrictionSupport.lean:78:0: automatically included section variable(s) unused in theorem `PvNP.RealizableHardness.ActualMZ24PhaseARestrictionSupport.flattenCarrierEquiv_card`:
  [Fintype I]
consider restructuring your `variable` declarations so that the variables are not in scope or explicitly omit them:
  omit [Fintype I] in theorem ...

Note: This linter can be disabled with `set_option linter.unusedSectionVars false`
warning: lean/PvNP/RealizableHardness/ActualMZ24PhaseARestrictionSupport.lean:93:0: automatically included section variable(s) unused in theorem `PvNP.RealizableHardness.ActualMZ24PhaseARestrictionSupport.nestedAmbient_le`:
  [Fintype V]
consider restructuring your `variable` declarations so that the variables are not in scope or explicitly omit them:
  omit [Fintype V] in theorem ...

Note: This linter can be disabled with `set_option linter.unusedSectionVars false`
warning: lean/PvNP/RealizableHardness/ActualMZ24PhaseARestrictionSupport.lean:98:0: automatically included section variable(s) unused in theorem `PvNP.RealizableHardness.ActualMZ24PhaseARestrictionSupport.nestedAmbientEquiv_coe`:
  [Fintype V]
consider restructuring your `variable` declarations so that the variables are not in scope or explicitly omit them:
  omit [Fintype V] in theorem ...

Note: This linter can be disabled with `set_option linter.unusedSectionVars false`
warning: lean/PvNP/RealizableHardness/ActualMZ24PhaseARestrictionSupport.lean:102:0: automatically included section variable(s) unused in theorem `PvNP.RealizableHardness.ActualMZ24PhaseARestrictionSupport.nestedAmbient_finrank`:
  [Fintype V]
consider restructuring your `variable` declarations so that the variables are not in scope or explicitly omit them:
  omit [Fintype V] in theorem ...

Note: This linter can be disabled with `set_option linter.unusedSectionVars false`
warning: lean/PvNP/RealizableHardness/ActualMZ24PhaseARestrictionSupport.lean:118:52: Variable name `hAE` is not explicitly referenced.

Hint: The binding can be removed (if unused) or named `_` (if used implicitly). Alternatively, prefix the name with `_` to silence this warning:
  [apply] _hAE

Note: This linter can be disabled with `set_option linter.unusedVariables false`
warning: lean/PvNP/RealizableHardness/ActualMZ24PhaseARestrictionSupport.lean:121:0: automatically included section variable(s) unused in theorem `PvNP.RealizableHardness.ActualMZ24PhaseARestrictionSupport.restrictToAmbient_map_recovery`:
  [Fintype V]
consider restructuring your `variable` declarations so that the variables are not in scope or explicitly omit them:
  omit [Fintype V] in theorem ...

Note: This linter can be disabled with `set_option linter.unusedSectionVars false`
warning: lean/PvNP/RealizableHardness/ActualMZ24PhaseARestrictionSupport.lean:146:0: automatically included section variable(s) unused in theorem `PvNP.RealizableHardness.ActualMZ24PhaseARestrictionSupport.restrictToAmbient_mono`:
  [Fintype V]
consider restructuring your `variable` declarations so that the variables are not in scope or explicitly omit them:
  omit [Fintype V] in theorem ...

Note: This linter can be disabled with `set_option linter.unusedSectionVars false`
warning: lean/PvNP/RealizableHardness/ActualMZ24PhaseARestrictionSupport.lean:157:0: automatically included section variable(s) unused in theorem `PvNP.RealizableHardness.ActualMZ24PhaseARestrictionSupport.restrictFamily_map_recovery`:
  [Fintype I]
consider restructuring your `variable` declarations so that the variables are not in scope or explicitly omit them:
  omit [Fintype I] in theorem ...

Note: This linter can be disabled with `set_option linter.unusedSectionVars false`
warning: lean/PvNP/RealizableHardness/ActualMZ24PhaseARestrictionSupport.lean:162:0: automatically included section variable(s) unused in theorem `PvNP.RealizableHardness.ActualMZ24PhaseARestrictionSupport.restrictFamily_finrank`:
  [Fintype I]
consider restructuring your `variable` declarations so that the variables are not in scope or explicitly omit them:
  omit [Fintype I] in theorem ...

Note: This linter can be disabled with `set_option linter.unusedSectionVars false`
⚠ [3233/3262] Replayed PvNP.RealizableHardness.ActualMZ24TerminalAgreementTransport
warning: lean/PvNP/RealizableHardness/ActualMZ24TerminalAgreementTransport.lean:37:0: automatically included section variable(s) unused in theorem `PvNP.RealizableHardness.ActualMZ24TerminalAgreementTransport.liftQuery_map_apply`:
  [Fintype V]
consider restructuring your `variable` declarations so that the variables are not in scope or explicitly omit them:
  omit [Fintype V] in theorem ...

Note: This linter can be disabled with `set_option linter.unusedSectionVars false`
warning: lean/PvNP/RealizableHardness/ActualMZ24TerminalAgreementTransport.lean:41:0: automatically included section variable(s) unused in theorem `PvNP.RealizableHardness.ActualMZ24TerminalAgreementTransport.restrict_liftQuery`:
  [Fintype V]
consider restructuring your `variable` declarations so that the variables are not in scope or explicitly omit them:
  omit [Fintype V] in theorem ...

Note: This linter can be disabled with `set_option linter.unusedSectionVars false`
warning: lean/PvNP/RealizableHardness/ActualMZ24TerminalAgreementTransport.lean:44:25: Variable name `hy` is not explicitly referenced.

Hint: The binding can be removed (if unused) or named `_` (if used implicitly). Alternatively, prefix the name with `_` to silence this warning:
  [apply] _hy

Note: This linter can be disabled with `set_option linter.unusedVariables false`
warning: lean/PvNP/RealizableHardness/ActualMZ24TerminalAgreementTransport.lean:80:0: automatically included section variable(s) unused in theorem `PvNP.RealizableHardness.ActualMZ24TerminalAgreementTransport.restrictedTable_apply`:
  [Fintype V]
consider restructuring your `variable` declarations so that the variables are not in scope or explicitly omit them:
  omit [Fintype V] in theorem ...

Note: This linter can be disabled with `set_option linter.unusedSectionVars false`
warning: lean/PvNP/RealizableHardness/ActualMZ24TerminalAgreementTransport.lean:129:8: automatically included section variable(s) unused in theorem `_private.PvNP.RealizableHardness.ActualMZ24TerminalAgreementTransport.0.PvNP.RealizableHardness.ActualMZ24TerminalAgreementTransport.restrictedTable_eval_cast`:
  [Fintype V]
consider restructuring your `variable` declarations so that the variables are not in scope or explicitly omit them:
  omit [Fintype V] in theorem ...

Note: This linter can be disabled with `set_option linter.unusedSectionVars false`
warning: lean/PvNP/RealizableHardness/ActualMZ24TerminalAgreementTransport.lean:138:8: automatically included section variable(s) unused in theorem `_private.PvNP.RealizableHardness.ActualMZ24TerminalAgreementTransport.0.PvNP.RealizableHardness.ActualMZ24TerminalAgreementTransport.liftQueryMap_cast_coe`:
  [Fintype V]
consider restructuring your `variable` declarations so that the variables are not in scope or explicitly omit them:
  omit [Fintype V] in theorem ...

Note: This linter can be disabled with `set_option linter.unusedSectionVars false`
⚠ [3234/3262] Replayed PvNP.RealizableHardness.ActualMZ24MaximalTwoGenericSubfamily
warning: lean/PvNP/RealizableHardness/ActualMZ24MaximalTwoGenericSubfamily.lean:35:0: automatically included section variable(s) unused in theorem `PvNP.RealizableHardness.ActualMZ24MaximalTwoGenericSubfamily.pairGeneric_comm`:
  [Fintype V]
  [Fintype I]
consider restructuring your `variable` declarations so that the variables are not in scope or explicitly omit them:
  omit [Fintype V] [Fintype I] in theorem ...

Note: This linter can be disabled with `set_option linter.unusedSectionVars false`
warning: lean/PvNP/RealizableHardness/ActualMZ24MaximalTwoGenericSubfamily.lean:47:0: automatically included section variable(s) unused in theorem `PvNP.RealizableHardness.ActualMZ24MaximalTwoGenericSubfamily.twoGenericOn_iff_pairwise`:
  [Fintype V]
  [Fintype I]
consider restructuring your `variable` declarations so that the variables are not in scope or explicitly omit them:
  omit [Fintype V] [Fintype I] in theorem ...

Note: This linter can be disabled with `set_option linter.unusedSectionVars false`
warning: lean/PvNP/RealizableHardness/ActualMZ24MaximalTwoGenericSubfamily.lean:58:0: automatically included section variable(s) unused in theorem `PvNP.RealizableHardness.ActualMZ24MaximalTwoGenericSubfamily.twoGenericOn_empty`:
  [Fintype V]
  [Fintype I]
consider restructuring your `variable` declarations so that the variables are not in scope or explicitly omit them:
  omit [Fintype V] [Fintype I] in theorem ...

Note: This linter can be disabled with `set_option linter.unusedSectionVars false`
warning: lean/PvNP/RealizableHardness/ActualMZ24MaximalTwoGenericSubfamily.lean:159:0: automatically included section variable(s) unused in theorem `PvNP.RealizableHardness.ActualMZ24MaximalTwoGenericSubfamily.not_insert_twoGenericOn_of_maximum`:
  [Fintype V]
  [Fintype I]
consider restructuring your `variable` declarations so that the variables are not in scope or explicitly omit them:
  omit [Fintype V] [Fintype I] in theorem ...

Note: This linter can be disabled with `set_option linter.unusedSectionVars false`
warning: lean/PvNP/RealizableHardness/ActualMZ24MaximalTwoGenericSubfamily.lean:177:2: `push_neg` has been deprecated. Prefer using `push Not` instead.
If you'd rather continue using `push_neg` in your project, you can implement it as follows:
```
open Lean.Parser.Tactic in
macro "push_neg" cfg:optConfig loc:(location)? : tactic =>
  `(tactic| push $cfg:optConfig Not $[$loc]?)
```
warning: lean/PvNP/RealizableHardness/ActualMZ24MaximalTwoGenericSubfamily.lean:185:0: automatically included section variable(s) unused in theorem `PvNP.RealizableHardness.ActualMZ24MaximalTwoGenericSubfamily.sup_ne_top_of_pair_obstruction`:
  [Fintype I]
consider restructuring your `variable` declarations so that the variables are not in scope or explicitly omit them:
  omit [Fintype I] in theorem ...

Note: This linter can be disabled with `set_option linter.unusedSectionVars false`
⚠ [3236/3262] Replayed PvNP.RealizableHardness.ActualMZ24GenericSubfamilyCover
warning: lean/PvNP/RealizableHardness/ActualMZ24GenericSubfamilyCover.lean:72:0: automatically included section variable(s) unused in theorem `PvNP.RealizableHardness.ActualMZ24GenericSubfamilyCover.ne_top_of_pos_relativeCodim`:
  [Fintype V]
consider restructuring your `variable` declarations so that the variables are not in scope or explicitly omit them:
  omit [Fintype V] in theorem ...

Note: This linter can be disabled with `set_option linter.unusedSectionVars false`
warning: lean/PvNP/RealizableHardness/ActualMZ24GenericSubfamilyCover.lean:161:5: Variable name `hpos` is not explicitly referenced.

Hint: The binding can be removed (if unused) or named `_` (if used implicitly). Alternatively, prefix the name with `_` to silence this warning:
  [apply] _hpos

Note: This linter can be disabled with `set_option linter.unusedVariables false`
warning: lean/PvNP/RealizableHardness/ActualMZ24GenericSubfamilyCover.lean:238:14: Try `simp at hil` instead of `simpa using hil`

Note: This linter can be disabled with `set_option linter.unnecessarySimpa false`
⚠ [3237/3262] Replayed PvNP.RealizableHardness.ActualMZ24GenericSubfamilyStep
warning: lean/PvNP/RealizableHardness/ActualMZ24GenericSubfamilyStep.lean:35:0: automatically included section variable(s) unused in theorem `PvNP.RealizableHardness.ActualMZ24GenericSubfamilyStep.subtypeFamily_injective`:
  [Fintype V]
  [Fintype I]
consider restructuring your `variable` declarations so that the variables are not in scope or explicitly omit them:
  omit [Fintype V] [Fintype I] in theorem ...

Note: This linter can be disabled with `set_option linter.unusedSectionVars false`
⚠ [3238/3262] Replayed PvNP.RealizableHardness.ActualMZ24PhaseAStopping
warning: lean/PvNP/RealizableHardness/ActualMZ24PhaseAStopping.lean:90:39: Variable name `hs` is not explicitly referenced.

Hint: The binding can be removed (if unused) or named `_` (if used implicitly). Alternatively, prefix the name with `_` to silence this warning:
  [apply] _hs

Note: This linter can be disabled with `set_option linter.unusedVariables false`
⚠ [3239/3262] Replayed PvNP.RealizableHardness.ActualMZ24MaximalGenericSubfamily
warning: lean/PvNP/RealizableHardness/ActualMZ24MaximalGenericSubfamily.lean:40:0: automatically included section variable(s) unused in theorem `PvNP.RealizableHardness.ActualMZ24MaximalGenericSubfamily.genericUpToOn_mono`:
  [Fintype V]
  [Fintype I]
consider restructuring your `variable` declarations so that the variables are not in scope or explicitly omit them:
  omit [Fintype V] [Fintype I] in theorem ...

Note: This linter can be disabled with `set_option linter.unusedSectionVars false`
warning: lean/PvNP/RealizableHardness/ActualMZ24MaximalGenericSubfamily.lean:67:4: Try this: 
  letI̵

The goal is a proposition, so `let` is preferred over `letI`.
The difference between `let` and `letI` is that `letI` inlines the value.
But this is not relevant for proofs because of proof irrelevance.

Note: This linter can be disabled with `set_option linter.style.haveILetI false`
warning: lean/PvNP/RealizableHardness/ActualMZ24MaximalGenericSubfamily.lean:107:0: automatically included section variable(s) unused in theorem `PvNP.RealizableHardness.ActualMZ24MaximalGenericSubfamily.genericUpToCandidates_nonempty`:
  [Fintype V]
  [Fintype I]
consider restructuring your `variable` declarations so that the variables are not in scope or explicitly omit them:
  omit [Fintype V] [Fintype I] in theorem ...

Note: This linter can be disabled with `set_option linter.unusedSectionVars false`
warning: lean/PvNP/RealizableHardness/ActualMZ24MaximalGenericSubfamily.lean:151:0: automatically included section variable(s) unused in theorem `PvNP.RealizableHardness.ActualMZ24MaximalGenericSubfamily.not_insert_genericUpToOn_of_maximum`:
  [Fintype V]
  [Fintype I]
consider restructuring your `variable` declarations so that the variables are not in scope or explicitly omit them:
  omit [Fintype V] [Fintype I] in theorem ...

Note: This linter can be disabled with `set_option linter.unusedSectionVars false`
warning: lean/PvNP/RealizableHardness/ActualMZ24MaximalGenericSubfamily.lean:182:2: `push_neg` has been deprecated. Prefer using `push Not` instead.
If you'd rather continue using `push_neg` in your project, you can implement it as follows:
```
open Lean.Parser.Tactic in
macro "push_neg" cfg:optConfig loc:(location)? : tactic =>
  `(tactic| push $cfg:optConfig Not $[$loc]?)
```
warning: lean/PvNP/RealizableHardness/ActualMZ24MaximalGenericSubfamily.lean:249:0: automatically included section variable(s) unused in theorem `PvNP.RealizableHardness.ActualMZ24MaximalGenericSubfamily.familyInter_insert`:
  [Fintype V]
  [Fintype I]
consider restructuring your `variable` declarations so that the variables are not in scope or explicitly omit them:
  omit [Fintype V] [Fintype I] in theorem ...

Note: This linter can be disabled with `set_option linter.unusedSectionVars false`
warning: lean/PvNP/RealizableHardness/ActualMZ24MaximalGenericSubfamily.lean:281:33: try 'simp' instead of 'simpa'

Note: This linter can be disabled with `set_option linter.unnecessarySimpa false`
⚠ [3240/3262] Replayed PvNP.RealizableHardness.ActualMZ24PhaseATypedStep
warning: lean/PvNP/RealizableHardness/ActualMZ24PhaseATypedStep.lean:60:0: automatically included section variable(s) unused in theorem `PvNP.RealizableHardness.ActualMZ24PhaseATypedStep.PhaseAGeometry.family_map_recovery`:
  [Fintype I]
consider restructuring your `variable` declarations so that the variables are not in scope or explicitly omit them:
  omit [Fintype I] in theorem ...

Note: This linter can be disabled with `set_option linter.unusedSectionVars false`
warning: lean/PvNP/RealizableHardness/ActualMZ24PhaseATypedStep.lean:65:0: automatically included section variable(s) unused in theorem `PvNP.RealizableHardness.ActualMZ24PhaseATypedStep.PhaseAGeometry.family_finrank`:
  [Fintype I]
consider restructuring your `variable` declarations so that the variables are not in scope or explicitly omit them:
  omit [Fintype I] in theorem ...

Note: This linter can be disabled with `set_option linter.unusedSectionVars false`
warning: lean/PvNP/RealizableHardness/ActualMZ24PhaseATypedStep.lean:71:0: automatically included section variable(s) unused in theorem `PvNP.RealizableHardness.ActualMZ24PhaseATypedStep.PhaseAGeometry.family_injective`:
  [Fintype I]
consider restructuring your `variable` declarations so that the variables are not in scope or explicitly omit them:
  omit [Fintype I] in theorem ...

Note: This linter can be disabled with `set_option linter.unusedSectionVars false`
warning: lean/PvNP/RealizableHardness/ActualMZ24PhaseATypedStep.lean:80:0: automatically included section variable(s) unused in theorem `PvNP.RealizableHardness.ActualMZ24PhaseATypedStep.PhaseAGeometry.QE_map_recovery`:
  [Fintype I]
consider restructuring your `variable` declarations so that the variables are not in scope or explicitly omit them:
  omit [Fintype I] in theorem ...

Note: This linter can be disabled with `set_option linter.unusedSectionVars false`
warning: lean/PvNP/RealizableHardness/ActualMZ24PhaseATypedStep.lean:83:0: automatically included section variable(s) unused in theorem `PvNP.RealizableHardness.ActualMZ24PhaseATypedStep.PhaseAGeometry.QE_le_family`:
  [Fintype I]
consider restructuring your `variable` declarations so that the variables are not in scope or explicitly omit them:
  omit [Fintype I] in theorem ...

Note: This linter can be disabled with `set_option linter.unusedSectionVars false`
warning: lean/PvNP/RealizableHardness/ActualMZ24PhaseATypedStep.lean:102:0: automatically included section variable(s) unused in theorem `PvNP.RealizableHardness.ActualMZ24PhaseATypedStep.PhaseAGeometry.r_le_c`:
  [Fintype V]
  [Fintype I]
consider restructuring your `variable` declarations so that the variables are not in scope or explicitly omit them:
  omit [Fintype V] [Fintype I] in theorem ...

Note: This linter can be disabled with `set_option linter.unusedSectionVars false`
warning: lean/PvNP/RealizableHardness/ActualMZ24PhaseATypedStep.lean:106:0: automatically included section variable(s) unused in theorem `PvNP.RealizableHardness.ActualMZ24PhaseATypedStep.PhaseAGeometry.s_le_c`:
  [Fintype V]
  [Fintype I]
consider restructuring your `variable` declarations so that the variables are not in scope or explicitly omit them:
  omit [Fintype V] [Fintype I] in theorem ...

Note: This linter can be disabled with `set_option linter.unusedSectionVars false`
warning: lean/PvNP/RealizableHardness/ActualMZ24PhaseATypedStep.lean:110:0: automatically included section variable(s) unused in theorem `PvNP.RealizableHardness.ActualMZ24PhaseATypedStep.PhaseAGeometry.r_eq_c_sub_s`:
  [Fintype V]
  [Fintype I]
consider restructuring your `variable` declarations so that the variables are not in scope or explicitly omit them:
  omit [Fintype V] [Fintype I] in theorem ...

Note: This linter can be disabled with `set_option linter.unusedSectionVars false`
warning: lean/PvNP/RealizableHardness/ActualMZ24PhaseATypedStep.lean:114:0: automatically included section variable(s) unused in theorem `PvNP.RealizableHardness.ActualMZ24PhaseATypedStep.PhaseAGeometry.s_eq_c_sub_r`:
  [Fintype V]
  [Fintype I]
consider restructuring your `variable` declarations so that the variables are not in scope or explicitly omit them:
  omit [Fintype V] [Fintype I] in theorem ...

Note: This linter can be disabled with `set_option linter.unusedSectionVars false`
warning: lean/PvNP/RealizableHardness/ActualMZ24PhaseATypedStep.lean:119:0: automatically included section variable(s) unused in theorem `PvNP.RealizableHardness.ActualMZ24PhaseATypedStep.PhaseAGeometry.originalCodim_le_finrank`:
  [Fintype V]
  [Fintype I]
consider restructuring your `variable` declarations so that the variables are not in scope or explicitly omit them:
  omit [Fintype V] [Fintype I] in theorem ...

Note: This linter can be disabled with `set_option linter.unusedSectionVars false`
warning: lean/PvNP/RealizableHardness/ActualMZ24PhaseATypedStep.lean:127:0: automatically included section variable(s) unused in theorem `PvNP.RealizableHardness.ActualMZ24PhaseATypedStep.PhaseAGeometry.finrank_E_add_c_sub_r`:
  [Fintype V]
  [Fintype I]
consider restructuring your `variable` declarations so that the variables are not in scope or explicitly omit them:
  omit [Fintype V] [Fintype I] in theorem ...

Note: This linter can be disabled with `set_option linter.unusedSectionVars false`
warning: lean/PvNP/RealizableHardness/ActualMZ24PhaseATypedStep.lean:144:0: automatically included section variable(s) unused in theorem `PvNP.RealizableHardness.ActualMZ24PhaseATypedStep.PhaseAGeometry.original_member_le_nested`:
  [Fintype V]
  [Fintype I]
consider restructuring your `variable` declarations so that the variables are not in scope or explicitly omit them:
  omit [Fintype V] [Fintype I] in theorem ...

Note: This linter can be disabled with `set_option linter.unusedSectionVars false`
warning: lean/PvNP/RealizableHardness/ActualMZ24PhaseATypedStep.lean:172:0: automatically included section variable(s) unused in theorem `PvNP.RealizableHardness.ActualMZ24PhaseATypedStep.PhaseAState.root_le_card`:
  [Fintype V]
  [Fintype I]
consider restructuring your `variable` declarations so that the variables are not in scope or explicitly omit them:
  omit [Fintype V] [Fintype I] in theorem ...

Note: This linter can be disabled with `set_option linter.unusedSectionVars false`
warning: lean/PvNP/RealizableHardness/ActualMZ24PhaseATypedStep.lean:265:5: Variable name `hQW` is not explicitly referenced.

Hint: The binding can be removed (if unused) or named `_` (if used implicitly). Alternatively, prefix the name with `_` to silence this warning:
  [apply] _hQW

Note: This linter can be disabled with `set_option linter.unusedVariables false`
warning: lean/PvNP/RealizableHardness/ActualMZ24PhaseATypedStep.lean:266:5: Variable name `hcodim` is not explicitly referenced.

Hint: The binding can be removed (if unused) or named `_` (if used implicitly). Alternatively, prefix the name with `_` to silence this warning:
  [apply] _hcodim

Note: This linter can be disabled with `set_option linter.unusedVariables false`
warning: lean/PvNP/RealizableHardness/ActualMZ24PhaseATypedStep.lean:281:0: automatically included section variable(s) unused in theorem `PvNP.RealizableHardness.ActualMZ24PhaseATypedStep.initialPhaseAState_spec`:
  [Fintype V]
consider restructuring your `variable` declarations so that the variables are not in scope or explicitly omit them:
  omit [Fintype V] in theorem ...

Note: This linter can be disabled with `set_option linter.unusedSectionVars false`
warning: lean/PvNP/RealizableHardness/ActualMZ24PhaseATypedStep.lean:323:0: automatically included section variable(s) unused in theorem `PvNP.RealizableHardness.ActualMZ24PhaseATypedStep.PhaseATerminal.index_card`:
  [Fintype V]
  [Fintype I]
consider restructuring your `variable` declarations so that the variables are not in scope or explicitly omit them:
  omit [Fintype V] [Fintype I] in theorem ...

Note: This linter can be disabled with `set_option linter.unusedSectionVars false`
warning: lean/PvNP/RealizableHardness/ActualMZ24PhaseATypedStep.lean:340:0: automatically included section variable(s) unused in theorem `PvNP.RealizableHardness.ActualMZ24PhaseATypedStep.PhaseATerminal.family_injective`:
  [Fintype I]
consider restructuring your `variable` declarations so that the variables are not in scope or explicitly omit them:
  omit [Fintype I] in theorem ...

Note: This linter can be disabled with `set_option linter.unusedSectionVars false`
warning: lean/PvNP/RealizableHardness/ActualMZ24PhaseATypedStep.lean:354:0: automatically included section variable(s) unused in theorem `PvNP.RealizableHardness.ActualMZ24PhaseATypedStep.PhaseATerminal.phaseA_seed`:
  [Fintype V]
  [Fintype I]
consider restructuring your `variable` declarations so that the variables are not in scope or explicitly omit them:
  omit [Fintype V] [Fintype I] in theorem ...

Note: This linter can be disabled with `set_option linter.unusedSectionVars false`
warning: lean/PvNP/RealizableHardness/ActualMZ24PhaseATypedStep.lean:358:0: automatically included section variable(s) unused in theorem `PvNP.RealizableHardness.ActualMZ24PhaseATypedStep.PhaseATerminal.genericOn_univ`:
  [Fintype V]
  [Fintype I]
consider restructuring your `variable` declarations so that the variables are not in scope or explicitly omit them:
  omit [Fintype V] [Fintype I] in theorem ...

Note: This linter can be disabled with `set_option linter.unusedSectionVars false`
⚠ [3241/3262] Replayed PvNP.RealizableHardness.ActualMZ24PhaseATerminalProducer
warning: lean/PvNP/RealizableHardness/ActualMZ24PhaseATerminalProducer.lean:35:0: automatically included section variable(s) unused in theorem `PvNP.RealizableHardness.ActualMZ24PhaseATerminalProducer.PhaseAGeometry.index_card`:
  [Fintype V]
  [Fintype I]
consider restructuring your `variable` declarations so that the variables are not in scope or explicitly omit them:
  omit [Fintype V] [Fintype I] in theorem ...

Note: This linter can be disabled with `set_option linter.unusedSectionVars false`
warning: lean/PvNP/RealizableHardness/ActualMZ24PhaseATerminalProducer.lean:256:0: automatically included section variable(s) unused in theorem `PvNP.RealizableHardness.ActualMZ24PhaseATerminalProducer.phaseAAdvance_m_one_no_descent`:
  [Fintype I]
consider restructuring your `variable` declarations so that the variables are not in scope or explicitly omit them:
  omit [Fintype I] in theorem ...

Note: This linter can be disabled with `set_option linter.unusedSectionVars false`
warning: lean/PvNP/RealizableHardness/ActualMZ24PhaseATerminalProducer.lean:257:35: Variable name `hroot` is not explicitly referenced.

Hint: The binding can be removed (if unused) or named `_` (if used implicitly). Alternatively, prefix the name with `_` to silence this warning:
  [apply] _hroot

Note: This linter can be disabled with `set_option linter.unusedVariables false`
warning: lean/PvNP/RealizableHardness/ActualMZ24PhaseATerminalProducer.lean:262:21: Variable name `hm_ne_one` is not explicitly referenced.

Hint: The binding can be removed (if unused) or named `_` (if used implicitly). Alternatively, prefix the name with `_` to silence this warning:
  [apply] _hm_ne_one

Note: This linter can be disabled with `set_option linter.unusedVariables false`
⚠ [3242/3262] Replayed PvNP.RealizableHardness.ActualMZ24IntersectionTaggedCount
warning: lean/PvNP/RealizableHardness/ActualMZ24IntersectionTaggedCount.lean:92:0: automatically included section variable(s) unused in theorem `PvNP.RealizableHardness.ActualMZ24IntersectionTaggedCount.exists_exactSelectedJSubset_containing`:
  [Fintype I]
consider restructuring your `variable` declarations so that the variables are not in scope or explicitly omit them:
  omit [Fintype I] in theorem ...

Note: This linter can be disabled with `set_option linter.unusedSectionVars false`
warning: lean/PvNP/RealizableHardness/ActualMZ24IntersectionTaggedCount.lean:148:46: try 'simp' instead of 'simpa'

Note: This linter can be disabled with `set_option linter.unnecessarySimpa false`
warning: lean/PvNP/RealizableHardness/ActualMZ24IntersectionTaggedCount.lean:138:0: automatically included section variable(s) unused in theorem `PvNP.RealizableHardness.ActualMZ24IntersectionTaggedCount.exactSelected_familyInter_relativeCodim`:
  [Fintype V]
  [Fintype I]
consider restructuring your `variable` declarations so that the variables are not in scope or explicitly omit them:
  omit [Fintype V] [Fintype I] in theorem ...

Note: This linter can be disabled with `set_option linter.unusedSectionVars false`
warning: lean/PvNP/RealizableHardness/ActualMZ24IntersectionTaggedCount.lean:326:18: Variable name `hr` is not explicitly referenced.

Hint: The binding can be removed (if unused) or named `_` (if used implicitly). Alternatively, prefix the name with `_` to silence this warning:
  [apply] _hr

Note: This linter can be disabled with `set_option linter.unusedVariables false`
⚠ [3244/3262] Replayed PvNP.RealizableHardness.ActualBinaryGrassmannSamplingBounds
warning: lean/PvNP/RealizableHardness/ActualBinaryGrassmannSamplingBounds.lean:483:2: try 'simp' instead of 'simpa'

Note: This linter can be disabled with `set_option linter.unnecessarySimpa false`
warning: lean/PvNP/RealizableHardness/ActualBinaryGrassmannSamplingBounds.lean:475:5: Variable name `hInj` is not explicitly referenced.

Hint: The binding can be removed (if unused) or named `_` (if used implicitly). Alternatively, prefix the name with `_` to silence this warning:
  [apply] _hInj

Note: This linter can be disabled with `set_option linter.unusedVariables false`
warning: lean/PvNP/RealizableHardness/ActualBinaryGrassmannSamplingBounds.lean:508:2: try 'simp' instead of 'simpa'

Note: This linter can be disabled with `set_option linter.unnecessarySimpa false`
warning: lean/PvNP/RealizableHardness/ActualBinaryGrassmannSamplingBounds.lean:513:5: Variable name `hInj` is not explicitly referenced.

Hint: The binding can be removed (if unused) or named `_` (if used implicitly). Alternatively, prefix the name with `_` to silence this warning:
  [apply] _hInj

Note: This linter can be disabled with `set_option linter.unusedVariables false`
warning: lean/PvNP/RealizableHardness/ActualBinaryGrassmannSamplingBounds.lean:744:29: Used `tac1 <;> tac2` where `(tac1; tac2)` would suffice

Note: This linter can be disabled with `set_option linter.unnecessarySeqFocus false`
warning: lean/PvNP/RealizableHardness/ActualBinaryGrassmannSamplingBounds.lean:769:32: Used `tac1 <;> tac2` where `(tac1; tac2)` would suffice

Note: This linter can be disabled with `set_option linter.unnecessarySeqFocus false`
warning: lean/PvNP/RealizableHardness/ActualBinaryGrassmannSamplingBounds.lean:769:45: Used `tac1 <;> tac2` where `(tac1; tac2)` would suffice

Note: This linter can be disabled with `set_option linter.unnecessarySeqFocus false`
warning: lean/PvNP/RealizableHardness/ActualBinaryGrassmannSamplingBounds.lean:784:5: Variable name `hInj` is not explicitly referenced.

Hint: The binding can be removed (if unused) or named `_` (if used implicitly). Alternatively, prefix the name with `_` to silence this warning:
  [apply] _hInj

Note: This linter can be disabled with `set_option linter.unusedVariables false`
warning: lean/PvNP/RealizableHardness/ActualBinaryGrassmannSamplingBounds.lean:792:15: This simp argument is unused:
  adviceComplement_finrank C

Hint: Omit it from the simp argument list.
  [apply] simp [haj]

Note: This linter can be disabled with `set_option linter.unusedSimpArgs false`
warning: lean/PvNP/RealizableHardness/ActualBinaryGrassmannSamplingBounds.lean:825:2: try 'simp' instead of 'simpa'

Note: This linter can be disabled with `set_option linter.unnecessarySimpa false`
warning: lean/PvNP/RealizableHardness/ActualBinaryGrassmannSamplingBounds.lean:844:15: `if_pos` has been deprecated: Use `ite_eq_left` instead
warning: lean/PvNP/RealizableHardness/ActualBinaryGrassmannSamplingBounds.lean:832:5: Variable name `hInj` is not explicitly referenced.

Hint: The binding can be removed (if unused) or named `_` (if used implicitly). Alternatively, prefix the name with `_` to silence this warning:
  [apply] _hInj

Note: This linter can be disabled with `set_option linter.unusedVariables false`
warning: lean/PvNP/RealizableHardness/ActualBinaryGrassmannSamplingBounds.lean:1092:29: Used `tac1 <;> tac2` where `(tac1; tac2)` would suffice

Note: This linter can be disabled with `set_option linter.unnecessarySeqFocus false`
warning: lean/PvNP/RealizableHardness/ActualBinaryGrassmannSamplingBounds.lean:1118:32: Used `tac1 <;> tac2` where `(tac1; tac2)` would suffice

Note: This linter can be disabled with `set_option linter.unnecessarySeqFocus false`
warning: lean/PvNP/RealizableHardness/ActualBinaryGrassmannSamplingBounds.lean:1118:45: Used `tac1 <;> tac2` where `(tac1; tac2)` would suffice

Note: This linter can be disabled with `set_option linter.unnecessarySeqFocus false`
⚠ [3245/3262] Replayed PvNP.RealizableHardness.ActualMZ24PointedSamplingJoin
warning: lean/PvNP/RealizableHardness/ActualMZ24PointedSamplingJoin.lean:72:0: Definition `twoGeneric` is a proposition; use `theorem` instead of `def`

Note: This linter can be disabled with `set_option linter.defProp false`
warning: lean/PvNP/RealizableHardness/ActualMZ24PointedSamplingJoin.lean:75:0: automatically included section variable(s) unused in theorem `PvNP.RealizableHardness.ActualMZ24PointedSamplingJoin.EnlargedPointedFamily.complement_finrank`:
  [Fintype I]
consider restructuring your `variable` declarations so that the variables are not in scope or explicitly omit them:
  omit [Fintype I] in theorem ...

Note: This linter can be disabled with `set_option linter.unusedSectionVars false`
warning: lean/PvNP/RealizableHardness/ActualMZ24PointedSamplingJoin.lean:138:0: automatically included section variable(s) unused in theorem `PvNP.RealizableHardness.ActualMZ24PointedSamplingJoin.EnlargedPointedFamily.lifted_finrank`:
  [Fintype V]
  [Fintype I]
consider restructuring your `variable` declarations so that the variables are not in scope or explicitly omit them:
  omit [Fintype V] [Fintype I] in theorem ...

Note: This linter can be disabled with `set_option linter.unusedSectionVars false`
warning: lean/PvNP/RealizableHardness/ActualMZ24PointedSamplingJoin.lean:169:0: automatically included section variable(s) unused in theorem `PvNP.RealizableHardness.ActualMZ24PointedSamplingJoin.EnlargedPointedFamily.pointed_dimension`:
  [Fintype V]
  [Fintype I]
consider restructuring your `variable` declarations so that the variables are not in scope or explicitly omit them:
  omit [Fintype V] [Fintype I] in theorem ...

Note: This linter can be disabled with `set_option linter.unusedSectionVars false`
warning: lean/PvNP/RealizableHardness/ActualMZ24PointedSamplingJoin.lean:171:0: automatically included section variable(s) unused in theorem `PvNP.RealizableHardness.ActualMZ24PointedSamplingJoin.EnlargedPointedFamily.pointed_subtract_advice`:
  [Fintype V]
  [Fintype I]
consider restructuring your `variable` declarations so that the variables are not in scope or explicitly omit them:
  omit [Fintype V] [Fintype I] in theorem ...

Note: This linter can be disabled with `set_option linter.unusedSectionVars false`
warning: lean/PvNP/RealizableHardness/ActualMZ24PointedSamplingJoin.lean:174:0: automatically included section variable(s) unused in theorem `PvNP.RealizableHardness.ActualMZ24PointedSamplingJoin.EnlargedPointedFamily.pointed_query_dimension`:
  [Fintype V]
  [Fintype I]
consider restructuring your `variable` declarations so that the variables are not in scope or explicitly omit them:
  omit [Fintype V] [Fintype I] in theorem ...

Note: This linter can be disabled with `set_option linter.unusedSectionVars false`
⚠ [3247/3262] Replayed PvNP.RealizableHardness.ActualCmmsaAdmissibilitySelector
warning: lean/PvNP/RealizableHardness/ActualCmmsaAdmissibilitySelector.lean:70:4: Try `simp at hmem` instead of `simpa using hmem`

Note: This linter can be disabled with `set_option linter.unnecessarySimpa false`
warning: lean/PvNP/RealizableHardness/ActualCmmsaAdmissibilitySelector.lean:110:54: Variable name `hd` is not explicitly referenced.

Hint: The binding can be removed (if unused) or named `_` (if used implicitly). Alternatively, prefix the name with `_` to silence this warning:
  [apply] _hd

Note: This linter can be disabled with `set_option linter.unusedVariables false`
⚠ [3250/3262] Replayed PvNP.RealizableHardness.BernoulliMGF
warning: lean/PvNP/RealizableHardness/BernoulliMGF.lean:32:17: This simp argument is unused:
  gap

Hint: Omit it from the simp argument list.
  [apply] simp only [gapSlope, id_eq]

Note: This linter can be disabled with `set_option linter.unusedSimpArgs false`
info: lean/PvNP/RealizableHardness/BernoulliMGF.lean:101:4: Try this:
  [apply] ring_nf
  
  The `ring` tactic failed to close the goal. Use `ring_nf` to obtain a normal form.
    
  Note that `ring` works primarily in *commutative* rings. If you have a noncommutative ring, abelian group or module, consider using `noncomm_ring`, `abel` or `module` instead.
⚠ [3251/3262] Replayed PvNP.RealizableHardness.FiniteConcentration
warning: lean/PvNP/RealizableHardness/FiniteConcentration.lean:180:8: `if_pos` has been deprecated: Use `ite_eq_left` instead
warning: lean/PvNP/RealizableHardness/FiniteConcentration.lean:184:8: `if_neg` has been deprecated: Use `ite_eq_right` instead
warning: lean/PvNP/RealizableHardness/FiniteConcentration.lean:220:22: This simp argument is unused:
  Fintype.card_fun

Hint: Omit it from the simp argument list.
  [apply] simp

Note: This linter can be disabled with `set_option linter.unusedSimpArgs false`
⚠ [3252/3262] Replayed PvNP.RealizableHardness.DropCountTail
warning: lean/PvNP/RealizableHardness/DropCountTail.lean:53:48: This simp argument is unused:
  Fin.sum_univ_succ

Hint: Omit it from the simp argument list.
  [apply] simp [Fintype.sum_option, blockMass, dropped]

Note: This linter can be disabled with `set_option linter.unusedSimpArgs false`
warning: lean/PvNP/RealizableHardness/DropCountTail.lean:54:2: Used `tac1 <;> tac2` where `(tac1; tac2)` would suffice

Note: This linter can be disabled with `set_option linter.unnecessarySeqFocus false`
warning: lean/PvNP/RealizableHardness/DropCountTail.lean:129:8: Unused tactic linter: `ring` does nothing

Note: This linter can be disabled with `set_option linter.unusedTactic false`
warning: lean/PvNP/RealizableHardness/DropCountTail.lean:129:8: this tactic is never executed

Note: This linter can be disabled with `set_option linter.unreachableTactic false`
warning: lean/PvNP/RealizableHardness/DropCountTail.lean:158:8: `if_neg` has been deprecated: Use `ite_eq_right` instead
warning: lean/PvNP/RealizableHardness/DropCountTail.lean:170:31: This simp argument is unused:
  h

Hint: Omit it from the simp argument list.
  [apply] simp [blockMass]

Note: This linter can be disabled with `set_option linter.unusedSimpArgs false`
⚠ [3254/3262] Replayed PvNP.RealizableHardness.DropTailParameters
warning: lean/PvNP/RealizableHardness/DropTailParameters.lean:3:0: 'Mathlib.Data.Real.Archimedean' has been deprecated: please replace this import by

import Mathlib.Algebra.Order.AbsoluteValue.Basic
import Mathlib.Data.Rat.Floor
warning: lean/PvNP/RealizableHardness/DropTailParameters.lean:97:6: Unused tactic linter: `ring` does nothing

Note: This linter can be disabled with `set_option linter.unusedTactic false`
warning: lean/PvNP/RealizableHardness/DropTailParameters.lean:97:6: this tactic is never executed

Note: This linter can be disabled with `set_option linter.unreachableTactic false`
⚠ [3256/3262] Replayed PvNP.RealizableHardness.SamplerProximity
warning: lean/PvNP/RealizableHardness/SamplerProximity.lean:102:12: Used `tac1 <;> tac2` where `(tac1; tac2)` would suffice

Note: This linter can be disabled with `set_option linter.unnecessarySeqFocus false`
warning: lean/PvNP/RealizableHardness/SamplerProximity.lean:127:12: Used `tac1 <;> tac2` where `(tac1; tac2)` would suffice

Note: This linter can be disabled with `set_option linter.unnecessarySeqFocus false`
⚠ [3257/3262] Replayed PvNP.RealizableHardness.ActualMZ24PointedSamplingProducer
warning: lean/PvNP/RealizableHardness/ActualMZ24PointedSamplingProducer.lean:117:5: Variable name `hA` is not explicitly referenced.

Hint: The binding can be removed (if unused) or named `_` (if used implicitly). Alternatively, prefix the name with `_` to silence this warning:
  [apply] _hA

Note: This linter can be disabled with `set_option linter.unusedVariables false`
warning: lean/PvNP/RealizableHardness/ActualMZ24PointedSamplingProducer.lean:126:4: This simp argument is unused:
  Module.finrank_pi

Hint: Omit it from the simp argument list.
  [apply] simp [TripleRestrictionRank.Vector, TripleRestrictionRank.Coord]

Note: This linter can be disabled with `set_option linter.unusedSimpArgs false`
⚠ [3258/3262] Replayed PvNP.RealizableHardness.ActualMZ24RetainedSamplingProducer
warning: lean/PvNP/RealizableHardness/ActualMZ24RetainedSamplingProducer.lean:74:5: Variable name `H` is not explicitly referenced.

Hint: The binding can be removed (if unused) or named `_` (if used implicitly). Alternatively, prefix the name with `_` to silence this warning:
  [apply] _H

Note: This linter can be disabled with `set_option linter.unusedVariables false`
⚠ [3259/3262] Replayed PvNP.RealizableHardness.ActualMZ24HyperplaneSupportChecks
warning: lean/PvNP/RealizableHardness/ActualMZ24HyperplaneSupportChecks.lean:44:20: This simp argument is unused:
  Module.finrank_pi

Hint: Omit it from the simp argument list.
  [apply] simp [FixtureV]

Note: This linter can be disabled with `set_option linter.unusedSimpArgs false`
warning: lean/PvNP/RealizableHardness/ActualMZ24HyperplaneSupportChecks.lean:74:20: This simp argument is unused:
  Module.finrank_pi

Hint: Omit it from the simp argument list.
  [apply] simp [FixtureV]

Note: This linter can be disabled with `set_option linter.unusedSimpArgs false`
info: lean/PvNP/RealizableHardness/ActualMZ24HyperplaneSupportChecks.lean:93:0: PvNP.RealizableHardness.ActualMZ24HyperplaneSupport.relativeCodim.{u_1} {V : Type u_1} [AddCommGroup V]
  [Module (ZMod 2) V] (W : Submodule (ZMod 2) V) : ℕ
info: lean/PvNP/RealizableHardness/ActualMZ24HyperplaneSupportChecks.lean:94:0: PvNP.RealizableHardness.ActualMZ24HyperplaneSupport.IsHyperplane.{u_1} {V : Type u_1} [AddCommGroup V]
  [Module (ZMod 2) V] (H : Submodule (ZMod 2) V) : Prop
info: lean/PvNP/RealizableHardness/ActualMZ24HyperplaneSupportChecks.lean:95:0: PvNP.RealizableHardness.ActualMZ24HyperplaneSupport.Hyperplane.{u_1} {V : Type u_1} [AddCommGroup V]
  [Module (ZMod 2) V] : Type u_1
info: lean/PvNP/RealizableHardness/ActualMZ24HyperplaneSupportChecks.lean:96:0: PvNP.RealizableHardness.ActualMZ24HyperplaneSupport.ContainingHyperplane.{u_1} {V : Type u_1} [AddCommGroup V]
  [Module (ZMod 2) V] (W : Submodule (ZMod 2) V) : Type u_1
info: lean/PvNP/RealizableHardness/ActualMZ24HyperplaneSupportChecks.lean:97:0: PvNP.RealizableHardness.ActualMZ24HyperplaneSupport.containingHyperplanes.{u_1} {V : Type u_1} [AddCommGroup V]
  [Module (ZMod 2) V] [Fintype V] (W : Submodule (ZMod 2) V) : Finset (ContainingHyperplane W)
info: lean/PvNP/RealizableHardness/ActualMZ24HyperplaneSupportChecks.lean:98:0: PvNP.RealizableHardness.ActualMZ24HyperplaneSupport.isCoatom_iff_relativeCodim_eq_one.{u_1} {V : Type u_1}
  [AddCommGroup V] [Module (ZMod 2) V] [Fintype V] (H : Submodule (ZMod 2) V) : IsCoatom H ↔ relativeCodim H = 1
info: lean/PvNP/RealizableHardness/ActualMZ24HyperplaneSupportChecks.lean:99:0: PvNP.RealizableHardness.ActualMZ24HyperplaneSupport.hyperplane_isCoatom.{u_1} {V : Type u_1} [AddCommGroup V]
  [Module (ZMod 2) V] [Fintype V] (H : Hyperplane) : IsCoatom ↑H
info: lean/PvNP/RealizableHardness/ActualMZ24HyperplaneSupportChecks.lean:100:0: PvNP.RealizableHardness.ActualMZ24HyperplaneSupport.exists_hyperplane_containing_of_ne_top.{u_1} {V : Type u_1}
  [AddCommGroup V] [Module (ZMod 2) V] [Fintype V] (W : Submodule (ZMod 2) V) (hW : W ≠ ⊤) :
  Nonempty (ContainingHyperplane W)
info: lean/PvNP/RealizableHardness/ActualMZ24HyperplaneSupportChecks.lean:101:0: PvNP.RealizableHardness.ActualMZ24HyperplaneSupport.hyperplaneNormalLine.{u_1} {V : Type u_1} [AddCommGroup V]
  [Module (ZMod 2) V] [Fintype V] (H : Hyperplane) : Grass (Module.Dual (ZMod 2) V) 1
info: lean/PvNP/RealizableHardness/ActualMZ24HyperplaneSupportChecks.lean:102:0: PvNP.RealizableHardness.ActualMZ24HyperplaneSupport.hyperplaneNormalLine_injective.{u_1} {V : Type u_1} [AddCommGroup V]
  [Module (ZMod 2) V] [Fintype V] : Function.Injective hyperplaneNormalLine
info: lean/PvNP/RealizableHardness/ActualMZ24HyperplaneSupportChecks.lean:103:0: PvNP.RealizableHardness.ActualMZ24HyperplaneSupport.containingHyperplaneNormalLine.{u_1} {V : Type u_1} [AddCommGroup V]
  [Module (ZMod 2) V] [Fintype V] (W : Submodule (ZMod 2) V) (H : ContainingHyperplane W) :
  { L // ↑L ≤ W.dualAnnihilator }
info: lean/PvNP/RealizableHardness/ActualMZ24HyperplaneSupportChecks.lean:104:0: PvNP.RealizableHardness.ActualMZ24HyperplaneSupport.containingHyperplaneNormalLine_injective.{u_1} {V : Type u_1}
  [AddCommGroup V] [Module (ZMod 2) V] [Fintype V] (W : Submodule (ZMod 2) V) :
  Function.Injective (containingHyperplaneNormalLine W)
info: lean/PvNP/RealizableHardness/ActualMZ24HyperplaneSupportChecks.lean:105:0: PvNP.RealizableHardness.ActualMZ24HyperplaneSupport.gaussian_one_of_pos {n : ℕ} (hn : 0 < n) : gaussian n 1 = 2 ^ n - 1
info: lean/PvNP/RealizableHardness/ActualMZ24HyperplaneSupportChecks.lean:106:0: PvNP.RealizableHardness.ActualMZ24HyperplaneSupport.card_containingHyperplanes_lt_two_pow.{u_1} {V : Type u_1}
  [AddCommGroup V] [Module (ZMod 2) V] [Fintype V] (W : Submodule (ZMod 2) V) (hW : W ≠ ⊤) :
  (containingHyperplanes W).card < 2 ^ relativeCodim W
info: lean/PvNP/RealizableHardness/ActualMZ24HyperplaneSupportChecks.lean:107:0: PvNP.RealizableHardness.ActualMZ24HyperplaneSupport.restrictToHyperplane.{u_1} {V : Type u_1} [AddCommGroup V]
  [Module (ZMod 2) V] (H : Hyperplane) (W : Submodule (ZMod 2) V) (hWH : W ≤ ↑H) : Submodule (ZMod 2) ↥↑H
info: lean/PvNP/RealizableHardness/ActualMZ24HyperplaneSupportChecks.lean:108:0: PvNP.RealizableHardness.ActualMZ24HyperplaneSupport.restrictToHyperplane_map_recovery.{u_1} {V : Type u_1}
  [AddCommGroup V] [Module (ZMod 2) V] [Fintype V] (H : Hyperplane) (W : Submodule (ZMod 2) V) (hWH : W ≤ ↑H) :
  Submodule.map (↑H).subtype (restrictToHyperplane H W hWH) = W
info: lean/PvNP/RealizableHardness/ActualMZ24HyperplaneSupportChecks.lean:109:0: PvNP.RealizableHardness.ActualMZ24HyperplaneSupport.restrictToHyperplane_finrank.{u_1} {V : Type u_1} [AddCommGroup V]
  [Module (ZMod 2) V] [Fintype V] (H : Hyperplane) (W : Submodule (ZMod 2) V) (hWH : W ≤ ↑H) :
  Module.finrank (ZMod 2) ↥(restrictToHyperplane H W hWH) = Module.finrank (ZMod 2) ↥W
info: lean/PvNP/RealizableHardness/ActualMZ24HyperplaneSupportChecks.lean:110:0: PvNP.RealizableHardness.ActualMZ24HyperplaneSupport.relativeCodim_restrict_add_one.{u_1} {V : Type u_1} [AddCommGroup V]
  [Module (ZMod 2) V] [Fintype V] (H : Hyperplane) (W : Submodule (ZMod 2) V) (hWH : W ≤ ↑H) :
  relativeCodim (restrictToHyperplane H W hWH) + 1 = relativeCodim W
info: lean/PvNP/RealizableHardness/ActualMZ24HyperplaneSupportChecks.lean:111:0: PvNP.RealizableHardness.ActualMZ24HyperplaneSupport.relativeCodim_restrict_pred.{u_1} {V : Type u_1} [AddCommGroup V]
  [Module (ZMod 2) V] [Fintype V] (H : Hyperplane) (W : Submodule (ZMod 2) V) (hWH : W ≤ ↑H)
  (hpos : 0 < relativeCodim W) : relativeCodim (restrictToHyperplane H W hWH) = relativeCodim W - 1
info: lean/PvNP/RealizableHardness/ActualMZ24HyperplaneSupportChecks.lean:112:0: PvNP.RealizableHardness.ActualMZ24HyperplaneSupport.restrictFamily.{u_1, u_2} {V : Type u_1} [AddCommGroup V]
  [Module (ZMod 2) V] {I : Type u_2} (H : Hyperplane) (W : I → Submodule (ZMod 2) V) (hW : ∀ (i : I), W i ≤ ↑H) :
  I → Submodule (ZMod 2) ↥↑H
info: lean/PvNP/RealizableHardness/ActualMZ24HyperplaneSupportChecks.lean:113:0: PvNP.RealizableHardness.ActualMZ24HyperplaneSupport.restrictFamily_injective.{u_1, u_2} {V : Type u_1} [AddCommGroup V]
  [Module (ZMod 2) V] [Fintype V] {I : Type u_2} (H : Hyperplane) (W : I → Submodule (ZMod 2) V)
  (hW : ∀ (i : I), W i ≤ ↑H) (hinj : Function.Injective W) : Function.Injective (restrictFamily H W hW)
info: lean/PvNP/RealizableHardness/ActualMZ24HyperplaneSupportChecks.lean:114:0: PvNP.RealizableHardness.ActualMZ24HyperplaneSupport.restrictFamily_relativeCodim_add_one.{u_1, u_2} {V : Type u_1}
  [AddCommGroup V] [Module (ZMod 2) V] [Fintype V] {I : Type u_2} (H : Hyperplane) (W : I → Submodule (ZMod 2) V)
  (hW : ∀ (i : I), W i ≤ ↑H) (i : I) : relativeCodim (restrictFamily H W hW i) + 1 = relativeCodim (W i)
info: lean/PvNP/RealizableHardness/ActualMZ24HyperplaneSupportChecks.lean:116:0: 'PvNP.RealizableHardness.ActualMZ24HyperplaneSupport.dualAnnihilator_finrank' depends on axioms: [propext,
 Classical.choice,
 Quot.sound]
info: lean/PvNP/RealizableHardness/ActualMZ24HyperplaneSupportChecks.lean:117:0: 'PvNP.RealizableHardness.ActualMZ24HyperplaneSupport.isCoatom_iff_relativeCodim_eq_one' depends on axioms: [propext,
 Classical.choice,
 Quot.sound]
info: lean/PvNP/RealizableHardness/ActualMZ24HyperplaneSupportChecks.lean:118:0: 'PvNP.RealizableHardness.ActualMZ24HyperplaneSupport.exists_hyperplane_containing_of_ne_top' depends on axioms: [propext,
 Classical.choice,
 Quot.sound]
info: lean/PvNP/RealizableHardness/ActualMZ24HyperplaneSupportChecks.lean:119:0: 'PvNP.RealizableHardness.ActualMZ24HyperplaneSupport.card_containingHyperplanes_lt_two_pow' depends on axioms: [propext,
 Classical.choice,
 Quot.sound]
info: lean/PvNP/RealizableHardness/ActualMZ24HyperplaneSupportChecks.lean:120:0: 'PvNP.RealizableHardness.ActualMZ24HyperplaneSupport.relativeCodim_restrict_add_one' depends on axioms: [propext,
 Classical.choice,
 Quot.sound]
info: lean/PvNP/RealizableHardness/ActualMZ24HyperplaneSupportChecks.lean:121:0: 'PvNP.RealizableHardness.ActualMZ24HyperplaneSupport.restrictFamily_injective' depends on axioms: [propext,
 Classical.choice,
 Quot.sound]
⚠ [3260/3262] Replayed PvNP.RealizableHardness.ActualMZ24TerminalAgreementTransportChecks
warning: lean/PvNP/RealizableHardness/ActualMZ24TerminalAgreementTransportChecks.lean:57:20: This simp argument is unused:
  Module.finrank_pi

Hint: Omit it from the simp argument list.
  [apply] simp [FixtureV]

Note: This linter can be disabled with `set_option linter.unusedSimpArgs false`
warning: lean/PvNP/RealizableHardness/ActualMZ24TerminalAgreementTransportChecks.lean:79:20: This simp argument is unused:
  Module.finrank_pi

Hint: Omit it from the simp argument list.
  [apply] simp [FixtureV]

Note: This linter can be disabled with `set_option linter.unusedSimpArgs false`
info: lean/PvNP/RealizableHardness/ActualMZ24TerminalAgreementTransportChecks.lean:193:0: PvNP.RealizableHardness.ActualMZ24TerminalAgreementTransport.liftQuery.{u_1} {V : Type u_1} [AddCommGroup V]
  [Module (ZMod 2) V] {d : ℕ} (E : Submodule (ZMod 2) V) (L : Grass (↥E) d) : Grass V d
info: lean/PvNP/RealizableHardness/ActualMZ24TerminalAgreementTransportChecks.lean:194:0: PvNP.RealizableHardness.ActualMZ24TerminalAgreementTransport.localGrass.{u_1} {V : Type u_1} [AddCommGroup V]
  [Module (ZMod 2) V] [Fintype V] {a : ℕ} (E : Submodule (ZMod 2) V) (Q : Grass V a) (hQE : ↑Q ≤ E) : Grass (↥E) a
info: lean/PvNP/RealizableHardness/ActualMZ24TerminalAgreementTransportChecks.lean:195:0: PvNP.RealizableHardness.ActualMZ24TerminalAgreementTransport.localDecodedPair.{u_1} {V : Type u_1} [AddCommGroup V]
  [Module (ZMod 2) V] [Fintype V] {a d : ℕ} (E : Submodule (ZMod 2) V) (Q : Grass V a) (P : DecodedPair Q d)
  (hQE : ↑Q ≤ E) (hWE : P.W ≤ E) : DecodedPair (localGrass E Q hQE) d
info: lean/PvNP/RealizableHardness/ActualMZ24TerminalAgreementTransportChecks.lean:196:0: PvNP.RealizableHardness.ActualMZ24TerminalAgreementTransport.restrictedTable.{u_1} {V : Type u_1} [AddCommGroup V]
  [Module (ZMod 2) V] {d : ℕ} (E : Submodule (ZMod 2) V) (T : (L : Grass V d) → Module.Dual (ZMod 2) ↥↑L)
  (L : Grass (↥E) d) : Module.Dual (ZMod 2) ↥↑L
info: lean/PvNP/RealizableHardness/ActualMZ24TerminalAgreementTransportChecks.lean:197:0: PvNP.RealizableHardness.ActualMZ24TerminalAgreementTransport.zoomRestrictionEquiv.{u_1} {V : Type u_1} [AddCommGroup V]
  [Module (ZMod 2) V] [Fintype V] {a d : ℕ} (E : Submodule (ZMod 2) V) (Q : Grass V a) (P : DecodedPair Q d)
  (hQE : ↑Q ≤ E) (hWE : P.W ≤ E) : Zoom Q P ≃ Zoom (localGrass E Q hQE) (localDecodedPair E Q P hQE hWE)
info: lean/PvNP/RealizableHardness/ActualMZ24TerminalAgreementTransportChecks.lean:198:0: PvNP.RealizableHardness.ActualMZ24TerminalAgreementTransport.agreeingZoomRestrictionEquiv.{u_1} {V : Type u_1}
  [AddCommGroup V] [Module (ZMod 2) V] [Fintype V] {a d : ℕ} (E : Submodule (ZMod 2) V) (Q : Grass V a)
  (T : (L : Grass V d) → Module.Dual (ZMod 2) ↥↑L) (P : DecodedPair Q d) (hQE : ↑Q ≤ E) (hWE : P.W ≤ E) :
  AgreeingZoom T Q P ≃ AgreeingZoom (restrictedTable E T) (localGrass E Q hQE) (localDecodedPair E Q P hQE hWE)
info: lean/PvNP/RealizableHardness/ActualMZ24TerminalAgreementTransportChecks.lean:199:0: PvNP.RealizableHardness.ActualMZ24TerminalAgreementTransport.agreement_restrict_eq.{u_1} {V : Type u_1} [AddCommGroup V]
  [Module (ZMod 2) V] [Fintype V] {a d : ℕ} (E : Submodule (ZMod 2) V) (Q : Grass V a)
  (T : (L : Grass V d) → Module.Dual (ZMod 2) ↥↑L) (P : DecodedPair Q d) (hQE : ↑Q ≤ E) (hWE : P.W ≤ E) :
  agreement T Q P = agreement (restrictedTable E T) (localGrass E Q hQE) (localDecodedPair E Q P hQE hWE)
info: lean/PvNP/RealizableHardness/ActualMZ24TerminalAgreementTransportChecks.lean:200:0: PvNP.RealizableHardness.ActualMZ24TerminalAgreementTransport.uniformLaw_zoomRestriction.{u_1} {V : Type u_1}
  [AddCommGroup V] [Module (ZMod 2) V] [Fintype V] {a d : ℕ} (E : Submodule (ZMod 2) V) (Q : Grass V a)
  (P : DecodedPair Q d) (hQE : ↑Q ≤ E) (hWE : P.W ≤ E) [Nonempty (Zoom Q P)] :
  pushforward (⇑(zoomRestrictionEquiv E Q P hQE hWE)) (uniformLaw (Zoom Q P)) =
    uniformLaw (Zoom (localGrass E Q hQE) (localDecodedPair E Q P hQE hWE))
info: lean/PvNP/RealizableHardness/ActualMZ24TerminalAgreementTransportChecks.lean:201:0: PvNP.RealizableHardness.ActualMZ24TerminalAgreementTransport.agreement_le_complement.{u_1} {V : Type u_1}
  [AddCommGroup V] [Module (ZMod 2) V] [Fintype V] {a d : ℕ} (E : Submodule (ZMod 2) V) (Q : Grass V a)
  (T : (L : Grass V d) → Module.Dual (ZMod 2) ↥↑L) (P : DecodedPair Q d) (hQE : ↑Q ≤ E) (hWE : P.W ≤ E)
  (C : AdviceComplement (localGrass E Q hQE)) (had : a ≤ d) (hb : a + (d - a) = d) :
  agreement T Q P ≤
    agreement (complementTable (restrictedTable E T) C had hb) (bottomGrass C.A)
      (complementPair C (localDecodedPair E Q P hQE hWE))
info: lean/PvNP/RealizableHardness/ActualMZ24TerminalAgreementTransportChecks.lean:203:0: 'PvNP.RealizableHardness.ActualMZ24TerminalAgreementTransport.zoomRestrictionEquiv' depends on axioms: [propext,
 Classical.choice,
 Quot.sound]
info: lean/PvNP/RealizableHardness/ActualMZ24TerminalAgreementTransportChecks.lean:204:0: 'PvNP.RealizableHardness.ActualMZ24TerminalAgreementTransport.agreeingZoomRestrictionEquiv' depends on axioms: [propext,
 Classical.choice,
 Quot.sound]
info: lean/PvNP/RealizableHardness/ActualMZ24TerminalAgreementTransportChecks.lean:205:0: 'PvNP.RealizableHardness.ActualMZ24TerminalAgreementTransport.agreement_restrict_eq' depends on axioms: [propext,
 Classical.choice,
 Quot.sound]
info: lean/PvNP/RealizableHardness/ActualMZ24TerminalAgreementTransportChecks.lean:206:0: 'PvNP.RealizableHardness.ActualMZ24TerminalAgreementTransport.uniformLaw_zoomRestriction' depends on axioms: [propext,
 Classical.choice,
 Quot.sound]
info: lean/PvNP/RealizableHardness/ActualMZ24TerminalAgreementTransportChecks.lean:207:0: 'PvNP.RealizableHardness.ActualMZ24TerminalAgreementTransport.agreement_le_complement' depends on axioms: [propext,
 Classical.choice,
 Quot.sound]
⚠ [3261/3262] Built PvNP.RealizableHardness.ActualMZ24RetainedGenericExtraction (121s)
warning: lean/PvNP/RealizableHardness/ActualMZ24RetainedGenericExtraction.lean:53:8: automatically included section variable(s) unused in theorem `_private.PvNP.RealizableHardness.ActualMZ24RetainedGenericExtraction.0.PvNP.RealizableHardness.ActualMZ24RetainedGenericExtraction.dependentTransport_back`:
  [Fintype V]
consider restructuring your `variable` declarations so that the variables are not in scope or explicitly omit them:
  omit [Fintype V] in theorem ...

Note: This linter can be disabled with `set_option linter.unusedSectionVars false`
warning: lean/PvNP/RealizableHardness/ActualMZ24RetainedGenericExtraction.lean:141:8: `if_pos` has been deprecated: Use `ite_eq_left` instead
warning: lean/PvNP/RealizableHardness/ActualMZ24RetainedGenericExtraction.lean:151:8: `if_neg` has been deprecated: Use `ite_eq_right` instead
warning: lean/PvNP/RealizableHardness/ActualMZ24RetainedGenericExtraction.lean:149:12: This simp argument is unused:
  uniformLaw_apply

Hint: Omit it from the simp argument list.
  [apply] simp [hyx]

Note: This linter can be disabled with `set_option linter.unusedSimpArgs false`
warning: lean/PvNP/RealizableHardness/ActualMZ24RetainedGenericExtraction.lean:157:10: This simp argument is unused:
  uniformLaw_apply

Hint: Omit it from the simp argument list.
  [apply] simp [hyx]

Note: This linter can be disabled with `set_option linter.unusedSimpArgs false`
warning: lean/PvNP/RealizableHardness/ActualMZ24RetainedGenericExtraction.lean:177:2: Try this: 
  letI̵

The goal is a proposition, so `let` is preferred over `letI`.
The difference between `let` and `letI` is that `letI` inlines the value.
But this is not relevant for proofs because of proof irrelevance.

Note: This linter can be disabled with `set_option linter.style.haveILetI false`
warning: lean/PvNP/RealizableHardness/ActualMZ24RetainedGenericExtraction.lean:189:0: Definition `PvNP.RealizableHardness.ActualMZ24RetainedGenericExtraction.zoom_nonempty_of_component` of class type is semireducible. Most type class instances should be instance-reducible, so consider marking this
definition with `@[instance_reducible]`. If it is intentionally semireducible, this warning can be disabled with `set_option warn.classDefReducibility false`.
warning: lean/PvNP/RealizableHardness/ActualMZ24RetainedGenericExtraction.lean:189:0: Definition `zoom_nonempty_of_component` is a proposition; use `theorem` instead of `def`

Note: This linter can be disabled with `set_option linter.defProp false`
warning: lean/PvNP/RealizableHardness/ActualMZ24RetainedGenericExtraction.lean:501:2: Try this: 
  letI̵

The goal is a proposition, so `let` is preferred over `letI`.
The difference between `let` and `letI` is that `letI` inlines the value.
But this is not relevant for proofs because of proof irrelevance.

Note: This linter can be disabled with `set_option linter.style.haveILetI false`
warning: lean/PvNP/RealizableHardness/ActualMZ24RetainedGenericExtraction.lean:553:2: Try this: 
  letI̵

The goal is a proposition, so `let` is preferred over `letI`.
The difference between `let` and `letI` is that `letI` inlines the value.
But this is not relevant for proofs because of proof irrelevance.

Note: This linter can be disabled with `set_option linter.style.haveILetI false`
warning: lean/PvNP/RealizableHardness/ActualMZ24RetainedGenericExtraction.lean:623:2: Try this: 
  letI̵

The goal is a proposition, so `let` is preferred over `letI`.
The difference between `let` and `letI` is that `letI` inlines the value.
But this is not relevant for proofs because of proof irrelevance.

Note: This linter can be disabled with `set_option linter.style.haveILetI false`
warning: lean/PvNP/RealizableHardness/ActualMZ24RetainedGenericExtraction.lean:794:4: try 'simp' instead of 'simpa'

Note: This linter can be disabled with `set_option linter.unnecessarySimpa false`
warning: lean/PvNP/RealizableHardness/ActualMZ24RetainedGenericExtraction.lean:839:14: Used `tac1 <;> tac2` where `(tac1; tac2)` would suffice

Note: This linter can be disabled with `set_option linter.unnecessarySeqFocus false`
⚠ [3262/3262] Built PvNP.RealizableHardness.ActualMZ24RetainedGenericExtractionChecks (26s)
info: lean/PvNP/RealizableHardness/ActualMZ24RetainedGenericExtractionChecks.lean:32:0: PvNP.RealizableHardness.ActualMZ24RetainedGenericExtraction.positiveBucketRootPair.{uV, u_1} {V : Type uV}
  [AddCommGroup V] [Module (ZMod 2) V] [Fintype V] {a d : ℕ} {Q : Grass V a} {I : Type u_1} [Fintype I]
  (P : I → DecodedPair Q d) (c : ℕ) (U : PositiveBucketIndex P c) : DecodedPair Q d
info: lean/PvNP/RealizableHardness/ActualMZ24RetainedGenericExtractionChecks.lean:33:0: PvNP.RealizableHardness.ActualMZ24RetainedGenericExtraction.positiveBucketRootPair_W.{uV, u_1} {V : Type uV}
  [AddCommGroup V] [Module (ZMod 2) V] [Fintype V] {a d : ℕ} {Q : Grass V a} {I : Type u_1} [Fintype I]
  (P : I → DecodedPair Q d) (c : ℕ) (U : PositiveBucketIndex P c) : (positiveBucketRootPair P c U).W = ↑U
info: lean/PvNP/RealizableHardness/ActualMZ24RetainedGenericExtractionChecks.lean:34:0: PvNP.RealizableHardness.ActualMZ24RetainedGenericExtraction.positiveBucketRootPair_eq_representative.{uV, u_1}
  {V : Type uV} [AddCommGroup V] [Module (ZMod 2) V] [Fintype V] {a d : ℕ} {Q : Grass V a} {I : Type u_1} [Fintype I]
  (P : I → DecodedPair Q d) (c : ℕ) (U : PositiveBucketIndex P c) :
  positiveBucketRootPair P c U = P (positiveBucketRepresentative P c U)
info: lean/PvNP/RealizableHardness/ActualMZ24RetainedGenericExtractionChecks.lean:35:0: PvNP.RealizableHardness.ActualMZ24RetainedGenericExtraction.positiveBucketRootPair_agreement.{uV, u_1} {V : Type uV}
  [AddCommGroup V] [Module (ZMod 2) V] [Fintype V] {a d : ℕ} {Q : Grass V a} {I : Type u_1} [Fintype I]
  (T : (L : Grass V d) → Module.Dual (ZMod 2) ↥↑L) (P : I → DecodedPair Q d) (c : ℕ) (beta : ℚ)
  (hagr : ∀ (i : I), beta ≤ agreement T Q (P i)) (U : PositiveBucketIndex P c) :
  beta ≤ agreement T Q (positiveBucketRootPair P c U)
info: lean/PvNP/RealizableHardness/ActualMZ24RetainedGenericExtractionChecks.lean:36:0: PvNP.RealizableHardness.ActualMZ24RetainedGenericExtraction.zoomToPointedEquiv.{uV, u_1} {V : Type uV} [AddCommGroup V]
  [Module (ZMod 2) V] [Fintype V] {I : Type u_1} [Fintype I] (F : EnlargedPointedFamily) (i : I)
  (P : DecodedPair F.Q (2 * F.h)) (hPW : P.W = F.W i) : Zoom F.Q P ≃ { L // F.regularIncidence.rel i L }
info: lean/PvNP/RealizableHardness/ActualMZ24RetainedGenericExtractionChecks.lean:37:0: PvNP.RealizableHardness.ActualMZ24RetainedGenericExtraction.zoomToPointed_uniformLaw.{uV, u_1} {V : Type uV}
  [AddCommGroup V] [Module (ZMod 2) V] [Fintype V] {I : Type u_1} [Fintype I] (F : EnlargedPointedFamily) (i : I)
  (P : DecodedPair F.Q (2 * F.h)) (hPW : P.W = F.W i) [Nonempty (Zoom F.Q P)] :
  pushforward (fun z => ↑((zoomToPointedEquiv F i P hPW) z)) (uniformLaw (Zoom F.Q P)) =
    componentLaw F.regularIncidence i
info: lean/PvNP/RealizableHardness/ActualMZ24RetainedGenericExtractionChecks.lean:38:0: PvNP.RealizableHardness.ActualMZ24RetainedGenericExtraction.outputSelectedFamily.{u_1} {Aof budget totalHMin : ℕ → ℕ}
  (H : DominatingSamplingCutoff Aof budget totalHMin) (Lsrc m D a0 : ℕ) (hsel : selector totalHMin Lsrc = ↑m)
  (draw : Draw (blocks (Aof m) (hBlock Lsrc m))) (Q0 : Grass (↥(retained draw)) a0) {K : Type u_1} [Fintype K]
  (P : K → DecodedPair Q0 (2 * hBlock Lsrc m)) (had_gap : a0 < 2 * hBlock Lsrc m) (c : ℕ) (hc : c ≤ budget m)
  (T :
    PhaseATerminal (fun U => ↑U) Q0 c (Fintype.card (PositiveBucketIndex P c))
      (ActualMZ24PhaseAStopping.phaseARoot (Fintype.card (PositiveBucketIndex P c)) c))
  (J : Finset (PhaseAGeometry.Index (fun U => ↑U) Q0 T.toPhaseAGeometry))
  (C : ActualMZ24ComplementRestriction.AdviceComplement (PhaseAGeometry.QE (fun U => ↑U) Q0 T.toPhaseAGeometry))
  (WJ : ↥J → Submodule (ZMod 2) ↥T.E)
  (WJ_eq : ∀ (j : ↥J), WJ j = PhaseAGeometry.family (fun U => ↑U) Q0 T.toPhaseAGeometry ↑j)
  (arity_generic :
    ActualBinaryGrassmannIncidence.GenericUpTo
      (ActualMZ24MaximalGenericSubfamily.carrierFamily (PhaseAGeometry.family (fun U => ↑U) Q0 T.toPhaseAGeometry) J)
      (tD D) T.r) :
  EnlargedPointedFamily
info: lean/PvNP/RealizableHardness/ActualMZ24RetainedGenericExtractionChecks.lean:39:0: PvNP.RealizableHardness.ActualMZ24RetainedGenericExtraction.RetainedGenericExtractionOutput.rootPair_eq_representative.{u_1}
  {Aof budget totalHMin : ℕ → ℕ} (H : DominatingSamplingCutoff Aof budget totalHMin) (Lsrc m D a0 : ℕ)
  (hsel : selector totalHMin Lsrc = ↑m) (draw : Draw (blocks (Aof m) (hBlock Lsrc m)))
  (Q0 : Grass (↥(retained draw)) a0)
  (T0 : (L : Grass (↥(retained draw)) (2 * hBlock Lsrc m)) → Module.Dual (ZMod 2) ↥↑L) {K : Type u_1} [Fintype K]
  (P : K → DecodedPair Q0 (2 * hBlock Lsrc m)) (beta : ℚ) (hP : Function.Injective P) (had_gap : a0 < 2 * hBlock Lsrc m)
  (hagr : ∀ (i : K), beta ≤ agreement T0 Q0 (P i))
  (O : RetainedGenericExtractionOutput H Lsrc m D a0 hsel draw Q0 T0 P beta hP had_gap hagr)
  (j : FinalIndex H Lsrc m D a0 hsel draw Q0 T0 P beta hP had_gap hagr O) :
  rootPair H Lsrc m D a0 hsel draw Q0 T0 P beta hP had_gap hagr O j =
    P (representative H Lsrc m D a0 hsel draw Q0 T0 P beta hP had_gap hagr O j)
info: lean/PvNP/RealizableHardness/ActualMZ24RetainedGenericExtractionChecks.lean:40:0: PvNP.RealizableHardness.ActualMZ24RetainedGenericExtraction.RetainedGenericExtractionOutput.localPair_W_eq.{u_1}
  {Aof budget totalHMin : ℕ → ℕ} (H : DominatingSamplingCutoff Aof budget totalHMin) (Lsrc m D a0 : ℕ)
  (hsel : selector totalHMin Lsrc = ↑m) (draw : Draw (blocks (Aof m) (hBlock Lsrc m)))
  (Q0 : Grass (↥(retained draw)) a0)
  (T0 : (L : Grass (↥(retained draw)) (2 * hBlock Lsrc m)) → Module.Dual (ZMod 2) ↥↑L) {K : Type u_1} [Fintype K]
  (P : K → DecodedPair Q0 (2 * hBlock Lsrc m)) (beta : ℚ) (hP : Function.Injective P) (had_gap : a0 < 2 * hBlock Lsrc m)
  (hagr : ∀ (i : K), beta ≤ agreement T0 Q0 (P i))
  (O : RetainedGenericExtractionOutput H Lsrc m D a0 hsel draw Q0 T0 P beta hP had_gap hagr)
  (j : FinalIndex H Lsrc m D a0 hsel draw Q0 T0 P beta hP had_gap hagr O) :
  (localPair H Lsrc m D a0 hsel draw Q0 T0 P beta hP had_gap hagr O j).W = O.WJ j
info: lean/PvNP/RealizableHardness/ActualMZ24RetainedGenericExtractionChecks.lean:41:0: PvNP.RealizableHardness.ActualMZ24RetainedGenericExtraction.RetainedGenericExtractionOutput.localAgreement_eq_source.{u_1}
  {Aof budget totalHMin : ℕ → ℕ} (H : DominatingSamplingCutoff Aof budget totalHMin) (Lsrc m D a0 : ℕ)
  (hsel : selector totalHMin Lsrc = ↑m) (draw : Draw (blocks (Aof m) (hBlock Lsrc m)))
  (Q0 : Grass (↥(retained draw)) a0)
  (T0 : (L : Grass (↥(retained draw)) (2 * hBlock Lsrc m)) → Module.Dual (ZMod 2) ↥↑L) {K : Type u_1} [Fintype K]
  (P : K → DecodedPair Q0 (2 * hBlock Lsrc m)) (beta : ℚ) (hP : Function.Injective P) (had_gap : a0 < 2 * hBlock Lsrc m)
  (hagr : ∀ (i : K), beta ≤ agreement T0 Q0 (P i))
  (O : RetainedGenericExtractionOutput H Lsrc m D a0 hsel draw Q0 T0 P beta hP had_gap hagr)
  (j : FinalIndex H Lsrc m D a0 hsel draw Q0 T0 P beta hP had_gap hagr O) :
  agreement T0 Q0 (rootPair H Lsrc m D a0 hsel draw Q0 T0 P beta hP had_gap hagr O j) =
    agreement (ActualMZ24TerminalAgreementTransport.restrictedTable O.T.E T0)
      (PhaseAGeometry.QE (fun U => ↑U) Q0 O.T.toPhaseAGeometry)
      (localPair H Lsrc m D a0 hsel draw Q0 T0 P beta hP had_gap hagr O j)
info: lean/PvNP/RealizableHardness/ActualMZ24RetainedGenericExtractionChecks.lean:42:0: PvNP.RealizableHardness.ActualMZ24RetainedGenericExtraction.RetainedGenericExtractionOutput.complementAgreement_ge.{u_1}
  {Aof budget totalHMin : ℕ → ℕ} (H : DominatingSamplingCutoff Aof budget totalHMin) (Lsrc m D a0 : ℕ)
  (hsel : selector totalHMin Lsrc = ↑m) (draw : Draw (blocks (Aof m) (hBlock Lsrc m)))
  (Q0 : Grass (↥(retained draw)) a0)
  (T0 : (L : Grass (↥(retained draw)) (2 * hBlock Lsrc m)) → Module.Dual (ZMod 2) ↥↑L) {K : Type u_1} [Fintype K]
  (P : K → DecodedPair Q0 (2 * hBlock Lsrc m)) (beta : ℚ) (hP : Function.Injective P) (had_gap : a0 < 2 * hBlock Lsrc m)
  (hagr : ∀ (i : K), beta ≤ agreement T0 Q0 (P i))
  (O : RetainedGenericExtractionOutput H Lsrc m D a0 hsel draw Q0 T0 P beta hP had_gap hagr)
  (j : FinalIndex H Lsrc m D a0 hsel draw Q0 T0 P beta hP had_gap hagr O) :
  beta ≤
    agreement
      (ActualMZ24ComplementRestriction.complementTable (ActualMZ24TerminalAgreementTransport.restrictedTable O.T.E T0)
        O.C ⋯ ⋯)
      (ActualMZ24ComplementRestriction.bottomGrass O.C.A)
      (ActualMZ24ComplementRestriction.complementPair O.C
        (localPair H Lsrc m D a0 hsel draw Q0 T0 P beta hP had_gap hagr O j))
info: lean/PvNP/RealizableHardness/ActualMZ24RetainedGenericExtractionChecks.lean:43:0: PvNP.RealizableHardness.ActualMZ24RetainedGenericExtraction.RetainedGenericExtractionOutput.selectedFamily.{u_1}
  {Aof budget totalHMin : ℕ → ℕ} (H : DominatingSamplingCutoff Aof budget totalHMin) (Lsrc m D a0 : ℕ)
  (hsel : selector totalHMin Lsrc = ↑m) (draw : Draw (blocks (Aof m) (hBlock Lsrc m)))
  (Q0 : Grass (↥(retained draw)) a0)
  (T0 : (L : Grass (↥(retained draw)) (2 * hBlock Lsrc m)) → Module.Dual (ZMod 2) ↥↑L) {K : Type u_1} [Fintype K]
  (P : K → DecodedPair Q0 (2 * hBlock Lsrc m)) (beta : ℚ) (hP : Function.Injective P) (had_gap : a0 < 2 * hBlock Lsrc m)
  (hagr : ∀ (i : K), beta ≤ agreement T0 Q0 (P i))
  (O : RetainedGenericExtractionOutput H Lsrc m D a0 hsel draw Q0 T0 P beta hP had_gap hagr) : EnlargedPointedFamily
info: lean/PvNP/RealizableHardness/ActualMZ24RetainedGenericExtractionChecks.lean:44:0: PvNP.RealizableHardness.ActualMZ24RetainedGenericExtraction.RetainedGenericExtractionOutput.adapterLocalPair_W_eq.{u_1}
  {Aof budget totalHMin : ℕ → ℕ} (H : DominatingSamplingCutoff Aof budget totalHMin) (Lsrc m D a0 : ℕ)
  (hsel : selector totalHMin Lsrc = ↑m) (draw : Draw (blocks (Aof m) (hBlock Lsrc m)))
  (Q0 : Grass (↥(retained draw)) a0)
  (T0 : (L : Grass (↥(retained draw)) (2 * hBlock Lsrc m)) → Module.Dual (ZMod 2) ↥↑L) {K : Type u_1} [Fintype K]
  (P : K → DecodedPair Q0 (2 * hBlock Lsrc m)) (beta : ℚ) (hP : Function.Injective P) (had_gap : a0 < 2 * hBlock Lsrc m)
  (hagr : ∀ (i : K), beta ≤ agreement T0 Q0 (P i))
  (O : RetainedGenericExtractionOutput H Lsrc m D a0 hsel draw Q0 T0 P beta hP had_gap hagr)
  (j : FinalIndex H Lsrc m D a0 hsel draw Q0 T0 P beta hP had_gap hagr O) :
  (adapterLocalPair H Lsrc m D a0 hsel draw Q0 T0 P beta hP had_gap hagr O j).W =
    (selectedFamily H Lsrc m D a0 hsel draw Q0 T0 P beta hP had_gap hagr O).W j
info: lean/PvNP/RealizableHardness/ActualMZ24RetainedGenericExtractionChecks.lean:45:0: PvNP.RealizableHardness.ActualMZ24RetainedGenericExtraction.RetainedGenericExtractionOutput.adapterTable.{u_1}
  {Aof budget totalHMin : ℕ → ℕ} (H : DominatingSamplingCutoff Aof budget totalHMin) (Lsrc m D a0 : ℕ)
  (hsel : selector totalHMin Lsrc = ↑m) (draw : Draw (blocks (Aof m) (hBlock Lsrc m)))
  (Q0 : Grass (↥(retained draw)) a0)
  (T0 : (L : Grass (↥(retained draw)) (2 * hBlock Lsrc m)) → Module.Dual (ZMod 2) ↥↑L) {K : Type u_1} [Fintype K]
  (P : K → DecodedPair Q0 (2 * hBlock Lsrc m)) (beta : ℚ) (hP : Function.Injective P) (had_gap : a0 < 2 * hBlock Lsrc m)
  (hagr : ∀ (i : K), beta ≤ agreement T0 Q0 (P i))
  (O : RetainedGenericExtractionOutput H Lsrc m D a0 hsel draw Q0 T0 P beta hP had_gap hagr)
  (L :
    Grass (↥(selectedFamily H Lsrc m D a0 hsel draw Q0 T0 P beta hP had_gap hagr O).E)
      (2 * (selectedFamily H Lsrc m D a0 hsel draw Q0 T0 P beta hP had_gap hagr O).h)) :
  Module.Dual (ZMod 2) ↥↑L
info: lean/PvNP/RealizableHardness/ActualMZ24RetainedGenericExtractionChecks.lean:46:0: PvNP.RealizableHardness.ActualMZ24RetainedGenericExtraction.RetainedGenericExtractionOutput.adapterComponentLaw.{u_1}
  {Aof budget totalHMin : ℕ → ℕ} (H : DominatingSamplingCutoff Aof budget totalHMin) (Lsrc m D a0 : ℕ)
  (hsel : selector totalHMin Lsrc = ↑m) (draw : Draw (blocks (Aof m) (hBlock Lsrc m)))
  (Q0 : Grass (↥(retained draw)) a0)
  (T0 : (L : Grass (↥(retained draw)) (2 * hBlock Lsrc m)) → Module.Dual (ZMod 2) ↥↑L) {K : Type u_1} [Fintype K]
  (P : K → DecodedPair Q0 (2 * hBlock Lsrc m)) (beta : ℚ) (hP : Function.Injective P) (had_gap : a0 < 2 * hBlock Lsrc m)
  (hagr : ∀ (i : K), beta ≤ agreement T0 Q0 (P i))
  (O : RetainedGenericExtractionOutput H Lsrc m D a0 hsel draw Q0 T0 P beta hP had_gap hagr)
  (j : FinalIndex H Lsrc m D a0 hsel draw Q0 T0 P beta hP had_gap hagr O) :
  pushforward
      (fun z =>
        ↑((zoomToPointedEquiv (selectedFamily H Lsrc m D a0 hsel draw Q0 T0 P beta hP had_gap hagr O) j
              (adapterLocalPair H Lsrc m D a0 hsel draw Q0 T0 P beta hP had_gap hagr O j) ⋯)
            z))
      (uniformLaw
        (Zoom (selectedFamily H Lsrc m D a0 hsel draw Q0 T0 P beta hP had_gap hagr O).Q
          (adapterLocalPair H Lsrc m D a0 hsel draw Q0 T0 P beta hP had_gap hagr O j))) =
    componentLaw (selectedFamily H Lsrc m D a0 hsel draw Q0 T0 P beta hP had_gap hagr O).regularIncidence j
info: lean/PvNP/RealizableHardness/ActualMZ24RetainedGenericExtractionChecks.lean:47:0: PvNP.RealizableHardness.ActualMZ24RetainedGenericExtraction.RetainedGenericExtractionOutput.adapterAgreementEventMass.{u_1}
  {Aof budget totalHMin : ℕ → ℕ} (H : DominatingSamplingCutoff Aof budget totalHMin) (Lsrc m D a0 : ℕ)
  (hsel : selector totalHMin Lsrc = ↑m) (draw : Draw (blocks (Aof m) (hBlock Lsrc m)))
  (Q0 : Grass (↥(retained draw)) a0)
  (T0 : (L : Grass (↥(retained draw)) (2 * hBlock Lsrc m)) → Module.Dual (ZMod 2) ↥↑L) {K : Type u_1} [Fintype K]
  (P : K → DecodedPair Q0 (2 * hBlock Lsrc m)) (beta : ℚ) (hP : Function.Injective P) (had_gap : a0 < 2 * hBlock Lsrc m)
  (hagr : ∀ (i : K), beta ≤ agreement T0 Q0 (P i))
  (O : RetainedGenericExtractionOutput H Lsrc m D a0 hsel draw Q0 T0 P beta hP had_gap hagr)
  (j : FinalIndex H Lsrc m D a0 hsel draw Q0 T0 P beta hP had_gap hagr O) :
  eventMass (componentLaw (selectedFamily H Lsrc m D a0 hsel draw Q0 T0 P beta hP had_gap hagr O).regularIncidence j)
      (pointedAgreementEvent (selectedFamily H Lsrc m D a0 hsel draw Q0 T0 P beta hP had_gap hagr O) j
        (adapterLocalPair H Lsrc m D a0 hsel draw Q0 T0 P beta hP had_gap hagr O j) ⋯
        (adapterTable H Lsrc m D a0 hsel draw Q0 T0 P beta hP had_gap hagr O)) =
    eventMass
      (uniformLaw
        (Zoom (selectedFamily H Lsrc m D a0 hsel draw Q0 T0 P beta hP had_gap hagr O).Q
          (adapterLocalPair H Lsrc m D a0 hsel draw Q0 T0 P beta hP had_gap hagr O j)))
      (agreeingEvent (adapterTable H Lsrc m D a0 hsel draw Q0 T0 P beta hP had_gap hagr O)
        (selectedFamily H Lsrc m D a0 hsel draw Q0 T0 P beta hP had_gap hagr O).Q
        (adapterLocalPair H Lsrc m D a0 hsel draw Q0 T0 P beta hP had_gap hagr O j))
info: lean/PvNP/RealizableHardness/ActualMZ24RetainedGenericExtractionChecks.lean:48:0: PvNP.RealizableHardness.ActualMZ24RetainedGenericExtraction.RetainedGenericExtractionOutput.adapterAgreementEventMass_ge.{u_1}
  {Aof budget totalHMin : ℕ → ℕ} (H : DominatingSamplingCutoff Aof budget totalHMin) (Lsrc m D a0 : ℕ)
  (hsel : selector totalHMin Lsrc = ↑m) (draw : Draw (blocks (Aof m) (hBlock Lsrc m)))
  (Q0 : Grass (↥(retained draw)) a0)
  (T0 : (L : Grass (↥(retained draw)) (2 * hBlock Lsrc m)) → Module.Dual (ZMod 2) ↥↑L) {K : Type u_1} [Fintype K]
  (P : K → DecodedPair Q0 (2 * hBlock Lsrc m)) (beta : ℚ) (hP : Function.Injective P) (had_gap : a0 < 2 * hBlock Lsrc m)
  (hagr : ∀ (i : K), beta ≤ agreement T0 Q0 (P i))
  (O : RetainedGenericExtractionOutput H Lsrc m D a0 hsel draw Q0 T0 P beta hP had_gap hagr)
  (j : FinalIndex H Lsrc m D a0 hsel draw Q0 T0 P beta hP had_gap hagr O) :
  beta ≤
    eventMass (componentLaw (selectedFamily H Lsrc m D a0 hsel draw Q0 T0 P beta hP had_gap hagr O).regularIncidence j)
      (pointedAgreementEvent (selectedFamily H Lsrc m D a0 hsel draw Q0 T0 P beta hP had_gap hagr O) j
        (adapterLocalPair H Lsrc m D a0 hsel draw Q0 T0 P beta hP had_gap hagr O j) ⋯
        (adapterTable H Lsrc m D a0 hsel draw Q0 T0 P beta hP had_gap hagr O))
info: lean/PvNP/RealizableHardness/ActualMZ24RetainedGenericExtractionChecks.lean:49:0: PvNP.RealizableHardness.ActualMZ24RetainedGenericExtraction.retainedGenericExtraction.{u_1}
  {Aof budget totalHMin : ℕ → ℕ} (H : DominatingSamplingCutoff Aof budget totalHMin) (Lsrc m D a0 : ℕ)
  (hsel : selector totalHMin Lsrc = ↑m) (draw : Draw (blocks (Aof m) (hBlock Lsrc m)))
  (Q0 : Grass (↥(retained draw)) a0)
  (T0 : (L : Grass (↥(retained draw)) (2 * hBlock Lsrc m)) → Module.Dual (ZMod 2) ↥↑L) {K : Type u_1} [Fintype K]
  (P : K → DecodedPair Q0 (2 * hBlock Lsrc m)) (beta : ℚ) (hP : Function.Injective P) (hD : 0 < D)
  (had_gap : a0 < 2 * hBlock Lsrc m) (hlarge : ∀ (i : K), 10 * (2 * hBlock Lsrc m) ≤ Module.finrank (ZMod 2) ↥(P i).W)
  (hbeta : 0 < beta) (hthreshold : 4 / 2 ^ (2 * hBlock Lsrc m - a0) < beta)
  (hagr : ∀ (i : K), beta ≤ agreement T0 Q0 (P i)) (hcodim : ∀ (i : K), codim (P i).W ≤ budget m)
  (hforce : 16 * (1 + ↑(budget m) * 2 ^ inputExponent D (budget m) (hBlock Lsrc m)) < beta ^ 2 * ↑(Fintype.card K)) :
  RetainedGenericExtractionOutput H Lsrc m D a0 hsel draw Q0 T0 P beta hP had_gap hagr
info: lean/PvNP/RealizableHardness/ActualMZ24RetainedGenericExtractionChecks.lean:50:0: PvNP.RealizableHardness.ActualMZ24RetainedGenericExtraction.RetainedGenericExtractionOutput.bucket_lower.{u_1}
  {Aof budget totalHMin : ℕ → ℕ} {H : DominatingSamplingCutoff Aof budget totalHMin} {Lsrc m D a0 : ℕ}
  {hsel : selector totalHMin Lsrc = ↑m} {draw : Draw (blocks (Aof m) (hBlock Lsrc m))}
  {Q0 : Grass (↥(retained draw)) a0}
  {T0 : (L : Grass (↥(retained draw)) (2 * hBlock Lsrc m)) → Module.Dual (ZMod 2) ↥↑L} {K : Type u_1} [Fintype K]
  {P : K → DecodedPair Q0 (2 * hBlock Lsrc m)} {beta : ℚ} {hPinj : Function.Injective P}
  {had_gap : a0 < 2 * hBlock Lsrc m} {hagr : ∀ (i : K), beta ≤ agreement T0 Q0 (P i)}
  (self : RetainedGenericExtractionOutput H Lsrc m D a0 hsel draw Q0 T0 P beta hPinj had_gap hagr) :
  2 ^ inputExponent D (budget m) (hBlock Lsrc m) < self.B.card
info: lean/PvNP/RealizableHardness/ActualMZ24RetainedGenericExtractionChecks.lean:51:0: PvNP.RealizableHardness.ActualMZ24RetainedGenericExtraction.RetainedGenericExtractionOutput.terminal_card.{u_1}
  {Aof budget totalHMin : ℕ → ℕ} {H : DominatingSamplingCutoff Aof budget totalHMin} {Lsrc m D a0 : ℕ}
  {hsel : selector totalHMin Lsrc = ↑m} {draw : Draw (blocks (Aof m) (hBlock Lsrc m))}
  {Q0 : Grass (↥(retained draw)) a0}
  {T0 : (L : Grass (↥(retained draw)) (2 * hBlock Lsrc m)) → Module.Dual (ZMod 2) ↥↑L} {K : Type u_1} [Fintype K]
  {P : K → DecodedPair Q0 (2 * hBlock Lsrc m)} {beta : ℚ} {hPinj : Function.Injective P}
  {had_gap : a0 < 2 * hBlock Lsrc m} {hagr : ∀ (i : K), beta ≤ agreement T0 Q0 (P i)}
  (self : RetainedGenericExtractionOutput H Lsrc m D a0 hsel draw Q0 T0 P beta hPinj had_gap hagr) :
  Fintype.card (PositiveBucketIndex P self.c) ≤
    ActualMZ24PhaseAStopping.phaseABudget self.c * self.T.C.card ^ (self.c + 1)
info: lean/PvNP/RealizableHardness/ActualMZ24RetainedGenericExtractionChecks.lean:52:0: PvNP.RealizableHardness.ActualMZ24RetainedGenericExtraction.RetainedGenericExtractionOutput.fixed_ambient_card.{u_1}
  {Aof budget totalHMin : ℕ → ℕ} {H : DominatingSamplingCutoff Aof budget totalHMin} {Lsrc m D a0 : ℕ}
  {hsel : selector totalHMin Lsrc = ↑m} {draw : Draw (blocks (Aof m) (hBlock Lsrc m))}
  {Q0 : Grass (↥(retained draw)) a0}
  {T0 : (L : Grass (↥(retained draw)) (2 * hBlock Lsrc m)) → Module.Dual (ZMod 2) ↥↑L} {K : Type u_1} [Fintype K]
  {P : K → DecodedPair Q0 (2 * hBlock Lsrc m)} {beta : ℚ} {hPinj : Function.Injective P}
  {had_gap : a0 < 2 * hBlock Lsrc m} {hagr : ∀ (i : K), beta ≤ agreement T0 Q0 (P i)}
  (self : RetainedGenericExtractionOutput H Lsrc m D a0 hsel draw Q0 T0 P beta hPinj had_gap hagr) :
  Fintype.card (PositiveBucketIndex P self.c) ≤
    2 ^ (3 * self.c * genericityPower D self.c) * self.J.card ^ genericityPower D self.c
info: lean/PvNP/RealizableHardness/ActualMZ24RetainedGenericExtractionChecks.lean:53:0: PvNP.RealizableHardness.ActualMZ24RetainedGenericExtraction.RetainedGenericExtractionOutput.QE_map_recovery.{u_1}
  {Aof budget totalHMin : ℕ → ℕ} {H : DominatingSamplingCutoff Aof budget totalHMin} {Lsrc m D a0 : ℕ}
  {hsel : selector totalHMin Lsrc = ↑m} {draw : Draw (blocks (Aof m) (hBlock Lsrc m))}
  {Q0 : Grass (↥(retained draw)) a0}
  {T0 : (L : Grass (↥(retained draw)) (2 * hBlock Lsrc m)) → Module.Dual (ZMod 2) ↥↑L} {K : Type u_1} [Fintype K]
  {P : K → DecodedPair Q0 (2 * hBlock Lsrc m)} {beta : ℚ} {hPinj : Function.Injective P}
  {had_gap : a0 < 2 * hBlock Lsrc m} {hagr : ∀ (i : K), beta ≤ agreement T0 Q0 (P i)}
  (self : RetainedGenericExtractionOutput H Lsrc m D a0 hsel draw Q0 T0 P beta hPinj had_gap hagr) :
  Submodule.map self.T.E.subtype ↑(PhaseAGeometry.QE (fun U => ↑U) Q0 self.T.toPhaseAGeometry) = ↑Q0
info: lean/PvNP/RealizableHardness/ActualMZ24RetainedGenericExtractionChecks.lean:54:0: PvNP.RealizableHardness.ActualMZ24RetainedGenericExtraction.RetainedGenericExtractionOutput.selectedFamily.{u_1}
  {Aof budget totalHMin : ℕ → ℕ} (H : DominatingSamplingCutoff Aof budget totalHMin) (Lsrc m D a0 : ℕ)
  (hsel : selector totalHMin Lsrc = ↑m) (draw : Draw (blocks (Aof m) (hBlock Lsrc m)))
  (Q0 : Grass (↥(retained draw)) a0)
  (T0 : (L : Grass (↥(retained draw)) (2 * hBlock Lsrc m)) → Module.Dual (ZMod 2) ↥↑L) {K : Type u_1} [Fintype K]
  (P : K → DecodedPair Q0 (2 * hBlock Lsrc m)) (beta : ℚ) (hP : Function.Injective P) (had_gap : a0 < 2 * hBlock Lsrc m)
  (hagr : ∀ (i : K), beta ≤ agreement T0 Q0 (P i))
  (O : RetainedGenericExtractionOutput H Lsrc m D a0 hsel draw Q0 T0 P beta hP had_gap hagr) : EnlargedPointedFamily
info: lean/PvNP/RealizableHardness/ActualMZ24RetainedGenericExtractionChecks.lean:55:0: PvNP.RealizableHardness.ActualMZ24RetainedGenericExtraction.RetainedGenericExtractionOutput.sampling.{u_1}
  {Aof budget totalHMin : ℕ → ℕ} {H : DominatingSamplingCutoff Aof budget totalHMin} {Lsrc m D a0 : ℕ}
  {hsel : selector totalHMin Lsrc = ↑m} {draw : Draw (blocks (Aof m) (hBlock Lsrc m))}
  {Q0 : Grass (↥(retained draw)) a0}
  {T0 : (L : Grass (↥(retained draw)) (2 * hBlock Lsrc m)) → Module.Dual (ZMod 2) ↥↑L} {K : Type u_1} [Fintype K]
  {P : K → DecodedPair Q0 (2 * hBlock Lsrc m)} {beta : ℚ} {hPinj : Function.Injective P}
  {had_gap : a0 < 2 * hBlock Lsrc m} {hagr : ∀ (i : K), beta ≤ agreement T0 Q0 (P i)}
  (self : RetainedGenericExtractionOutput H Lsrc m D a0 hsel draw Q0 T0 P beta hPinj had_gap hagr) :
  let F := outputSelectedFamily H Lsrc m D a0 hsel draw Q0 P had_gap self.c ⋯ self.T self.J self.C self.WJ ⋯ ⋯;
  SourceSamplingBounds F
info: lean/PvNP/RealizableHardness/ActualMZ24RetainedGenericExtractionChecks.lean:56:0: PvNP.RealizableHardness.ActualMZ24RetainedGenericExtraction.RetainedGenericExtractionOutput.final_E1.{u_1}
  {Aof budget totalHMin : ℕ → ℕ} {H : DominatingSamplingCutoff Aof budget totalHMin} {Lsrc m D a0 : ℕ}
  {hsel : selector totalHMin Lsrc = ↑m} {draw : Draw (blocks (Aof m) (hBlock Lsrc m))}
  {Q0 : Grass (↥(retained draw)) a0}
  {T0 : (L : Grass (↥(retained draw)) (2 * hBlock Lsrc m)) → Module.Dual (ZMod 2) ↥↑L} {K : Type u_1} [Fintype K]
  {P : K → DecodedPair Q0 (2 * hBlock Lsrc m)} {beta : ℚ} {hPinj : Function.Injective P}
  {had_gap : a0 < 2 * hBlock Lsrc m} {hagr : ∀ (i : K), beta ≤ agreement T0 Q0 (P i)}
  (self : RetainedGenericExtractionOutput H Lsrc m D a0 hsel draw Q0 T0 P beta hPinj had_gap hagr) :
  2 ^ geometricOutputExponent D self.c (hBlock Lsrc m) < self.J.card
info: lean/PvNP/RealizableHardness/ActualMZ24RetainedGenericExtractionChecks.lean:180:0: PvNP.RealizableHardness.ActualMZ24RetainedGenericExtractionChecks.selectedFamily_scalar_and_data_identity.{u_1}
  {Aof budget totalHMin : ℕ → ℕ} (H : DominatingSamplingCutoff Aof budget totalHMin) (Lsrc m D a0 : ℕ)
  (hsel : selector totalHMin Lsrc = ↑m) (draw : Draw (blocks (Aof m) (hBlock Lsrc m)))
  (Q0 : Grass (↥(retained draw)) a0)
  (T0 : (L : Grass (↥(retained draw)) (2 * hBlock Lsrc m)) → Module.Dual (ZMod 2) ↥↑L) {K : Type u_1} [Fintype K]
  (P : K → DecodedPair Q0 (2 * hBlock Lsrc m)) (beta : ℚ) (hP : Function.Injective P) (had_gap : a0 < 2 * hBlock Lsrc m)
  (hagr : ∀ (i : K), beta ≤ agreement T0 Q0 (P i))
  (O : RetainedGenericExtractionOutput H Lsrc m D a0 hsel draw Q0 T0 P beta hP had_gap hagr) :
  let F := selectedFamily H Lsrc m D a0 hsel draw Q0 T0 P beta hP had_gap hagr O;
  F.E = O.T.E ∧
    F.a = a0 ∧
      F.h = hBlock Lsrc m ∧
        F.r = budget m ∧
          F.r' = O.T.r ∧
            F.c = O.c ∧
              F.t = tD D ∧ F.Q = PhaseAGeometry.QE (fun U => ↑U) Q0 O.T.toPhaseAGeometry ∧ F.C = O.C ∧ F.W = O.WJ
warning: lean/PvNP/RealizableHardness/ActualMZ24RetainedGenericExtractionChecks.lean:223:22: This simp argument is unused:
  Module.finrank_pi

Hint: Omit it from the simp argument list.
  [apply] simp [DuplicateV]

Note: This linter can be disabled with `set_option linter.unusedSimpArgs false`
warning: lean/PvNP/RealizableHardness/ActualMZ24RetainedGenericExtractionChecks.lean:231:22: This simp argument is unused:
  Module.finrank_pi

Hint: Omit it from the simp argument list.
  [apply] simp [DuplicateV]

Note: This linter can be disabled with `set_option linter.unusedSimpArgs false`
warning: lean/PvNP/RealizableHardness/ActualMZ24RetainedGenericExtractionChecks.lean:278:55: This simp argument is unused:
  h10

Hint: Omit it from the simp argument list.
  [apply] simp_all [duplicatePairs, duplicatePair0_ne_pair1]

Note: This linter can be disabled with `set_option linter.unusedSimpArgs false`
info: lean/PvNP/RealizableHardness/ActualMZ24RetainedGenericExtractionChecks.lean:324:0: PvNP.RealizableHardness.ActualMZ24RetainedGenericExtractionChecks.selected_final_stage_strict_E1.{u_1}
  {Aof budget totalHMin : ℕ → ℕ} (H : DominatingSamplingCutoff Aof budget totalHMin) (Lsrc m D a0 : ℕ)
  (hsel : selector totalHMin Lsrc = ↑m) (draw : Draw (blocks (Aof m) (hBlock Lsrc m)))
  (Q0 : Grass (↥(retained draw)) a0)
  (T0 : (L : Grass (↥(retained draw)) (2 * hBlock Lsrc m)) → Module.Dual (ZMod 2) ↥↑L) {K : Type u_1} [Fintype K]
  (P : K → DecodedPair Q0 (2 * hBlock Lsrc m)) (beta : ℚ) (hP : Function.Injective P) (had_gap : a0 < 2 * hBlock Lsrc m)
  (hagr : ∀ (i : K), beta ≤ agreement T0 Q0 (P i))
  (O : RetainedGenericExtractionOutput H Lsrc m D a0 hsel draw Q0 T0 P beta hP had_gap hagr) :
  2 ^ geometricOutputExponent D O.c (hBlock Lsrc m) < Fintype.card ↥O.J
info: lean/PvNP/RealizableHardness/ActualMZ24RetainedGenericExtractionChecks.lean:325:0: PvNP.RealizableHardness.ActualMZ24GenericSubfamilyRepresentative.E1_47 : geometricOutputExponent 1 1 1 = 47
info: lean/PvNP/RealizableHardness/ActualMZ24RetainedGenericExtractionChecks.lean:326:0: PvNP.RealizableHardness.ActualMZ24GenericSubfamilyRepresentative.E1_not_75 : geometricOutputExponent 1 1 1 ≠ 75
info: lean/PvNP/RealizableHardness/ActualMZ24RetainedGenericExtractionChecks.lean:327:0: PvNP.RealizableHardness.ActualMZ24RetainedGenericExtractionChecks.selected_family_W_injective.{u_1}
  {Aof budget totalHMin : ℕ → ℕ} (H : DominatingSamplingCutoff Aof budget totalHMin) (Lsrc m D a0 : ℕ)
  (hsel : selector totalHMin Lsrc = ↑m) (draw : Draw (blocks (Aof m) (hBlock Lsrc m)))
  (Q0 : Grass (↥(retained draw)) a0)
  (T0 : (L : Grass (↥(retained draw)) (2 * hBlock Lsrc m)) → Module.Dual (ZMod 2) ↥↑L) {K : Type u_1} [Fintype K]
  (P : K → DecodedPair Q0 (2 * hBlock Lsrc m)) (beta : ℚ) (hP : Function.Injective P) (had_gap : a0 < 2 * hBlock Lsrc m)
  (hagr : ∀ (i : K), beta ≤ agreement T0 Q0 (P i))
  (O : RetainedGenericExtractionOutput H Lsrc m D a0 hsel draw Q0 T0 P beta hP had_gap hagr) :
  Function.Injective (selectedFamily H Lsrc m D a0 hsel draw Q0 T0 P beta hP had_gap hagr O).W
info: lean/PvNP/RealizableHardness/ActualMZ24RetainedGenericExtractionChecks.lean:328:0: PvNP.RealizableHardness.ActualMZ24RetainedGenericExtractionChecks.distinct_final_indices_have_distinct_W.{u_1}
  {Aof budget totalHMin : ℕ → ℕ} (H : DominatingSamplingCutoff Aof budget totalHMin) (Lsrc m D a0 : ℕ)
  (hsel : selector totalHMin Lsrc = ↑m) (draw : Draw (blocks (Aof m) (hBlock Lsrc m)))
  (Q0 : Grass (↥(retained draw)) a0)
  (T0 : (L : Grass (↥(retained draw)) (2 * hBlock Lsrc m)) → Module.Dual (ZMod 2) ↥↑L) {K : Type u_1} [Fintype K]
  (P : K → DecodedPair Q0 (2 * hBlock Lsrc m)) (beta : ℚ) (hP : Function.Injective P) (had_gap : a0 < 2 * hBlock Lsrc m)
  (hagr : ∀ (i : K), beta ≤ agreement T0 Q0 (P i))
  (O : RetainedGenericExtractionOutput H Lsrc m D a0 hsel draw Q0 T0 P beta hP had_gap hagr)
  (j k : FinalIndex H Lsrc m D a0 hsel draw Q0 T0 P beta hP had_gap hagr O) (hjk : j ≠ k) :
  (selectedFamily H Lsrc m D a0 hsel draw Q0 T0 P beta hP had_gap hagr O).W j ≠
    (selectedFamily H Lsrc m D a0 hsel draw Q0 T0 P beta hP had_gap hagr O).W k
info: lean/PvNP/RealizableHardness/ActualMZ24RetainedGenericExtractionChecks.lean:329:0: PvNP.RealizableHardness.ActualMZ24RetainedGenericExtractionChecks.actual_producer_stage_card_and_E1.{u_1}
  {Aof budget totalHMin : ℕ → ℕ} (H : DominatingSamplingCutoff Aof budget totalHMin) (Lsrc m D a0 : ℕ)
  (hsel : selector totalHMin Lsrc = ↑m) (draw : Draw (blocks (Aof m) (hBlock Lsrc m)))
  (Q0 : Grass (↥(retained draw)) a0)
  (T0 : (L : Grass (↥(retained draw)) (2 * hBlock Lsrc m)) → Module.Dual (ZMod 2) ↥↑L) {K : Type u_1} [Fintype K]
  (P : K → DecodedPair Q0 (2 * hBlock Lsrc m)) (beta : ℚ) (hP : Function.Injective P) (hD : 0 < D)
  (had_gap : a0 < 2 * hBlock Lsrc m) (hlarge : ∀ (i : K), 10 * (2 * hBlock Lsrc m) ≤ Module.finrank (ZMod 2) ↥(P i).W)
  (hbeta : 0 < beta) (hthreshold : 4 / 2 ^ (2 * hBlock Lsrc m - a0) < beta)
  (hagr : ∀ (i : K), beta ≤ agreement T0 Q0 (P i)) (hcodim : ∀ (i : K), codim (P i).W ≤ budget m)
  (hforce : 16 * (1 + ↑(budget m) * 2 ^ inputExponent D (budget m) (hBlock Lsrc m)) < beta ^ 2 * ↑(Fintype.card K)) :
  have O :=
    retainedGenericExtraction H Lsrc m D a0 hsel draw Q0 T0 P beta hP hD had_gap hlarge hbeta hthreshold hagr hcodim
      hforce;
  Fintype.card (PositiveBucketIndex P O.c) = O.B.card ∧
    Fintype.card (PhaseAGeometry.Index (fun U => ↑U) Q0 O.T.toPhaseAGeometry) = O.T.C.card ∧
      Fintype.card ↥O.J = O.J.card ∧ 2 ^ geometricOutputExponent D O.c (hBlock Lsrc m) < Fintype.card ↥O.J
info: lean/PvNP/RealizableHardness/ActualMZ24RetainedGenericExtractionChecks.lean:330:0: PvNP.RealizableHardness.ActualMZ24RetainedGenericExtractionChecks.duplicatePairCodimBucket_card :
  Fintype.card (PairCodimBucket duplicatePairs 1) = 2
info: lean/PvNP/RealizableHardness/ActualMZ24RetainedGenericExtractionChecks.lean:331:0: PvNP.RealizableHardness.ActualMZ24RetainedGenericExtractionChecks.duplicatePairs_injective :
  Function.Injective duplicatePairs
info: lean/PvNP/RealizableHardness/ActualMZ24RetainedGenericExtractionChecks.lean:332:0: PvNP.RealizableHardness.ActualMZ24RetainedGenericExtractionChecks.duplicatePairs_same_W :
  (duplicatePairs 0).W = (duplicatePairs 1).W
info: lean/PvNP/RealizableHardness/ActualMZ24RetainedGenericExtractionChecks.lean:333:0: PvNP.RealizableHardness.ActualMZ24RetainedGenericExtractionChecks.duplicateG1_ne_zero : duplicateG1 ≠ 0
info: lean/PvNP/RealizableHardness/ActualMZ24RetainedGenericExtractionChecks.lean:334:0: PvNP.RealizableHardness.ActualMZ24RetainedGenericExtractionChecks.duplicateWSubspaceBucket_card :
  (codimSubspaceBucket duplicatePairs 1).card = 1
info: lean/PvNP/RealizableHardness/ActualMZ24RetainedGenericExtractionChecks.lean:335:0: PvNP.RealizableHardness.ActualMZ24RetainedGenericExtractionChecks.duplicatePositiveBucketIndex_card :
  Fintype.card (PositiveBucketIndex duplicatePairs 1) = 1
info: lean/PvNP/RealizableHardness/ActualMZ24RetainedGenericExtractionChecks.lean:337:0: 'PvNP.RealizableHardness.ActualMZ24RetainedGenericExtraction.positiveBucketRootPair_eq_representative' depends on axioms: [propext,
 Classical.choice,
 Quot.sound]
info: lean/PvNP/RealizableHardness/ActualMZ24RetainedGenericExtractionChecks.lean:338:0: 'PvNP.RealizableHardness.ActualMZ24RetainedGenericExtraction.zoomToPointed_uniformLaw' depends on axioms: [propext,
 Classical.choice,
 Quot.sound]
info: lean/PvNP/RealizableHardness/ActualMZ24RetainedGenericExtractionChecks.lean:339:0: 'PvNP.RealizableHardness.ActualMZ24RetainedGenericExtraction.RetainedGenericExtractionOutput.adapterComponentLaw' depends on axioms: [propext,
 Classical.choice,
 Quot.sound]
info: lean/PvNP/RealizableHardness/ActualMZ24RetainedGenericExtractionChecks.lean:340:0: 'PvNP.RealizableHardness.ActualMZ24RetainedGenericExtraction.RetainedGenericExtractionOutput.adapterAgreementEventMass' depends on axioms: [propext,
 Classical.choice,
 Quot.sound]
info: lean/PvNP/RealizableHardness/ActualMZ24RetainedGenericExtractionChecks.lean:341:0: 'PvNP.RealizableHardness.ActualMZ24RetainedGenericExtraction.outputSelectedFamily' depends on axioms: [propext,
 Classical.choice,
 Quot.sound]
info: lean/PvNP/RealizableHardness/ActualMZ24RetainedGenericExtractionChecks.lean:342:0: 'PvNP.RealizableHardness.ActualMZ24RetainedGenericExtractionChecks.selectedFamily_scalar_and_data_identity' depends on axioms: [propext,
 Classical.choice,
 Quot.sound]
info: lean/PvNP/RealizableHardness/ActualMZ24RetainedGenericExtractionChecks.lean:343:0: 'PvNP.RealizableHardness.ActualMZ24RetainedGenericExtraction.RetainedGenericExtractionOutput.adapterAgreementEventMass_ge' depends on axioms: [propext,
 Classical.choice,
 Quot.sound]
info: lean/PvNP/RealizableHardness/ActualMZ24RetainedGenericExtractionChecks.lean:344:0: 'PvNP.RealizableHardness.ActualMZ24RetainedGenericExtractionChecks.selected_component_eventMass_ge' depends on axioms: [propext,
 Classical.choice,
 Quot.sound]
info: lean/PvNP/RealizableHardness/ActualMZ24RetainedGenericExtractionChecks.lean:345:0: 'PvNP.RealizableHardness.ActualMZ24RetainedGenericExtractionChecks.selected_final_stage_strict_E1' depends on axioms: [propext,
 Classical.choice,
 Quot.sound]
info: lean/PvNP/RealizableHardness/ActualMZ24RetainedGenericExtractionChecks.lean:346:0: 'PvNP.RealizableHardness.ActualMZ24RetainedGenericExtractionChecks.selected_family_W_injective' depends on axioms: [propext,
 Classical.choice,
 Quot.sound]
info: lean/PvNP/RealizableHardness/ActualMZ24RetainedGenericExtractionChecks.lean:347:0: 'PvNP.RealizableHardness.ActualMZ24RetainedGenericExtractionChecks.distinct_final_indices_have_distinct_W' depends on axioms: [propext,
 Classical.choice,
 Quot.sound]
info: lean/PvNP/RealizableHardness/ActualMZ24RetainedGenericExtractionChecks.lean:348:0: 'PvNP.RealizableHardness.ActualMZ24RetainedGenericExtractionChecks.actual_producer_stage_card_and_E1' depends on axioms: [propext,
 Classical.choice,
 Quot.sound]
info: lean/PvNP/RealizableHardness/ActualMZ24RetainedGenericExtractionChecks.lean:349:0: 'PvNP.RealizableHardness.ActualMZ24RetainedGenericExtractionChecks.duplicatePairCodimBucket_card' depends on axioms: [propext,
 Classical.choice,
 Quot.sound]
info: lean/PvNP/RealizableHardness/ActualMZ24RetainedGenericExtractionChecks.lean:350:0: 'PvNP.RealizableHardness.ActualMZ24RetainedGenericExtractionChecks.duplicateWSubspaceBucket_card' depends on axioms: [propext,
 Classical.choice,
 Quot.sound]
info: lean/PvNP/RealizableHardness/ActualMZ24RetainedGenericExtractionChecks.lean:351:0: 'PvNP.RealizableHardness.ActualMZ24RetainedGenericExtractionChecks.duplicatePositiveBucketIndex_card' depends on axioms: [propext,
 Classical.choice,
 Quot.sound]
info: lean/PvNP/RealizableHardness/ActualMZ24RetainedGenericExtractionChecks.lean:352:0: 'PvNP.RealizableHardness.ActualMZ24RetainedGenericExtraction.retainedGenericExtraction' depends on axioms: [propext,
 Classical.choice,
 Quot.sound]
Build completed successfully (3262 jobs).
