ℹ [996/1104] Replayed PvNP.RealizableHardness.ExceptionRepair
info: lean/PvNP/RealizableHardness/ExceptionRepair.lean:200:0: 'PvNP.RealizableHardness.exception_completeness' depends on axioms: [propext, Classical.choice, Quot.sound]
info: lean/PvNP/RealizableHardness/ExceptionRepair.lean:201:0: 'PvNP.RealizableHardness.exception_soundness' depends on axioms: [propext, Classical.choice, Quot.sound]
ℹ [998/1104] Replayed PvNP.RealizableHardness.Formula
info: lean/PvNP/RealizableHardness/Formula.lean:93:0: 'PvNP.RealizableHardness.Formula.repair_complete' depends on axioms: [propext, Classical.choice, Quot.sound]
info: lean/PvNP/RealizableHardness/Formula.lean:94:0: 'PvNP.RealizableHardness.Formula.leaves_repair' depends on axioms: [propext]
info: lean/PvNP/RealizableHardness/Formula.lean:95:0: 'PvNP.RealizableHardness.Formula.repair_sound' depends on axioms: [propext, Classical.choice, Quot.sound]
⚠ [1014/1104] Replayed PvNP.RealizableHardness.WeightRounding
warning: lean/PvNP/RealizableHardness/WeightRounding.lean:47:56: `if_false` has been deprecated: Use `ite_false` instead
warning: lean/PvNP/RealizableHardness/WeightRounding.lean:47:56: `if_false` has been deprecated: Use `ite_false` instead
warning: lean/PvNP/RealizableHardness/WeightRounding.lean:47:32: This simp argument is unused:
  hx

Hint: Omit it from the simp argument list.
  [apply] simp only [Bool.false_eq_true, if_false, mul_zero, ite_true]

Note: This linter can be disabled with `set_option linter.unusedSimpArgs false`
warning: lean/PvNP/RealizableHardness/WeightRounding.lean:61:14: This simp argument is unused:
  hx

Hint: Omit it from the simp argument list.
  [apply] simp

Note: This linter can be disabled with `set_option linter.unusedSimpArgs false`
⚠ [1043/1104] Replayed PvNP.RealizableHardness.FiniteSampling
warning: lean/PvNP/RealizableHardness/FiniteSampling.lean:94:14: This simp argument is unused:
  hi

Hint: Omit it from the simp argument list.
  [apply] simp

Note: This linter can be disabled with `set_option linter.unusedSimpArgs false`
warning: lean/PvNP/RealizableHardness/FiniteSampling.lean:136:8: `if_neg` has been deprecated: Use `ite_eq_right` instead
⚠ [1717/1907] Replayed PvNP.RealizableHardness.TripleRestrictionRank
warning: lean/PvNP/RealizableHardness/TripleRestrictionRank.lean:41:39: This simp argument is unused:
  Fin.sum_univ_succ

Hint: Omit it from the simp argument list.
  [apply] simp [Fintype.sum_option, blockMass]

Note: This linter can be disabled with `set_option linter.unusedSimpArgs false`
warning: lean/PvNP/RealizableHardness/TripleRestrictionRank.lean:42:2: Used `tac1 <;> tac2` where `(tac1; tac2)` would suffice

Note: This linter can be disabled with `set_option linter.unnecessarySeqFocus false`
warning: lean/PvNP/RealizableHardness/TripleRestrictionRank.lean:49:26: `if_true` has been deprecated: Use `ite_true` instead
warning: lean/PvNP/RealizableHardness/TripleRestrictionRank.lean:69:19: `if_false` has been deprecated: Use `ite_false` instead
warning: lean/PvNP/RealizableHardness/TripleRestrictionRank.lean:91:25: `if_pos` has been deprecated: Use `ite_eq_left` instead
warning: lean/PvNP/RealizableHardness/TripleRestrictionRank.lean:92:25: `if_neg` has been deprecated: Use `ite_eq_right` instead
warning: lean/PvNP/RealizableHardness/TripleRestrictionRank.lean:92:50: `if_true` has been deprecated: Use `ite_true` instead
warning: lean/PvNP/RealizableHardness/TripleRestrictionRank.lean:105:19: `if_pos` has been deprecated: Use `ite_eq_left` instead
warning: lean/PvNP/RealizableHardness/TripleRestrictionRank.lean:106:19: `if_neg` has been deprecated: Use `ite_eq_right` instead
warning: lean/PvNP/RealizableHardness/TripleRestrictionRank.lean:92:36: This simp argument is unused:
  Bool.true_eq

Hint: Omit it from the simp argument list.
  [apply] simp only [events, if_neg hi, if_true]

Note: This linter can be disabled with `set_option linter.unusedSimpArgs false`
warning: lean/PvNP/RealizableHardness/TripleRestrictionRank.lean:112:39: This simp argument is unused:
  Fin.sum_univ_succ

Hint: Omit it from the simp argument list.
  [apply] simp [Fintype.sum_option, blockMass]

Note: This linter can be disabled with `set_option linter.unusedSimpArgs false`
warning: lean/PvNP/RealizableHardness/TripleRestrictionRank.lean:113:2: Used `tac1 <;> tac2` where `(tac1; tac2)` would suffice

Note: This linter can be disabled with `set_option linter.unnecessarySeqFocus false`
warning: lean/PvNP/RealizableHardness/TripleRestrictionRank.lean:121:20: This simp argument is unused:
  hd

Hint: Omit it from the simp argument list.
  [apply] simp

Note: This linter can be disabled with `set_option linter.unusedSimpArgs false`
warning: lean/PvNP/RealizableHardness/TripleRestrictionRank.lean:190:15: This simp argument is unused:
  Module.finrank_pi

Hint: Omit it from the simp argument list.
  [apply] simp [Coeff]

Note: This linter can be disabled with `set_option linter.unusedSimpArgs false`
warning: lean/PvNP/RealizableHardness/TripleRestrictionRank.lean:224:15: `if_pos` has been deprecated: Use `ite_eq_left` instead
warning: lean/PvNP/RealizableHardness/TripleRestrictionRank.lean:234:15: `if_neg` has been deprecated: Use `ite_eq_right` instead
warning: lean/PvNP/RealizableHardness/TripleRestrictionRank.lean:257:25: This simp argument is unused:
  Coeff

Hint: Omit it from the simp argument list.
  [apply] simp [s, Fintype.card_fun, ZMod.card]

Note: This linter can be disabled with `set_option linter.unusedSimpArgs false`
warning: lean/PvNP/RealizableHardness/TripleRestrictionRank.lean:257:32: This simp argument is unused:
  Fintype.card_fun

Hint: Omit it from the simp argument list.
  [apply] simp [s, Coeff, ZMod.card]

Note: This linter can be disabled with `set_option linter.unusedSimpArgs false`
warning: lean/PvNP/RealizableHardness/TripleRestrictionRank.lean:335:49: This simp argument is unused:
  mul_assoc

Hint: Omit it from the simp argument list.
  [apply] simp [evaluate, Finset.mul_sum, mul_left_comm]

Note: This linter can be disabled with `set_option linter.unusedSimpArgs false`
warning: lean/PvNP/RealizableHardness/TripleRestrictionRank.lean:433:69: This simp argument is unused:
  Module.finrank_pi

Hint: Omit it from the simp argument list.
  [apply] simp [Coeff]

Note: This linter can be disabled with `set_option linter.unusedSimpArgs false`
⚠ [1718/1907] Replayed PvNP.RealizableHardness.SubspaceRestriction
warning: lean/PvNP/RealizableHardness/SubspaceRestriction.lean:123:52: This simp argument is unused:
  Module.finrank_pi

Hint: Omit it from the simp argument list.
  [apply] simp [codim, TripleRestrictionRank.Vector, Coord, Nat.mul_comm]

Note: This linter can be disabled with `set_option linter.unusedSimpArgs false`
warning: lean/PvNP/RealizableHardness/SubspaceRestriction.lean:126:52: This simp argument is unused:
  Module.finrank_pi

Hint: Omit it from the simp argument list.
  [apply] simp [codim, TripleRestrictionRank.Vector, Coord]

Note: This linter can be disabled with `set_option linter.unusedSimpArgs false`
⚠ [1719/1907] Replayed PvNP.RealizableHardness.PosteriorReweighting
warning: lean/PvNP/RealizableHardness/PosteriorReweighting.lean:25:0: automatically included section variable(s) unused in theorem `PvNP.RealizableHardness.PosteriorReweighting.marginal_nonneg`:
  [Fintype Q]
consider restructuring your `variable` declarations so that the variables are not in scope or explicitly omit them:
  omit [Fintype Q] in theorem ...

Note: This linter can be disabled with `set_option linter.unusedSectionVars false`
warning: lean/PvNP/RealizableHardness/PosteriorReweighting.lean:36:0: automatically included section variable(s) unused in theorem `PvNP.RealizableHardness.PosteriorReweighting.posterior_normalized`:
  [Fintype Q]
consider restructuring your `variable` declarations so that the variables are not in scope or explicitly omit them:
  omit [Fintype Q] in theorem ...

Note: This linter can be disabled with `set_option linter.unusedSectionVars false`
warning: lean/PvNP/RealizableHardness/PosteriorReweighting.lean:41:0: automatically included section variable(s) unused in theorem `PvNP.RealizableHardness.PosteriorReweighting.bayes_mass`:
  [Fintype Q]
consider restructuring your `variable` declarations so that the variables are not in scope or explicitly omit them:
  omit [Fintype Q] in theorem ...

Note: This linter can be disabled with `set_option linter.unusedSectionVars false`
warning: lean/PvNP/RealizableHardness/PosteriorReweighting.lean:46:0: automatically included section variable(s) unused in theorem `PvNP.RealizableHardness.PosteriorReweighting.zero_prior`:
  [Fintype Q]
consider restructuring your `variable` declarations so that the variables are not in scope or explicitly omit them:
  omit [Fintype Q] in theorem ...

Note: This linter can be disabled with `set_option linter.unusedSectionVars false`
warning: lean/PvNP/RealizableHardness/PosteriorReweighting.lean:49:0: automatically included section variable(s) unused in theorem `PvNP.RealizableHardness.PosteriorReweighting.bayes_ratio`:
  [Fintype Q]
consider restructuring your `variable` declarations so that the variables are not in scope or explicitly omit them:
  omit [Fintype Q] in theorem ...

Note: This linter can be disabled with `set_option linter.unusedSectionVars false`
warning: lean/PvNP/RealizableHardness/PosteriorReweighting.lean:56:0: automatically included section variable(s) unused in theorem `PvNP.RealizableHardness.PosteriorReweighting.joint_zero_of_marginal_zero`:
  [Fintype Q]
consider restructuring your `variable` declarations so that the variables are not in scope or explicitly omit them:
  omit [Fintype Q] in theorem ...

Note: This linter can be disabled with `set_option linter.unusedSectionVars false`
warning: lean/PvNP/RealizableHardness/PosteriorReweighting.lean:88:29: This simp argument is unused:
  hb

Hint: Omit it from the simp argument list.
  [apply] simp [hg, hr]

Note: This linter can be disabled with `set_option linter.unusedSimpArgs false`
warning: lean/PvNP/RealizableHardness/PosteriorReweighting.lean:90:17: This simp argument is unused:
  hb

Hint: Omit it from the simp argument list.
  [apply] simp only [hg, Bool.not_false, Bool.true_eq, ite_true]

Note: This linter can be disabled with `set_option linter.unusedSimpArgs false`
warning: lean/PvNP/RealizableHardness/PosteriorReweighting.lean:90:41: This simp argument is unused:
  Bool.true_eq

Hint: Omit it from the simp argument list.
  [apply] simp only [hb, hg, Bool.not_false, ite_true]

Note: This linter can be disabled with `set_option linter.unusedSimpArgs false`
warning: lean/PvNP/RealizableHardness/PosteriorReweighting.lean:100:20: Variable name `hz` is not explicitly referenced.

Hint: The binding can be removed (if unused) or named `_` (if used implicitly). Alternatively, prefix the name with `_` to silence this warning:
  [apply] _hz

Note: This linter can be disabled with `set_option linter.unusedVariables false`
warning: lean/PvNP/RealizableHardness/PosteriorReweighting.lean:109:17: This simp argument is unused:
  hg

Hint: Omit it from the simp argument list.
  [apply] simp only [Bool.not_false, Bool.true_eq, ite_true]

Note: This linter can be disabled with `set_option linter.unusedSimpArgs false`
warning: lean/PvNP/RealizableHardness/PosteriorReweighting.lean:109:37: This simp argument is unused:
  Bool.true_eq

Hint: Omit it from the simp argument list.
  [apply] simp only [hg, Bool.not_false, ite_true]

Note: This linter can be disabled with `set_option linter.unusedSimpArgs false`
warning: lean/PvNP/RealizableHardness/PosteriorReweighting.lean:116:17: This simp argument is unused:
  hg

Hint: Omit it from the simp argument list.
  [apply] simp only [Bool.not_true, Bool.false_eq_true, ite_false, add_zero]

Note: This linter can be disabled with `set_option linter.unusedSimpArgs false`
⚠ [1720/1907] Replayed PvNP.RealizableHardness.GrassmannIncidence
warning: lean/PvNP/RealizableHardness/GrassmannIncidence.lean:64:2: Try this: 
  letI̵

The goal is a proposition, so `let` is preferred over `letI`.
The difference between `let` and `letI` is that `letI` inlines the value.
But this is not relevant for proofs because of proof irrelevance.

Note: This linter can be disabled with `set_option linter.style.haveILetI false`
warning: lean/PvNP/RealizableHardness/GrassmannIncidence.lean:79:17: This simp argument is unused:
  Module.finrank_pi

Hint: Omit it from the simp argument list.
  [apply] simp [Coeff]

Note: This linter can be disabled with `set_option linter.unusedSimpArgs false`
⚠ [1860/1907] Replayed PvNP.RealizableHardness.GrassmannCounting
warning: lean/PvNP/RealizableHardness/GrassmannCounting.lean:28:2: Try this: 
  letI̵

The goal is a proposition, so `let` is preferred over `letI`.
The difference between `let` and `letI` is that `letI` inlines the value.
But this is not relevant for proofs because of proof irrelevance.

Note: This linter can be disabled with `set_option linter.style.haveILetI false`
warning: lean/PvNP/RealizableHardness/GrassmannCounting.lean:60:0: automatically included section variable(s) unused in theorem `PvNP.RealizableHardness.GrassmannCounting.flatten_surjective`:
  [Finite V]
consider restructuring your `variable` declarations so that the variables are not in scope or explicitly omit them:
  omit [Finite V] in theorem ...

Note: This linter can be disabled with `set_option linter.unusedSectionVars false`
warning: lean/PvNP/RealizableHardness/GrassmannCounting.lean:111:2: Try this: 
  letI̵

The goal is a proposition, so `let` is preferred over `letI`.
The difference between `let` and `letI` is that `letI` inlines the value.
But this is not relevant for proofs because of proof irrelevance.

Note: This linter can be disabled with `set_option linter.style.haveILetI false`
warning: lean/PvNP/RealizableHardness/GrassmannCounting.lean:119:18: `if_pos` has been deprecated: Use `ite_eq_left` instead
warning: lean/PvNP/RealizableHardness/GrassmannCounting.lean:120:18: `if_neg` has been deprecated: Use `ite_eq_right` instead
warning: lean/PvNP/RealizableHardness/GrassmannCounting.lean:135:0: automatically included section variable(s) unused in theorem `PvNP.RealizableHardness.GrassmannCounting.include_injective`:
  [Finite V]
consider restructuring your `variable` declarations so that the variables are not in scope or explicitly omit them:
  omit [Finite V] in theorem ...

Note: This linter can be disabled with `set_option linter.unusedSectionVars false`
warning: lean/PvNP/RealizableHardness/GrassmannCounting.lean:144:0: automatically included section variable(s) unused in theorem `PvNP.RealizableHardness.GrassmannCounting.include_surjective`:
  [Finite V]
consider restructuring your `variable` declarations so that the variables are not in scope or explicitly omit them:
  omit [Finite V] in theorem ...

Note: This linter can be disabled with `set_option linter.unusedSectionVars false`
⚠ [3058/3246] Replayed PvNP.RealizableHardness.ActualMaximalPairLadder
warning: lean/PvNP/RealizableHardness/ActualMaximalPairLadder.lean:57:0: automatically included section variable(s) unused in theorem `PvNP.RealizableHardness.ActualMaximalPairLadder.compatibleExtension_refl`:
  [Fintype V]
consider restructuring your `variable` declarations so that the variables are not in scope or explicitly omit them:
  omit [Fintype V] in theorem ...

Note: This linter can be disabled with `set_option linter.unusedSectionVars false`
warning: lean/PvNP/RealizableHardness/ActualMaximalPairLadder.lean:63:0: automatically included section variable(s) unused in theorem `PvNP.RealizableHardness.ActualMaximalPairLadder.compatibleExtension_trans`:
  [Fintype V]
consider restructuring your `variable` declarations so that the variables are not in scope or explicitly omit them:
  omit [Fintype V] in theorem ...

Note: This linter can be disabled with `set_option linter.unusedSectionVars false`
warning: lean/PvNP/RealizableHardness/ActualMaximalPairLadder.lean:147:5: Variable name `h` is not explicitly referenced.

Hint: The binding can be removed (if unused) or named `_` (if used implicitly). Alternatively, prefix the name with `_` to silence this warning:
  [apply] _h

Note: This linter can be disabled with `set_option linter.unusedVariables false`
warning: lean/PvNP/RealizableHardness/ActualMaximalPairLadder.lean:227:32: Used `tac1 <;> tac2` where `(tac1; tac2)` would suffice

Note: This linter can be disabled with `set_option linter.unnecessarySeqFocus false`
⚠ [3059/3246] Replayed PvNP.RealizableHardness.ActualFiniteLaw
warning: lean/PvNP/RealizableHardness/ActualFiniteLaw.lean:84:21: `if_true` has been deprecated: Use `ite_true` instead
warning: lean/PvNP/RealizableHardness/ActualFiniteLaw.lean:86:21: `if_false` has been deprecated: Use `ite_false` instead
warning: lean/PvNP/RealizableHardness/ActualFiniteLaw.lean:86:31: This simp argument is unused:
  zero_mul

Hint: Omit it from the simp argument list.
  [apply] simp only [hx, if_false]

Note: This linter can be disabled with `set_option linter.unusedSimpArgs false`
warning: lean/PvNP/RealizableHardness/ActualFiniteLaw.lean:241:60: This simp argument is unused:
  hn

Hint: Omit it from the simp argument list.
  [apply] simp [Finset.sum_const, Finset.card_univ, nsmul_eq_mul]

Note: This linter can be disabled with `set_option linter.unusedSimpArgs false`
warning: lean/PvNP/RealizableHardness/ActualFiniteLaw.lean:368:2: Try this: 
  letI̵

The goal is a proposition, so `let` is preferred over `letI`.
The difference between `let` and `letI` is that `letI` inlines the value.
But this is not relevant for proofs because of proof irrelevance.

Note: This linter can be disabled with `set_option linter.style.haveILetI false`
⚠ [3064/3246] Replayed PvNP.RealizableHardness.ActualFiniteIncidenceSampling
warning: lean/PvNP/RealizableHardness/ActualFiniteIncidenceSampling.lean:179:32: This simp argument is unused:
  Finset.mem_filter

Hint: Omit it from the simp argument list.
  [apply] simp only [Finset.sum_filter]

Note: This linter can be disabled with `set_option linter.unusedSimpArgs false`
warning: lean/PvNP/RealizableHardness/ActualFiniteIncidenceSampling.lean:281:34: This simp argument is unused:
  Finset.mem_univ

Hint: Omit it from the simp argument list.
  [apply] simp only [Finset.sum_filter, ite_true]

Note: This linter can be disabled with `set_option linter.unusedSimpArgs false`
warning: lean/PvNP/RealizableHardness/ActualFiniteIncidenceSampling.lean:281:51: This simp argument is unused:
  ite_true

Hint: Omit it from the simp argument list.
  [apply] simp only [Finset.sum_filter, Finset.mem_univ]

Note: This linter can be disabled with `set_option linter.unusedSimpArgs false`
warning: lean/PvNP/RealizableHardness/ActualFiniteIncidenceSampling.lean:598:10: `if_pos` has been deprecated: Use `ite_eq_left` instead
warning: lean/PvNP/RealizableHardness/ActualFiniteIncidenceSampling.lean:570:34: This simp argument is unused:
  Finset.mem_univ

Hint: Omit it from the simp argument list.
  [apply] simp only [Finset.sum_filter, ite_true]

Note: This linter can be disabled with `set_option linter.unusedSimpArgs false`
warning: lean/PvNP/RealizableHardness/ActualFiniteIncidenceSampling.lean:570:51: This simp argument is unused:
  ite_true

Hint: Omit it from the simp argument list.
  [apply] simp only [Finset.sum_filter, Finset.mem_univ]

Note: This linter can be disabled with `set_option linter.unusedSimpArgs false`
warning: lean/PvNP/RealizableHardness/ActualFiniteIncidenceSampling.lean:707:25: `if_true` has been deprecated: Use `ite_true` instead
warning: lean/PvNP/RealizableHardness/ActualFiniteIncidenceSampling.lean:707:15: This simp argument is unused:
  Prod.fst

Hint: Omit it from the simp argument list.
  [apply] simp only [if_true]

Note: This linter can be disabled with `set_option linter.unusedSimpArgs false`
warning: lean/PvNP/RealizableHardness/ActualFiniteIncidenceSampling.lean:770:32: This simp argument is unused:
  Finset.mem_univ

Hint: Omit it from the simp argument list.
  [apply] simp only [Finset.sum_filter, ite_true]

Note: This linter can be disabled with `set_option linter.unusedSimpArgs false`
warning: lean/PvNP/RealizableHardness/ActualFiniteIncidenceSampling.lean:770:49: This simp argument is unused:
  ite_true

Hint: Omit it from the simp argument list.
  [apply] simp only [Finset.sum_filter, Finset.mem_univ]

Note: This linter can be disabled with `set_option linter.unusedSimpArgs false`
warning: lean/PvNP/RealizableHardness/ActualFiniteIncidenceSampling.lean:790:2: Try this: 
  letI̵

The goal is a proposition, so `let` is preferred over `letI`.
The difference between `let` and `letI` is that `letI` inlines the value.
But this is not relevant for proofs because of proof irrelevance.

Note: This linter can be disabled with `set_option linter.style.haveILetI false`
warning: lean/PvNP/RealizableHardness/ActualFiniteIncidenceSampling.lean:809:8: `if_neg` has been deprecated: Use `ite_eq_right` instead
⚠ [3065/3246] Replayed PvNP.RealizableHardness.ActualStarQuestionSupport
warning: lean/PvNP/RealizableHardness/ActualStarQuestionSupport.lean:16:0: automatically included section variable(s) unused in theorem `PvNP.RealizableHardness.ActualStarQuestionSupport.excluded_row_points_eq`:
  [Fintype X]
  [Fintype E]
consider restructuring your `variable` declarations so that the variables are not in scope or explicitly omit them:
  omit [Fintype X] [Fintype E] in theorem ...

Note: This linter can be disabled with `set_option linter.unusedSectionVars false`
info: lean/PvNP/RealizableHardness/ActualStarQuestionSupport.lean:84:0: 'PvNP.RealizableHardness.ActualStarQuestionSupport.excluded_row_points_eq' depends on axioms: [propext,
 Classical.choice,
 Quot.sound]
info: lean/PvNP/RealizableHardness/ActualStarQuestionSupport.lean:85:0: 'PvNP.RealizableHardness.ActualStarQuestionSupport.excluded_row_overlap_le_one' depends on axioms: [propext,
 Classical.choice,
 Quot.sound]
info: lean/PvNP/RealizableHardness/ActualStarQuestionSupport.lean:86:0: 'PvNP.RealizableHardness.ActualStarQuestionSupport.new_row_private_coordinate' depends on axioms: [propext,
 Classical.choice,
 Quot.sound]
⚠ [3066/3246] Replayed PvNP.RealizableHardness.ActualStarSpanIntersection
warning: lean/PvNP/RealizableHardness/ActualStarSpanIntersection.lean:33:0: automatically included section variable(s) unused in theorem `PvNP.RealizableHardness.ActualStarSpanIntersection.equationVector_mem_coordinateSpace`:
  [Fintype X]
  [Fintype E]
  [DecidableEq E]
consider restructuring your `variable` declarations so that the variables are not in scope or explicitly omit them:
  omit [Fintype X] [Fintype E] [DecidableEq E] in theorem ...

Note: This linter can be disabled with `set_option linter.unusedSectionVars false`
warning: lean/PvNP/RealizableHardness/ActualStarSpanIntersection.lean:43:0: automatically included section variable(s) unused in theorem `PvNP.RealizableHardness.ActualStarSpanIntersection.equationVector_mem_equationSpan`:
  [Fintype X]
  [Fintype E]
  [DecidableEq E]
consider restructuring your `variable` declarations so that the variables are not in scope or explicitly omit them:
  omit [Fintype X] [Fintype E] [DecidableEq E] in theorem ...

Note: This linter can be disabled with `set_option linter.unusedSectionVars false`
info: lean/PvNP/RealizableHardness/ActualStarSpanIntersection.lean:109:0: 'PvNP.RealizableHardness.ActualStarSpanIntersection.equationSpan_inf_coordinateSpace' depends on axioms: [propext,
 Classical.choice,
 Quot.sound]
⚠ [3202/3246] Replayed PvNP.RealizableHardness.EqualityGadget
warning: lean/PvNP/RealizableHardness/EqualityGadget.lean:112:0: automatically included section variable(s) unused in theorem `PvNP.RealizableHardness.EqualityGadget.relabeled_row_injective`:
  [DecidableEq V]
consider restructuring your `variable` declarations so that the variables are not in scope or explicitly omit them:
  omit [DecidableEq V] in theorem ...

Note: This linter can be disabled with `set_option linter.unusedSectionVars false`
warning: lean/PvNP/RealizableHardness/EqualityGadget.lean:115:0: automatically included section variable(s) unused in theorem `PvNP.RealizableHardness.EqualityGadget.relabeled_support_card`:
  [DecidableEq V]
consider restructuring your `variable` declarations so that the variables are not in scope or explicitly omit them:
  omit [DecidableEq V] in theorem ...

Note: This linter can be disabled with `set_option linter.unusedSectionVars false`
warning: lean/PvNP/RealizableHardness/EqualityGadget.lean:118:0: automatically included section variable(s) unused in theorem `PvNP.RealizableHardness.EqualityGadget.relabeled_support_injective`:
  [DecidableEq V]
consider restructuring your `variable` declarations so that the variables are not in scope or explicitly omit them:
  omit [DecidableEq V] in theorem ...

Note: This linter can be disabled with `set_option linter.unusedSectionVars false`
warning: lean/PvNP/RealizableHardness/EqualityGadget.lean:144:0: automatically included section variable(s) unused in theorem `PvNP.RealizableHardness.EqualityGadget.relabeled_satisfied`:
  [DecidableEq V]
consider restructuring your `variable` declarations so that the variables are not in scope or explicitly omit them:
  omit [DecidableEq V] in theorem ...

Note: This linter can be disabled with `set_option linter.unusedSectionVars false`
warning: lean/PvNP/RealizableHardness/EqualityGadget.lean:148:0: automatically included section variable(s) unused in theorem `PvNP.RealizableHardness.EqualityGadget.relabeled_violations_lower`:
  [DecidableEq V]
consider restructuring your `variable` declarations so that the variables are not in scope or explicitly omit them:
  omit [DecidableEq V] in theorem ...

Note: This linter can be disabled with `set_option linter.unusedSectionVars false`
⚠ [3207/3246] Replayed PvNP.RealizableHardness.ActualRhsFunctionalConstruction
warning: lean/PvNP/RealizableHardness/ActualRhsFunctionalConstruction.lean:14:0: automatically included section variable(s) unused in theorem `PvNP.RealizableHardness.ActualRhsFunctionalConstruction.equationVectors_linearIndependent`:
  [Fintype X]
  [Fintype E]
  [DecidableEq E]
consider restructuring your `variable` declarations so that the variables are not in scope or explicitly omit them:
  omit [Fintype X] [Fintype E] [DecidableEq E] in theorem ...

Note: This linter can be disabled with `set_option linter.unusedSectionVars false`
⚠ [3214/3246] Replayed PvNP.RealizableHardness.ActualLeafTransportCoherence
warning: lean/PvNP/RealizableHardness/ActualLeafTransportCoherence.lean:15:8: automatically included section variable(s) unused in theorem `_private.PvNP.RealizableHardness.ActualLeafTransportCoherence.0.PvNP.RealizableHardness.ActualPresentedLeafGluing.goodQuestion_erase`:
  [Fintype X]
  [Fintype E]
  [DecidableEq X]
consider restructuring your `variable` declarations so that the variables are not in scope or explicitly omit them:
  omit [Fintype X] [Fintype E] [DecidableEq X] in theorem ...

Note: This linter can be disabled with `set_option linter.unusedSectionVars false`
⚠ [3219/3246] Replayed PvNP.RealizableHardness.ActualQuestionCenterDomainDraw
warning: lean/PvNP/RealizableHardness/ActualQuestionCenterDomainDraw.lean:192:51: This simp argument is unused:
  Nat.add_left_comm

Hint: Omit it from the simp argument list.
  [apply] simp [Nat.succ_mul, Nat.add_assoc, Nat.add_comm] at h'

Note: This linter can be disabled with `set_option linter.unusedSimpArgs false`
warning: lean/PvNP/RealizableHardness/ActualQuestionCenterDomainDraw.lean:285:20: Variable name `hh` is not explicitly referenced.

Hint: The binding can be removed (if unused) or named `_` (if used implicitly). Alternatively, prefix the name with `_` to silence this warning:
  [apply] _hh

Note: This linter can be disabled with `set_option linter.unusedVariables false`
warning: lean/PvNP/RealizableHardness/ActualQuestionCenterDomainDraw.lean:321:2: Try this: 
  letI̵

The goal is a proposition, so `let` is preferred over `letI`.
The difference between `let` and `letI` is that `letI` inlines the value.
But this is not relevant for proofs because of proof irrelevance.

Note: This linter can be disabled with `set_option linter.style.haveILetI false`
warning: lean/PvNP/RealizableHardness/ActualQuestionCenterDomainDraw.lean:332:2: Try this: 
  letI̵

The goal is a proposition, so `let` is preferred over `letI`.
The difference between `let` and `letI` is that `letI` inlines the value.
But this is not relevant for proofs because of proof irrelevance.

Note: This linter can be disabled with `set_option linter.style.haveILetI false`
warning: lean/PvNP/RealizableHardness/ActualQuestionCenterDomainDraw.lean:335:2: Try this: 
  letI̵

The goal is a proposition, so `let` is preferred over `letI`.
The difference between `let` and `letI` is that `letI` inlines the value.
But this is not relevant for proofs because of proof irrelevance.

Note: This linter can be disabled with `set_option linter.style.haveILetI false`
warning: lean/PvNP/RealizableHardness/ActualQuestionCenterDomainDraw.lean:406:51: This simp argument is unused:
  Nat.add_left_comm

Hint: Omit it from the simp argument list.
  [apply] simp [Nat.succ_mul, Nat.add_assoc, Nat.add_comm] at h'

Note: This linter can be disabled with `set_option linter.unusedSimpArgs false`
warning: lean/PvNP/RealizableHardness/ActualQuestionCenterDomainDraw.lean:441:4: try 'simp' instead of 'simpa'

Note: This linter can be disabled with `set_option linter.unnecessarySimpa false`
⚠ [3221/3246] Replayed PvNP.RealizableHardness.ActualCliqueScoreTransfer
warning: lean/PvNP/RealizableHardness/ActualCliqueScoreTransfer.lean:55:12: `if_pos` has been deprecated: Use `ite_eq_left` instead
warning: lean/PvNP/RealizableHardness/ActualCliqueScoreTransfer.lean:56:12: `if_neg` has been deprecated: Use `ite_eq_right` instead
warning: lean/PvNP/RealizableHardness/ActualCliqueScoreTransfer.lean:56:27: Unused tactic linter: `norm_num` does nothing

Note: This linter can be disabled with `set_option linter.unusedTactic false`
warning: lean/PvNP/RealizableHardness/ActualCliqueScoreTransfer.lean:56:27: this tactic is never executed

Note: This linter can be disabled with `set_option linter.unreachableTactic false`
warning: lean/PvNP/RealizableHardness/ActualCliqueScoreTransfer.lean:55:23: Used `tac1 <;> tac2` where `(tac1; tac2)` would suffice

Note: This linter can be disabled with `set_option linter.unnecessarySeqFocus false`
warning: lean/PvNP/RealizableHardness/ActualCliqueScoreTransfer.lean:68:12: `if_pos` has been deprecated: Use `ite_eq_left` instead
warning: lean/PvNP/RealizableHardness/ActualCliqueScoreTransfer.lean:69:12: `if_neg` has been deprecated: Use `ite_eq_right` instead
warning: lean/PvNP/RealizableHardness/ActualCliqueScoreTransfer.lean:68:27: Unused tactic linter: `norm_num` does nothing

Note: This linter can be disabled with `set_option linter.unusedTactic false`
warning: lean/PvNP/RealizableHardness/ActualCliqueScoreTransfer.lean:68:27: this tactic is never executed

Note: This linter can be disabled with `set_option linter.unreachableTactic false`
warning: lean/PvNP/RealizableHardness/ActualCliqueScoreTransfer.lean:69:23: Used `tac1 <;> tac2` where `(tac1; tac2)` would suffice

Note: This linter can be disabled with `set_option linter.unnecessarySeqFocus false`
⚠ [3224/3246] Replayed PvNP.RealizableHardness.ActualQuestionCenterCollisionBound
warning: lean/PvNP/RealizableHardness/ActualQuestionCenterCollisionBound.lean:49:2: Try this: 
  letI̵

The goal is a proposition, so `let` is preferred over `letI`.
The difference between `let` and `letI` is that `letI` inlines the value.
But this is not relevant for proofs because of proof irrelevance.

Note: This linter can be disabled with `set_option linter.style.haveILetI false`
warning: lean/PvNP/RealizableHardness/ActualQuestionCenterCollisionBound.lean:44:0: Definition `PvNP.RealizableHardness.ActualQuestionCenterCollisionBound.domainTupleNonempty` of class type is semireducible. Most type class instances should be instance-reducible, so consider marking this
definition with `@[instance_reducible]`. If it is intentionally semireducible, this warning can be disabled with `set_option warn.classDefReducibility false`.
warning: lean/PvNP/RealizableHardness/ActualQuestionCenterCollisionBound.lean:44:0: Definition `domainTupleNonempty` is a proposition; use `theorem` instead of `def`

Note: This linter can be disabled with `set_option linter.defProp false`
warning: lean/PvNP/RealizableHardness/ActualQuestionCenterCollisionBound.lean:213:2: Try this: 
  letI̵

The goal is a proposition, so `let` is preferred over `letI`.
The difference between `let` and `letI` is that `letI` inlines the value.
But this is not relevant for proofs because of proof irrelevance.

Note: This linter can be disabled with `set_option linter.style.haveILetI false`
warning: lean/PvNP/RealizableHardness/ActualQuestionCenterCollisionBound.lean:214:2: Try this: 
  letI̵

The goal is a proposition, so `let` is preferred over `letI`.
The difference between `let` and `letI` is that `letI` inlines the value.
But this is not relevant for proofs because of proof irrelevance.

Note: This linter can be disabled with `set_option linter.style.haveILetI false`
warning: lean/PvNP/RealizableHardness/ActualQuestionCenterCollisionBound.lean:330:16: `if_pos` has been deprecated: Use `ite_eq_left` instead
warning: lean/PvNP/RealizableHardness/ActualQuestionCenterCollisionBound.lean:408:16: try 'simp' instead of 'simpa'

Note: This linter can be disabled with `set_option linter.unnecessarySimpa false`
warning: lean/PvNP/RealizableHardness/ActualQuestionCenterCollisionBound.lean:669:2: Try this: 
  letI̵

The goal is a proposition, so `let` is preferred over `letI`.
The difference between `let` and `letI` is that `letI` inlines the value.
But this is not relevant for proofs because of proof irrelevance.

Note: This linter can be disabled with `set_option linter.style.haveILetI false`
warning: lean/PvNP/RealizableHardness/ActualQuestionCenterCollisionBound.lean:688:16: `if_pos` has been deprecated: Use `ite_eq_left` instead
warning: lean/PvNP/RealizableHardness/ActualQuestionCenterCollisionBound.lean:690:16: `if_neg` has been deprecated: Use `ite_eq_right` instead
warning: lean/PvNP/RealizableHardness/ActualQuestionCenterCollisionBound.lean:692:10: `if_pos` has been deprecated: Use `ite_eq_left` instead
warning: lean/PvNP/RealizableHardness/ActualQuestionCenterCollisionBound.lean:693:10: `if_pos` has been deprecated: Use `ite_eq_left` instead
⚠ [3225/3246] Replayed PvNP.RealizableHardness.ActualMZ24FixedZoomListBound
warning: lean/PvNP/RealizableHardness/ActualMZ24FixedZoomListBound.lean:47:32: This simp argument is unused:
  Finset.mem_univ

Hint: Omit it from the simp argument list.
  [apply] simp only [Finset.sum_filter, ite_true]

Note: This linter can be disabled with `set_option linter.unusedSimpArgs false`
warning: lean/PvNP/RealizableHardness/ActualMZ24FixedZoomListBound.lean:47:49: This simp argument is unused:
  ite_true

Hint: Omit it from the simp argument list.
  [apply] simp only [Finset.sum_filter, Finset.mem_univ]

Note: This linter can be disabled with `set_option linter.unusedSimpArgs false`
warning: lean/PvNP/RealizableHardness/ActualMZ24FixedZoomListBound.lean:126:12: `if_pos` has been deprecated: Use `ite_eq_left` instead
warning: lean/PvNP/RealizableHardness/ActualMZ24FixedZoomListBound.lean:128:17: `if_neg` has been deprecated: Use `ite_eq_right` instead
warning: lean/PvNP/RealizableHardness/ActualMZ24FixedZoomListBound.lean:132:12: `if_pos` has been deprecated: Use `ite_eq_left` instead
warning: lean/PvNP/RealizableHardness/ActualMZ24FixedZoomListBound.lean:134:17: `if_neg` has been deprecated: Use `ite_eq_right` instead
warning: lean/PvNP/RealizableHardness/ActualMZ24FixedZoomListBound.lean:142:10: `if_pos` has been deprecated: Use `ite_eq_left` instead
warning: lean/PvNP/RealizableHardness/ActualMZ24FixedZoomListBound.lean:146:19: `if_neg` has been deprecated: Use `ite_eq_right` instead
warning: lean/PvNP/RealizableHardness/ActualMZ24FixedZoomListBound.lean:147:10: `if_neg` has been deprecated: Use `ite_eq_right` instead
warning: lean/PvNP/RealizableHardness/ActualMZ24FixedZoomListBound.lean:155:19: `if_pos` has been deprecated: Use `ite_eq_left` instead
warning: lean/PvNP/RealizableHardness/ActualMZ24FixedZoomListBound.lean:155:31: `if_neg` has been deprecated: Use `ite_eq_right` instead
warning: lean/PvNP/RealizableHardness/ActualMZ24FixedZoomListBound.lean:156:19: `if_neg` has been deprecated: Use `ite_eq_right` instead
warning: lean/PvNP/RealizableHardness/ActualMZ24FixedZoomListBound.lean:155:43: This simp argument is unused:
  one_mul

Hint: Omit it from the simp argument list.
  [apply] simp only [if_pos hxs, if_neg hys, mul_zero]

Note: This linter can be disabled with `set_option linter.unusedSimpArgs false`
warning: lean/PvNP/RealizableHardness/ActualMZ24FixedZoomListBound.lean:173:4: This simp argument is unused:
  Finset.sum_mul

Hint: Omit it from the simp argument list.
  [apply] simp only [Finset.sum_add_distrib, Finset.sum_sub_distrib, Finset.mul_sum]

Note: This linter can be disabled with `set_option linter.unusedSimpArgs false`
warning: lean/PvNP/RealizableHardness/ActualMZ24FixedZoomListBound.lean:173:20: This simp argument is unused:
  Finset.mul_sum

Hint: Omit it from the simp argument list.
  [apply] simp only [Finset.sum_add_distrib, Finset.sum_sub_distrib, Finset.sum_mul]

Note: This linter can be disabled with `set_option linter.unusedSimpArgs false`
warning: lean/PvNP/RealizableHardness/ActualMZ24FixedZoomListBound.lean:242:4: Try this: 
  letI̵

The goal is a proposition, so `let` is preferred over `letI`.
The difference between `let` and `letI` is that `letI` inlines the value.
But this is not relevant for proofs because of proof irrelevance.

Note: This linter can be disabled with `set_option linter.style.haveILetI false`
warning: lean/PvNP/RealizableHardness/ActualMZ24FixedZoomListBound.lean:341:24: `if_pos` has been deprecated: Use `ite_eq_left` instead
warning: lean/PvNP/RealizableHardness/ActualMZ24FixedZoomListBound.lean:343:29: `if_neg` has been deprecated: Use `ite_eq_right` instead
warning: lean/PvNP/RealizableHardness/ActualMZ24FixedZoomListBound.lean:434:4: Try this: 
  letI̵

The goal is a proposition, so `let` is preferred over `letI`.
The difference between `let` and `letI` is that `letI` inlines the value.
But this is not relevant for proofs because of proof irrelevance.

Note: This linter can be disabled with `set_option linter.style.haveILetI false`
warning: lean/PvNP/RealizableHardness/ActualMZ24FixedZoomListBound.lean:232:5: Variable name `hinj` is not explicitly referenced.

Hint: The binding can be removed (if unused) or named `_` (if used implicitly). Alternatively, prefix the name with `_` to silence this warning:
  [apply] _hinj

Note: This linter can be disabled with `set_option linter.unusedVariables false`
warning: lean/PvNP/RealizableHardness/ActualMZ24FixedZoomListBound.lean:620:8: try 'simp' instead of 'simpa'

Note: This linter can be disabled with `set_option linter.unnecessarySimpa false`
warning: lean/PvNP/RealizableHardness/ActualMZ24FixedZoomListBound.lean:623:4: try 'simp' instead of 'simpa'

Note: This linter can be disabled with `set_option linter.unnecessarySimpa false`
warning: lean/PvNP/RealizableHardness/ActualMZ24FixedZoomListBound.lean:571:27: Variable name `hb` is not explicitly referenced.

Hint: The binding can be removed (if unused) or named `_` (if used implicitly). Alternatively, prefix the name with `_` to silence this warning:
  [apply] _hb

Note: This linter can be disabled with `set_option linter.unusedVariables false`
warning: lean/PvNP/RealizableHardness/ActualMZ24FixedZoomListBound.lean:644:32: Variable name `hQW` is not explicitly referenced.

Hint: The binding can be removed (if unused) or named `_` (if used implicitly). Alternatively, prefix the name with `_` to silence this warning:
  [apply] _hQW

Note: This linter can be disabled with `set_option linter.unusedVariables false`
warning: lean/PvNP/RealizableHardness/ActualMZ24FixedZoomListBound.lean:740:6: try 'simp' instead of 'simpa'

Note: This linter can be disabled with `set_option linter.unnecessarySimpa false`
warning: lean/PvNP/RealizableHardness/ActualMZ24FixedZoomListBound.lean:804:6: try 'simp' instead of 'simpa'

Note: This linter can be disabled with `set_option linter.unnecessarySimpa false`
warning: lean/PvNP/RealizableHardness/ActualMZ24FixedZoomListBound.lean:847:11: Variable name `y` is not explicitly referenced.

Hint: The binding can be removed (if unused) or named `_` (if used implicitly). Alternatively, prefix the name with `_` to silence this warning:
  [apply] _y

Note: This linter can be disabled with `set_option linter.unusedVariables false`
warning: lean/PvNP/RealizableHardness/ActualMZ24FixedZoomListBound.lean:848:12: Variable name `y` is not explicitly referenced.

Hint: The binding can be removed (if unused) or named `_` (if used implicitly). Alternatively, prefix the name with `_` to silence this warning:
  [apply] _y

Note: This linter can be disabled with `set_option linter.unusedVariables false`
warning: lean/PvNP/RealizableHardness/ActualMZ24FixedZoomListBound.lean:862:32: Variable name `hQW` is not explicitly referenced.

Hint: The binding can be removed (if unused) or named `_` (if used implicitly). Alternatively, prefix the name with `_` to silence this warning:
  [apply] _hQW

Note: This linter can be disabled with `set_option linter.unusedVariables false`
warning: lean/PvNP/RealizableHardness/ActualMZ24FixedZoomListBound.lean:1322:2: Try this: 
  letI̵

The goal is a proposition, so `let` is preferred over `letI`.
The difference between `let` and `letI` is that `letI` inlines the value.
But this is not relevant for proofs because of proof irrelevance.

Note: This linter can be disabled with `set_option linter.style.haveILetI false`
warning: lean/PvNP/RealizableHardness/ActualMZ24FixedZoomListBound.lean:1325:2: Try this: 
  letI̵

The goal is a proposition, so `let` is preferred over `letI`.
The difference between `let` and `letI` is that `letI` inlines the value.
But this is not relevant for proofs because of proof irrelevance.

Note: This linter can be disabled with `set_option linter.style.haveILetI false`
warning: lean/PvNP/RealizableHardness/ActualMZ24FixedZoomListBound.lean:1326:2: Try this: 
  letI̵

The goal is a proposition, so `let` is preferred over `letI`.
The difference between `let` and `letI` is that `letI` inlines the value.
But this is not relevant for proofs because of proof irrelevance.

Note: This linter can be disabled with `set_option linter.style.haveILetI false`
warning: lean/PvNP/RealizableHardness/ActualMZ24FixedZoomListBound.lean:1327:2: Try this: 
  letI̵

The goal is a proposition, so `let` is preferred over `letI`.
The difference between `let` and `letI` is that `letI` inlines the value.
But this is not relevant for proofs because of proof irrelevance.

Note: This linter can be disabled with `set_option linter.style.haveILetI false`
warning: lean/PvNP/RealizableHardness/ActualMZ24FixedZoomListBound.lean:1332:37: This simp argument is unused:
  mul_left_comm

Hint: Omit it from the simp argument list.
  [apply] simp [Finset.sum_const, mul_assoc, mul_comm]

Note: This linter can be disabled with `set_option linter.unusedSimpArgs false`
warning: lean/PvNP/RealizableHardness/ActualMZ24FixedZoomListBound.lean:1346:2: Try this: 
  letI̵

The goal is a proposition, so `let` is preferred over `letI`.
The difference between `let` and `letI` is that `letI` inlines the value.
But this is not relevant for proofs because of proof irrelevance.

Note: This linter can be disabled with `set_option linter.style.haveILetI false`
warning: lean/PvNP/RealizableHardness/ActualMZ24FixedZoomListBound.lean:1349:2: Try this: 
  letI̵

The goal is a proposition, so `let` is preferred over `letI`.
The difference between `let` and `letI` is that `letI` inlines the value.
But this is not relevant for proofs because of proof irrelevance.

Note: This linter can be disabled with `set_option linter.style.haveILetI false`
warning: lean/PvNP/RealizableHardness/ActualMZ24FixedZoomListBound.lean:1337:5: Variable name `T` is not explicitly referenced.

Hint: The binding can be removed (if unused) or named `_` (if used implicitly). Alternatively, prefix the name with `_` to silence this warning:
  [apply] _T

Note: This linter can be disabled with `set_option linter.unusedVariables false`
warning: lean/PvNP/RealizableHardness/ActualMZ24FixedZoomListBound.lean:1358:26: This simp argument is unused:
  mul_assoc

Hint: Omit it from the simp argument list.
  [apply] simp [Finset.sum_const, mul_left_comm, mul_comm]

Note: This linter can be disabled with `set_option linter.unusedSimpArgs false`
warning: lean/PvNP/RealizableHardness/ActualMZ24FixedZoomListBound.lean:1358:37: This simp argument is unused:
  mul_left_comm

Hint: Omit it from the simp argument list.
  [apply] simp [Finset.sum_const, mul_assoc, mul_comm]

Note: This linter can be disabled with `set_option linter.unusedSimpArgs false`
warning: lean/PvNP/RealizableHardness/ActualMZ24FixedZoomListBound.lean:1358:52: This simp argument is unused:
  mul_comm

Hint: Omit it from the simp argument list.
  [apply] simp [Finset.sum_const, mul_assoc, mul_left_comm]

Note: This linter can be disabled with `set_option linter.unusedSimpArgs false`
warning: lean/PvNP/RealizableHardness/ActualMZ24FixedZoomListBound.lean:1406:2: Try this: 
  letI̵

The goal is a proposition, so `let` is preferred over `letI`.
The difference between `let` and `letI` is that `letI` inlines the value.
But this is not relevant for proofs because of proof irrelevance.

Note: This linter can be disabled with `set_option linter.style.haveILetI false`
⚠ [3226/3246] Replayed PvNP.RealizableHardness.ActualMZ24ComplementRestriction
warning: lean/PvNP/RealizableHardness/ActualMZ24ComplementRestriction.lean:35:0: automatically included section variable(s) unused in theorem `PvNP.RealizableHardness.ActualMZ24ComplementRestriction.lift_complementSubspace`:
  [Fintype V]
consider restructuring your `variable` declarations so that the variables are not in scope or explicitly omit them:
  omit [Fintype V] in theorem ...

Note: This linter can be disabled with `set_option linter.unusedSectionVars false`
warning: lean/PvNP/RealizableHardness/ActualMZ24ComplementRestriction.lean:36:32: Variable name `hQW` is not explicitly referenced.

Hint: The binding can be removed (if unused) or named `_` (if used implicitly). Alternatively, prefix the name with `_` to silence this warning:
  [apply] _hQW

Note: This linter can be disabled with `set_option linter.unusedVariables false`
warning: lean/PvNP/RealizableHardness/ActualMZ24ComplementRestriction.lean:52:32: Variable name `hQW` is not explicitly referenced.

Hint: The binding can be removed (if unused) or named `_` (if used implicitly). Alternatively, prefix the name with `_` to silence this warning:
  [apply] _hQW

Note: This linter can be disabled with `set_option linter.unusedVariables false`
warning: lean/PvNP/RealizableHardness/ActualMZ24ComplementRestriction.lean:108:0: automatically included section variable(s) unused in theorem `PvNP.RealizableHardness.ActualMZ24ComplementRestriction.lift_le_of_le`:
  [Fintype V]
consider restructuring your `variable` declarations so that the variables are not in scope or explicitly omit them:
  omit [Fintype V] in theorem ...

Note: This linter can be disabled with `set_option linter.unusedSectionVars false`
warning: lean/PvNP/RealizableHardness/ActualMZ24ComplementRestriction.lean:109:32: Variable name `hQW` is not explicitly referenced.

Hint: The binding can be removed (if unused) or named `_` (if used implicitly). Alternatively, prefix the name with `_` to silence this warning:
  [apply] _hQW

Note: This linter can be disabled with `set_option linter.unusedVariables false`
warning: lean/PvNP/RealizableHardness/ActualMZ24ComplementRestriction.lean:116:0: automatically included section variable(s) unused in theorem `PvNP.RealizableHardness.ActualMZ24ComplementRestriction.lift_finrank`:
  [Fintype V]
consider restructuring your `variable` declarations so that the variables are not in scope or explicitly omit them:
  omit [Fintype V] in theorem ...

Note: This linter can be disabled with `set_option linter.unusedSectionVars false`
warning: lean/PvNP/RealizableHardness/ActualMZ24ComplementRestriction.lean:134:2: try 'simp' instead of 'simpa'

Note: This linter can be disabled with `set_option linter.unnecessarySimpa false`
warning: lean/PvNP/RealizableHardness/ActualMZ24ComplementRestriction.lean:123:0: automatically included section variable(s) unused in theorem `PvNP.RealizableHardness.ActualMZ24ComplementRestriction.complementSubspace_sup_lift`:
  [Fintype V]
consider restructuring your `variable` declarations so that the variables are not in scope or explicitly omit them:
  omit [Fintype V] in theorem ...

Note: This linter can be disabled with `set_option linter.unusedSectionVars false`
warning: lean/PvNP/RealizableHardness/ActualMZ24ComplementRestriction.lean:271:30: Variable name `had` is not explicitly referenced.

Hint: The binding can be removed (if unused) or named `_` (if used implicitly). Alternatively, prefix the name with `_` to silence this warning:
  [apply] _had

Note: This linter can be disabled with `set_option linter.unusedVariables false`
warning: lean/PvNP/RealizableHardness/ActualMZ24ComplementRestriction.lean:278:8: automatically included section variable(s) unused in theorem `_private.PvNP.RealizableHardness.ActualMZ24ComplementRestriction.0.PvNP.RealizableHardness.ActualMZ24ComplementRestriction.dependentTable_apply`:
  [Fintype V]
consider restructuring your `variable` declarations so that the variables are not in scope or explicitly omit them:
  omit [Fintype V] in theorem ...

Note: This linter can be disabled with `set_option linter.unusedSectionVars false`
warning: lean/PvNP/RealizableHardness/ActualMZ24ComplementRestriction.lean:285:8: automatically included section variable(s) unused in theorem `_private.PvNP.RealizableHardness.ActualMZ24ComplementRestriction.0.PvNP.RealizableHardness.ActualMZ24ComplementRestriction.grassCast_coe`:
  [Fintype V]
consider restructuring your `variable` declarations so that the variables are not in scope or explicitly omit them:
  omit [Fintype V] in theorem ...

Note: This linter can be disabled with `set_option linter.unusedSectionVars false`
⚠ [3227/3246] Replayed PvNP.RealizableHardness.ActualBinaryGrassmannIncidence
warning: lean/PvNP/RealizableHardness/ActualBinaryGrassmannIncidence.lean:49:8: automatically included section variable(s) unused in theorem `PvNP.RealizableHardness.ActualBinaryGrassmannIncidence.familyInter_empty`:
  [Fintype V]
  [Fintype I]
consider restructuring your `variable` declarations so that the variables are not in scope or explicitly omit them:
  omit [Fintype V] [Fintype I] in theorem ...

Note: This linter can be disabled with `set_option linter.unusedSectionVars false`
warning: lean/PvNP/RealizableHardness/ActualBinaryGrassmannIncidence.lean:53:8: automatically included section variable(s) unused in theorem `PvNP.RealizableHardness.ActualBinaryGrassmannIncidence.familyInter_singleton`:
  [Fintype V]
  [Fintype I]
consider restructuring your `variable` declarations so that the variables are not in scope or explicitly omit them:
  omit [Fintype V] [Fintype I] in theorem ...

Note: This linter can be disabled with `set_option linter.unusedSectionVars false`
warning: lean/PvNP/RealizableHardness/ActualBinaryGrassmannIncidence.lean:57:0: automatically included section variable(s) unused in theorem `PvNP.RealizableHardness.ActualBinaryGrassmannIncidence.familyInter_pair`:
  [Fintype V]
  [Fintype I]
consider restructuring your `variable` declarations so that the variables are not in scope or explicitly omit them:
  omit [Fintype V] [Fintype I] in theorem ...

Note: This linter can be disabled with `set_option linter.unusedSectionVars false`
warning: lean/PvNP/RealizableHardness/ActualBinaryGrassmannIncidence.lean:58:5: Variable name `hij` is not explicitly referenced.

Hint: The binding can be removed (if unused) or named `_` (if used implicitly). Alternatively, prefix the name with `_` to silence this warning:
  [apply] _hij

Note: This linter can be disabled with `set_option linter.unusedVariables false`
warning: lean/PvNP/RealizableHardness/ActualBinaryGrassmannIncidence.lean:60:21: This simp argument is unused:
  hij

Hint: Omit it from the simp argument list.
  [apply] simp [familyInter]

Note: This linter can be disabled with `set_option linter.unusedSimpArgs false`
warning: lean/PvNP/RealizableHardness/ActualBinaryGrassmannIncidence.lean:75:0: automatically included section variable(s) unused in theorem `PvNP.RealizableHardness.ActualBinaryGrassmannIncidence.genericUpTo_zero`:
  [Fintype V]
  [Fintype I]
consider restructuring your `variable` declarations so that the variables are not in scope or explicitly omit them:
  omit [Fintype V] [Fintype I] in theorem ...

Note: This linter can be disabled with `set_option linter.unusedSectionVars false`
warning: lean/PvNP/RealizableHardness/ActualBinaryGrassmannIncidence.lean:81:0: automatically included section variable(s) unused in theorem `PvNP.RealizableHardness.ActualBinaryGrassmannIncidence.genericUpTo_mono`:
  [Fintype V]
  [Fintype I]
consider restructuring your `variable` declarations so that the variables are not in scope or explicitly omit them:
  omit [Fintype V] [Fintype I] in theorem ...

Note: This linter can be disabled with `set_option linter.unusedSectionVars false`
warning: lean/PvNP/RealizableHardness/ActualBinaryGrassmannIncidence.lean:91:0: automatically included section variable(s) unused in theorem `PvNP.RealizableHardness.ActualBinaryGrassmannIncidence.genericUpTo_general`:
  [Fintype V]
  [Fintype I]
consider restructuring your `variable` declarations so that the variables are not in scope or explicitly omit them:
  omit [Fintype V] [Fintype I] in theorem ...

Note: This linter can be disabled with `set_option linter.unusedSectionVars false`
warning: lean/PvNP/RealizableHardness/ActualBinaryGrassmannIncidence.lean:111:32: This simp argument is unused:
  hij

Hint: Omit it from the simp argument list.
  [apply] simp

Note: This linter can be disabled with `set_option linter.unusedSimpArgs false`
warning: lean/PvNP/RealizableHardness/ActualBinaryGrassmannIncidence.lean:114:15: This simp argument is unused:
  Ne.symm hij

Hint: Omit it from the simp argument list.
  [apply] simp [hij]

Note: This linter can be disabled with `set_option linter.unusedSimpArgs false`
warning: lean/PvNP/RealizableHardness/ActualBinaryGrassmannIncidence.lean:131:0: automatically included section variable(s) unused in theorem `PvNP.RealizableHardness.ActualBinaryGrassmannIncidence.familyInter_image`:
  [Fintype V]
  [Fintype I]
consider restructuring your `variable` declarations so that the variables are not in scope or explicitly omit them:
  omit [Fintype V] [Fintype I] in theorem ...

Note: This linter can be disabled with `set_option linter.unusedSectionVars false`
warning: lean/PvNP/RealizableHardness/ActualBinaryGrassmannIncidence.lean:206:0: automatically included section variable(s) unused in theorem `PvNP.RealizableHardness.ActualBinaryGrassmannIncidence.grass_nonempty_of_le`:
  [Fintype V]
consider restructuring your `variable` declarations so that the variables are not in scope or explicitly omit them:
  omit [Fintype V] in theorem ...

Note: This linter can be disabled with `set_option linter.unusedSectionVars false`
warning: lean/PvNP/RealizableHardness/ActualBinaryGrassmannIncidence.lean:218:2: Try this: 
  letI̵

The goal is a proposition, so `let` is preferred over `letI`.
The difference between `let` and `letI` is that `letI` inlines the value.
But this is not relevant for proofs because of proof irrelevance.

Note: This linter can be disabled with `set_option linter.style.haveILetI false`
warning: lean/PvNP/RealizableHardness/ActualBinaryGrassmannIncidence.lean:217:14: This simp argument is unused:
  Module.finrank_pi

Hint: Omit it from the simp argument list.
  [apply] simp [Vn]

Note: This linter can be disabled with `set_option linter.unusedSimpArgs false`
warning: lean/PvNP/RealizableHardness/ActualBinaryGrassmannIncidence.lean:235:0: automatically included section variable(s) unused in theorem `PvNP.RealizableHardness.ActualBinaryGrassmannIncidence.bottomContained_card_nat`:
  [Fintype I]
consider restructuring your `variable` declarations so that the variables are not in scope or explicitly omit them:
  omit [Fintype I] in theorem ...

Note: This linter can be disabled with `set_option linter.unusedSectionVars false`
warning: lean/PvNP/RealizableHardness/ActualBinaryGrassmannIncidence.lean:254:11: Variable name `L` is not explicitly referenced.

Hint: The binding can be removed (if unused) or named `_` (if used implicitly). Alternatively, prefix the name with `_` to silence this warning:
  [apply] _L

Note: This linter can be disabled with `set_option linter.unusedVariables false`
warning: lean/PvNP/RealizableHardness/ActualBinaryGrassmannIncidence.lean:255:12: Variable name `L` is not explicitly referenced.

Hint: The binding can be removed (if unused) or named `_` (if used implicitly). Alternatively, prefix the name with `_` to silence this warning:
  [apply] _L

Note: This linter can be disabled with `set_option linter.unusedVariables false`
warning: lean/PvNP/RealizableHardness/ActualBinaryGrassmannIncidence.lean:257:0: automatically included section variable(s) unused in theorem `PvNP.RealizableHardness.ActualBinaryGrassmannIncidence.bottomPairContained_card_nat`:
  [Fintype I]
consider restructuring your `variable` declarations so that the variables are not in scope or explicitly omit them:
  omit [Fintype I] in theorem ...

Note: This linter can be disabled with `set_option linter.unusedSectionVars false`
warning: lean/PvNP/RealizableHardness/ActualBinaryGrassmannIncidence.lean:284:0: automatically included section variable(s) unused in theorem `PvNP.RealizableHardness.ActualBinaryGrassmannIncidence.bottomGeneralContained_card_nat`:
  [Fintype I]
consider restructuring your `variable` declarations so that the variables are not in scope or explicitly omit them:
  omit [Fintype I] in theorem ...

Note: This linter can be disabled with `set_option linter.unusedSectionVars false`
warning: lean/PvNP/RealizableHardness/ActualBinaryGrassmannIncidence.lean:372:0: automatically included section variable(s) unused in theorem `PvNP.RealizableHardness.ActualBinaryGrassmannIncidence.familyInter_complement`:
  [Fintype V]
  [Fintype I]
consider restructuring your `variable` declarations so that the variables are not in scope or explicitly omit them:
  omit [Fintype V] [Fintype I] in theorem ...

Note: This linter can be disabled with `set_option linter.unusedSectionVars false`
warning: lean/PvNP/RealizableHardness/ActualBinaryGrassmannIncidence.lean:400:0: automatically included section variable(s) unused in theorem `PvNP.RealizableHardness.ActualBinaryGrassmannIncidence.complementFamily_injective`:
  [Fintype I]
consider restructuring your `variable` declarations so that the variables are not in scope or explicitly omit them:
  omit [Fintype I] in theorem ...

Note: This linter can be disabled with `set_option linter.unusedSectionVars false`
warning: lean/PvNP/RealizableHardness/ActualBinaryGrassmannIncidence.lean:453:38: Variable name `C` is not explicitly referenced.

Hint: The binding can be removed (if unused) or named `_` (if used implicitly). Alternatively, prefix the name with `_` to silence this warning:
  [apply] _C

Note: This linter can be disabled with `set_option linter.unusedVariables false`
warning: lean/PvNP/RealizableHardness/ActualBinaryGrassmannIncidence.lean:464:2: Try this: 
  letI̵

The goal is a proposition, so `let` is preferred over `letI`.
The difference between `let` and `letI` is that `letI` inlines the value.
But this is not relevant for proofs because of proof irrelevance.

Note: This linter can be disabled with `set_option linter.style.haveILetI false`
warning: lean/PvNP/RealizableHardness/ActualBinaryGrassmannIncidence.lean:475:8: `if_pos` has been deprecated: Use `ite_eq_left` instead
warning: lean/PvNP/RealizableHardness/ActualBinaryGrassmannIncidence.lean:477:4: Try this: 
  letI̵

The goal is a proposition, so `let` is preferred over `letI`.
The difference between `let` and `letI` is that `letI` inlines the value.
But this is not relevant for proofs because of proof irrelevance.

Note: This linter can be disabled with `set_option linter.style.haveILetI false`
warning: lean/PvNP/RealizableHardness/ActualBinaryGrassmannIncidence.lean:478:10: `if_neg` has been deprecated: Use `ite_eq_right` instead
warning: lean/PvNP/RealizableHardness/ActualBinaryGrassmannIncidence.lean:488:0: automatically included section variable(s) unused in theorem `PvNP.RealizableHardness.ActualBinaryGrassmannIncidence.pointedContained_iff`:
  [Fintype I]
consider restructuring your `variable` declarations so that the variables are not in scope or explicitly omit them:
  omit [Fintype I] in theorem ...

Note: This linter can be disabled with `set_option linter.unusedSectionVars false`
warning: lean/PvNP/RealizableHardness/ActualBinaryGrassmannIncidence.lean:527:8: `if_pos` has been deprecated: Use `ite_eq_left` instead
warning: lean/PvNP/RealizableHardness/ActualBinaryGrassmannIncidence.lean:529:4: Try this: 
  letI̵

The goal is a proposition, so `let` is preferred over `letI`.
The difference between `let` and `letI` is that `letI` inlines the value.
But this is not relevant for proofs because of proof irrelevance.

Note: This linter can be disabled with `set_option linter.style.haveILetI false`
warning: lean/PvNP/RealizableHardness/ActualBinaryGrassmannIncidence.lean:530:10: `if_neg` has been deprecated: Use `ite_eq_right` instead
warning: lean/PvNP/RealizableHardness/ActualBinaryGrassmannIncidence.lean:551:15: `if_pos` has been deprecated: Use `ite_eq_left` instead
warning: lean/PvNP/RealizableHardness/ActualBinaryGrassmannIncidence.lean:606:8: `if_pos` has been deprecated: Use `ite_eq_left` instead
warning: lean/PvNP/RealizableHardness/ActualBinaryGrassmannIncidence.lean:609:4: Try this: 
  letI̵

The goal is a proposition, so `let` is preferred over `letI`.
The difference between `let` and `letI` is that `letI` inlines the value.
But this is not relevant for proofs because of proof irrelevance.

Note: This linter can be disabled with `set_option linter.style.haveILetI false`
warning: lean/PvNP/RealizableHardness/ActualBinaryGrassmannIncidence.lean:610:10: `if_neg` has been deprecated: Use `ite_eq_right` instead
warning: lean/PvNP/RealizableHardness/ActualBinaryGrassmannIncidence.lean:633:15: `if_pos` has been deprecated: Use `ite_eq_left` instead
warning: lean/PvNP/RealizableHardness/ActualBinaryGrassmannIncidence.lean:690:8: `if_pos` has been deprecated: Use `ite_eq_left` instead
warning: lean/PvNP/RealizableHardness/ActualBinaryGrassmannIncidence.lean:693:4: Try this: 
  letI̵

The goal is a proposition, so `let` is preferred over `letI`.
The difference between `let` and `letI` is that `letI` inlines the value.
But this is not relevant for proofs because of proof irrelevance.

Note: This linter can be disabled with `set_option linter.style.haveILetI false`
warning: lean/PvNP/RealizableHardness/ActualBinaryGrassmannIncidence.lean:694:10: `if_neg` has been deprecated: Use `ite_eq_right` instead
warning: lean/PvNP/RealizableHardness/ActualBinaryGrassmannIncidence.lean:716:15: `if_pos` has been deprecated: Use `ite_eq_left` instead
warning: lean/PvNP/RealizableHardness/ActualBinaryGrassmannIncidence.lean:761:37: Variable name `r` is not explicitly referenced.

Hint: The binding can be removed (if unused) or named `_` (if used implicitly). Alternatively, prefix the name with `_` to silence this warning:
  [apply] _r

Note: This linter can be disabled with `set_option linter.unusedVariables false`
warning: lean/PvNP/RealizableHardness/ActualBinaryGrassmannIncidence.lean:769:39: Variable name `r` is not explicitly referenced.

Hint: The binding can be removed (if unused) or named `_` (if used implicitly). Alternatively, prefix the name with `_` to silence this warning:
  [apply] _r

Note: This linter can be disabled with `set_option linter.unusedVariables false`
⚠ [3228/3246] Replayed PvNP.RealizableHardness.ActualMZ24DistinctPairAggregation
warning: lean/PvNP/RealizableHardness/ActualMZ24DistinctPairAggregation.lean:27:8: automatically included section variable(s) unused in theorem `_private.PvNP.RealizableHardness.ActualMZ24DistinctPairAggregation.0.PvNP.RealizableHardness.ActualMZ24DistinctPairAggregation.transport_trans`:
  [Fintype V]
consider restructuring your `variable` declarations so that the variables are not in scope or explicitly omit them:
  omit [Fintype V] in theorem ...

Note: This linter can be disabled with `set_option linter.unusedSectionVars false`
warning: lean/PvNP/RealizableHardness/ActualMZ24DistinctPairAggregation.lean:34:8: automatically included section variable(s) unused in theorem `_private.PvNP.RealizableHardness.ActualMZ24DistinctPairAggregation.0.PvNP.RealizableHardness.ActualMZ24DistinctPairAggregation.transport_symm`:
  [Fintype V]
consider restructuring your `variable` declarations so that the variables are not in scope or explicitly omit them:
  omit [Fintype V] in theorem ...

Note: This linter can be disabled with `set_option linter.unusedSectionVars false`
warning: lean/PvNP/RealizableHardness/ActualMZ24DistinctPairAggregation.lean:41:0: automatically included section variable(s) unused in theorem `PvNP.RealizableHardness.ActualMZ24DistinctPairAggregation.decodedPair_ext_of_transport`:
  [Fintype V]
consider restructuring your `variable` declarations so that the variables are not in scope or explicitly omit them:
  omit [Fintype V] in theorem ...

Note: This linter can be disabled with `set_option linter.unusedSectionVars false`
warning: lean/PvNP/RealizableHardness/ActualMZ24DistinctPairAggregation.lean:71:0: automatically included section variable(s) unused in theorem `PvNP.RealizableHardness.ActualMZ24DistinctPairAggregation.pairSubspace_contains`:
  [Fintype V]
consider restructuring your `variable` declarations so that the variables are not in scope or explicitly omit them:
  omit [Fintype V] in theorem ...

Note: This linter can be disabled with `set_option linter.unusedSectionVars false`
warning: lean/PvNP/RealizableHardness/ActualMZ24DistinctPairAggregation.lean:160:0: automatically included section variable(s) unused in theorem `PvNP.RealizableHardness.ActualMZ24DistinctPairAggregation.pairWFiber_card_sum`:
  [Fintype V]
consider restructuring your `variable` declarations so that the variables are not in scope or explicitly omit them:
  omit [Fintype V] in theorem ...

Note: This linter can be disabled with `set_option linter.unusedSectionVars false`
warning: lean/PvNP/RealizableHardness/ActualMZ24DistinctPairAggregation.lean:208:10: Unused tactic linter: `ring` does nothing

Note: This linter can be disabled with `set_option linter.unusedTactic false`
warning: lean/PvNP/RealizableHardness/ActualMZ24DistinctPairAggregation.lean:208:10: this tactic is never executed

Note: This linter can be disabled with `set_option linter.unreachableTactic false`
warning: lean/PvNP/RealizableHardness/ActualMZ24DistinctPairAggregation.lean:280:0: automatically included section variable(s) unused in theorem `PvNP.RealizableHardness.ActualMZ24DistinctPairAggregation.pairSubspaces_exact_codim_partition`:
  [Fintype V]
consider restructuring your `variable` declarations so that the variables are not in scope or explicitly omit them:
  omit [Fintype V] in theorem ...

Note: This linter can be disabled with `set_option linter.unusedSectionVars false`
warning: lean/PvNP/RealizableHardness/ActualMZ24DistinctPairAggregation.lean:322:12: This simp argument is unused:
  hne

Hint: Omit it from the simp argument list.
  [apply] simp [ih]

Note: This linter can be disabled with `set_option linter.unusedSimpArgs false`
warning: lean/PvNP/RealizableHardness/ActualMZ24DistinctPairAggregation.lean:398:2: Unused tactic linter: `norm_num at h` does nothing

Note: This linter can be disabled with `set_option linter.unusedTactic false`
⚠ [3231/3246] Replayed PvNP.RealizableHardness.ActualMZ24GenericSubfamilyRepresentative
warning: lean/PvNP/RealizableHardness/ActualMZ24GenericSubfamilyRepresentative.lean:126:0: automatically included section variable(s) unused in theorem `PvNP.RealizableHardness.ActualMZ24GenericSubfamilyRepresentative.exists_positiveBucketRepresentative`:
  [Fintype V]
consider restructuring your `variable` declarations so that the variables are not in scope or explicitly omit them:
  omit [Fintype V] in theorem ...

Note: This linter can be disabled with `set_option linter.unusedSectionVars false`
⚠ [3232/3246] Replayed PvNP.RealizableHardness.ActualMZ24HyperplaneSupport
warning: lean/PvNP/RealizableHardness/ActualMZ24HyperplaneSupport.lean:32:0: automatically included section variable(s) unused in theorem `PvNP.RealizableHardness.ActualMZ24HyperplaneSupport.relativeCodim_eq_finrank_sub`:
  [Fintype V]
consider restructuring your `variable` declarations so that the variables are not in scope or explicitly omit them:
  omit [Fintype V] in theorem ...

Note: This linter can be disabled with `set_option linter.unusedSectionVars false`
warning: lean/PvNP/RealizableHardness/ActualMZ24HyperplaneSupport.lean:80:0: automatically included section variable(s) unused in theorem `PvNP.RealizableHardness.ActualMZ24HyperplaneSupport.hyperplane_ne_top`:
  [Fintype V]
consider restructuring your `variable` declarations so that the variables are not in scope or explicitly omit them:
  omit [Fintype V] in theorem ...

Note: This linter can be disabled with `set_option linter.unusedSectionVars false`
warning: lean/PvNP/RealizableHardness/ActualMZ24HyperplaneSupport.lean:95:2: Try this: 
  letI̵

The goal is a proposition, so `let` is preferred over `letI`.
The difference between `let` and `letI` is that `letI` inlines the value.
But this is not relevant for proofs because of proof irrelevance.

Note: This linter can be disabled with `set_option linter.style.haveILetI false`
warning: lean/PvNP/RealizableHardness/ActualMZ24HyperplaneSupport.lean:100:2: Try this: 
  letI̵

The goal is a proposition, so `let` is preferred over `letI`.
The difference between `let` and `letI` is that `letI` inlines the value.
But this is not relevant for proofs because of proof irrelevance.

Note: This linter can be disabled with `set_option linter.style.haveILetI false`
warning: lean/PvNP/RealizableHardness/ActualMZ24HyperplaneSupport.lean:203:32: This simp argument is unused:
  hn

Hint: Omit it from the simp argument list.
  [apply] simp [gaussian, frameProduct, hn1, hn0]

Note: This linter can be disabled with `set_option linter.unusedSimpArgs false`
warning: lean/PvNP/RealizableHardness/ActualMZ24HyperplaneSupport.lean:203:41: This simp argument is unused:
  hn0

Hint: Omit it from the simp argument list.
  [apply] simp [gaussian, frameProduct, hn, hn1]

Note: This linter can be disabled with `set_option linter.unusedSimpArgs false`
warning: lean/PvNP/RealizableHardness/ActualMZ24HyperplaneSupport.lean:215:2: Try this: 
  letI̵

The goal is a proposition, so `let` is preferred over `letI`.
The difference between `let` and `letI` is that `letI` inlines the value.
But this is not relevant for proofs because of proof irrelevance.

Note: This linter can be disabled with `set_option linter.style.haveILetI false`
warning: lean/PvNP/RealizableHardness/ActualMZ24HyperplaneSupport.lean:235:2: Try this: 
  letI̵

The goal is a proposition, so `let` is preferred over `letI`.
The difference between `let` and `letI` is that `letI` inlines the value.
But this is not relevant for proofs because of proof irrelevance.

Note: This linter can be disabled with `set_option linter.style.haveILetI false`
warning: lean/PvNP/RealizableHardness/ActualMZ24HyperplaneSupport.lean:279:32: Variable name `hWH` is not explicitly referenced.

Hint: The binding can be removed (if unused) or named `_` (if used implicitly). Alternatively, prefix the name with `_` to silence this warning:
  [apply] _hWH

Note: This linter can be disabled with `set_option linter.unusedVariables false`
warning: lean/PvNP/RealizableHardness/ActualMZ24HyperplaneSupport.lean:282:0: automatically included section variable(s) unused in theorem `PvNP.RealizableHardness.ActualMZ24HyperplaneSupport.restrictToHyperplane_map_recovery`:
  [Fintype V]
consider restructuring your `variable` declarations so that the variables are not in scope or explicitly omit them:
  omit [Fintype V] in theorem ...

Note: This linter can be disabled with `set_option linter.unusedSectionVars false`
⚠ [3233/3246] Replayed PvNP.RealizableHardness.ActualMZ24PhaseARestrictionSupport
warning: lean/PvNP/RealizableHardness/ActualMZ24PhaseARestrictionSupport.lean:27:0: automatically included section variable(s) unused in theorem `PvNP.RealizableHardness.ActualMZ24PhaseARestrictionSupport.flattenCarrier_subset`:
  [Fintype I]
consider restructuring your `variable` declarations so that the variables are not in scope or explicitly omit them:
  omit [Fintype I] in theorem ...

Note: This linter can be disabled with `set_option linter.unusedSectionVars false`
warning: lean/PvNP/RealizableHardness/ActualMZ24PhaseARestrictionSupport.lean:33:0: automatically included section variable(s) unused in theorem `PvNP.RealizableHardness.ActualMZ24PhaseARestrictionSupport.flattenCarrier_card`:
  [Fintype I]
consider restructuring your `variable` declarations so that the variables are not in scope or explicitly omit them:
  omit [Fintype I] in theorem ...

Note: This linter can be disabled with `set_option linter.unusedSectionVars false`
warning: lean/PvNP/RealizableHardness/ActualMZ24PhaseARestrictionSupport.lean:37:0: automatically included section variable(s) unused in theorem `PvNP.RealizableHardness.ActualMZ24PhaseARestrictionSupport.flattenCarrier_nonempty_iff`:
  [Fintype I]
consider restructuring your `variable` declarations so that the variables are not in scope or explicitly omit them:
  omit [Fintype I] in theorem ...

Note: This linter can be disabled with `set_option linter.unusedSectionVars false`
warning: lean/PvNP/RealizableHardness/ActualMZ24PhaseARestrictionSupport.lean:65:0: automatically included section variable(s) unused in theorem `PvNP.RealizableHardness.ActualMZ24PhaseARestrictionSupport.flattenCarrierEquiv_original_value`:
  [Fintype I]
consider restructuring your `variable` declarations so that the variables are not in scope or explicitly omit them:
  omit [Fintype I] in theorem ...

Note: This linter can be disabled with `set_option linter.unusedSectionVars false`
warning: lean/PvNP/RealizableHardness/ActualMZ24PhaseARestrictionSupport.lean:78:0: automatically included section variable(s) unused in theorem `PvNP.RealizableHardness.ActualMZ24PhaseARestrictionSupport.flattenCarrierEquiv_card`:
  [Fintype I]
consider restructuring your `variable` declarations so that the variables are not in scope or explicitly omit them:
  omit [Fintype I] in theorem ...

Note: This linter can be disabled with `set_option linter.unusedSectionVars false`
warning: lean/PvNP/RealizableHardness/ActualMZ24PhaseARestrictionSupport.lean:93:0: automatically included section variable(s) unused in theorem `PvNP.RealizableHardness.ActualMZ24PhaseARestrictionSupport.nestedAmbient_le`:
  [Fintype V]
consider restructuring your `variable` declarations so that the variables are not in scope or explicitly omit them:
  omit [Fintype V] in theorem ...

Note: This linter can be disabled with `set_option linter.unusedSectionVars false`
warning: lean/PvNP/RealizableHardness/ActualMZ24PhaseARestrictionSupport.lean:98:0: automatically included section variable(s) unused in theorem `PvNP.RealizableHardness.ActualMZ24PhaseARestrictionSupport.nestedAmbientEquiv_coe`:
  [Fintype V]
consider restructuring your `variable` declarations so that the variables are not in scope or explicitly omit them:
  omit [Fintype V] in theorem ...

Note: This linter can be disabled with `set_option linter.unusedSectionVars false`
warning: lean/PvNP/RealizableHardness/ActualMZ24PhaseARestrictionSupport.lean:102:0: automatically included section variable(s) unused in theorem `PvNP.RealizableHardness.ActualMZ24PhaseARestrictionSupport.nestedAmbient_finrank`:
  [Fintype V]
consider restructuring your `variable` declarations so that the variables are not in scope or explicitly omit them:
  omit [Fintype V] in theorem ...

Note: This linter can be disabled with `set_option linter.unusedSectionVars false`
warning: lean/PvNP/RealizableHardness/ActualMZ24PhaseARestrictionSupport.lean:118:52: Variable name `hAE` is not explicitly referenced.

Hint: The binding can be removed (if unused) or named `_` (if used implicitly). Alternatively, prefix the name with `_` to silence this warning:
  [apply] _hAE

Note: This linter can be disabled with `set_option linter.unusedVariables false`
warning: lean/PvNP/RealizableHardness/ActualMZ24PhaseARestrictionSupport.lean:121:0: automatically included section variable(s) unused in theorem `PvNP.RealizableHardness.ActualMZ24PhaseARestrictionSupport.restrictToAmbient_map_recovery`:
  [Fintype V]
consider restructuring your `variable` declarations so that the variables are not in scope or explicitly omit them:
  omit [Fintype V] in theorem ...

Note: This linter can be disabled with `set_option linter.unusedSectionVars false`
warning: lean/PvNP/RealizableHardness/ActualMZ24PhaseARestrictionSupport.lean:146:0: automatically included section variable(s) unused in theorem `PvNP.RealizableHardness.ActualMZ24PhaseARestrictionSupport.restrictToAmbient_mono`:
  [Fintype V]
consider restructuring your `variable` declarations so that the variables are not in scope or explicitly omit them:
  omit [Fintype V] in theorem ...

Note: This linter can be disabled with `set_option linter.unusedSectionVars false`
warning: lean/PvNP/RealizableHardness/ActualMZ24PhaseARestrictionSupport.lean:157:0: automatically included section variable(s) unused in theorem `PvNP.RealizableHardness.ActualMZ24PhaseARestrictionSupport.restrictFamily_map_recovery`:
  [Fintype I]
consider restructuring your `variable` declarations so that the variables are not in scope or explicitly omit them:
  omit [Fintype I] in theorem ...

Note: This linter can be disabled with `set_option linter.unusedSectionVars false`
warning: lean/PvNP/RealizableHardness/ActualMZ24PhaseARestrictionSupport.lean:162:0: automatically included section variable(s) unused in theorem `PvNP.RealizableHardness.ActualMZ24PhaseARestrictionSupport.restrictFamily_finrank`:
  [Fintype I]
consider restructuring your `variable` declarations so that the variables are not in scope or explicitly omit them:
  omit [Fintype I] in theorem ...

Note: This linter can be disabled with `set_option linter.unusedSectionVars false`
⚠ [3234/3246] Replayed PvNP.RealizableHardness.ActualMZ24MaximalTwoGenericSubfamily
warning: lean/PvNP/RealizableHardness/ActualMZ24MaximalTwoGenericSubfamily.lean:35:0: automatically included section variable(s) unused in theorem `PvNP.RealizableHardness.ActualMZ24MaximalTwoGenericSubfamily.pairGeneric_comm`:
  [Fintype V]
  [Fintype I]
consider restructuring your `variable` declarations so that the variables are not in scope or explicitly omit them:
  omit [Fintype V] [Fintype I] in theorem ...

Note: This linter can be disabled with `set_option linter.unusedSectionVars false`
warning: lean/PvNP/RealizableHardness/ActualMZ24MaximalTwoGenericSubfamily.lean:47:0: automatically included section variable(s) unused in theorem `PvNP.RealizableHardness.ActualMZ24MaximalTwoGenericSubfamily.twoGenericOn_iff_pairwise`:
  [Fintype V]
  [Fintype I]
consider restructuring your `variable` declarations so that the variables are not in scope or explicitly omit them:
  omit [Fintype V] [Fintype I] in theorem ...

Note: This linter can be disabled with `set_option linter.unusedSectionVars false`
warning: lean/PvNP/RealizableHardness/ActualMZ24MaximalTwoGenericSubfamily.lean:58:0: automatically included section variable(s) unused in theorem `PvNP.RealizableHardness.ActualMZ24MaximalTwoGenericSubfamily.twoGenericOn_empty`:
  [Fintype V]
  [Fintype I]
consider restructuring your `variable` declarations so that the variables are not in scope or explicitly omit them:
  omit [Fintype V] [Fintype I] in theorem ...

Note: This linter can be disabled with `set_option linter.unusedSectionVars false`
warning: lean/PvNP/RealizableHardness/ActualMZ24MaximalTwoGenericSubfamily.lean:159:0: automatically included section variable(s) unused in theorem `PvNP.RealizableHardness.ActualMZ24MaximalTwoGenericSubfamily.not_insert_twoGenericOn_of_maximum`:
  [Fintype V]
  [Fintype I]
consider restructuring your `variable` declarations so that the variables are not in scope or explicitly omit them:
  omit [Fintype V] [Fintype I] in theorem ...

Note: This linter can be disabled with `set_option linter.unusedSectionVars false`
warning: lean/PvNP/RealizableHardness/ActualMZ24MaximalTwoGenericSubfamily.lean:177:2: `push_neg` has been deprecated. Prefer using `push Not` instead.
If you'd rather continue using `push_neg` in your project, you can implement it as follows:
```
open Lean.Parser.Tactic in
macro "push_neg" cfg:optConfig loc:(location)? : tactic =>
  `(tactic| push $cfg:optConfig Not $[$loc]?)
```
warning: lean/PvNP/RealizableHardness/ActualMZ24MaximalTwoGenericSubfamily.lean:185:0: automatically included section variable(s) unused in theorem `PvNP.RealizableHardness.ActualMZ24MaximalTwoGenericSubfamily.sup_ne_top_of_pair_obstruction`:
  [Fintype I]
consider restructuring your `variable` declarations so that the variables are not in scope or explicitly omit them:
  omit [Fintype I] in theorem ...

Note: This linter can be disabled with `set_option linter.unusedSectionVars false`
⚠ [3235/3246] Replayed PvNP.RealizableHardness.ActualMZ24GenericSubfamilyCover
warning: lean/PvNP/RealizableHardness/ActualMZ24GenericSubfamilyCover.lean:72:0: automatically included section variable(s) unused in theorem `PvNP.RealizableHardness.ActualMZ24GenericSubfamilyCover.ne_top_of_pos_relativeCodim`:
  [Fintype V]
consider restructuring your `variable` declarations so that the variables are not in scope or explicitly omit them:
  omit [Fintype V] in theorem ...

Note: This linter can be disabled with `set_option linter.unusedSectionVars false`
warning: lean/PvNP/RealizableHardness/ActualMZ24GenericSubfamilyCover.lean:161:5: Variable name `hpos` is not explicitly referenced.

Hint: The binding can be removed (if unused) or named `_` (if used implicitly). Alternatively, prefix the name with `_` to silence this warning:
  [apply] _hpos

Note: This linter can be disabled with `set_option linter.unusedVariables false`
warning: lean/PvNP/RealizableHardness/ActualMZ24GenericSubfamilyCover.lean:238:14: Try `simp at hil` instead of `simpa using hil`

Note: This linter can be disabled with `set_option linter.unnecessarySimpa false`
⚠ [3236/3246] Replayed PvNP.RealizableHardness.ActualMZ24GenericSubfamilyStep
warning: lean/PvNP/RealizableHardness/ActualMZ24GenericSubfamilyStep.lean:35:0: automatically included section variable(s) unused in theorem `PvNP.RealizableHardness.ActualMZ24GenericSubfamilyStep.subtypeFamily_injective`:
  [Fintype V]
  [Fintype I]
consider restructuring your `variable` declarations so that the variables are not in scope or explicitly omit them:
  omit [Fintype V] [Fintype I] in theorem ...

Note: This linter can be disabled with `set_option linter.unusedSectionVars false`
⚠ [3237/3246] Replayed PvNP.RealizableHardness.ActualMZ24PhaseAStopping
warning: lean/PvNP/RealizableHardness/ActualMZ24PhaseAStopping.lean:90:39: Variable name `hs` is not explicitly referenced.

Hint: The binding can be removed (if unused) or named `_` (if used implicitly). Alternatively, prefix the name with `_` to silence this warning:
  [apply] _hs

Note: This linter can be disabled with `set_option linter.unusedVariables false`
⚠ [3238/3246] Replayed PvNP.RealizableHardness.ActualMZ24MaximalGenericSubfamily
warning: lean/PvNP/RealizableHardness/ActualMZ24MaximalGenericSubfamily.lean:40:0: automatically included section variable(s) unused in theorem `PvNP.RealizableHardness.ActualMZ24MaximalGenericSubfamily.genericUpToOn_mono`:
  [Fintype V]
  [Fintype I]
consider restructuring your `variable` declarations so that the variables are not in scope or explicitly omit them:
  omit [Fintype V] [Fintype I] in theorem ...

Note: This linter can be disabled with `set_option linter.unusedSectionVars false`
warning: lean/PvNP/RealizableHardness/ActualMZ24MaximalGenericSubfamily.lean:67:4: Try this: 
  letI̵

The goal is a proposition, so `let` is preferred over `letI`.
The difference between `let` and `letI` is that `letI` inlines the value.
But this is not relevant for proofs because of proof irrelevance.

Note: This linter can be disabled with `set_option linter.style.haveILetI false`
warning: lean/PvNP/RealizableHardness/ActualMZ24MaximalGenericSubfamily.lean:107:0: automatically included section variable(s) unused in theorem `PvNP.RealizableHardness.ActualMZ24MaximalGenericSubfamily.genericUpToCandidates_nonempty`:
  [Fintype V]
  [Fintype I]
consider restructuring your `variable` declarations so that the variables are not in scope or explicitly omit them:
  omit [Fintype V] [Fintype I] in theorem ...

Note: This linter can be disabled with `set_option linter.unusedSectionVars false`
warning: lean/PvNP/RealizableHardness/ActualMZ24MaximalGenericSubfamily.lean:151:0: automatically included section variable(s) unused in theorem `PvNP.RealizableHardness.ActualMZ24MaximalGenericSubfamily.not_insert_genericUpToOn_of_maximum`:
  [Fintype V]
  [Fintype I]
consider restructuring your `variable` declarations so that the variables are not in scope or explicitly omit them:
  omit [Fintype V] [Fintype I] in theorem ...

Note: This linter can be disabled with `set_option linter.unusedSectionVars false`
warning: lean/PvNP/RealizableHardness/ActualMZ24MaximalGenericSubfamily.lean:182:2: `push_neg` has been deprecated. Prefer using `push Not` instead.
If you'd rather continue using `push_neg` in your project, you can implement it as follows:
```
open Lean.Parser.Tactic in
macro "push_neg" cfg:optConfig loc:(location)? : tactic =>
  `(tactic| push $cfg:optConfig Not $[$loc]?)
```
warning: lean/PvNP/RealizableHardness/ActualMZ24MaximalGenericSubfamily.lean:249:0: automatically included section variable(s) unused in theorem `PvNP.RealizableHardness.ActualMZ24MaximalGenericSubfamily.familyInter_insert`:
  [Fintype V]
  [Fintype I]
consider restructuring your `variable` declarations so that the variables are not in scope or explicitly omit them:
  omit [Fintype V] [Fintype I] in theorem ...

Note: This linter can be disabled with `set_option linter.unusedSectionVars false`
warning: lean/PvNP/RealizableHardness/ActualMZ24MaximalGenericSubfamily.lean:281:33: try 'simp' instead of 'simpa'

Note: This linter can be disabled with `set_option linter.unnecessarySimpa false`
⚠ [3239/3246] Replayed PvNP.RealizableHardness.ActualMZ24PhaseATypedStep
warning: lean/PvNP/RealizableHardness/ActualMZ24PhaseATypedStep.lean:60:0: automatically included section variable(s) unused in theorem `PvNP.RealizableHardness.ActualMZ24PhaseATypedStep.PhaseAGeometry.family_map_recovery`:
  [Fintype I]
consider restructuring your `variable` declarations so that the variables are not in scope or explicitly omit them:
  omit [Fintype I] in theorem ...

Note: This linter can be disabled with `set_option linter.unusedSectionVars false`
warning: lean/PvNP/RealizableHardness/ActualMZ24PhaseATypedStep.lean:65:0: automatically included section variable(s) unused in theorem `PvNP.RealizableHardness.ActualMZ24PhaseATypedStep.PhaseAGeometry.family_finrank`:
  [Fintype I]
consider restructuring your `variable` declarations so that the variables are not in scope or explicitly omit them:
  omit [Fintype I] in theorem ...

Note: This linter can be disabled with `set_option linter.unusedSectionVars false`
warning: lean/PvNP/RealizableHardness/ActualMZ24PhaseATypedStep.lean:71:0: automatically included section variable(s) unused in theorem `PvNP.RealizableHardness.ActualMZ24PhaseATypedStep.PhaseAGeometry.family_injective`:
  [Fintype I]
consider restructuring your `variable` declarations so that the variables are not in scope or explicitly omit them:
  omit [Fintype I] in theorem ...

Note: This linter can be disabled with `set_option linter.unusedSectionVars false`
warning: lean/PvNP/RealizableHardness/ActualMZ24PhaseATypedStep.lean:80:0: automatically included section variable(s) unused in theorem `PvNP.RealizableHardness.ActualMZ24PhaseATypedStep.PhaseAGeometry.QE_map_recovery`:
  [Fintype I]
consider restructuring your `variable` declarations so that the variables are not in scope or explicitly omit them:
  omit [Fintype I] in theorem ...

Note: This linter can be disabled with `set_option linter.unusedSectionVars false`
warning: lean/PvNP/RealizableHardness/ActualMZ24PhaseATypedStep.lean:83:0: automatically included section variable(s) unused in theorem `PvNP.RealizableHardness.ActualMZ24PhaseATypedStep.PhaseAGeometry.QE_le_family`:
  [Fintype I]
consider restructuring your `variable` declarations so that the variables are not in scope or explicitly omit them:
  omit [Fintype I] in theorem ...

Note: This linter can be disabled with `set_option linter.unusedSectionVars false`
warning: lean/PvNP/RealizableHardness/ActualMZ24PhaseATypedStep.lean:102:0: automatically included section variable(s) unused in theorem `PvNP.RealizableHardness.ActualMZ24PhaseATypedStep.PhaseAGeometry.r_le_c`:
  [Fintype V]
  [Fintype I]
consider restructuring your `variable` declarations so that the variables are not in scope or explicitly omit them:
  omit [Fintype V] [Fintype I] in theorem ...

Note: This linter can be disabled with `set_option linter.unusedSectionVars false`
warning: lean/PvNP/RealizableHardness/ActualMZ24PhaseATypedStep.lean:106:0: automatically included section variable(s) unused in theorem `PvNP.RealizableHardness.ActualMZ24PhaseATypedStep.PhaseAGeometry.s_le_c`:
  [Fintype V]
  [Fintype I]
consider restructuring your `variable` declarations so that the variables are not in scope or explicitly omit them:
  omit [Fintype V] [Fintype I] in theorem ...

Note: This linter can be disabled with `set_option linter.unusedSectionVars false`
warning: lean/PvNP/RealizableHardness/ActualMZ24PhaseATypedStep.lean:110:0: automatically included section variable(s) unused in theorem `PvNP.RealizableHardness.ActualMZ24PhaseATypedStep.PhaseAGeometry.r_eq_c_sub_s`:
  [Fintype V]
  [Fintype I]
consider restructuring your `variable` declarations so that the variables are not in scope or explicitly omit them:
  omit [Fintype V] [Fintype I] in theorem ...

Note: This linter can be disabled with `set_option linter.unusedSectionVars false`
warning: lean/PvNP/RealizableHardness/ActualMZ24PhaseATypedStep.lean:114:0: automatically included section variable(s) unused in theorem `PvNP.RealizableHardness.ActualMZ24PhaseATypedStep.PhaseAGeometry.s_eq_c_sub_r`:
  [Fintype V]
  [Fintype I]
consider restructuring your `variable` declarations so that the variables are not in scope or explicitly omit them:
  omit [Fintype V] [Fintype I] in theorem ...

Note: This linter can be disabled with `set_option linter.unusedSectionVars false`
warning: lean/PvNP/RealizableHardness/ActualMZ24PhaseATypedStep.lean:119:0: automatically included section variable(s) unused in theorem `PvNP.RealizableHardness.ActualMZ24PhaseATypedStep.PhaseAGeometry.originalCodim_le_finrank`:
  [Fintype V]
  [Fintype I]
consider restructuring your `variable` declarations so that the variables are not in scope or explicitly omit them:
  omit [Fintype V] [Fintype I] in theorem ...

Note: This linter can be disabled with `set_option linter.unusedSectionVars false`
warning: lean/PvNP/RealizableHardness/ActualMZ24PhaseATypedStep.lean:127:0: automatically included section variable(s) unused in theorem `PvNP.RealizableHardness.ActualMZ24PhaseATypedStep.PhaseAGeometry.finrank_E_add_c_sub_r`:
  [Fintype V]
  [Fintype I]
consider restructuring your `variable` declarations so that the variables are not in scope or explicitly omit them:
  omit [Fintype V] [Fintype I] in theorem ...

Note: This linter can be disabled with `set_option linter.unusedSectionVars false`
warning: lean/PvNP/RealizableHardness/ActualMZ24PhaseATypedStep.lean:144:0: automatically included section variable(s) unused in theorem `PvNP.RealizableHardness.ActualMZ24PhaseATypedStep.PhaseAGeometry.original_member_le_nested`:
  [Fintype V]
  [Fintype I]
consider restructuring your `variable` declarations so that the variables are not in scope or explicitly omit them:
  omit [Fintype V] [Fintype I] in theorem ...

Note: This linter can be disabled with `set_option linter.unusedSectionVars false`
warning: lean/PvNP/RealizableHardness/ActualMZ24PhaseATypedStep.lean:172:0: automatically included section variable(s) unused in theorem `PvNP.RealizableHardness.ActualMZ24PhaseATypedStep.PhaseAState.root_le_card`:
  [Fintype V]
  [Fintype I]
consider restructuring your `variable` declarations so that the variables are not in scope or explicitly omit them:
  omit [Fintype V] [Fintype I] in theorem ...

Note: This linter can be disabled with `set_option linter.unusedSectionVars false`
warning: lean/PvNP/RealizableHardness/ActualMZ24PhaseATypedStep.lean:265:5: Variable name `hQW` is not explicitly referenced.

Hint: The binding can be removed (if unused) or named `_` (if used implicitly). Alternatively, prefix the name with `_` to silence this warning:
  [apply] _hQW

Note: This linter can be disabled with `set_option linter.unusedVariables false`
warning: lean/PvNP/RealizableHardness/ActualMZ24PhaseATypedStep.lean:266:5: Variable name `hcodim` is not explicitly referenced.

Hint: The binding can be removed (if unused) or named `_` (if used implicitly). Alternatively, prefix the name with `_` to silence this warning:
  [apply] _hcodim

Note: This linter can be disabled with `set_option linter.unusedVariables false`
warning: lean/PvNP/RealizableHardness/ActualMZ24PhaseATypedStep.lean:281:0: automatically included section variable(s) unused in theorem `PvNP.RealizableHardness.ActualMZ24PhaseATypedStep.initialPhaseAState_spec`:
  [Fintype V]
consider restructuring your `variable` declarations so that the variables are not in scope or explicitly omit them:
  omit [Fintype V] in theorem ...

Note: This linter can be disabled with `set_option linter.unusedSectionVars false`
warning: lean/PvNP/RealizableHardness/ActualMZ24PhaseATypedStep.lean:323:0: automatically included section variable(s) unused in theorem `PvNP.RealizableHardness.ActualMZ24PhaseATypedStep.PhaseATerminal.index_card`:
  [Fintype V]
  [Fintype I]
consider restructuring your `variable` declarations so that the variables are not in scope or explicitly omit them:
  omit [Fintype V] [Fintype I] in theorem ...

Note: This linter can be disabled with `set_option linter.unusedSectionVars false`
warning: lean/PvNP/RealizableHardness/ActualMZ24PhaseATypedStep.lean:340:0: automatically included section variable(s) unused in theorem `PvNP.RealizableHardness.ActualMZ24PhaseATypedStep.PhaseATerminal.family_injective`:
  [Fintype I]
consider restructuring your `variable` declarations so that the variables are not in scope or explicitly omit them:
  omit [Fintype I] in theorem ...

Note: This linter can be disabled with `set_option linter.unusedSectionVars false`
warning: lean/PvNP/RealizableHardness/ActualMZ24PhaseATypedStep.lean:354:0: automatically included section variable(s) unused in theorem `PvNP.RealizableHardness.ActualMZ24PhaseATypedStep.PhaseATerminal.phaseA_seed`:
  [Fintype V]
  [Fintype I]
consider restructuring your `variable` declarations so that the variables are not in scope or explicitly omit them:
  omit [Fintype V] [Fintype I] in theorem ...

Note: This linter can be disabled with `set_option linter.unusedSectionVars false`
warning: lean/PvNP/RealizableHardness/ActualMZ24PhaseATypedStep.lean:358:0: automatically included section variable(s) unused in theorem `PvNP.RealizableHardness.ActualMZ24PhaseATypedStep.PhaseATerminal.genericOn_univ`:
  [Fintype V]
  [Fintype I]
consider restructuring your `variable` declarations so that the variables are not in scope or explicitly omit them:
  omit [Fintype V] [Fintype I] in theorem ...

Note: This linter can be disabled with `set_option linter.unusedSectionVars false`
⚠ [3240/3246] Replayed PvNP.RealizableHardness.ActualMZ24GenericSubfamilyCoverChecks
warning: lean/PvNP/RealizableHardness/ActualMZ24GenericSubfamilyCoverChecks.lean:95:2: `push_neg` has been deprecated. Prefer using `push Not` instead.
If you'd rather continue using `push_neg` in your project, you can implement it as follows:
```
open Lean.Parser.Tactic in
macro "push_neg" cfg:optConfig loc:(location)? : tactic =>
  `(tactic| push $cfg:optConfig Not $[$loc]?)
```
info: lean/PvNP/RealizableHardness/ActualMZ24GenericSubfamilyCoverChecks.lean:198:0: PvNP.RealizableHardness.ActualMZ24GenericSubfamilyCover.SelectedIndex.{u_1, u_2} {V : Type u_1} [AddCommGroup V]
  [Module (ZMod 2) V] [Fintype V] {I : Type u_2} [Fintype I] (W : I → Submodule (ZMod 2) V) (r : ℕ) : Type u_2
info: lean/PvNP/RealizableHardness/ActualMZ24GenericSubfamilyCoverChecks.lean:199:0: PvNP.RealizableHardness.ActualMZ24GenericSubfamilyCover.MaximumCoverIndex.{u_1, u_2} {V : Type u_1} [AddCommGroup V]
  [Module (ZMod 2) V] [Fintype V] {I : Type u_2} [Fintype I] (W : I → Submodule (ZMod 2) V) (r : ℕ) : Type (max u_2 u_1)
info: lean/PvNP/RealizableHardness/ActualMZ24GenericSubfamilyCoverChecks.lean:200:0: PvNP.RealizableHardness.ActualMZ24GenericSubfamilyCover.maximumHyperplaneCover.{u_1, u_2} {V : Type u_1}
  [AddCommGroup V] [Module (ZMod 2) V] [Fintype V] {I : Type u_2} [Fintype I] (W : I → Submodule (ZMod 2) V) (r : ℕ) :
  Finset (MaximumCoverIndex W r)
info: lean/PvNP/RealizableHardness/ActualMZ24GenericSubfamilyCoverChecks.lean:201:0: PvNP.RealizableHardness.ActualMZ24GenericSubfamilyCover.coverHyperplane.{u_1, u_2} {V : Type u_1} [AddCommGroup V]
  [Module (ZMod 2) V] [Fintype V] {I : Type u_2} [Fintype I] (W : I → Submodule (ZMod 2) V) (r : ℕ)
  (z : MaximumCoverIndex W r) : Submodule (ZMod 2) V
info: lean/PvNP/RealizableHardness/ActualMZ24GenericSubfamilyCoverChecks.lean:202:0: PvNP.RealizableHardness.ActualMZ24GenericSubfamilyCover.coverFibre.{u_1, u_2} {V : Type u_1} [AddCommGroup V]
  [Module (ZMod 2) V] [Fintype V] {I : Type u_2} [Fintype I] (W : I → Submodule (ZMod 2) V) (r : ℕ)
  (z : MaximumCoverIndex W r) : Finset I
info: lean/PvNP/RealizableHardness/ActualMZ24GenericSubfamilyCoverChecks.lean:203:0: PvNP.RealizableHardness.ActualMZ24GenericSubfamilyCover.mem_maximumHyperplaneCover.{u_1, u_2} {V : Type u_1}
  [AddCommGroup V] [Module (ZMod 2) V] [Fintype V] {I : Type u_2} [Fintype I] (W : I → Submodule (ZMod 2) V) (r : ℕ)
  (z : MaximumCoverIndex W r) : z ∈ maximumHyperplaneCover W r
info: lean/PvNP/RealizableHardness/ActualMZ24GenericSubfamilyCoverChecks.lean:204:0: PvNP.RealizableHardness.ActualMZ24GenericSubfamilyCover.mem_coverFibre_selected.{u_1, u_2} {V : Type u_1}
  [AddCommGroup V] [Module (ZMod 2) V] [Fintype V] {I : Type u_2} [Fintype I] (W : I → Submodule (ZMod 2) V) (r : ℕ)
  (z : MaximumCoverIndex W r) : ↑z.fst ∈ coverFibre W r z
info: lean/PvNP/RealizableHardness/ActualMZ24GenericSubfamilyCoverChecks.lean:205:0: PvNP.RealizableHardness.ActualMZ24GenericSubfamilyCover.coverFibre_mem_iff.{u_1, u_2} {V : Type u_1} [AddCommGroup V]
  [Module (ZMod 2) V] [Fintype V] {I : Type u_2} [Fintype I] (W : I → Submodule (ZMod 2) V) (r : ℕ)
  (z : MaximumCoverIndex W r) (i : I) : i ∈ coverFibre W r z ↔ W i ≤ coverHyperplane W r z
info: lean/PvNP/RealizableHardness/ActualMZ24GenericSubfamilyCoverChecks.lean:206:0: PvNP.RealizableHardness.ActualMZ24GenericSubfamilyCover.ne_top_of_pos_relativeCodim.{u_1} {V : Type u_1}
  [AddCommGroup V] [Module (ZMod 2) V] [Fintype V] (U : Submodule (ZMod 2) V) (hU : 0 < relativeCodim U) : U ≠ ⊤
info: lean/PvNP/RealizableHardness/ActualMZ24GenericSubfamilyCoverChecks.lean:207:0: PvNP.RealizableHardness.ActualMZ24GenericSubfamilyCover.maximumHyperplaneCover_card_le.{u_1, u_2} {V : Type u_1}
  [AddCommGroup V] [Module (ZMod 2) V] [Fintype V] {I : Type u_2} [Fintype I] (W : I → Submodule (ZMod 2) V) (r : ℕ)
  (hcodim : ∀ (i : I), relativeCodim (W i) = r) (hpos : 0 < r) :
  (maximumHyperplaneCover W r).card ≤ (maximumCarrier W r).card * 2 ^ r
info: lean/PvNP/RealizableHardness/ActualMZ24GenericSubfamilyCoverChecks.lean:208:0: PvNP.RealizableHardness.ActualMZ24GenericSubfamilyCover.maximumHyperplaneCover_card_lt.{u_1, u_2} {V : Type u_1}
  [AddCommGroup V] [Module (ZMod 2) V] [Fintype V] {I : Type u_2} [Fintype I] (W : I → Submodule (ZMod 2) V) (r m : ℕ)
  (hcodim : ∀ (i : I), relativeCodim (W i) = r) (hpos : 0 < r) (hmax : (maximumCarrier W r).card < m) :
  (maximumHyperplaneCover W r).card < m * 2 ^ r
info: lean/PvNP/RealizableHardness/ActualMZ24GenericSubfamilyCoverChecks.lean:209:0: PvNP.RealizableHardness.ActualMZ24GenericSubfamilyCover.maximumCarrier_nonempty_of_card_pos.{u_1, u_2} {V : Type u_1}
  [AddCommGroup V] [Module (ZMod 2) V] [Fintype V] {I : Type u_2} [Fintype I] (W : I → Submodule (ZMod 2) V) (r : ℕ)
  (hcodim : ∀ (i : I), relativeCodim (W i) = r) (hI : 0 < Fintype.card I) : (maximumCarrier W r).Nonempty
info: lean/PvNP/RealizableHardness/ActualMZ24GenericSubfamilyCoverChecks.lean:210:0: PvNP.RealizableHardness.ActualMZ24GenericSubfamilyCover.selected_mem_some_cover.{u_1, u_2} {V : Type u_1}
  [AddCommGroup V] [Module (ZMod 2) V] [Fintype V] {I : Type u_2} [Fintype I] (W : I → Submodule (ZMod 2) V) (r : ℕ)
  (hpos : ∀ (i : I), 0 < relativeCodim (W i)) {i : I} (hi : i ∈ maximumCarrier W r) :
  ∃ z ∈ maximumHyperplaneCover W r, i ∈ coverFibre W r z
info: lean/PvNP/RealizableHardness/ActualMZ24GenericSubfamilyCoverChecks.lean:211:0: PvNP.RealizableHardness.ActualMZ24GenericSubfamilyCover.outside_mem_some_cover.{u_1, u_2} {V : Type u_1}
  [AddCommGroup V] [Module (ZMod 2) V] [Fintype V] {I : Type u_2} [Fintype I] (W : I → Submodule (ZMod 2) V) (r : ℕ)
  (hcodim : ∀ (i : I), relativeCodim (W i) = r) (hpos : 0 < r) {x : I} (hx : x ∉ maximumCarrier W r) :
  ∃ z ∈ maximumHyperplaneCover W r, x ∈ coverFibre W r z
info: lean/PvNP/RealizableHardness/ActualMZ24GenericSubfamilyCoverChecks.lean:212:0: PvNP.RealizableHardness.ActualMZ24GenericSubfamilyCover.exists_fibre_card_ge_of_mul_le_card.{u_2, u_3} {I : Type u_2}
  [Fintype I] {K : Type u_3} [Fintype K] (C : Finset K) (fibre : K → Finset I) (n : ℕ) (hC : C.Nonempty)
  (hcover : ∀ (i : I), ∃ k ∈ C, i ∈ fibre k) (hcard : C.card * n ≤ Fintype.card I) : ∃ k ∈ C, n ≤ (fibre k).card
info: lean/PvNP/RealizableHardness/ActualMZ24GenericSubfamilyCoverChecks.lean:213:0: PvNP.RealizableHardness.ActualMZ24GenericSubfamilyCover.exists_max_card_fibre_with_cover_bound.{u_2, u_3} {I : Type u_2}
  [Fintype I] {K : Type u_3} [Fintype K] (C : Finset K) (fibre : K → Finset I) (hI : 0 < Fintype.card I)
  (hC : C.Nonempty) (hcover : ∀ (i : I), ∃ k ∈ C, i ∈ fibre k) :
  ∃ k ∈ C, (fibre k).Nonempty ∧ (∀ l ∈ C, (fibre l).card ≤ (fibre k).card) ∧ Fintype.card I ≤ C.card * (fibre k).card
info: lean/PvNP/RealizableHardness/ActualMZ24GenericSubfamilyCoverChecks.lean:214:0: PvNP.RealizableHardness.ActualMZ24GenericSubfamilyCover.exists_max_card_hyperplane_fibre_with_cover_bound.{u_1, u_2}
  {V : Type u_1} [AddCommGroup V] [Module (ZMod 2) V] [Fintype V] {I : Type u_2} [Fintype I]
  (W : I → Submodule (ZMod 2) V) (r : ℕ) (hcodim : ∀ (i : I), relativeCodim (W i) = r) (hpos : 0 < r)
  (hI : 0 < Fintype.card I) :
  ∃ z ∈ maximumHyperplaneCover W r,
    (coverFibre W r z).Nonempty ∧
      (∀ z' ∈ maximumHyperplaneCover W r, (coverFibre W r z').card ≤ (coverFibre W r z).card) ∧
        Fintype.card I ≤ (maximumHyperplaneCover W r).card * (coverFibre W r z).card
info: lean/PvNP/RealizableHardness/ActualMZ24GenericSubfamilyCoverChecks.lean:215:0: PvNP.RealizableHardness.ActualMZ24GenericSubfamilyCoverChecks.grassLine_exact_max_fibre :
  ∃ z ∈ maximumHyperplaneCover grassLineFamily 2,
    (coverFibre grassLineFamily 2 z).Nonempty ∧
      (∀ z' ∈ maximumHyperplaneCover grassLineFamily 2,
          (coverFibre grassLineFamily 2 z').card ≤ (coverFibre grassLineFamily 2 z).card) ∧
        Fintype.card GrassLine3 ≤
          (maximumHyperplaneCover grassLineFamily 2).card * (coverFibre grassLineFamily 2 z).card
info: lean/PvNP/RealizableHardness/ActualMZ24GenericSubfamilyCoverChecks.lean:216:0: PvNP.RealizableHardness.ActualMZ24GenericSubfamilyCoverChecks.grassLine_max_fibre_gain :
  ∃ z ∈ maximumHyperplaneCover grassLineFamily 2, 2 ≤ (coverFibre grassLineFamily 2 z).card
info: lean/PvNP/RealizableHardness/ActualMZ24GenericSubfamilyCoverChecks.lean:218:0: 'PvNP.RealizableHardness.ActualMZ24GenericSubfamilyCover.mem_maximumHyperplaneCover' depends on axioms: [propext,
 Classical.choice,
 Quot.sound]
info: lean/PvNP/RealizableHardness/ActualMZ24GenericSubfamilyCoverChecks.lean:219:0: 'PvNP.RealizableHardness.ActualMZ24GenericSubfamilyCover.mem_coverFibre_selected' depends on axioms: [propext,
 Classical.choice,
 Quot.sound]
info: lean/PvNP/RealizableHardness/ActualMZ24GenericSubfamilyCoverChecks.lean:220:0: 'PvNP.RealizableHardness.ActualMZ24GenericSubfamilyCover.maximumHyperplaneCover_card_le' depends on axioms: [propext,
 Classical.choice,
 Quot.sound]
info: lean/PvNP/RealizableHardness/ActualMZ24GenericSubfamilyCoverChecks.lean:221:0: 'PvNP.RealizableHardness.ActualMZ24GenericSubfamilyCover.maximumHyperplaneCover_card_lt' depends on axioms: [propext,
 Classical.choice,
 Quot.sound]
info: lean/PvNP/RealizableHardness/ActualMZ24GenericSubfamilyCoverChecks.lean:222:0: 'PvNP.RealizableHardness.ActualMZ24GenericSubfamilyCover.maximumCarrier_nonempty_of_card_pos' depends on axioms: [propext,
 Classical.choice,
 Quot.sound]
info: lean/PvNP/RealizableHardness/ActualMZ24GenericSubfamilyCoverChecks.lean:223:0: 'PvNP.RealizableHardness.ActualMZ24GenericSubfamilyCover.selected_mem_some_cover' depends on axioms: [propext,
 Classical.choice,
 Quot.sound]
info: lean/PvNP/RealizableHardness/ActualMZ24GenericSubfamilyCoverChecks.lean:224:0: 'PvNP.RealizableHardness.ActualMZ24GenericSubfamilyCover.outside_mem_some_cover' depends on axioms: [propext,
 Classical.choice,
 Quot.sound]
info: lean/PvNP/RealizableHardness/ActualMZ24GenericSubfamilyCoverChecks.lean:225:0: 'PvNP.RealizableHardness.ActualMZ24GenericSubfamilyCover.exists_fibre_card_ge_of_mul_le_card' depends on axioms: [propext,
 Classical.choice,
 Quot.sound]
info: lean/PvNP/RealizableHardness/ActualMZ24GenericSubfamilyCoverChecks.lean:226:0: 'PvNP.RealizableHardness.ActualMZ24GenericSubfamilyCover.exists_max_card_fibre_with_cover_bound' depends on axioms: [propext,
 Classical.choice,
 Quot.sound]
info: lean/PvNP/RealizableHardness/ActualMZ24GenericSubfamilyCoverChecks.lean:227:0: 'PvNP.RealizableHardness.ActualMZ24GenericSubfamilyCover.exists_max_card_hyperplane_fibre_with_cover_bound' depends on axioms: [propext,
 Classical.choice,
 Quot.sound]
info: lean/PvNP/RealizableHardness/ActualMZ24GenericSubfamilyCoverChecks.lean:228:0: 'PvNP.RealizableHardness.ActualMZ24GenericSubfamilyCoverChecks.grassLine_exact_max_fibre' depends on axioms: [propext,
 Classical.choice,
 Quot.sound]
info: lean/PvNP/RealizableHardness/ActualMZ24GenericSubfamilyCoverChecks.lean:229:0: 'PvNP.RealizableHardness.ActualMZ24GenericSubfamilyCoverChecks.grassLine_max_fibre_gain' depends on axioms: [propext,
 Classical.choice,
 Quot.sound]
⚠ [3241/3246] Replayed PvNP.RealizableHardness.ActualMZ24MaximalGenericSubfamilyChecks
warning: lean/PvNP/RealizableHardness/ActualMZ24MaximalGenericSubfamilyChecks.lean:54:29: This simp argument is unused:
  p1

Hint: Omit it from the simp argument list.
  [apply] simp [threeLineForm, p0, e0] at he

Note: This linter can be disabled with `set_option linter.unusedSimpArgs false`
warning: lean/PvNP/RealizableHardness/ActualMZ24MaximalGenericSubfamilyChecks.lean:57:25: This simp argument is unused:
  p0

Hint: Omit it from the simp argument list.
  [apply] simp [threeLineForm, p1, e1] at he

Note: This linter can be disabled with `set_option linter.unusedSimpArgs false`
warning: lean/PvNP/RealizableHardness/ActualMZ24MaximalGenericSubfamilyChecks.lean:103:2: Try this: 
  letI̵

The goal is a proposition, so `let` is preferred over `letI`.
The difference between `let` and `letI` is that `letI` inlines the value.
But this is not relevant for proofs because of proof irrelevance.

Note: This linter can be disabled with `set_option linter.style.haveILetI false`
warning: lean/PvNP/RealizableHardness/ActualMZ24MaximalGenericSubfamilyChecks.lean:119:2: Try this: 
  letI̵

The goal is a proposition, so `let` is preferred over `letI`.
The difference between `let` and `letI` is that `letI` inlines the value.
But this is not relevant for proofs because of proof irrelevance.

Note: This linter can be disabled with `set_option linter.style.haveILetI false`
warning: lean/PvNP/RealizableHardness/ActualMZ24MaximalGenericSubfamilyChecks.lean:128:14: This simp argument is unused:
  hik

Hint: Omit it from the simp argument list.
  [apply] simp [V2]

Note: This linter can be disabled with `set_option linter.unusedSimpArgs false`
warning: lean/PvNP/RealizableHardness/ActualMZ24MaximalGenericSubfamilyChecks.lean:132:2: Try this: 
  letI̵

The goal is a proposition, so `let` is preferred over `letI`.
The difference between `let` and `letI` is that `letI` inlines the value.
But this is not relevant for proofs because of proof irrelevance.

Note: This linter can be disabled with `set_option linter.style.haveILetI false`
warning: lean/PvNP/RealizableHardness/ActualMZ24MaximalGenericSubfamilyChecks.lean:217:35: try 'simp' instead of 'simpa'

Note: This linter can be disabled with `set_option linter.unnecessarySimpa false`
warning: lean/PvNP/RealizableHardness/ActualMZ24MaximalGenericSubfamilyChecks.lean:253:2: Try this: 
  letI̵

The goal is a proposition, so `let` is preferred over `letI`.
The difference between `let` and `letI` is that `letI` inlines the value.
But this is not relevant for proofs because of proof irrelevance.

Note: This linter can be disabled with `set_option linter.style.haveILetI false`
info: lean/PvNP/RealizableHardness/ActualMZ24MaximalGenericSubfamilyChecks.lean:361:0: PvNP.RealizableHardness.ActualMZ24MaximalGenericSubfamily.carrierFamily.{u_1, u_2} {V : Type u_1} [AddCommGroup V]
  [Module (ZMod 2) V] {I : Type u_2} (W : I → Submodule (ZMod 2) V) (C : Finset I) : ↥C → Submodule (ZMod 2) V
info: lean/PvNP/RealizableHardness/ActualMZ24MaximalGenericSubfamilyChecks.lean:362:0: PvNP.RealizableHardness.ActualMZ24MaximalGenericSubfamily.GenericUpToOn.{u_1, u_2} {V : Type u_1} [AddCommGroup V]
  [Module (ZMod 2) V] {I : Type u_2} (W : I → Submodule (ZMod 2) V) (C : Finset I) (t r : ℕ) : Prop
info: lean/PvNP/RealizableHardness/ActualMZ24MaximalGenericSubfamilyChecks.lean:363:0: PvNP.RealizableHardness.ActualMZ24MaximalGenericSubfamily.genericUpToOn_mono.{u_1, u_2} {V : Type u_1} [AddCommGroup V]
  [Module (ZMod 2) V] [Fintype V] {I : Type u_2} [Fintype I] {t₁ t₂ r : ℕ} (ht : t₁ ≤ t₂) {W : I → Submodule (ZMod 2) V}
  {C : Finset I} (hW : GenericUpToOn W C t₂ r) : GenericUpToOn W C t₁ r
info: lean/PvNP/RealizableHardness/ActualMZ24MaximalGenericSubfamilyChecks.lean:364:0: PvNP.RealizableHardness.ActualMZ24MaximalGenericSubfamily.genericUpToOn_subtype_iff.{u_1, u_2} {V : Type u_1}
  [AddCommGroup V] [Module (ZMod 2) V] [Fintype V] {I : Type u_2} [Fintype I] (W : I → Submodule (ZMod 2) V)
  (C : Finset I) (t r : ℕ) : GenericUpToOn W C t r ↔ GenericUpTo (carrierFamily W C) t r
info: lean/PvNP/RealizableHardness/ActualMZ24MaximalGenericSubfamilyChecks.lean:365:0: PvNP.RealizableHardness.ActualMZ24MaximalGenericSubfamily.genericUpToCandidates.{u_1, u_2} {V : Type u_1}
  [AddCommGroup V] [Module (ZMod 2) V] {I : Type u_2} (W : I → Submodule (ZMod 2) V) (C : Finset I) (t r : ℕ) :
  Finset (Finset I)
info: lean/PvNP/RealizableHardness/ActualMZ24MaximalGenericSubfamilyChecks.lean:366:0: PvNP.RealizableHardness.ActualMZ24MaximalGenericSubfamily.exists_maximum_genericUpToOn.{u_1, u_2} {V : Type u_1}
  [AddCommGroup V] [Module (ZMod 2) V] [Fintype V] {I : Type u_2} [Fintype I] (W : I → Submodule (ZMod 2) V)
  (C : Finset I) (t r : ℕ) : ∃ S ⊆ C, GenericUpToOn W S t r ∧ ∀ S' ⊆ C, GenericUpToOn W S' t r → S'.card ≤ S.card
info: lean/PvNP/RealizableHardness/ActualMZ24MaximalGenericSubfamilyChecks.lean:367:0: PvNP.RealizableHardness.ActualMZ24MaximalGenericSubfamily.maximumGenericCarrier.{u_1, u_2} {V : Type u_1}
  [AddCommGroup V] [Module (ZMod 2) V] [Fintype V] {I : Type u_2} [Fintype I] (W : I → Submodule (ZMod 2) V)
  (C : Finset I) (t r : ℕ) : Finset I
info: lean/PvNP/RealizableHardness/ActualMZ24MaximalGenericSubfamilyChecks.lean:368:0: PvNP.RealizableHardness.ActualMZ24MaximalGenericSubfamily.maximumGenericCarrier_spec.{u_1, u_2} {V : Type u_1}
  [AddCommGroup V] [Module (ZMod 2) V] [Fintype V] {I : Type u_2} [Fintype I] (W : I → Submodule (ZMod 2) V)
  (C : Finset I) (t r : ℕ) :
  maximumGenericCarrier W C t r ⊆ C ∧
    GenericUpToOn W (maximumGenericCarrier W C t r) t r ∧
      ∀ S' ⊆ C, GenericUpToOn W S' t r → S'.card ≤ (maximumGenericCarrier W C t r).card
info: lean/PvNP/RealizableHardness/ActualMZ24MaximalGenericSubfamilyChecks.lean:369:0: PvNP.RealizableHardness.ActualMZ24MaximalGenericSubfamily.maximumGenericFamily.{u_1, u_2} {V : Type u_1}
  [AddCommGroup V] [Module (ZMod 2) V] [Fintype V] {I : Type u_2} [Fintype I] (W : I → Submodule (ZMod 2) V)
  (C : Finset I) (t r : ℕ) : ↥(maximumGenericCarrier W C t r) → Submodule (ZMod 2) V
info: lean/PvNP/RealizableHardness/ActualMZ24MaximalGenericSubfamilyChecks.lean:370:0: PvNP.RealizableHardness.ActualMZ24MaximalGenericSubfamily.maximumGenericFamily_genericUpTo.{u_1, u_2} {V : Type u_1}
  [AddCommGroup V] [Module (ZMod 2) V] [Fintype V] {I : Type u_2} [Fintype I] (W : I → Submodule (ZMod 2) V)
  (C : Finset I) (t r : ℕ) : GenericUpTo (maximumGenericFamily W C t r) t r
info: lean/PvNP/RealizableHardness/ActualMZ24MaximalGenericSubfamilyChecks.lean:371:0: PvNP.RealizableHardness.ActualMZ24MaximalGenericSubfamily.not_insert_genericUpToOn_of_maximum.{u_1, u_2} {V : Type u_1}
  [AddCommGroup V] [Module (ZMod 2) V] [Fintype V] {I : Type u_2} [Fintype I] (W : I → Submodule (ZMod 2) V)
  (C S : Finset I) (t r : ℕ) (hSsub : S ⊆ C) (hmax : ∀ S' ⊆ C, GenericUpToOn W S' t r → S'.card ≤ S.card) {x : I}
  (hxC : x ∈ C) (hxS : x ∉ S) : ¬GenericUpToOn W (insert x S) t r
info: lean/PvNP/RealizableHardness/ActualMZ24MaximalGenericSubfamilyChecks.lean:372:0: PvNP.RealizableHardness.ActualMZ24MaximalGenericSubfamily.outside_failed_j_insertion.{u_1, u_2} {V : Type u_1}
  [AddCommGroup V] [Module (ZMod 2) V] [Fintype V] {I : Type u_2} [Fintype I] (W : I → Submodule (ZMod 2) V)
  (C S : Finset I) (j r : ℕ) (hC : GenericUpToOn W C j r) (hSsub : S ⊆ C) (hS : GenericUpToOn W S (j + 1) r)
  (hmax : ∀ S' ⊆ C, GenericUpToOn W S' (j + 1) r → S'.card ≤ S.card) (hj : 2 ≤ j) {x : I} (hxC : x ∈ C) (hxS : x ∉ S) :
  ∃ T ⊆ S,
    T.card = j ∧
      x ∉ T ∧ Module.finrank (ZMod 2) V - Module.finrank (ZMod 2) ↥(familyInter W (insert x T)) ≠ (insert x T).card * r
info: lean/PvNP/RealizableHardness/ActualMZ24MaximalGenericSubfamilyChecks.lean:373:0: PvNP.RealizableHardness.ActualMZ24MaximalGenericSubfamily.outside_maximum_failed_j_insertion.{u_1, u_2} {V : Type u_1}
  [AddCommGroup V] [Module (ZMod 2) V] [Fintype V] {I : Type u_2} [Fintype I] (W : I → Submodule (ZMod 2) V)
  (C : Finset I) (j r : ℕ) (hC : GenericUpToOn W C j r) (hj : 2 ≤ j) {x : I} (hxC : x ∈ C)
  (hxS : x ∉ maximumGenericCarrier W C (j + 1) r) :
  ∃ T ⊆ maximumGenericCarrier W C (j + 1) r,
    T.card = j ∧
      x ∉ T ∧ Module.finrank (ZMod 2) V - Module.finrank (ZMod 2) ↥(familyInter W (insert x T)) ≠ (insert x T).card * r
info: lean/PvNP/RealizableHardness/ActualMZ24MaximalGenericSubfamilyChecks.lean:374:0: PvNP.RealizableHardness.ActualMZ24MaximalGenericSubfamily.proper_join_of_outside_failed_j.{u_1, u_2} {V : Type u_1}
  [AddCommGroup V] [Module (ZMod 2) V] [Fintype V] {I : Type u_2} [Fintype I] (W : I → Submodule (ZMod 2) V)
  (C T : Finset I) (j r : ℕ) (hC : GenericUpToOn W C j r) (hj : 2 ≤ j) (hTsub : T ⊆ C) (hTcard : T.card = j) {x : I}
  (hxC : x ∈ C) (hxT : x ∉ T)
  (hfail : Module.finrank (ZMod 2) V - Module.finrank (ZMod 2) ↥(familyInter W (insert x T)) ≠ (insert x T).card * r) :
  W x ⊔ familyInter W T ≠ ⊤
info: lean/PvNP/RealizableHardness/ActualMZ24MaximalGenericSubfamilyChecks.lean:375:0: PvNP.RealizableHardness.ActualMZ24MaximalGenericSubfamily.outside_failed_j_insertion_proper_join.{u_1, u_2}
  {V : Type u_1} [AddCommGroup V] [Module (ZMod 2) V] [Fintype V] {I : Type u_2} [Fintype I]
  (W : I → Submodule (ZMod 2) V) (C : Finset I) (j r : ℕ) (hC : GenericUpToOn W C j r) (hj : 2 ≤ j) {x : I}
  (hxC : x ∈ C) (hxS : x ∉ maximumGenericCarrier W C (j + 1) r) :
  ∃ T ⊆ maximumGenericCarrier W C (j + 1) r, T.card = j ∧ x ∉ T ∧ W x ⊔ familyInter W T ≠ ⊤
info: lean/PvNP/RealizableHardness/ActualMZ24MaximalGenericSubfamilyChecks.lean:376:0: PvNP.RealizableHardness.ActualMZ24MaximalGenericSubfamily.familyInter_insert.{u_1, u_2} {V : Type u_1} [AddCommGroup V]
  [Module (ZMod 2) V] [Fintype V] {I : Type u_2} [Fintype I] (W : I → Submodule (ZMod 2) V) (x : I) (S : Finset I) :
  familyInter W (insert x S) = W x ⊓ familyInter W S
info: lean/PvNP/RealizableHardness/ActualMZ24MaximalGenericSubfamilyChecks.lean:377:0: PvNP.RealizableHardness.ActualMZ24MaximalGenericSubfamilyChecks.threeLine_pair_familyInter (i k : Fin 3) (hik : i ≠ k) :
  familyInter threeLineFamily {i, k} = ⊥
info: lean/PvNP/RealizableHardness/ActualMZ24MaximalGenericSubfamilyChecks.lean:378:0: PvNP.RealizableHardness.ActualMZ24MaximalGenericSubfamily.relativeCodim_sup_add_inf.{u_1} {V : Type u_1}
  [AddCommGroup V] [Module (ZMod 2) V] [Fintype V] (A B : Submodule (ZMod 2) V) :
  relativeCodim (A ⊔ B) + relativeCodim (A ⊓ B) = relativeCodim A + relativeCodim B
info: lean/PvNP/RealizableHardness/ActualMZ24MaximalGenericSubfamilyChecks.lean:379:0: PvNP.RealizableHardness.ActualMZ24MaximalGenericSubfamily.sup_ne_top_of_relativeCodim_obstruction.{u_1} {V : Type u_1}
  [AddCommGroup V] [Module (ZMod 2) V] [Fintype V] (A B : Submodule (ZMod 2) V) (a b : ℕ) (hA : relativeCodim A = a)
  (hB : relativeCodim B = b) (hfail : relativeCodim (A ⊓ B) ≠ a + b) : A ⊔ B ≠ ⊤
info: lean/PvNP/RealizableHardness/ActualMZ24MaximalGenericSubfamilyChecks.lean:380:0: PvNP.RealizableHardness.ActualMZ24MaximalGenericSubfamily.sup_ne_top_of_pair_obstruction_generic.{u_1} {V : Type u_1}
  [AddCommGroup V] [Module (ZMod 2) V] [Fintype V] (A B : Submodule (ZMod 2) V) (r : ℕ) (hA : relativeCodim A = r)
  (hB : relativeCodim B = r) (hfail : relativeCodim (A ⊓ B) ≠ 2 * r) : A ⊔ B ≠ ⊤
info: lean/PvNP/RealizableHardness/ActualMZ24MaximalGenericSubfamilyChecks.lean:381:0: PvNP.RealizableHardness.ActualMZ24MaximalGenericSubfamilyChecks.threeLineForm (i : Fin 3) : Module.Dual (ZMod 2) V2
info: lean/PvNP/RealizableHardness/ActualMZ24MaximalGenericSubfamilyChecks.lean:382:0: PvNP.RealizableHardness.ActualMZ24MaximalGenericSubfamilyChecks.threeLineForm_ne_zero (i : Fin 3) : threeLineForm i ≠ 0
info: lean/PvNP/RealizableHardness/ActualMZ24MaximalGenericSubfamilyChecks.lean:383:0: PvNP.RealizableHardness.ActualMZ24MaximalGenericSubfamilyChecks.threeLine_current_genericUpToOn :
  GenericUpToOn threeLineFamily threeLineCarrier 2 1
info: lean/PvNP/RealizableHardness/ActualMZ24MaximalGenericSubfamilyChecks.lean:384:0: PvNP.RealizableHardness.ActualMZ24MaximalGenericSubfamilyChecks.threeLine_current_twoGeneric :
  TwoGeneric threeLineFamily 1
info: lean/PvNP/RealizableHardness/ActualMZ24MaximalGenericSubfamilyChecks.lean:385:0: PvNP.RealizableHardness.ActualMZ24MaximalGenericSubfamilyChecks.firstTwo_genericUpTo3 :
  GenericUpToOn threeLineFamily firstTwo 3 1
info: lean/PvNP/RealizableHardness/ActualMZ24MaximalGenericSubfamilyChecks.lean:386:0: PvNP.RealizableHardness.ActualMZ24MaximalGenericSubfamilyChecks.threeLine_not_genericUpTo3 :
  ¬GenericUpToOn threeLineFamily threeLineCarrier 3 1
info: lean/PvNP/RealizableHardness/ActualMZ24MaximalGenericSubfamilyChecks.lean:387:0: PvNP.RealizableHardness.ActualMZ24MaximalGenericSubfamilyChecks.threeLine_insert_not_genericUpTo3 :
  ¬GenericUpToOn threeLineFamily (insert 2 firstTwo) 3 1
info: lean/PvNP/RealizableHardness/ActualMZ24MaximalGenericSubfamilyChecks.lean:388:0: PvNP.RealizableHardness.ActualMZ24MaximalGenericSubfamilyChecks.threeLine_no_selected_partner (y : Fin 3) :
  y ∈ firstTwo → threeLineFamily 2 ⊔ threeLineFamily y = ⊤
info: lean/PvNP/RealizableHardness/ActualMZ24MaximalGenericSubfamilyChecks.lean:389:0: PvNP.RealizableHardness.ActualMZ24MaximalGenericSubfamilyChecks.firstTwo_maximum (S : Finset (Fin 3)) :
  S ⊆ threeLineCarrier → GenericUpToOn threeLineFamily S 3 1 → S.card ≤ firstTwo.card
info: lean/PvNP/RealizableHardness/ActualMZ24MaximalGenericSubfamilyChecks.lean:390:0: PvNP.RealizableHardness.ActualMZ24MaximalGenericSubfamilyChecks.threeLine_exact_obstruction :
  ∃ T ⊆ firstTwo,
    T.card = 2 ∧
      2 ∉ T ∧
        Module.finrank (ZMod 2) V2 - Module.finrank (ZMod 2) ↥(familyInter threeLineFamily (insert 2 T)) ≠
          (insert 2 T).card
info: lean/PvNP/RealizableHardness/ActualMZ24MaximalGenericSubfamilyChecks.lean:391:0: PvNP.RealizableHardness.ActualMZ24MaximalGenericSubfamilyChecks.coordinateRestriction (s : Finset (Fin 3)) :
  V3 →ₗ[ZMod 2] ↥s → ZMod 2
info: lean/PvNP/RealizableHardness/ActualMZ24MaximalGenericSubfamilyChecks.lean:392:0: PvNP.RealizableHardness.ActualMZ24MaximalGenericSubfamilyChecks.coordinateRestriction_surjective (s : Finset (Fin 3)) :
  Function.Surjective ⇑(coordinateRestriction s)
info: lean/PvNP/RealizableHardness/ActualMZ24MaximalGenericSubfamilyChecks.lean:393:0: PvNP.RealizableHardness.ActualMZ24MaximalGenericSubfamilyChecks.coordinateRestriction_kernel (s : Finset (Fin 3)) :
  (coordinateRestriction s).ker = familyInter coordinateFamily s
info: lean/PvNP/RealizableHardness/ActualMZ24MaximalGenericSubfamilyChecks.lean:394:0: PvNP.RealizableHardness.ActualMZ24MaximalGenericSubfamilyChecks.coordinateRestriction_finrank (s : Finset (Fin 3)) :
  Module.finrank (ZMod 2) ↥(familyInter coordinateFamily s) = 3 - s.card
info: lean/PvNP/RealizableHardness/ActualMZ24MaximalGenericSubfamilyChecks.lean:395:0: PvNP.RealizableHardness.ActualMZ24MaximalGenericSubfamilyChecks.coordinateFamily_genericUpTo3 :
  GenericUpToOn coordinateFamily coordinateCarrier 3 1
info: lean/PvNP/RealizableHardness/ActualMZ24MaximalGenericSubfamilyChecks.lean:396:0: PvNP.RealizableHardness.ActualMZ24MaximalGenericSubfamilyChecks.coordinate_genericUpTo3_maximum_fixture :
  GenericUpTo (maximumGenericFamily coordinateFamily coordinateCarrier 3 1) 3 1 ∧
    (maximumGenericCarrier coordinateFamily coordinateCarrier 3 1).card = 3
info: lean/PvNP/RealizableHardness/ActualMZ24MaximalGenericSubfamilyChecks.lean:398:0: 'PvNP.RealizableHardness.ActualMZ24MaximalGenericSubfamily.genericUpToOn_subtype_iff' depends on axioms: [propext,
 Classical.choice,
 Quot.sound]
info: lean/PvNP/RealizableHardness/ActualMZ24MaximalGenericSubfamilyChecks.lean:399:0: 'PvNP.RealizableHardness.ActualMZ24MaximalGenericSubfamily.exists_maximum_genericUpToOn' depends on axioms: [propext,
 Classical.choice,
 Quot.sound]
info: lean/PvNP/RealizableHardness/ActualMZ24MaximalGenericSubfamilyChecks.lean:400:0: 'PvNP.RealizableHardness.ActualMZ24MaximalGenericSubfamily.maximumGenericFamily_genericUpTo' depends on axioms: [propext,
 Classical.choice,
 Quot.sound]
info: lean/PvNP/RealizableHardness/ActualMZ24MaximalGenericSubfamilyChecks.lean:401:0: 'PvNP.RealizableHardness.ActualMZ24MaximalGenericSubfamily.outside_failed_j_insertion' depends on axioms: [propext,
 Classical.choice,
 Quot.sound]
info: lean/PvNP/RealizableHardness/ActualMZ24MaximalGenericSubfamilyChecks.lean:402:0: 'PvNP.RealizableHardness.ActualMZ24MaximalGenericSubfamily.proper_join_of_outside_failed_j' depends on axioms: [propext,
 Classical.choice,
 Quot.sound]
info: lean/PvNP/RealizableHardness/ActualMZ24MaximalGenericSubfamilyChecks.lean:403:0: 'PvNP.RealizableHardness.ActualMZ24MaximalGenericSubfamily.outside_failed_j_insertion_proper_join' depends on axioms: [propext,
 Classical.choice,
 Quot.sound]
info: lean/PvNP/RealizableHardness/ActualMZ24MaximalGenericSubfamilyChecks.lean:404:0: 'PvNP.RealizableHardness.ActualMZ24MaximalGenericSubfamilyChecks.threeLine_pair_familyInter' depends on axioms: [propext,
 Classical.choice,
 Quot.sound]
info: lean/PvNP/RealizableHardness/ActualMZ24MaximalGenericSubfamilyChecks.lean:405:0: 'PvNP.RealizableHardness.ActualMZ24MaximalGenericSubfamily.relativeCodim_sup_add_inf' depends on axioms: [propext,
 Classical.choice,
 Quot.sound]
info: lean/PvNP/RealizableHardness/ActualMZ24MaximalGenericSubfamilyChecks.lean:406:0: 'PvNP.RealizableHardness.ActualMZ24MaximalGenericSubfamily.sup_ne_top_of_relativeCodim_obstruction' depends on axioms: [propext,
 Classical.choice,
 Quot.sound]
info: lean/PvNP/RealizableHardness/ActualMZ24MaximalGenericSubfamilyChecks.lean:407:0: 'PvNP.RealizableHardness.ActualMZ24MaximalGenericSubfamilyChecks.threeLineForm_ne_zero' depends on axioms: [propext,
 Classical.choice,
 Quot.sound]
info: lean/PvNP/RealizableHardness/ActualMZ24MaximalGenericSubfamilyChecks.lean:408:0: 'PvNP.RealizableHardness.ActualMZ24MaximalGenericSubfamilyChecks.threeLine_current_genericUpToOn' depends on axioms: [propext,
 Classical.choice,
 Quot.sound]
info: lean/PvNP/RealizableHardness/ActualMZ24MaximalGenericSubfamilyChecks.lean:409:0: 'PvNP.RealizableHardness.ActualMZ24MaximalGenericSubfamilyChecks.threeLine_current_twoGeneric' depends on axioms: [propext,
 Classical.choice,
 Quot.sound]
info: lean/PvNP/RealizableHardness/ActualMZ24MaximalGenericSubfamilyChecks.lean:410:0: 'PvNP.RealizableHardness.ActualMZ24MaximalGenericSubfamilyChecks.firstTwo_genericUpTo3' depends on axioms: [propext,
 Classical.choice,
 Quot.sound]
info: lean/PvNP/RealizableHardness/ActualMZ24MaximalGenericSubfamilyChecks.lean:411:0: 'PvNP.RealizableHardness.ActualMZ24MaximalGenericSubfamilyChecks.threeLine_not_genericUpTo3' depends on axioms: [propext,
 Classical.choice,
 Quot.sound]
info: lean/PvNP/RealizableHardness/ActualMZ24MaximalGenericSubfamilyChecks.lean:412:0: 'PvNP.RealizableHardness.ActualMZ24MaximalGenericSubfamilyChecks.threeLine_insert_not_genericUpTo3' depends on axioms: [propext,
 Classical.choice,
 Quot.sound]
info: lean/PvNP/RealizableHardness/ActualMZ24MaximalGenericSubfamilyChecks.lean:413:0: 'PvNP.RealizableHardness.ActualMZ24MaximalGenericSubfamilyChecks.threeLine_no_selected_partner' depends on axioms: [propext,
 Classical.choice,
 Quot.sound]
info: lean/PvNP/RealizableHardness/ActualMZ24MaximalGenericSubfamilyChecks.lean:414:0: 'PvNP.RealizableHardness.ActualMZ24MaximalGenericSubfamilyChecks.firstTwo_maximum' depends on axioms: [propext,
 Classical.choice,
 Quot.sound]
info: lean/PvNP/RealizableHardness/ActualMZ24MaximalGenericSubfamilyChecks.lean:415:0: 'PvNP.RealizableHardness.ActualMZ24MaximalGenericSubfamilyChecks.threeLine_exact_obstruction' depends on axioms: [propext,
 Classical.choice,
 Quot.sound]
info: lean/PvNP/RealizableHardness/ActualMZ24MaximalGenericSubfamilyChecks.lean:416:0: 'PvNP.RealizableHardness.ActualMZ24MaximalGenericSubfamilyChecks.coordinateRestriction_surjective' depends on axioms: [propext,
 Classical.choice,
 Quot.sound]
info: lean/PvNP/RealizableHardness/ActualMZ24MaximalGenericSubfamilyChecks.lean:417:0: 'PvNP.RealizableHardness.ActualMZ24MaximalGenericSubfamilyChecks.coordinateRestriction_kernel' depends on axioms: [propext,
 Classical.choice,
 Quot.sound]
info: lean/PvNP/RealizableHardness/ActualMZ24MaximalGenericSubfamilyChecks.lean:418:0: 'PvNP.RealizableHardness.ActualMZ24MaximalGenericSubfamilyChecks.coordinateRestriction_finrank' depends on axioms: [propext,
 Classical.choice,
 Quot.sound]
info: lean/PvNP/RealizableHardness/ActualMZ24MaximalGenericSubfamilyChecks.lean:419:0: 'PvNP.RealizableHardness.ActualMZ24MaximalGenericSubfamilyChecks.coordinateFamily_genericUpTo3' depends on axioms: [propext,
 Classical.choice,
 Quot.sound]
info: lean/PvNP/RealizableHardness/ActualMZ24MaximalGenericSubfamilyChecks.lean:420:0: 'PvNP.RealizableHardness.ActualMZ24MaximalGenericSubfamilyChecks.coordinate_genericUpTo3_maximum_fixture' depends on axioms: [propext,
 Classical.choice,
 Quot.sound]
⚠ [3242/3246] Replayed PvNP.RealizableHardness.ActualMZ24HyperplaneSupportChecks
warning: lean/PvNP/RealizableHardness/ActualMZ24HyperplaneSupportChecks.lean:44:20: This simp argument is unused:
  Module.finrank_pi

Hint: Omit it from the simp argument list.
  [apply] simp [FixtureV]

Note: This linter can be disabled with `set_option linter.unusedSimpArgs false`
warning: lean/PvNP/RealizableHardness/ActualMZ24HyperplaneSupportChecks.lean:74:20: This simp argument is unused:
  Module.finrank_pi

Hint: Omit it from the simp argument list.
  [apply] simp [FixtureV]

Note: This linter can be disabled with `set_option linter.unusedSimpArgs false`
info: lean/PvNP/RealizableHardness/ActualMZ24HyperplaneSupportChecks.lean:93:0: PvNP.RealizableHardness.ActualMZ24HyperplaneSupport.relativeCodim.{u_1} {V : Type u_1} [AddCommGroup V]
  [Module (ZMod 2) V] (W : Submodule (ZMod 2) V) : ℕ
info: lean/PvNP/RealizableHardness/ActualMZ24HyperplaneSupportChecks.lean:94:0: PvNP.RealizableHardness.ActualMZ24HyperplaneSupport.IsHyperplane.{u_1} {V : Type u_1} [AddCommGroup V]
  [Module (ZMod 2) V] (H : Submodule (ZMod 2) V) : Prop
info: lean/PvNP/RealizableHardness/ActualMZ24HyperplaneSupportChecks.lean:95:0: PvNP.RealizableHardness.ActualMZ24HyperplaneSupport.Hyperplane.{u_1} {V : Type u_1} [AddCommGroup V]
  [Module (ZMod 2) V] : Type u_1
info: lean/PvNP/RealizableHardness/ActualMZ24HyperplaneSupportChecks.lean:96:0: PvNP.RealizableHardness.ActualMZ24HyperplaneSupport.ContainingHyperplane.{u_1} {V : Type u_1} [AddCommGroup V]
  [Module (ZMod 2) V] (W : Submodule (ZMod 2) V) : Type u_1
info: lean/PvNP/RealizableHardness/ActualMZ24HyperplaneSupportChecks.lean:97:0: PvNP.RealizableHardness.ActualMZ24HyperplaneSupport.containingHyperplanes.{u_1} {V : Type u_1} [AddCommGroup V]
  [Module (ZMod 2) V] [Fintype V] (W : Submodule (ZMod 2) V) : Finset (ContainingHyperplane W)
info: lean/PvNP/RealizableHardness/ActualMZ24HyperplaneSupportChecks.lean:98:0: PvNP.RealizableHardness.ActualMZ24HyperplaneSupport.isCoatom_iff_relativeCodim_eq_one.{u_1} {V : Type u_1}
  [AddCommGroup V] [Module (ZMod 2) V] [Fintype V] (H : Submodule (ZMod 2) V) : IsCoatom H ↔ relativeCodim H = 1
info: lean/PvNP/RealizableHardness/ActualMZ24HyperplaneSupportChecks.lean:99:0: PvNP.RealizableHardness.ActualMZ24HyperplaneSupport.hyperplane_isCoatom.{u_1} {V : Type u_1} [AddCommGroup V]
  [Module (ZMod 2) V] [Fintype V] (H : Hyperplane) : IsCoatom ↑H
info: lean/PvNP/RealizableHardness/ActualMZ24HyperplaneSupportChecks.lean:100:0: PvNP.RealizableHardness.ActualMZ24HyperplaneSupport.exists_hyperplane_containing_of_ne_top.{u_1} {V : Type u_1}
  [AddCommGroup V] [Module (ZMod 2) V] [Fintype V] (W : Submodule (ZMod 2) V) (hW : W ≠ ⊤) :
  Nonempty (ContainingHyperplane W)
info: lean/PvNP/RealizableHardness/ActualMZ24HyperplaneSupportChecks.lean:101:0: PvNP.RealizableHardness.ActualMZ24HyperplaneSupport.hyperplaneNormalLine.{u_1} {V : Type u_1} [AddCommGroup V]
  [Module (ZMod 2) V] [Fintype V] (H : Hyperplane) : Grass (Module.Dual (ZMod 2) V) 1
info: lean/PvNP/RealizableHardness/ActualMZ24HyperplaneSupportChecks.lean:102:0: PvNP.RealizableHardness.ActualMZ24HyperplaneSupport.hyperplaneNormalLine_injective.{u_1} {V : Type u_1} [AddCommGroup V]
  [Module (ZMod 2) V] [Fintype V] : Function.Injective hyperplaneNormalLine
info: lean/PvNP/RealizableHardness/ActualMZ24HyperplaneSupportChecks.lean:103:0: PvNP.RealizableHardness.ActualMZ24HyperplaneSupport.containingHyperplaneNormalLine.{u_1} {V : Type u_1} [AddCommGroup V]
  [Module (ZMod 2) V] [Fintype V] (W : Submodule (ZMod 2) V) (H : ContainingHyperplane W) :
  { L // ↑L ≤ W.dualAnnihilator }
info: lean/PvNP/RealizableHardness/ActualMZ24HyperplaneSupportChecks.lean:104:0: PvNP.RealizableHardness.ActualMZ24HyperplaneSupport.containingHyperplaneNormalLine_injective.{u_1} {V : Type u_1}
  [AddCommGroup V] [Module (ZMod 2) V] [Fintype V] (W : Submodule (ZMod 2) V) :
  Function.Injective (containingHyperplaneNormalLine W)
info: lean/PvNP/RealizableHardness/ActualMZ24HyperplaneSupportChecks.lean:105:0: PvNP.RealizableHardness.ActualMZ24HyperplaneSupport.gaussian_one_of_pos {n : ℕ} (hn : 0 < n) : gaussian n 1 = 2 ^ n - 1
info: lean/PvNP/RealizableHardness/ActualMZ24HyperplaneSupportChecks.lean:106:0: PvNP.RealizableHardness.ActualMZ24HyperplaneSupport.card_containingHyperplanes_lt_two_pow.{u_1} {V : Type u_1}
  [AddCommGroup V] [Module (ZMod 2) V] [Fintype V] (W : Submodule (ZMod 2) V) (hW : W ≠ ⊤) :
  (containingHyperplanes W).card < 2 ^ relativeCodim W
info: lean/PvNP/RealizableHardness/ActualMZ24HyperplaneSupportChecks.lean:107:0: PvNP.RealizableHardness.ActualMZ24HyperplaneSupport.restrictToHyperplane.{u_1} {V : Type u_1} [AddCommGroup V]
  [Module (ZMod 2) V] (H : Hyperplane) (W : Submodule (ZMod 2) V) (hWH : W ≤ ↑H) : Submodule (ZMod 2) ↥↑H
info: lean/PvNP/RealizableHardness/ActualMZ24HyperplaneSupportChecks.lean:108:0: PvNP.RealizableHardness.ActualMZ24HyperplaneSupport.restrictToHyperplane_map_recovery.{u_1} {V : Type u_1}
  [AddCommGroup V] [Module (ZMod 2) V] [Fintype V] (H : Hyperplane) (W : Submodule (ZMod 2) V) (hWH : W ≤ ↑H) :
  Submodule.map (↑H).subtype (restrictToHyperplane H W hWH) = W
info: lean/PvNP/RealizableHardness/ActualMZ24HyperplaneSupportChecks.lean:109:0: PvNP.RealizableHardness.ActualMZ24HyperplaneSupport.restrictToHyperplane_finrank.{u_1} {V : Type u_1} [AddCommGroup V]
  [Module (ZMod 2) V] [Fintype V] (H : Hyperplane) (W : Submodule (ZMod 2) V) (hWH : W ≤ ↑H) :
  Module.finrank (ZMod 2) ↥(restrictToHyperplane H W hWH) = Module.finrank (ZMod 2) ↥W
info: lean/PvNP/RealizableHardness/ActualMZ24HyperplaneSupportChecks.lean:110:0: PvNP.RealizableHardness.ActualMZ24HyperplaneSupport.relativeCodim_restrict_add_one.{u_1} {V : Type u_1} [AddCommGroup V]
  [Module (ZMod 2) V] [Fintype V] (H : Hyperplane) (W : Submodule (ZMod 2) V) (hWH : W ≤ ↑H) :
  relativeCodim (restrictToHyperplane H W hWH) + 1 = relativeCodim W
info: lean/PvNP/RealizableHardness/ActualMZ24HyperplaneSupportChecks.lean:111:0: PvNP.RealizableHardness.ActualMZ24HyperplaneSupport.relativeCodim_restrict_pred.{u_1} {V : Type u_1} [AddCommGroup V]
  [Module (ZMod 2) V] [Fintype V] (H : Hyperplane) (W : Submodule (ZMod 2) V) (hWH : W ≤ ↑H)
  (hpos : 0 < relativeCodim W) : relativeCodim (restrictToHyperplane H W hWH) = relativeCodim W - 1
info: lean/PvNP/RealizableHardness/ActualMZ24HyperplaneSupportChecks.lean:112:0: PvNP.RealizableHardness.ActualMZ24HyperplaneSupport.restrictFamily.{u_1, u_2} {V : Type u_1} [AddCommGroup V]
  [Module (ZMod 2) V] {I : Type u_2} (H : Hyperplane) (W : I → Submodule (ZMod 2) V) (hW : ∀ (i : I), W i ≤ ↑H) :
  I → Submodule (ZMod 2) ↥↑H
info: lean/PvNP/RealizableHardness/ActualMZ24HyperplaneSupportChecks.lean:113:0: PvNP.RealizableHardness.ActualMZ24HyperplaneSupport.restrictFamily_injective.{u_1, u_2} {V : Type u_1} [AddCommGroup V]
  [Module (ZMod 2) V] [Fintype V] {I : Type u_2} (H : Hyperplane) (W : I → Submodule (ZMod 2) V)
  (hW : ∀ (i : I), W i ≤ ↑H) (hinj : Function.Injective W) : Function.Injective (restrictFamily H W hW)
info: lean/PvNP/RealizableHardness/ActualMZ24HyperplaneSupportChecks.lean:114:0: PvNP.RealizableHardness.ActualMZ24HyperplaneSupport.restrictFamily_relativeCodim_add_one.{u_1, u_2} {V : Type u_1}
  [AddCommGroup V] [Module (ZMod 2) V] [Fintype V] {I : Type u_2} (H : Hyperplane) (W : I → Submodule (ZMod 2) V)
  (hW : ∀ (i : I), W i ≤ ↑H) (i : I) : relativeCodim (restrictFamily H W hW i) + 1 = relativeCodim (W i)
info: lean/PvNP/RealizableHardness/ActualMZ24HyperplaneSupportChecks.lean:116:0: 'PvNP.RealizableHardness.ActualMZ24HyperplaneSupport.dualAnnihilator_finrank' depends on axioms: [propext,
 Classical.choice,
 Quot.sound]
info: lean/PvNP/RealizableHardness/ActualMZ24HyperplaneSupportChecks.lean:117:0: 'PvNP.RealizableHardness.ActualMZ24HyperplaneSupport.isCoatom_iff_relativeCodim_eq_one' depends on axioms: [propext,
 Classical.choice,
 Quot.sound]
info: lean/PvNP/RealizableHardness/ActualMZ24HyperplaneSupportChecks.lean:118:0: 'PvNP.RealizableHardness.ActualMZ24HyperplaneSupport.exists_hyperplane_containing_of_ne_top' depends on axioms: [propext,
 Classical.choice,
 Quot.sound]
info: lean/PvNP/RealizableHardness/ActualMZ24HyperplaneSupportChecks.lean:119:0: 'PvNP.RealizableHardness.ActualMZ24HyperplaneSupport.card_containingHyperplanes_lt_two_pow' depends on axioms: [propext,
 Classical.choice,
 Quot.sound]
info: lean/PvNP/RealizableHardness/ActualMZ24HyperplaneSupportChecks.lean:120:0: 'PvNP.RealizableHardness.ActualMZ24HyperplaneSupport.relativeCodim_restrict_add_one' depends on axioms: [propext,
 Classical.choice,
 Quot.sound]
info: lean/PvNP/RealizableHardness/ActualMZ24HyperplaneSupportChecks.lean:121:0: 'PvNP.RealizableHardness.ActualMZ24HyperplaneSupport.restrictFamily_injective' depends on axioms: [propext,
 Classical.choice,
 Quot.sound]
ℹ [3243/3246] Replayed PvNP.RealizableHardness.ActualMZ24PhaseAStoppingChecks
info: lean/PvNP/RealizableHardness/ActualMZ24PhaseAStoppingChecks.lean:110:0: PvNP.RealizableHardness.ActualMZ24PhaseAStopping.phaseABaseExponent (c : ℕ) : ℕ
info: lean/PvNP/RealizableHardness/ActualMZ24PhaseAStoppingChecks.lean:111:0: PvNP.RealizableHardness.ActualMZ24PhaseAStopping.phaseABudget (c : ℕ) : ℕ
info: lean/PvNP/RealizableHardness/ActualMZ24PhaseAStoppingChecks.lean:112:0: PvNP.RealizableHardness.ActualMZ24PhaseAStopping.phaseAResidualSum (c s : ℕ) : ℕ
info: lean/PvNP/RealizableHardness/ActualMZ24PhaseAStoppingChecks.lean:113:0: PvNP.RealizableHardness.ActualMZ24PhaseAStopping.phaseALoss (c m s : ℕ) : ℕ
info: lean/PvNP/RealizableHardness/ActualMZ24PhaseAStoppingChecks.lean:114:0: PvNP.RealizableHardness.ActualMZ24PhaseAStopping.IsPhaseARoot (N c m : ℕ) : Prop
info: lean/PvNP/RealizableHardness/ActualMZ24PhaseAStoppingChecks.lean:115:0: PvNP.RealizableHardness.ActualMZ24PhaseAStopping.phaseARoot (N c : ℕ) : ℕ
info: lean/PvNP/RealizableHardness/ActualMZ24PhaseAStoppingChecks.lean:116:0: PvNP.RealizableHardness.ActualMZ24PhaseAStopping.phaseARoot_spec (N c : ℕ) : IsPhaseARoot N c (phaseARoot N c)
info: lean/PvNP/RealizableHardness/ActualMZ24PhaseAStoppingChecks.lean:117:0: PvNP.RealizableHardness.ActualMZ24PhaseAStopping.phaseAResidualSum_succ (c s : ℕ) :
  phaseAResidualSum c (s + 1) = phaseAResidualSum c s + (c - s)
info: lean/PvNP/RealizableHardness/ActualMZ24PhaseAStoppingChecks.lean:118:0: PvNP.RealizableHardness.ActualMZ24PhaseAStopping.phaseAResidualSum_le_mul (c s : ℕ) : phaseAResidualSum c s ≤ s * c
info: lean/PvNP/RealizableHardness/ActualMZ24PhaseAStoppingChecks.lean:119:0: PvNP.RealizableHardness.ActualMZ24PhaseAStopping.phaseALoss_zero (c m : ℕ) : phaseALoss c m 0 = 1
info: lean/PvNP/RealizableHardness/ActualMZ24PhaseAStoppingChecks.lean:120:0: PvNP.RealizableHardness.ActualMZ24PhaseAStopping.phaseALoss_succ (c m s : ℕ) (hs : s < c) :
  phaseALoss c m (s + 1) = phaseALoss c m s * (m * 2 ^ (c - s))
info: lean/PvNP/RealizableHardness/ActualMZ24PhaseAStoppingChecks.lean:121:0: PvNP.RealizableHardness.ActualMZ24PhaseAStopping.phaseA_root_barrier (c m s : ℕ) (hm : 2 ≤ m) (hs : s < c) :
  m ^ (s + 1) * 2 ^ phaseAResidualSum c s ≤ phaseABudget c * (m - 1) ^ (c + 1)
info: lean/PvNP/RealizableHardness/ActualMZ24PhaseAStoppingChecks.lean:122:0: PvNP.RealizableHardness.ActualMZ24PhaseAStopping.phaseA_accumulated_small (A : ℕ → ℕ) (c m s : ℕ)
  (hstep : ∀ q < s, A q ≤ m * 2 ^ (c - q) * A (q + 1)) : A 0 ≤ phaseALoss c m s * A s
info: lean/PvNP/RealizableHardness/ActualMZ24PhaseAStoppingChecks.lean:123:0: PvNP.RealizableHardness.ActualMZ24PhaseAStopping.phaseA_root_le_stage (N c m s Ns : ℕ) (hroot : IsPhaseARoot N c m)
  (hs : s < c) (hNs : 0 < Ns) (hacc : N ≤ phaseALoss c m s * Ns) : m ≤ Ns
info: lean/PvNP/RealizableHardness/ActualMZ24PhaseAStoppingChecks.lean:124:0: PvNP.RealizableHardness.ActualMZ24PhaseAStopping.phaseA_root_survives_small_trace (A : ℕ → ℕ) (c m s : ℕ)
  (hroot : IsPhaseARoot (A 0) c m) (hs : s < c) (hAs : 0 < A s) (hstep : ∀ q < s, A q ≤ m * 2 ^ (c - q) * A (q + 1)) :
  m ≤ A s
info: lean/PvNP/RealizableHardness/ActualMZ24PhaseAStoppingChecks.lean:125:0: PvNP.RealizableHardness.ActualMZ24PhaseAStopping.phaseA_final_card_bound (N c m J : ℕ) (hroot : IsPhaseARoot N c m)
  (hmJ : m ≤ J) : N ≤ phaseABudget c * J ^ (c + 1)
info: lean/PvNP/RealizableHardness/ActualMZ24PhaseAStoppingChecks.lean:126:0: PvNP.RealizableHardness.ActualMZ24PhaseAStopping.phaseA_residual_pos (c s : ℕ) (hs : s < c) : 0 < c - s
info: lean/PvNP/RealizableHardness/ActualMZ24PhaseAStoppingChecks.lean:127:0: PvNP.RealizableHardness.ActualMZ24PhaseAStopping.phaseA_last_residual (c : ℕ) (hc : 0 < c) : c - (c - 1) = 1
info: lean/PvNP/RealizableHardness/ActualMZ24PhaseAStoppingChecks.lean:128:0: PvNP.RealizableHardness.ActualMZ24PhaseAStopping.phaseA_no_zero_state (c s : ℕ) (hs : s < c) : c - s ≠ 0
info: lean/PvNP/RealizableHardness/ActualMZ24PhaseAStoppingChecks.lean:129:0: PvNP.RealizableHardness.ActualMZ24PhaseAStopping.twoGeneric_of_injective_relativeCodim_one.{u_1, u_2} {V : Type u_1}
  [AddCommGroup V] [Module (ZMod 2) V] [Fintype V] {I : Type u_2} [Fintype I] (W : I → Submodule (ZMod 2) V)
  (hW : Function.Injective W) (hcodim : ∀ (i : I), relativeCodim (W i) = 1) : TwoGeneric W 1
info: lean/PvNP/RealizableHardness/ActualMZ24PhaseAStoppingChecks.lean:130:0: PvNP.RealizableHardness.ActualMZ24PhaseAStopping.maximumCarrier_eq_univ_of_injective_relativeCodim_one.{u_1, u_2}
  {V : Type u_1} [AddCommGroup V] [Module (ZMod 2) V] [Fintype V] {I : Type u_2} [Fintype I]
  (W : I → Submodule (ZMod 2) V) (hW : Function.Injective W) (hcodim : ∀ (i : I), relativeCodim (W i) = 1) :
  maximumCarrier W 1 = Finset.univ
info: lean/PvNP/RealizableHardness/ActualMZ24PhaseAStoppingChecks.lean:131:0: PvNP.RealizableHardness.ActualMZ24PhaseAStopping.largeTwoGenericBranch_of_injective_relativeCodim_one.{u_1, u_2}
  {V : Type u_1} [AddCommGroup V] [Module (ZMod 2) V] [Fintype V] {I : Type u_2} [Fintype I]
  (W : I → Submodule (ZMod 2) V) (hW : Function.Injective W) (hcodim : ∀ (i : I), relativeCodim (W i) = 1) (m : ℕ)
  (hmI : m ≤ Fintype.card I) : LargeTwoGenericBranch W 1 m
info: lean/PvNP/RealizableHardness/ActualMZ24PhaseAStoppingChecks.lean:132:0: PvNP.RealizableHardness.ActualMZ24PhaseAStoppingChecks.phaseA_m_one_root_fixture : IsPhaseARoot 64 1 1
info: lean/PvNP/RealizableHardness/ActualMZ24PhaseAStoppingChecks.lean:133:0: PvNP.RealizableHardness.ActualMZ24PhaseAStoppingChecks.phaseA_m_one_positive_survival_fixture : 1 ≤ 64
info: lean/PvNP/RealizableHardness/ActualMZ24PhaseAStoppingChecks.lean:134:0: PvNP.RealizableHardness.ActualMZ24PhaseAStoppingChecks.phaseA_m_one_supplied_trace_fixture : 1 ≤ phaseAOneTrace 0
info: lean/PvNP/RealizableHardness/ActualMZ24PhaseAStoppingChecks.lean:135:0: PvNP.RealizableHardness.ActualMZ24PhaseAStoppingChecks.phaseA_m_two_root_fixture : IsPhaseARoot 65 1 2
info: lean/PvNP/RealizableHardness/ActualMZ24PhaseAStoppingChecks.lean:136:0: PvNP.RealizableHardness.ActualMZ24PhaseAStoppingChecks.phaseA_m_two_barrier_fixture :
  2 ^ (0 + 1) * 2 ^ phaseAResidualSum 1 0 ≤ phaseABudget 1 * (2 - 1) ^ (1 + 1)
info: lean/PvNP/RealizableHardness/ActualMZ24PhaseAStoppingChecks.lean:137:0: PvNP.RealizableHardness.ActualMZ24PhaseAStoppingChecks.phaseA_m_two_predecessor_minimality_barrier_fixture :
  phaseABudget 1 * (2 - 1) ^ (1 + 1) < 65 ∧ 2 ^ (0 + 1) * 2 ^ phaseAResidualSum 1 0 ≤ phaseABudget 1 * (2 - 1) ^ (1 + 1)
info: lean/PvNP/RealizableHardness/ActualMZ24PhaseAStoppingChecks.lean:138:0: PvNP.RealizableHardness.ActualMZ24PhaseAStoppingChecks.phaseA_c3_s2_residual_fixture : phaseAResidualSum 3 2 = 3 + 2
info: lean/PvNP/RealizableHardness/ActualMZ24PhaseAStoppingChecks.lean:139:0: PvNP.RealizableHardness.ActualMZ24PhaseAStoppingChecks.phaseA_terminal_residual_zero_fixture :
  phaseAResidualSum 3 3 = 3 + 2 + 1 ∧ 3 - 3 = 0 ∧ ¬3 < 3
info: lean/PvNP/RealizableHardness/ActualMZ24PhaseAStoppingChecks.lean:140:0: PvNP.RealizableHardness.ActualMZ24PhaseAStoppingChecks.codimOne_stops_twoGeneric_fixture : TwoGeneric codimOneFamily 1
info: lean/PvNP/RealizableHardness/ActualMZ24PhaseAStoppingChecks.lean:141:0: PvNP.RealizableHardness.ActualMZ24PhaseAStoppingChecks.codimOne_maximum_univ_fixture :
  maximumCarrier codimOneFamily 1 = Finset.univ
info: lean/PvNP/RealizableHardness/ActualMZ24PhaseAStoppingChecks.lean:142:0: PvNP.RealizableHardness.ActualMZ24PhaseAStoppingChecks.codimOne_large_branch_fixture :
  LargeTwoGenericBranch codimOneFamily 1 1
info: lean/PvNP/RealizableHardness/ActualMZ24PhaseAStoppingChecks.lean:144:0: 'PvNP.RealizableHardness.ActualMZ24PhaseAStopping.phaseARoot_spec' depends on axioms: [propext,
 Classical.choice,
 Quot.sound]
info: lean/PvNP/RealizableHardness/ActualMZ24PhaseAStoppingChecks.lean:145:0: 'PvNP.RealizableHardness.ActualMZ24PhaseAStopping.phaseA_root_barrier' depends on axioms: [propext,
 Classical.choice,
 Quot.sound]
info: lean/PvNP/RealizableHardness/ActualMZ24PhaseAStoppingChecks.lean:146:0: 'PvNP.RealizableHardness.ActualMZ24PhaseAStopping.phaseA_accumulated_small' depends on axioms: [propext,
 Classical.choice,
 Quot.sound]
info: lean/PvNP/RealizableHardness/ActualMZ24PhaseAStoppingChecks.lean:147:0: 'PvNP.RealizableHardness.ActualMZ24PhaseAStopping.phaseA_root_le_stage' depends on axioms: [propext,
 Classical.choice,
 Quot.sound]
info: lean/PvNP/RealizableHardness/ActualMZ24PhaseAStoppingChecks.lean:148:0: 'PvNP.RealizableHardness.ActualMZ24PhaseAStopping.phaseA_root_survives_small_trace' depends on axioms: [propext,
 Classical.choice,
 Quot.sound]
info: lean/PvNP/RealizableHardness/ActualMZ24PhaseAStoppingChecks.lean:149:0: 'PvNP.RealizableHardness.ActualMZ24PhaseAStopping.phaseA_final_card_bound' depends on axioms: [propext, Quot.sound]
info: lean/PvNP/RealizableHardness/ActualMZ24PhaseAStoppingChecks.lean:150:0: 'PvNP.RealizableHardness.ActualMZ24PhaseAStopping.twoGeneric_of_injective_relativeCodim_one' depends on axioms: [propext,
 Classical.choice,
 Quot.sound]
info: lean/PvNP/RealizableHardness/ActualMZ24PhaseAStoppingChecks.lean:151:0: 'PvNP.RealizableHardness.ActualMZ24PhaseAStopping.maximumCarrier_eq_univ_of_injective_relativeCodim_one' depends on axioms: [propext,
 Classical.choice,
 Quot.sound]
info: lean/PvNP/RealizableHardness/ActualMZ24PhaseAStoppingChecks.lean:152:0: 'PvNP.RealizableHardness.ActualMZ24PhaseAStopping.largeTwoGenericBranch_of_injective_relativeCodim_one' depends on axioms: [propext,
 Classical.choice,
 Quot.sound]
info: lean/PvNP/RealizableHardness/ActualMZ24PhaseAStoppingChecks.lean:153:0: 'PvNP.RealizableHardness.ActualMZ24PhaseAStoppingChecks.phaseA_m_one_root_fixture' depends on axioms: [propext,
 Classical.choice,
 Quot.sound]
info: lean/PvNP/RealizableHardness/ActualMZ24PhaseAStoppingChecks.lean:154:0: 'PvNP.RealizableHardness.ActualMZ24PhaseAStoppingChecks.phaseA_m_one_positive_survival_fixture' depends on axioms: [propext,
 Classical.choice,
 Quot.sound]
info: lean/PvNP/RealizableHardness/ActualMZ24PhaseAStoppingChecks.lean:155:0: 'PvNP.RealizableHardness.ActualMZ24PhaseAStoppingChecks.phaseA_m_one_supplied_trace_fixture' depends on axioms: [propext,
 Classical.choice,
 Quot.sound]
info: lean/PvNP/RealizableHardness/ActualMZ24PhaseAStoppingChecks.lean:156:0: 'PvNP.RealizableHardness.ActualMZ24PhaseAStoppingChecks.phaseA_m_two_root_fixture' depends on axioms: [propext,
 Classical.choice,
 Quot.sound]
info: lean/PvNP/RealizableHardness/ActualMZ24PhaseAStoppingChecks.lean:157:0: 'PvNP.RealizableHardness.ActualMZ24PhaseAStoppingChecks.phaseA_m_two_barrier_fixture' depends on axioms: [propext,
 Classical.choice,
 Quot.sound]
info: lean/PvNP/RealizableHardness/ActualMZ24PhaseAStoppingChecks.lean:158:0: 'PvNP.RealizableHardness.ActualMZ24PhaseAStoppingChecks.phaseA_m_two_predecessor_minimality_barrier_fixture' depends on axioms: [propext,
 Classical.choice,
 Quot.sound]
info: lean/PvNP/RealizableHardness/ActualMZ24PhaseAStoppingChecks.lean:159:0: 'PvNP.RealizableHardness.ActualMZ24PhaseAStoppingChecks.phaseA_c3_s2_residual_fixture' depends on axioms: [propext,
 Classical.choice,
 Quot.sound]
info: lean/PvNP/RealizableHardness/ActualMZ24PhaseAStoppingChecks.lean:160:0: 'PvNP.RealizableHardness.ActualMZ24PhaseAStoppingChecks.phaseA_terminal_residual_zero_fixture' depends on axioms: [propext,
 Classical.choice,
 Quot.sound]
info: lean/PvNP/RealizableHardness/ActualMZ24PhaseAStoppingChecks.lean:161:0: 'PvNP.RealizableHardness.ActualMZ24PhaseAStoppingChecks.codimOne_stops_twoGeneric_fixture' depends on axioms: [propext,
 Classical.choice,
 Quot.sound]
info: lean/PvNP/RealizableHardness/ActualMZ24PhaseAStoppingChecks.lean:162:0: 'PvNP.RealizableHardness.ActualMZ24PhaseAStoppingChecks.codimOne_maximum_univ_fixture' depends on axioms: [propext,
 Classical.choice,
 Quot.sound]
info: lean/PvNP/RealizableHardness/ActualMZ24PhaseAStoppingChecks.lean:163:0: 'PvNP.RealizableHardness.ActualMZ24PhaseAStoppingChecks.codimOne_large_branch_fixture' depends on axioms: [propext,
 Classical.choice,
 Quot.sound]
⚠ [3244/3246] Replayed PvNP.RealizableHardness.ActualMZ24PhaseATypedStepChecks
info: lean/PvNP/RealizableHardness/ActualMZ24PhaseATypedStepChecks.lean:25:0: PvNP.RealizableHardness.ActualMZ24PhaseATypedStep.PhaseAGeometry.{u_1, u_2} {V : Type u_1} {I : Type u_2}
  [AddCommGroup V] [Module (ZMod 2) V] {a0 : ℕ} (W0 : I → Submodule (ZMod 2) V) (Q0 : Grass V a0) (c : ℕ) :
  Type (max u_1 u_2)
info: lean/PvNP/RealizableHardness/ActualMZ24PhaseATypedStepChecks.lean:26:0: PvNP.RealizableHardness.ActualMZ24PhaseATypedStep.PhaseAGeometry.Index.{u_1, u_2} {V : Type u_1} {I : Type u_2}
  [AddCommGroup V] [Module (ZMod 2) V] {a0 c : ℕ} (W0 : I → Submodule (ZMod 2) V) (Q0 : Grass V a0)
  (X : PhaseAGeometry W0 Q0 c) : Type u_2
info: lean/PvNP/RealizableHardness/ActualMZ24PhaseATypedStepChecks.lean:27:0: PvNP.RealizableHardness.ActualMZ24PhaseATypedStep.PhaseAGeometry.indexEmbedding.{u_1, u_2} {V : Type u_1} {I : Type u_2}
  [AddCommGroup V] [Module (ZMod 2) V] {a0 c : ℕ} (W0 : I → Submodule (ZMod 2) V) (Q0 : Grass V a0)
  (X : PhaseAGeometry W0 Q0 c) : PhaseAGeometry.Index W0 Q0 X ↪ I
info: lean/PvNP/RealizableHardness/ActualMZ24PhaseATypedStepChecks.lean:28:0: PvNP.RealizableHardness.ActualMZ24PhaseATypedStep.PhaseAGeometry.family.{u_1, u_2} {V : Type u_1} {I : Type u_2}
  [AddCommGroup V] [Module (ZMod 2) V] {a0 c : ℕ} (W0 : I → Submodule (ZMod 2) V) (Q0 : Grass V a0)
  (X : PhaseAGeometry W0 Q0 c) : PhaseAGeometry.Index W0 Q0 X → Submodule (ZMod 2) ↥X.E
info: lean/PvNP/RealizableHardness/ActualMZ24PhaseATypedStepChecks.lean:29:0: PvNP.RealizableHardness.ActualMZ24PhaseATypedStep.PhaseAGeometry.QE.{u_1, u_2} {V : Type u_1} {I : Type u_2}
  [AddCommGroup V] [Module (ZMod 2) V] [Fintype V] {a0 c : ℕ} (W0 : I → Submodule (ZMod 2) V) (Q0 : Grass V a0)
  (X : PhaseAGeometry W0 Q0 c) : Grass (↥X.E) a0
info: lean/PvNP/RealizableHardness/ActualMZ24PhaseATypedStepChecks.lean:30:0: PvNP.RealizableHardness.ActualMZ24PhaseATypedStep.PhaseAGeometry.family_map_recovery.{u_1, u_2} {V : Type u_1}
  {I : Type u_2} [AddCommGroup V] [Module (ZMod 2) V] [Fintype V] [Fintype I] {a0 c : ℕ} (W0 : I → Submodule (ZMod 2) V)
  (Q0 : Grass V a0) (X : PhaseAGeometry W0 Q0 c) (i : PhaseAGeometry.Index W0 Q0 X) :
  Submodule.map X.E.subtype (PhaseAGeometry.family W0 Q0 X i) = W0 ↑i
info: lean/PvNP/RealizableHardness/ActualMZ24PhaseATypedStepChecks.lean:31:0: PvNP.RealizableHardness.ActualMZ24PhaseATypedStep.PhaseAGeometry.family_finrank.{u_1, u_2} {V : Type u_1} {I : Type u_2}
  [AddCommGroup V] [Module (ZMod 2) V] [Fintype V] [Fintype I] {a0 c : ℕ} (W0 : I → Submodule (ZMod 2) V)
  (Q0 : Grass V a0) (X : PhaseAGeometry W0 Q0 c) (i : PhaseAGeometry.Index W0 Q0 X) :
  Module.finrank (ZMod 2) ↥(PhaseAGeometry.family W0 Q0 X i) = Module.finrank (ZMod 2) ↥(W0 ↑i)
info: lean/PvNP/RealizableHardness/ActualMZ24PhaseATypedStepChecks.lean:32:0: PvNP.RealizableHardness.ActualMZ24PhaseATypedStep.PhaseAGeometry.family_injective.{u_1, u_2} {V : Type u_1}
  {I : Type u_2} [AddCommGroup V] [Module (ZMod 2) V] [Fintype V] [Fintype I] {a0 c : ℕ} (W0 : I → Submodule (ZMod 2) V)
  (Q0 : Grass V a0) (X : PhaseAGeometry W0 Q0 c) (hinj : Function.Injective W0) :
  Function.Injective (PhaseAGeometry.family W0 Q0 X)
info: lean/PvNP/RealizableHardness/ActualMZ24PhaseATypedStepChecks.lean:33:0: PvNP.RealizableHardness.ActualMZ24PhaseATypedStep.PhaseAGeometry.QE_map_recovery.{u_1, u_2} {V : Type u_1}
  {I : Type u_2} [AddCommGroup V] [Module (ZMod 2) V] [Fintype V] [Fintype I] {a0 c : ℕ} (W0 : I → Submodule (ZMod 2) V)
  (Q0 : Grass V a0) (X : PhaseAGeometry W0 Q0 c) : Submodule.map X.E.subtype ↑(PhaseAGeometry.QE W0 Q0 X) = ↑Q0
info: lean/PvNP/RealizableHardness/ActualMZ24PhaseATypedStepChecks.lean:34:0: PvNP.RealizableHardness.ActualMZ24PhaseATypedStep.PhaseAGeometry.QE_le_family.{u_1, u_2} {V : Type u_1} {I : Type u_2}
  [AddCommGroup V] [Module (ZMod 2) V] [Fintype V] [Fintype I] {a0 c : ℕ} (W0 : I → Submodule (ZMod 2) V)
  (Q0 : Grass V a0) (X : PhaseAGeometry W0 Q0 c) (hQW : ∀ (i : I), ↑Q0 ≤ W0 i) (i : PhaseAGeometry.Index W0 Q0 X) :
  ↑(PhaseAGeometry.QE W0 Q0 X) ≤ PhaseAGeometry.family W0 Q0 X i
info: lean/PvNP/RealizableHardness/ActualMZ24PhaseATypedStepChecks.lean:35:0: PvNP.RealizableHardness.ActualMZ24PhaseATypedStep.PhaseAGeometry.family_relativeCodim.{u_1, u_2} {V : Type u_1}
  {I : Type u_2} [AddCommGroup V] [Module (ZMod 2) V] [Fintype V] [Fintype I] {a0 c : ℕ} (W0 : I → Submodule (ZMod 2) V)
  (Q0 : Grass V a0) (X : PhaseAGeometry W0 Q0 c)
  (hcodim : ∀ (i : I), Module.finrank (ZMod 2) V - Module.finrank (ZMod 2) ↥(W0 i) = c)
  (i : PhaseAGeometry.Index W0 Q0 X) :
  Module.finrank (ZMod 2) ↥X.E - Module.finrank (ZMod 2) ↥(PhaseAGeometry.family W0 Q0 X i) = X.r
info: lean/PvNP/RealizableHardness/ActualMZ24PhaseATypedStepChecks.lean:36:0: PvNP.RealizableHardness.ActualMZ24PhaseATypedStep.PhaseAGeometry.r_le_c.{u_1, u_2} {V : Type u_1} {I : Type u_2}
  [AddCommGroup V] [Module (ZMod 2) V] [Fintype V] [Fintype I] {a0 c : ℕ} (W0 : I → Submodule (ZMod 2) V)
  (Q0 : Grass V a0) (X : PhaseAGeometry W0 Q0 c) : X.r ≤ c
info: lean/PvNP/RealizableHardness/ActualMZ24PhaseATypedStepChecks.lean:37:0: PvNP.RealizableHardness.ActualMZ24PhaseATypedStep.PhaseAGeometry.s_le_c.{u_1, u_2} {V : Type u_1} {I : Type u_2}
  [AddCommGroup V] [Module (ZMod 2) V] [Fintype V] [Fintype I] {a0 c : ℕ} (W0 : I → Submodule (ZMod 2) V)
  (Q0 : Grass V a0) (X : PhaseAGeometry W0 Q0 c) : X.s ≤ c
info: lean/PvNP/RealizableHardness/ActualMZ24PhaseATypedStepChecks.lean:38:0: PvNP.RealizableHardness.ActualMZ24PhaseATypedStep.PhaseAGeometry.r_eq_c_sub_s.{u_1, u_2} {V : Type u_1} {I : Type u_2}
  [AddCommGroup V] [Module (ZMod 2) V] [Fintype V] [Fintype I] {a0 c : ℕ} (W0 : I → Submodule (ZMod 2) V)
  (Q0 : Grass V a0) (X : PhaseAGeometry W0 Q0 c) : X.r = c - X.s
info: lean/PvNP/RealizableHardness/ActualMZ24PhaseATypedStepChecks.lean:39:0: PvNP.RealizableHardness.ActualMZ24PhaseATypedStep.PhaseAGeometry.s_eq_c_sub_r.{u_1, u_2} {V : Type u_1} {I : Type u_2}
  [AddCommGroup V] [Module (ZMod 2) V] [Fintype V] [Fintype I] {a0 c : ℕ} (W0 : I → Submodule (ZMod 2) V)
  (Q0 : Grass V a0) (X : PhaseAGeometry W0 Q0 c) : X.s = c - X.r
info: lean/PvNP/RealizableHardness/ActualMZ24PhaseATypedStepChecks.lean:40:0: PvNP.RealizableHardness.ActualMZ24PhaseATypedStep.PhaseAGeometry.originalCodim_le_finrank.{u_1, u_2} {V : Type u_1}
  {I : Type u_2} [AddCommGroup V] [Module (ZMod 2) V] [Fintype V] [Fintype I] {a0 c : ℕ} (W0 : I → Submodule (ZMod 2) V)
  (Q0 : Grass V a0) (X : PhaseAGeometry W0 Q0 c)
  (hcodim : ∀ (i : I), Module.finrank (ZMod 2) V - Module.finrank (ZMod 2) ↥(W0 i) = c) : c ≤ Module.finrank (ZMod 2) V
info: lean/PvNP/RealizableHardness/ActualMZ24PhaseATypedStepChecks.lean:41:0: PvNP.RealizableHardness.ActualMZ24PhaseATypedStep.PhaseAGeometry.finrank_E_add_c_sub_r.{u_1, u_2} {V : Type u_1}
  {I : Type u_2} [AddCommGroup V] [Module (ZMod 2) V] [Fintype V] [Fintype I] {a0 c : ℕ} (W0 : I → Submodule (ZMod 2) V)
  (Q0 : Grass V a0) (X : PhaseAGeometry W0 Q0 c) : Module.finrank (ZMod 2) ↥X.E + (c - X.r) = Module.finrank (ZMod 2) V
info: lean/PvNP/RealizableHardness/ActualMZ24PhaseATypedStepChecks.lean:42:0: PvNP.RealizableHardness.ActualMZ24PhaseATypedStep.PhaseAGeometry.finrank_eq_sub_add.{u_1, u_2} {V : Type u_1}
  {I : Type u_2} [AddCommGroup V] [Module (ZMod 2) V] [Fintype V] [Fintype I] {a0 c : ℕ} (W0 : I → Submodule (ZMod 2) V)
  (Q0 : Grass V a0) (X : PhaseAGeometry W0 Q0 c)
  (hcodim : ∀ (i : I), Module.finrank (ZMod 2) V - Module.finrank (ZMod 2) ↥(W0 i) = c) :
  Module.finrank (ZMod 2) ↥X.E = Module.finrank (ZMod 2) V - c + X.r
info: lean/PvNP/RealizableHardness/ActualMZ24PhaseATypedStepChecks.lean:43:0: PvNP.RealizableHardness.ActualMZ24PhaseATypedStep.PhaseAState.{u_1, u_2} {V : Type u_1} {I : Type u_2} [AddCommGroup V]
  [Module (ZMod 2) V] {a0 : ℕ} (W0 : I → Submodule (ZMod 2) V) (Q0 : Grass V a0) (c N m : ℕ) : Type (max u_1 u_2)
info: lean/PvNP/RealizableHardness/ActualMZ24PhaseATypedStepChecks.lean:44:0: PvNP.RealizableHardness.ActualMZ24PhaseATypedStep.initialPhaseAState.{u_1, u_2} {V : Type u_1} {I : Type u_2}
  [AddCommGroup V] [Module (ZMod 2) V] [Fintype I] {a0 c N m : ℕ} (W0 : I → Submodule (ZMod 2) V) (Q0 : Grass V a0)
  (hQW : ∀ (i : I), ↑Q0 ≤ W0 i) (hcodim : ∀ (i : I), Module.finrank (ZMod 2) V - Module.finrank (ZMod 2) ↥(W0 i) = c)
  [Nonempty I] (hN : N ≤ Fintype.card I) : PhaseAState W0 Q0 c N m
info: lean/PvNP/RealizableHardness/ActualMZ24PhaseATypedStepChecks.lean:45:0: PvNP.RealizableHardness.ActualMZ24PhaseATypedStep.initialPhaseAState_spec.{u_1, u_2} {V : Type u_1} {I : Type u_2}
  [AddCommGroup V] [Module (ZMod 2) V] [Fintype V] [Fintype I] {a0 c N m : ℕ} (W0 : I → Submodule (ZMod 2) V)
  (Q0 : Grass V a0) (hQW : ∀ (i : I), ↑Q0 ≤ W0 i)
  (hcodim : ∀ (i : I), Module.finrank (ZMod 2) V - Module.finrank (ZMod 2) ↥(W0 i) = c) [Nonempty I]
  (hN : N ≤ Fintype.card I) :
  (initialPhaseAState W0 Q0 hQW hcodim hN).E = ⊤ ∧
    (initialPhaseAState W0 Q0 hQW hcodim hN).C = Finset.univ ∧
      (initialPhaseAState W0 Q0 hQW hcodim hN).s = 0 ∧ (initialPhaseAState W0 Q0 hQW hcodim hN).r = c
info: lean/PvNP/RealizableHardness/ActualMZ24PhaseATypedStepChecks.lean:46:0: PvNP.RealizableHardness.ActualMZ24PhaseATypedStep.PhaseAState.root_le_card.{u_1, u_2} {V : Type u_1} {I : Type u_2}
  [AddCommGroup V] [Module (ZMod 2) V] [Fintype V] [Fintype I] {a0 c N m : ℕ} (W0 : I → Submodule (ZMod 2) V)
  (Q0 : Grass V a0) (X : PhaseAState W0 Q0 c N m) (hroot : IsPhaseARoot N c m) (hr : 0 < X.r) : m ≤ X.C.card
info: lean/PvNP/RealizableHardness/ActualMZ24PhaseATypedStepChecks.lean:47:0: PvNP.RealizableHardness.ActualMZ24PhaseATypedStep.PhaseAState.smallSuccessor_E.{u_1, u_2} {V : Type u_1} {I : Type u_2}
  [AddCommGroup V] [Module (ZMod 2) V] [Fintype V] [Fintype I] {a0 c N m : ℕ} (W0 : I → Submodule (ZMod 2) V)
  (Q0 : Grass V a0) (X : PhaseAState W0 Q0 c N m) (hQW : ∀ (i : I), ↑Q0 ≤ W0 i) (hr : 2 ≤ X.r)
  (B : PhaseASmallWitness W0 Q0 X.toPhaseAGeometry m) :
  (PhaseAState.smallSuccessor W0 Q0 X hQW hr B).E = nestedAmbient X.E B.H
info: lean/PvNP/RealizableHardness/ActualMZ24PhaseATypedStepChecks.lean:48:0: PvNP.RealizableHardness.ActualMZ24PhaseATypedStep.PhaseAState.smallSuccessor_C.{u_1, u_2} {V : Type u_1} {I : Type u_2}
  [AddCommGroup V] [Module (ZMod 2) V] [Fintype V] [Fintype I] {a0 c N m : ℕ} (W0 : I → Submodule (ZMod 2) V)
  (Q0 : Grass V a0) (X : PhaseAState W0 Q0 c N m) (hQW : ∀ (i : I), ↑Q0 ≤ W0 i) (hr : 2 ≤ X.r)
  (B : PhaseASmallWitness W0 Q0 X.toPhaseAGeometry m) :
  (PhaseAState.smallSuccessor W0 Q0 X hQW hr B).C = flattenCarrier X.C B.S
info: lean/PvNP/RealizableHardness/ActualMZ24PhaseATypedStepChecks.lean:49:0: PvNP.RealizableHardness.ActualMZ24PhaseATypedStep.PhaseAState.smallSuccessor_stage.{u_1, u_2} {V : Type u_1}
  {I : Type u_2} [AddCommGroup V] [Module (ZMod 2) V] [Fintype V] [Fintype I] {a0 c N m : ℕ}
  (W0 : I → Submodule (ZMod 2) V) (Q0 : Grass V a0) (X : PhaseAState W0 Q0 c N m) (hQW : ∀ (i : I), ↑Q0 ≤ W0 i)
  (hr : 2 ≤ X.r) (B : PhaseASmallWitness W0 Q0 X.toPhaseAGeometry m) :
  (PhaseAState.smallSuccessor W0 Q0 X hQW hr B).s = X.s + 1
info: lean/PvNP/RealizableHardness/ActualMZ24PhaseATypedStepChecks.lean:50:0: PvNP.RealizableHardness.ActualMZ24PhaseATypedStep.PhaseAState.smallSuccessor_residual.{u_1, u_2} {V : Type u_1}
  {I : Type u_2} [AddCommGroup V] [Module (ZMod 2) V] [Fintype V] [Fintype I] {a0 c N m : ℕ}
  (W0 : I → Submodule (ZMod 2) V) (Q0 : Grass V a0) (X : PhaseAState W0 Q0 c N m) (hQW : ∀ (i : I), ↑Q0 ≤ W0 i)
  (hr : 2 ≤ X.r) (B : PhaseASmallWitness W0 Q0 X.toPhaseAGeometry m) :
  (PhaseAState.smallSuccessor W0 Q0 X hQW hr B).r = X.r - 1
info: lean/PvNP/RealizableHardness/ActualMZ24PhaseATypedStepChecks.lean:51:0: PvNP.RealizableHardness.ActualMZ24PhaseATypedStep.PhaseAState.smallSuccessor_card.{u_1, u_2} {V : Type u_1}
  {I : Type u_2} [AddCommGroup V] [Module (ZMod 2) V] [Fintype V] [Fintype I] {a0 c N m : ℕ}
  (W0 : I → Submodule (ZMod 2) V) (Q0 : Grass V a0) (X : PhaseAState W0 Q0 c N m) (hQW : ∀ (i : I), ↑Q0 ≤ W0 i)
  (hr : 2 ≤ X.r) (B : PhaseASmallWitness W0 Q0 X.toPhaseAGeometry m) :
  (PhaseAState.smallSuccessor W0 Q0 X hQW hr B).C.card = B.S.card
info: lean/PvNP/RealizableHardness/ActualMZ24PhaseATypedStepChecks.lean:52:0: PvNP.RealizableHardness.ActualMZ24PhaseATypedStep.PhaseAState.smallSuccessor_residual_pos.{u_1, u_2} {V : Type u_1}
  {I : Type u_2} [AddCommGroup V] [Module (ZMod 2) V] [Fintype V] [Fintype I] {a0 c N m : ℕ}
  (W0 : I → Submodule (ZMod 2) V) (Q0 : Grass V a0) (X : PhaseAState W0 Q0 c N m) (hQW : ∀ (i : I), ↑Q0 ≤ W0 i)
  (hr : 2 ≤ X.r) (B : PhaseASmallWitness W0 Q0 X.toPhaseAGeometry m) :
  0 < (PhaseAState.smallSuccessor W0 Q0 X hQW hr B).r
info: lean/PvNP/RealizableHardness/ActualMZ24PhaseATypedStepChecks.lean:53:0: PvNP.RealizableHardness.ActualMZ24PhaseATypedStep.PhaseASmallWitness.{u_1, u_2} {V : Type u_1} {I : Type u_2}
  [AddCommGroup V] [Module (ZMod 2) V] {a0 c : ℕ} (W0 : I → Submodule (ZMod 2) V) (Q0 : Grass V a0)
  (X : PhaseAGeometry W0 Q0 c) (m : ℕ) : Type (max u_1 u_2)
info: lean/PvNP/RealizableHardness/ActualMZ24PhaseATypedStepChecks.lean:54:0: PvNP.RealizableHardness.ActualMZ24PhaseATypedStep.smallWitnessOfHyperplaneFibreBranch.{u_1, u_2} {V : Type u_1}
  {I : Type u_2} [AddCommGroup V] [Module (ZMod 2) V] [Fintype V] {a0 c : ℕ} (W0 : I → Submodule (ZMod 2) V)
  (Q0 : Grass V a0) (X : PhaseAGeometry W0 Q0 c) (m : ℕ)
  (h : ActualMZ24GenericSubfamilyStep.HyperplaneFibreBranch (PhaseAGeometry.family W0 Q0 X) X.r m) :
  PhaseASmallWitness W0 Q0 X m
info: lean/PvNP/RealizableHardness/ActualMZ24PhaseATypedStepChecks.lean:55:0: PvNP.RealizableHardness.ActualMZ24PhaseATypedStep.PhaseAState.smallSuccessor.{u_1, u_2} {V : Type u_1} {I : Type u_2}
  [AddCommGroup V] [Module (ZMod 2) V] [Fintype V] [Fintype I] {a0 c N m : ℕ} (W0 : I → Submodule (ZMod 2) V)
  (Q0 : Grass V a0) (X : PhaseAState W0 Q0 c N m) (hQW : ∀ (i : I), ↑Q0 ≤ W0 i) (hr : 2 ≤ X.r)
  (B : PhaseASmallWitness W0 Q0 X.toPhaseAGeometry m) : PhaseAState W0 Q0 c N m
info: lean/PvNP/RealizableHardness/ActualMZ24PhaseATypedStepChecks.lean:56:0: PvNP.RealizableHardness.ActualMZ24PhaseATypedStep.PhaseATerminal.{u_1, u_2} {V : Type u_1} {I : Type u_2}
  [AddCommGroup V] [Module (ZMod 2) V] {a0 : ℕ} (W0 : I → Submodule (ZMod 2) V) (Q0 : Grass V a0) (c N m : ℕ) :
  Type (max u_1 u_2)
info: lean/PvNP/RealizableHardness/ActualMZ24PhaseATypedStepChecks.lean:57:0: PvNP.RealizableHardness.ActualMZ24PhaseATypedStep.PhaseATerminal.family_injective.{u_1, u_2} {V : Type u_1}
  {I : Type u_2} [AddCommGroup V] [Module (ZMod 2) V] [Fintype V] [Fintype I] {a0 c N m : ℕ}
  (W0 : I → Submodule (ZMod 2) V) (Q0 : Grass V a0) (T : PhaseATerminal W0 Q0 c N m) :
  Function.Injective (PhaseAGeometry.family W0 Q0 T.toPhaseAGeometry)
info: lean/PvNP/RealizableHardness/ActualMZ24PhaseATypedStepChecks.lean:58:0: PvNP.RealizableHardness.ActualMZ24PhaseATypedStep.PhaseATerminal.phaseA_seed.{u_1, u_2} {V : Type u_1} {I : Type u_2}
  [AddCommGroup V] [Module (ZMod 2) V] [Fintype V] [Fintype I] {a0 c N m : ℕ} (W0 : I → Submodule (ZMod 2) V)
  (Q0 : Grass V a0) (T : PhaseATerminal W0 Q0 c N m) (hroot : IsPhaseARoot N c m) :
  N ≤ phaseABudget c * T.C.card ^ (c + 1)
info: lean/PvNP/RealizableHardness/ActualMZ24PhaseATypedStepChecks.lean:59:0: PvNP.RealizableHardness.ActualMZ24PhaseATypedStep.PhaseATerminal.genericOn_univ.{u_1, u_2} {V : Type u_1} {I : Type u_2}
  [AddCommGroup V] [Module (ZMod 2) V] [Fintype V] [Fintype I] {a0 c N m : ℕ} (W0 : I → Submodule (ZMod 2) V)
  (Q0 : Grass V a0) (T : PhaseATerminal W0 Q0 c N m) :
  GenericUpToOn (PhaseAGeometry.family W0 Q0 T.toPhaseAGeometry) Finset.univ 2 T.r
info: lean/PvNP/RealizableHardness/ActualMZ24PhaseATypedStepChecks.lean:60:0: PvNP.RealizableHardness.ActualMZ24PhaseATypedStep.PhaseATerminal.universe_nonempty.{u_1, u_2} {V : Type u_1}
  {I : Type u_2} [AddCommGroup V] [Module (ZMod 2) V] [Fintype V] [Fintype I] {a0 c N m : ℕ}
  (W0 : I → Submodule (ZMod 2) V) (Q0 : Grass V a0) (T : PhaseATerminal W0 Q0 c N m) : Finset.univ.Nonempty
info: lean/PvNP/RealizableHardness/ActualMZ24PhaseATypedStepChecks.lean:61:0: PvNP.RealizableHardness.ActualMZ24PhaseATypedStep.PhaseATerminal.index_card.{u_1, u_2} {V : Type u_1} {I : Type u_2}
  [AddCommGroup V] [Module (ZMod 2) V] [Fintype V] [Fintype I] {a0 c N m : ℕ} (W0 : I → Submodule (ZMod 2) V)
  (Q0 : Grass V a0) (T : PhaseATerminal W0 Q0 c N m) :
  Fintype.card (PhaseAGeometry.Index W0 Q0 T.toPhaseAGeometry) = T.C.card
info: lean/PvNP/RealizableHardness/ActualMZ24PhaseATypedStepChecks.lean:62:0: PvNP.RealizableHardness.ActualMZ24PhaseATypedStep.PhaseATerminal.c_le_ambient_finrank.{u_1, u_2} {V : Type u_1}
  {I : Type u_2} [AddCommGroup V] [Module (ZMod 2) V] [Fintype V] [Fintype I] {a0 c N m : ℕ}
  (W0 : I → Submodule (ZMod 2) V) (Q0 : Grass V a0) (T : PhaseATerminal W0 Q0 c N m)
  (hcodim : ∀ (i : I), Module.finrank (ZMod 2) V - Module.finrank (ZMod 2) ↥(W0 i) = c) : c ≤ Module.finrank (ZMod 2) V
info: lean/PvNP/RealizableHardness/ActualMZ24PhaseATypedStepChecks.lean:63:0: PvNP.RealizableHardness.ActualMZ24PhaseATypedStep.PhaseATerminal.finrank_eq_sub_add.{u_1, u_2} {V : Type u_1}
  {I : Type u_2} [AddCommGroup V] [Module (ZMod 2) V] [Fintype V] [Fintype I] {a0 c N m : ℕ}
  (W0 : I → Submodule (ZMod 2) V) (Q0 : Grass V a0) (T : PhaseATerminal W0 Q0 c N m)
  (hcodim : ∀ (i : I), Module.finrank (ZMod 2) V - Module.finrank (ZMod 2) ↥(W0 i) = c) :
  Module.finrank (ZMod 2) ↥T.E = Module.finrank (ZMod 2) V - c + T.r
info: lean/PvNP/RealizableHardness/ActualMZ24PhaseATypedStepChecks.lean:64:0: PvNP.RealizableHardness.ActualMZ24PhaseATypedStep.PhaseATerminal.phaseA_seed_univ.{u_1, u_2} {V : Type u_1}
  {I : Type u_2} [AddCommGroup V] [Module (ZMod 2) V] [Fintype V] [Fintype I] {a0 c N m : ℕ}
  (W0 : I → Submodule (ZMod 2) V) (Q0 : Grass V a0) (T : PhaseATerminal W0 Q0 c N m) (hroot : IsPhaseARoot N c m) :
  N ≤ phaseABudget c * Finset.univ.card ^ (c + 1)
info: lean/PvNP/RealizableHardness/ActualMZ24PhaseATypedStepChecks.lean:65:0: PvNP.RealizableHardness.ActualMZ24PhaseATypedStep.terminalOfLargeBranch.{u_1, u_2} {V : Type u_1} {I : Type u_2}
  [AddCommGroup V] [Module (ZMod 2) V] [Fintype V] [Fintype I] {a0 c N m : ℕ} (W0 : I → Submodule (ZMod 2) V)
  (Q0 : Grass V a0) (X : PhaseAState W0 Q0 c N m) (hm : 1 ≤ m) (hr : 0 < X.r)
  (hlarge :
    ActualMZ24GenericSubfamilyStep.LargeTwoGenericBranch (PhaseAGeometry.family W0 Q0 X.toPhaseAGeometry) X.r m) :
  PhaseATerminal W0 Q0 c N m
info: lean/PvNP/RealizableHardness/ActualMZ24PhaseATypedStepChecks.lean:66:0: PvNP.RealizableHardness.ActualMZ24PhaseATypedStep.codimOneTerminal.{u_1, u_2} {V : Type u_1} {I : Type u_2}
  [AddCommGroup V] [Module (ZMod 2) V] [Fintype V] [Fintype I] {a0 c N m : ℕ} (W0 : I → Submodule (ZMod 2) V)
  (Q0 : Grass V a0) (X : PhaseAState W0 Q0 c N m) (hm : 1 ≤ m) (hroot : IsPhaseARoot N c m) (hrone : X.r = 1)
  (hcodim : ∀ (i : I), Module.finrank (ZMod 2) V - Module.finrank (ZMod 2) ↥(W0 i) = c) (hinj : Function.Injective W0) :
  PhaseATerminal W0 Q0 c N m
warning: lean/PvNP/RealizableHardness/ActualMZ24PhaseATypedStepChecks.lean:80:15: This simp argument is unused:
  Module.finrank_pi

Hint: Omit it from the simp argument list.
  [apply] simp [F2Two]

Note: This linter can be disabled with `set_option linter.unusedSimpArgs false`
warning: lean/PvNP/RealizableHardness/ActualMZ24PhaseATypedStepChecks.lean:99:21: This simp argument is unused:
  Module.finrank_pi

Hint: Omit it from the simp argument list.
  [apply] simp [F2Two]

Note: This linter can be disabled with `set_option linter.unusedSimpArgs false`
warning: lean/PvNP/RealizableHardness/ActualMZ24PhaseATypedStepChecks.lean:115:6: try 'simp' instead of 'simpa'

Note: This linter can be disabled with `set_option linter.unnecessarySimpa false`
warning: lean/PvNP/RealizableHardness/ActualMZ24PhaseATypedStepChecks.lean:145:0: automatically included section variable(s) unused in theorem `PvNP.RealizableHardness.ActualMZ24PhaseATypedStepChecks.residual_one_has_no_guard`:
  [Fintype V]
  [Fintype I]
consider restructuring your `variable` declarations so that the variables are not in scope or explicitly omit them:
  omit [Fintype V] [Fintype I] in theorem ...

Note: This linter can be disabled with `set_option linter.unusedSectionVars false`
warning: lean/PvNP/RealizableHardness/ActualMZ24PhaseATypedStepChecks.lean:236:19: This simp argument is unused:
  Module.finrank_pi

Hint: Omit it from the simp argument list.
  [apply] simp [F2Three]

Note: This linter can be disabled with `set_option linter.unusedSimpArgs false`
warning: lean/PvNP/RealizableHardness/ActualMZ24PhaseATypedStepChecks.lean:257:19: This simp argument is unused:
  Module.finrank_pi

Hint: Omit it from the simp argument list.
  [apply] simp [F2Three]

Note: This linter can be disabled with `set_option linter.unusedSimpArgs false`
info: lean/PvNP/RealizableHardness/ActualMZ24PhaseATypedStepChecks.lean:341:0: 'PvNP.RealizableHardness.ActualMZ24PhaseATypedStep.PhaseAGeometry.family_map_recovery' depends on axioms: [propext,
 Classical.choice,
 Quot.sound]
info: lean/PvNP/RealizableHardness/ActualMZ24PhaseATypedStepChecks.lean:342:0: 'PvNP.RealizableHardness.ActualMZ24PhaseATypedStep.PhaseAGeometry.family_relativeCodim' depends on axioms: [propext,
 Classical.choice,
 Quot.sound]
info: lean/PvNP/RealizableHardness/ActualMZ24PhaseATypedStepChecks.lean:343:0: 'PvNP.RealizableHardness.ActualMZ24PhaseATypedStep.PhaseAState.smallSuccessor' depends on axioms: [propext,
 Classical.choice,
 Quot.sound]
info: lean/PvNP/RealizableHardness/ActualMZ24PhaseATypedStepChecks.lean:344:0: 'PvNP.RealizableHardness.ActualMZ24PhaseATypedStep.terminalOfLargeBranch' depends on axioms: [propext,
 Classical.choice,
 Quot.sound]
info: lean/PvNP/RealizableHardness/ActualMZ24PhaseATypedStepChecks.lean:345:0: 'PvNP.RealizableHardness.ActualMZ24PhaseATypedStep.PhaseATerminal.phaseA_seed' depends on axioms: [propext,
 Classical.choice,
 Quot.sound]
⚠ [3245/3246] Built PvNP.RealizableHardness.ActualMZ24PhaseATerminalProducer (6.2s)
warning: lean/PvNP/RealizableHardness/ActualMZ24PhaseATerminalProducer.lean:35:0: automatically included section variable(s) unused in theorem `PvNP.RealizableHardness.ActualMZ24PhaseATerminalProducer.PhaseAGeometry.index_card`:
  [Fintype V]
  [Fintype I]
consider restructuring your `variable` declarations so that the variables are not in scope or explicitly omit them:
  omit [Fintype V] [Fintype I] in theorem ...

Note: This linter can be disabled with `set_option linter.unusedSectionVars false`
warning: lean/PvNP/RealizableHardness/ActualMZ24PhaseATerminalProducer.lean:256:0: automatically included section variable(s) unused in theorem `PvNP.RealizableHardness.ActualMZ24PhaseATerminalProducer.phaseAAdvance_m_one_no_descent`:
  [Fintype I]
consider restructuring your `variable` declarations so that the variables are not in scope or explicitly omit them:
  omit [Fintype I] in theorem ...

Note: This linter can be disabled with `set_option linter.unusedSectionVars false`
warning: lean/PvNP/RealizableHardness/ActualMZ24PhaseATerminalProducer.lean:257:35: Variable name `hroot` is not explicitly referenced.

Hint: The binding can be removed (if unused) or named `_` (if used implicitly). Alternatively, prefix the name with `_` to silence this warning:
  [apply] _hroot

Note: This linter can be disabled with `set_option linter.unusedVariables false`
warning: lean/PvNP/RealizableHardness/ActualMZ24PhaseATerminalProducer.lean:262:21: Variable name `hm_ne_one` is not explicitly referenced.

Hint: The binding can be removed (if unused) or named `_` (if used implicitly). Alternatively, prefix the name with `_` to silence this warning:
  [apply] _hm_ne_one

Note: This linter can be disabled with `set_option linter.unusedVariables false`
⚠ [3246/3246] Built PvNP.RealizableHardness.ActualMZ24PhaseATerminalProducerChecks (4.7s)
warning: lean/PvNP/RealizableHardness/ActualMZ24PhaseATerminalProducerChecks.lean:54:19: This simp argument is unused:
  Module.finrank_pi

Hint: Omit it from the simp argument list.
  [apply] simp [F2Three]

Note: This linter can be disabled with `set_option linter.unusedSimpArgs false`
warning: lean/PvNP/RealizableHardness/ActualMZ24PhaseATerminalProducerChecks.lean:110:17: This simp argument is unused:
  Module.finrank_pi

Hint: Omit it from the simp argument list.
  [apply] simp [PairV]

Note: This linter can be disabled with `set_option linter.unusedSimpArgs false`
warning: lean/PvNP/RealizableHardness/ActualMZ24PhaseATerminalProducerChecks.lean:172:0: Definition `pairLarge` is a proposition; use `theorem` instead of `def`

Note: This linter can be disabled with `set_option linter.defProp false`
info: lean/PvNP/RealizableHardness/ActualMZ24PhaseATerminalProducerChecks.lean:293:0: 'PvNP.RealizableHardness.ActualMZ24PhaseATerminalProducer.phaseAAdvance' depends on axioms: [propext,
 Classical.choice,
 Quot.sound]
info: lean/PvNP/RealizableHardness/ActualMZ24PhaseATerminalProducerChecks.lean:294:0: 'PvNP.RealizableHardness.ActualMZ24PhaseATerminalProducer.phaseATerminalFromState' depends on axioms: [propext,
 Classical.choice,
 Quot.sound]
info: lean/PvNP/RealizableHardness/ActualMZ24PhaseATerminalProducerChecks.lean:295:0: 'PvNP.RealizableHardness.ActualMZ24PhaseATerminalProducer.phaseATerminalProducer' depends on axioms: [propext,
 Classical.choice,
 Quot.sound]
info: lean/PvNP/RealizableHardness/ActualMZ24PhaseATerminalProducerChecks.lean:296:0: 'PvNP.RealizableHardness.ActualMZ24PhaseATerminalProducer.phaseATerminalProducerOfCard' depends on axioms: [propext,
 Classical.choice,
 Quot.sound]
info: lean/PvNP/RealizableHardness/ActualMZ24PhaseATerminalProducerChecks.lean:297:0: 'PvNP.RealizableHardness.ActualMZ24PhaseATerminalProducerChecks.autonomousLineTerminal' depends on axioms: [propext,
 Classical.choice,
 Quot.sound]
info: lean/PvNP/RealizableHardness/ActualMZ24PhaseATerminalProducerChecks.lean:298:0: 'PvNP.RealizableHardness.ActualMZ24PhaseATerminalProducerChecks.pairTerminal' depends on axioms: [propext,
 Classical.choice,
 Quot.sound]
info: lean/PvNP/RealizableHardness/ActualMZ24PhaseATerminalProducerChecks.lean:299:0: 'PvNP.RealizableHardness.ActualMZ24PhaseATerminalProducerChecks.pairAutonomousTerminal' depends on axioms: [propext,
 Classical.choice,
 Quot.sound]
info: lean/PvNP/RealizableHardness/ActualMZ24PhaseATerminalProducerChecks.lean:301:0: PvNP.RealizableHardness.ActualMZ24PhaseATypedStep.terminalOfLargeBranch.{u_1, u_2} {V : Type u_1} {I : Type u_2}
  [AddCommGroup V] [Module (ZMod 2) V] [Fintype V] [Fintype I] {a0 c N m : ℕ} (W0 : I → Submodule (ZMod 2) V)
  (Q0 : Grass V a0) (X : PhaseAState W0 Q0 c N m) (hm : 1 ≤ m) (hr : 0 < X.r)
  (hlarge : LargeTwoGenericBranch (PhaseAGeometry.family W0 Q0 X.toPhaseAGeometry) X.r m) : PhaseATerminal W0 Q0 c N m
info: lean/PvNP/RealizableHardness/ActualMZ24PhaseATerminalProducerChecks.lean:302:0: PvNP.RealizableHardness.ActualMZ24PhaseATypedStep.codimOneTerminal.{u_1, u_2} {V : Type u_1} {I : Type u_2}
  [AddCommGroup V] [Module (ZMod 2) V] [Fintype V] [Fintype I] {a0 c N m : ℕ} (W0 : I → Submodule (ZMod 2) V)
  (Q0 : Grass V a0) (X : PhaseAState W0 Q0 c N m) (hm : 1 ≤ m) (hroot : IsPhaseARoot N c m) (hrone : X.r = 1)
  (hcodim : ∀ (i : I), Module.finrank (ZMod 2) V - Module.finrank (ZMod 2) ↥(W0 i) = c) (hinj : Function.Injective W0) :
  PhaseATerminal W0 Q0 c N m
info: lean/PvNP/RealizableHardness/ActualMZ24PhaseATerminalProducerChecks.lean:303:0: PvNP.RealizableHardness.ActualMZ24PhaseATerminalProducerChecks.pairStateFamily :
  PhaseAGeometry.Index pairFamily pairAdvice pairState.toPhaseAGeometry → Submodule (ZMod 2) ↥pairState.E
info: lean/PvNP/RealizableHardness/ActualMZ24PhaseATerminalProducerChecks.lean:304:0: PvNP.RealizableHardness.ActualMZ24PhaseATerminalProducerChecks.pairLarge : LargeTwoGenericBranch pairStateFamily 1 1
info: lean/PvNP/RealizableHardness/ActualMZ24PhaseATerminalProducerChecks.lean:305:0: PvNP.RealizableHardness.ActualMZ24PhaseATerminalProducer.terminalOfSelectedLarge.{uV, uI} {V : Type uV} {I : Type uI}
  [AddCommGroup V] [Module (ZMod 2) V] [Fintype V] [Fintype I] {a0 c N m : ℕ} (W0 : I → Submodule (ZMod 2) V)
  (Q0 : Grass V a0) (X : PhaseAState W0 Q0 c N m) (hm : 1 ≤ m) (hr : 0 < X.r)
  (S : Finset (PhaseAGeometry.Index W0 Q0 X.toPhaseAGeometry)) (hmS : m ≤ S.card)
  (htwo :
    TwoGeneric (ActualMZ24GenericSubfamilyStep.subtypeFamily (PhaseAGeometry.family W0 Q0 X.toPhaseAGeometry) S) X.r) :
  PhaseATerminal W0 Q0 c N m
info: lean/PvNP/RealizableHardness/ActualMZ24PhaseATerminalProducerChecks.lean:306:0: PvNP.RealizableHardness.ActualMZ24PhaseATerminalProducer.terminalOfSelectedLarge_card.{uV, uI} {V : Type uV}
  {I : Type uI} [AddCommGroup V] [Module (ZMod 2) V] [Fintype V] [Fintype I] {a0 c N m : ℕ}
  (W0 : I → Submodule (ZMod 2) V) (Q0 : Grass V a0) (X : PhaseAState W0 Q0 c N m) (hm : 1 ≤ m) (hr : 0 < X.r)
  (S : Finset (PhaseAGeometry.Index W0 Q0 X.toPhaseAGeometry)) (hmS : m ≤ S.card)
  (htwo :
    TwoGeneric (ActualMZ24GenericSubfamilyStep.subtypeFamily (PhaseAGeometry.family W0 Q0 X.toPhaseAGeometry) S) X.r) :
  (terminalOfSelectedLarge W0 Q0 X hm hr S hmS htwo).C.card = S.card
info: lean/PvNP/RealizableHardness/ActualMZ24PhaseATerminalProducerChecks.lean:307:0: PvNP.RealizableHardness.ActualMZ24PhaseATerminalProducer.codimOneTerminalSelected.{uV, uI} {V : Type uV} {I : Type uI}
  [AddCommGroup V] [Module (ZMod 2) V] [Fintype V] [Fintype I] {a0 c N m : ℕ} (W0 : I → Submodule (ZMod 2) V)
  (Q0 : Grass V a0) (X : PhaseAState W0 Q0 c N m) (hm : 1 ≤ m) (hrone : X.r = 1)
  (S : Finset (PhaseAGeometry.Index W0 Q0 X.toPhaseAGeometry)) (hmS : m ≤ S.card)
  (htwo :
    TwoGeneric (ActualMZ24GenericSubfamilyStep.subtypeFamily (PhaseAGeometry.family W0 Q0 X.toPhaseAGeometry) S) X.r) :
  PhaseATerminal W0 Q0 c N m
info: lean/PvNP/RealizableHardness/ActualMZ24PhaseATerminalProducerChecks.lean:308:0: PvNP.RealizableHardness.ActualMZ24PhaseATerminalProducerChecks.pairAutonomousTerminal_card_two :
  pairAutonomousTerminal.C.card = 2
info: lean/PvNP/RealizableHardness/ActualMZ24PhaseATerminalProducerChecks.lean:309:0: PvNP.RealizableHardness.ActualMZ24PhaseATerminalProducerChecks.pairAutonomousTerminal_pair_generic
  (i j : PhaseAGeometry.Index pairFamily pairAdvice pairAutonomousTerminal.toPhaseAGeometry) (hij : i ≠ j) :
  Module.finrank (ZMod 2) ↥pairAutonomousTerminal.E -
      Module.finrank (ZMod 2)
        ↥(PhaseAGeometry.family pairFamily pairAdvice pairAutonomousTerminal.toPhaseAGeometry i ⊓
            PhaseAGeometry.family pairFamily pairAdvice pairAutonomousTerminal.toPhaseAGeometry j) =
    2 * pairAutonomousTerminal.r
Build completed successfully (3246 jobs).
