⚠ [3180/3359] Replayed PvNP.RealizableHardness.EqualityGadget
warning: lean/PvNP/RealizableHardness/EqualityGadget.lean:112:0: automatically included section variable(s) unused in theorem `PvNP.RealizableHardness.EqualityGadget.relabeled_row_injective`:
  [DecidableEq V]
consider restructuring your `variable` declarations so that the variables are not in scope or explicitly omit them:
  omit [DecidableEq V] in theorem ...

Note: This linter can be disabled with `set_option linter.unusedSectionVars false`
warning: lean/PvNP/RealizableHardness/EqualityGadget.lean:115:0: automatically included section variable(s) unused in theorem `PvNP.RealizableHardness.EqualityGadget.relabeled_support_card`:
  [DecidableEq V]
consider restructuring your `variable` declarations so that the variables are not in scope or explicitly omit them:
  omit [DecidableEq V] in theorem ...

Note: This linter can be disabled with `set_option linter.unusedSectionVars false`
warning: lean/PvNP/RealizableHardness/EqualityGadget.lean:118:0: automatically included section variable(s) unused in theorem `PvNP.RealizableHardness.EqualityGadget.relabeled_support_injective`:
  [DecidableEq V]
consider restructuring your `variable` declarations so that the variables are not in scope or explicitly omit them:
  omit [DecidableEq V] in theorem ...

Note: This linter can be disabled with `set_option linter.unusedSectionVars false`
warning: lean/PvNP/RealizableHardness/EqualityGadget.lean:144:0: automatically included section variable(s) unused in theorem `PvNP.RealizableHardness.EqualityGadget.relabeled_satisfied`:
  [DecidableEq V]
consider restructuring your `variable` declarations so that the variables are not in scope or explicitly omit them:
  omit [DecidableEq V] in theorem ...

Note: This linter can be disabled with `set_option linter.unusedSectionVars false`
warning: lean/PvNP/RealizableHardness/EqualityGadget.lean:148:0: automatically included section variable(s) unused in theorem `PvNP.RealizableHardness.EqualityGadget.relabeled_violations_lower`:
  [DecidableEq V]
consider restructuring your `variable` declarations so that the variables are not in scope or explicitly omit them:
  omit [DecidableEq V] in theorem ...

Note: This linter can be disabled with `set_option linter.unusedSectionVars false`
⚠ [3181/3359] Replayed PvNP.RealizableHardness.ActualStarQuestionSupport
warning: lean/PvNP/RealizableHardness/ActualStarQuestionSupport.lean:16:0: automatically included section variable(s) unused in theorem `PvNP.RealizableHardness.ActualStarQuestionSupport.excluded_row_points_eq`:
  [Fintype X]
  [Fintype E]
consider restructuring your `variable` declarations so that the variables are not in scope or explicitly omit them:
  omit [Fintype X] [Fintype E] in theorem ...

Note: This linter can be disabled with `set_option linter.unusedSectionVars false`
info: lean/PvNP/RealizableHardness/ActualStarQuestionSupport.lean:84:0: 'PvNP.RealizableHardness.ActualStarQuestionSupport.excluded_row_points_eq' depends on axioms: [propext,
 Classical.choice,
 Quot.sound]
info: lean/PvNP/RealizableHardness/ActualStarQuestionSupport.lean:85:0: 'PvNP.RealizableHardness.ActualStarQuestionSupport.excluded_row_overlap_le_one' depends on axioms: [propext,
 Classical.choice,
 Quot.sound]
info: lean/PvNP/RealizableHardness/ActualStarQuestionSupport.lean:86:0: 'PvNP.RealizableHardness.ActualStarQuestionSupport.new_row_private_coordinate' depends on axioms: [propext,
 Classical.choice,
 Quot.sound]
⚠ [3182/3359] Replayed PvNP.RealizableHardness.ActualStarSpanIntersection
warning: lean/PvNP/RealizableHardness/ActualStarSpanIntersection.lean:33:0: automatically included section variable(s) unused in theorem `PvNP.RealizableHardness.ActualStarSpanIntersection.equationVector_mem_coordinateSpace`:
  [Fintype X]
  [Fintype E]
  [DecidableEq E]
consider restructuring your `variable` declarations so that the variables are not in scope or explicitly omit them:
  omit [Fintype X] [Fintype E] [DecidableEq E] in theorem ...

Note: This linter can be disabled with `set_option linter.unusedSectionVars false`
warning: lean/PvNP/RealizableHardness/ActualStarSpanIntersection.lean:43:0: automatically included section variable(s) unused in theorem `PvNP.RealizableHardness.ActualStarSpanIntersection.equationVector_mem_equationSpan`:
  [Fintype X]
  [Fintype E]
  [DecidableEq E]
consider restructuring your `variable` declarations so that the variables are not in scope or explicitly omit them:
  omit [Fintype X] [Fintype E] [DecidableEq E] in theorem ...

Note: This linter can be disabled with `set_option linter.unusedSectionVars false`
info: lean/PvNP/RealizableHardness/ActualStarSpanIntersection.lean:109:0: 'PvNP.RealizableHardness.ActualStarSpanIntersection.equationSpan_inf_coordinateSpace' depends on axioms: [propext,
 Classical.choice,
 Quot.sound]
ℹ [3184/3359] Replayed PvNP.RealizableHardness.ExceptionRepair
info: lean/PvNP/RealizableHardness/ExceptionRepair.lean:200:0: 'PvNP.RealizableHardness.exception_completeness' depends on axioms: [propext, Classical.choice, Quot.sound]
info: lean/PvNP/RealizableHardness/ExceptionRepair.lean:201:0: 'PvNP.RealizableHardness.exception_soundness' depends on axioms: [propext, Classical.choice, Quot.sound]
ℹ [3185/3359] Replayed PvNP.RealizableHardness.Formula
info: lean/PvNP/RealizableHardness/Formula.lean:93:0: 'PvNP.RealizableHardness.Formula.repair_complete' depends on axioms: [propext, Classical.choice, Quot.sound]
info: lean/PvNP/RealizableHardness/Formula.lean:94:0: 'PvNP.RealizableHardness.Formula.leaves_repair' depends on axioms: [propext]
info: lean/PvNP/RealizableHardness/Formula.lean:95:0: 'PvNP.RealizableHardness.Formula.repair_sound' depends on axioms: [propext, Classical.choice, Quot.sound]
⚠ [3186/3359] Replayed PvNP.RealizableHardness.WeightRounding
warning: lean/PvNP/RealizableHardness/WeightRounding.lean:47:56: `if_false` has been deprecated: Use `ite_false` instead
warning: lean/PvNP/RealizableHardness/WeightRounding.lean:47:56: `if_false` has been deprecated: Use `ite_false` instead
warning: lean/PvNP/RealizableHardness/WeightRounding.lean:47:32: This simp argument is unused:
  hx

Hint: Omit it from the simp argument list.
  [apply] simp only [Bool.false_eq_true, if_false, mul_zero, ite_true]

Note: This linter can be disabled with `set_option linter.unusedSimpArgs false`
warning: lean/PvNP/RealizableHardness/WeightRounding.lean:61:14: This simp argument is unused:
  hx

Hint: Omit it from the simp argument list.
  [apply] simp

Note: This linter can be disabled with `set_option linter.unusedSimpArgs false`
⚠ [3187/3359] Replayed PvNP.RealizableHardness.FiniteSampling
warning: lean/PvNP/RealizableHardness/FiniteSampling.lean:94:14: This simp argument is unused:
  hi

Hint: Omit it from the simp argument list.
  [apply] simp

Note: This linter can be disabled with `set_option linter.unusedSimpArgs false`
warning: lean/PvNP/RealizableHardness/FiniteSampling.lean:136:8: `if_neg` has been deprecated: Use `ite_eq_right` instead
⚠ [3188/3359] Replayed PvNP.RealizableHardness.TripleRestrictionRank
warning: lean/PvNP/RealizableHardness/TripleRestrictionRank.lean:41:39: This simp argument is unused:
  Fin.sum_univ_succ

Hint: Omit it from the simp argument list.
  [apply] simp [Fintype.sum_option, blockMass]

Note: This linter can be disabled with `set_option linter.unusedSimpArgs false`
warning: lean/PvNP/RealizableHardness/TripleRestrictionRank.lean:42:2: Used `tac1 <;> tac2` where `(tac1; tac2)` would suffice

Note: This linter can be disabled with `set_option linter.unnecessarySeqFocus false`
warning: lean/PvNP/RealizableHardness/TripleRestrictionRank.lean:49:26: `if_true` has been deprecated: Use `ite_true` instead
warning: lean/PvNP/RealizableHardness/TripleRestrictionRank.lean:69:19: `if_false` has been deprecated: Use `ite_false` instead
warning: lean/PvNP/RealizableHardness/TripleRestrictionRank.lean:91:25: `if_pos` has been deprecated: Use `ite_eq_left` instead
warning: lean/PvNP/RealizableHardness/TripleRestrictionRank.lean:92:25: `if_neg` has been deprecated: Use `ite_eq_right` instead
warning: lean/PvNP/RealizableHardness/TripleRestrictionRank.lean:92:50: `if_true` has been deprecated: Use `ite_true` instead
warning: lean/PvNP/RealizableHardness/TripleRestrictionRank.lean:105:19: `if_pos` has been deprecated: Use `ite_eq_left` instead
warning: lean/PvNP/RealizableHardness/TripleRestrictionRank.lean:106:19: `if_neg` has been deprecated: Use `ite_eq_right` instead
warning: lean/PvNP/RealizableHardness/TripleRestrictionRank.lean:92:36: This simp argument is unused:
  Bool.true_eq

Hint: Omit it from the simp argument list.
  [apply] simp only [events, if_neg hi, if_true]

Note: This linter can be disabled with `set_option linter.unusedSimpArgs false`
warning: lean/PvNP/RealizableHardness/TripleRestrictionRank.lean:112:39: This simp argument is unused:
  Fin.sum_univ_succ

Hint: Omit it from the simp argument list.
  [apply] simp [Fintype.sum_option, blockMass]

Note: This linter can be disabled with `set_option linter.unusedSimpArgs false`
warning: lean/PvNP/RealizableHardness/TripleRestrictionRank.lean:113:2: Used `tac1 <;> tac2` where `(tac1; tac2)` would suffice

Note: This linter can be disabled with `set_option linter.unnecessarySeqFocus false`
warning: lean/PvNP/RealizableHardness/TripleRestrictionRank.lean:121:20: This simp argument is unused:
  hd

Hint: Omit it from the simp argument list.
  [apply] simp

Note: This linter can be disabled with `set_option linter.unusedSimpArgs false`
warning: lean/PvNP/RealizableHardness/TripleRestrictionRank.lean:190:15: This simp argument is unused:
  Module.finrank_pi

Hint: Omit it from the simp argument list.
  [apply] simp [Coeff]

Note: This linter can be disabled with `set_option linter.unusedSimpArgs false`
warning: lean/PvNP/RealizableHardness/TripleRestrictionRank.lean:224:15: `if_pos` has been deprecated: Use `ite_eq_left` instead
warning: lean/PvNP/RealizableHardness/TripleRestrictionRank.lean:234:15: `if_neg` has been deprecated: Use `ite_eq_right` instead
warning: lean/PvNP/RealizableHardness/TripleRestrictionRank.lean:257:25: This simp argument is unused:
  Coeff

Hint: Omit it from the simp argument list.
  [apply] simp [s, Fintype.card_fun, ZMod.card]

Note: This linter can be disabled with `set_option linter.unusedSimpArgs false`
warning: lean/PvNP/RealizableHardness/TripleRestrictionRank.lean:257:32: This simp argument is unused:
  Fintype.card_fun

Hint: Omit it from the simp argument list.
  [apply] simp [s, Coeff, ZMod.card]

Note: This linter can be disabled with `set_option linter.unusedSimpArgs false`
warning: lean/PvNP/RealizableHardness/TripleRestrictionRank.lean:335:49: This simp argument is unused:
  mul_assoc

Hint: Omit it from the simp argument list.
  [apply] simp [evaluate, Finset.mul_sum, mul_left_comm]

Note: This linter can be disabled with `set_option linter.unusedSimpArgs false`
warning: lean/PvNP/RealizableHardness/TripleRestrictionRank.lean:433:69: This simp argument is unused:
  Module.finrank_pi

Hint: Omit it from the simp argument list.
  [apply] simp [Coeff]

Note: This linter can be disabled with `set_option linter.unusedSimpArgs false`
⚠ [3189/3359] Replayed PvNP.RealizableHardness.SubspaceRestriction
warning: lean/PvNP/RealizableHardness/SubspaceRestriction.lean:123:52: This simp argument is unused:
  Module.finrank_pi

Hint: Omit it from the simp argument list.
  [apply] simp [codim, TripleRestrictionRank.Vector, Coord, Nat.mul_comm]

Note: This linter can be disabled with `set_option linter.unusedSimpArgs false`
warning: lean/PvNP/RealizableHardness/SubspaceRestriction.lean:126:52: This simp argument is unused:
  Module.finrank_pi

Hint: Omit it from the simp argument list.
  [apply] simp [codim, TripleRestrictionRank.Vector, Coord]

Note: This linter can be disabled with `set_option linter.unusedSimpArgs false`
⚠ [3190/3359] Replayed PvNP.RealizableHardness.PosteriorReweighting
warning: lean/PvNP/RealizableHardness/PosteriorReweighting.lean:25:0: automatically included section variable(s) unused in theorem `PvNP.RealizableHardness.PosteriorReweighting.marginal_nonneg`:
  [Fintype Q]
consider restructuring your `variable` declarations so that the variables are not in scope or explicitly omit them:
  omit [Fintype Q] in theorem ...

Note: This linter can be disabled with `set_option linter.unusedSectionVars false`
warning: lean/PvNP/RealizableHardness/PosteriorReweighting.lean:36:0: automatically included section variable(s) unused in theorem `PvNP.RealizableHardness.PosteriorReweighting.posterior_normalized`:
  [Fintype Q]
consider restructuring your `variable` declarations so that the variables are not in scope or explicitly omit them:
  omit [Fintype Q] in theorem ...

Note: This linter can be disabled with `set_option linter.unusedSectionVars false`
warning: lean/PvNP/RealizableHardness/PosteriorReweighting.lean:41:0: automatically included section variable(s) unused in theorem `PvNP.RealizableHardness.PosteriorReweighting.bayes_mass`:
  [Fintype Q]
consider restructuring your `variable` declarations so that the variables are not in scope or explicitly omit them:
  omit [Fintype Q] in theorem ...

Note: This linter can be disabled with `set_option linter.unusedSectionVars false`
warning: lean/PvNP/RealizableHardness/PosteriorReweighting.lean:46:0: automatically included section variable(s) unused in theorem `PvNP.RealizableHardness.PosteriorReweighting.zero_prior`:
  [Fintype Q]
consider restructuring your `variable` declarations so that the variables are not in scope or explicitly omit them:
  omit [Fintype Q] in theorem ...

Note: This linter can be disabled with `set_option linter.unusedSectionVars false`
warning: lean/PvNP/RealizableHardness/PosteriorReweighting.lean:49:0: automatically included section variable(s) unused in theorem `PvNP.RealizableHardness.PosteriorReweighting.bayes_ratio`:
  [Fintype Q]
consider restructuring your `variable` declarations so that the variables are not in scope or explicitly omit them:
  omit [Fintype Q] in theorem ...

Note: This linter can be disabled with `set_option linter.unusedSectionVars false`
warning: lean/PvNP/RealizableHardness/PosteriorReweighting.lean:56:0: automatically included section variable(s) unused in theorem `PvNP.RealizableHardness.PosteriorReweighting.joint_zero_of_marginal_zero`:
  [Fintype Q]
consider restructuring your `variable` declarations so that the variables are not in scope or explicitly omit them:
  omit [Fintype Q] in theorem ...

Note: This linter can be disabled with `set_option linter.unusedSectionVars false`
warning: lean/PvNP/RealizableHardness/PosteriorReweighting.lean:88:29: This simp argument is unused:
  hb

Hint: Omit it from the simp argument list.
  [apply] simp [hg, hr]

Note: This linter can be disabled with `set_option linter.unusedSimpArgs false`
warning: lean/PvNP/RealizableHardness/PosteriorReweighting.lean:90:17: This simp argument is unused:
  hb

Hint: Omit it from the simp argument list.
  [apply] simp only [hg, Bool.not_false, Bool.true_eq, ite_true]

Note: This linter can be disabled with `set_option linter.unusedSimpArgs false`
warning: lean/PvNP/RealizableHardness/PosteriorReweighting.lean:90:41: This simp argument is unused:
  Bool.true_eq

Hint: Omit it from the simp argument list.
  [apply] simp only [hb, hg, Bool.not_false, ite_true]

Note: This linter can be disabled with `set_option linter.unusedSimpArgs false`
warning: lean/PvNP/RealizableHardness/PosteriorReweighting.lean:100:20: Variable name `hz` is not explicitly referenced.

Hint: The binding can be removed (if unused) or named `_` (if used implicitly). Alternatively, prefix the name with `_` to silence this warning:
  [apply] _hz

Note: This linter can be disabled with `set_option linter.unusedVariables false`
warning: lean/PvNP/RealizableHardness/PosteriorReweighting.lean:109:17: This simp argument is unused:
  hg

Hint: Omit it from the simp argument list.
  [apply] simp only [Bool.not_false, Bool.true_eq, ite_true]

Note: This linter can be disabled with `set_option linter.unusedSimpArgs false`
warning: lean/PvNP/RealizableHardness/PosteriorReweighting.lean:109:37: This simp argument is unused:
  Bool.true_eq

Hint: Omit it from the simp argument list.
  [apply] simp only [hg, Bool.not_false, ite_true]

Note: This linter can be disabled with `set_option linter.unusedSimpArgs false`
warning: lean/PvNP/RealizableHardness/PosteriorReweighting.lean:116:17: This simp argument is unused:
  hg

Hint: Omit it from the simp argument list.
  [apply] simp only [Bool.not_true, Bool.false_eq_true, ite_false, add_zero]

Note: This linter can be disabled with `set_option linter.unusedSimpArgs false`
⚠ [3191/3359] Replayed PvNP.RealizableHardness.GrassmannIncidence
warning: lean/PvNP/RealizableHardness/GrassmannIncidence.lean:64:2: Try this: 
  letI̵

The goal is a proposition, so `let` is preferred over `letI`.
The difference between `let` and `letI` is that `letI` inlines the value.
But this is not relevant for proofs because of proof irrelevance.

Note: This linter can be disabled with `set_option linter.style.haveILetI false`
warning: lean/PvNP/RealizableHardness/GrassmannIncidence.lean:79:17: This simp argument is unused:
  Module.finrank_pi

Hint: Omit it from the simp argument list.
  [apply] simp [Coeff]

Note: This linter can be disabled with `set_option linter.unusedSimpArgs false`
⚠ [3193/3359] Replayed PvNP.RealizableHardness.GrassmannCounting
warning: lean/PvNP/RealizableHardness/GrassmannCounting.lean:28:2: Try this: 
  letI̵

The goal is a proposition, so `let` is preferred over `letI`.
The difference between `let` and `letI` is that `letI` inlines the value.
But this is not relevant for proofs because of proof irrelevance.

Note: This linter can be disabled with `set_option linter.style.haveILetI false`
warning: lean/PvNP/RealizableHardness/GrassmannCounting.lean:60:0: automatically included section variable(s) unused in theorem `PvNP.RealizableHardness.GrassmannCounting.flatten_surjective`:
  [Finite V]
consider restructuring your `variable` declarations so that the variables are not in scope or explicitly omit them:
  omit [Finite V] in theorem ...

Note: This linter can be disabled with `set_option linter.unusedSectionVars false`
warning: lean/PvNP/RealizableHardness/GrassmannCounting.lean:111:2: Try this: 
  letI̵

The goal is a proposition, so `let` is preferred over `letI`.
The difference between `let` and `letI` is that `letI` inlines the value.
But this is not relevant for proofs because of proof irrelevance.

Note: This linter can be disabled with `set_option linter.style.haveILetI false`
warning: lean/PvNP/RealizableHardness/GrassmannCounting.lean:119:18: `if_pos` has been deprecated: Use `ite_eq_left` instead
warning: lean/PvNP/RealizableHardness/GrassmannCounting.lean:120:18: `if_neg` has been deprecated: Use `ite_eq_right` instead
warning: lean/PvNP/RealizableHardness/GrassmannCounting.lean:135:0: automatically included section variable(s) unused in theorem `PvNP.RealizableHardness.GrassmannCounting.include_injective`:
  [Finite V]
consider restructuring your `variable` declarations so that the variables are not in scope or explicitly omit them:
  omit [Finite V] in theorem ...

Note: This linter can be disabled with `set_option linter.unusedSectionVars false`
warning: lean/PvNP/RealizableHardness/GrassmannCounting.lean:144:0: automatically included section variable(s) unused in theorem `PvNP.RealizableHardness.GrassmannCounting.include_surjective`:
  [Finite V]
consider restructuring your `variable` declarations so that the variables are not in scope or explicitly omit them:
  omit [Finite V] in theorem ...

Note: This linter can be disabled with `set_option linter.unusedSectionVars false`
⚠ [3194/3359] Replayed PvNP.RealizableHardness.ActualMaximalPairLadder
warning: lean/PvNP/RealizableHardness/ActualMaximalPairLadder.lean:57:0: automatically included section variable(s) unused in theorem `PvNP.RealizableHardness.ActualMaximalPairLadder.compatibleExtension_refl`:
  [Fintype V]
consider restructuring your `variable` declarations so that the variables are not in scope or explicitly omit them:
  omit [Fintype V] in theorem ...

Note: This linter can be disabled with `set_option linter.unusedSectionVars false`
warning: lean/PvNP/RealizableHardness/ActualMaximalPairLadder.lean:63:0: automatically included section variable(s) unused in theorem `PvNP.RealizableHardness.ActualMaximalPairLadder.compatibleExtension_trans`:
  [Fintype V]
consider restructuring your `variable` declarations so that the variables are not in scope or explicitly omit them:
  omit [Fintype V] in theorem ...

Note: This linter can be disabled with `set_option linter.unusedSectionVars false`
warning: lean/PvNP/RealizableHardness/ActualMaximalPairLadder.lean:147:5: Variable name `h` is not explicitly referenced.

Hint: The binding can be removed (if unused) or named `_` (if used implicitly). Alternatively, prefix the name with `_` to silence this warning:
  [apply] _h

Note: This linter can be disabled with `set_option linter.unusedVariables false`
warning: lean/PvNP/RealizableHardness/ActualMaximalPairLadder.lean:227:32: Used `tac1 <;> tac2` where `(tac1; tac2)` would suffice

Note: This linter can be disabled with `set_option linter.unnecessarySeqFocus false`
⚠ [3195/3359] Replayed PvNP.RealizableHardness.GrassmannFlagPosterior
warning: lean/PvNP/RealizableHardness/GrassmannFlagPosterior.lean:52:2: Try this: 
  letI̵

The goal is a proposition, so `let` is preferred over `letI`.
The difference between `let` and `letI` is that `letI` inlines the value.
But this is not relevant for proofs because of proof irrelevance.

Note: This linter can be disabled with `set_option linter.style.haveILetI false`
⚠ [3199/3359] Replayed PvNP.RealizableHardness.ActualStarRelationCount
warning: lean/PvNP/RealizableHardness/ActualStarRelationCount.lean:58:4: try 'simp' instead of 'simpa'

Note: This linter can be disabled with `set_option linter.unnecessarySimpa false`
⚠ [3202/3359] Replayed PvNP.RealizableHardness.ActualCmmsaAdmissibilitySelector
warning: lean/PvNP/RealizableHardness/ActualCmmsaAdmissibilitySelector.lean:70:4: Try `simp at hmem` instead of `simpa using hmem`

Note: This linter can be disabled with `set_option linter.unnecessarySimpa false`
warning: lean/PvNP/RealizableHardness/ActualCmmsaAdmissibilitySelector.lean:110:54: Variable name `hd` is not explicitly referenced.

Hint: The binding can be removed (if unused) or named `_` (if used implicitly). Alternatively, prefix the name with `_` to silence this warning:
  [apply] _hd

Note: This linter can be disabled with `set_option linter.unusedVariables false`
⚠ [3205/3359] Replayed PvNP.RealizableHardness.ActualStarAffineFunctionalSelection
warning: lean/PvNP/RealizableHardness/ActualStarAffineFunctionalSelection.lean:34:2: Try this: 
  letI̵

The goal is a proposition, so `let` is preferred over `letI`.
The difference between `let` and `letI` is that `letI` inlines the value.
But this is not relevant for proofs because of proof irrelevance.

Note: This linter can be disabled with `set_option linter.style.haveILetI false`
warning: lean/PvNP/RealizableHardness/ActualStarAffineFunctionalSelection.lean:35:2: Try this: 
  letI̵

The goal is a proposition, so `let` is preferred over `letI`.
The difference between `let` and `letI` is that `letI` inlines the value.
But this is not relevant for proofs because of proof irrelevance.

Note: This linter can be disabled with `set_option linter.style.haveILetI false`
warning: lean/PvNP/RealizableHardness/ActualStarAffineFunctionalSelection.lean:37:2: Try this: 
  letI̵

The goal is a proposition, so `let` is preferred over `letI`.
The difference between `let` and `letI` is that `letI` inlines the value.
But this is not relevant for proofs because of proof irrelevance.

Note: This linter can be disabled with `set_option linter.style.haveILetI false`
warning: lean/PvNP/RealizableHardness/ActualStarAffineFunctionalSelection.lean:58:16: This simp argument is unused:
  hker

Hint: Omit it from the simp argument list.
  [apply] simp [z, e, LinearMap.quotKerEquivRange_apply_mk]

Note: This linter can be disabled with `set_option linter.unusedSimpArgs false`
warning: lean/PvNP/RealizableHardness/ActualStarAffineFunctionalSelection.lean:113:2: Try this: 
  letI̵

The goal is a proposition, so `let` is preferred over `letI`.
The difference between `let` and `letI` is that `letI` inlines the value.
But this is not relevant for proofs because of proof irrelevance.

Note: This linter can be disabled with `set_option linter.style.haveILetI false`
warning: lean/PvNP/RealizableHardness/ActualStarAffineFunctionalSelection.lean:114:2: Try this: 
  letI̵

The goal is a proposition, so `let` is preferred over `letI`.
The difference between `let` and `letI` is that `letI` inlines the value.
But this is not relevant for proofs because of proof irrelevance.

Note: This linter can be disabled with `set_option linter.style.haveILetI false`
warning: lean/PvNP/RealizableHardness/ActualStarAffineFunctionalSelection.lean:115:2: Try this: 
  letI̵

The goal is a proposition, so `let` is preferred over `letI`.
The difference between `let` and `letI` is that `letI` inlines the value.
But this is not relevant for proofs because of proof irrelevance.

Note: This linter can be disabled with `set_option linter.style.haveILetI false`
warning: lean/PvNP/RealizableHardness/ActualStarAffineFunctionalSelection.lean:116:2: Try this: 
  letI̵

The goal is a proposition, so `let` is preferred over `letI`.
The difference between `let` and `letI` is that `letI` inlines the value.
But this is not relevant for proofs because of proof irrelevance.

Note: This linter can be disabled with `set_option linter.style.haveILetI false`
warning: lean/PvNP/RealizableHardness/ActualStarAffineFunctionalSelection.lean:117:2: Try this: 
  letI̵

The goal is a proposition, so `let` is preferred over `letI`.
The difference between `let` and `letI` is that `letI` inlines the value.
But this is not relevant for proofs because of proof irrelevance.

Note: This linter can be disabled with `set_option linter.style.haveILetI false`
warning: lean/PvNP/RealizableHardness/ActualStarAffineFunctionalSelection.lean:121:2: Try this: 
  letI̵

The goal is a proposition, so `let` is preferred over `letI`.
The difference between `let` and `letI` is that `letI` inlines the value.
But this is not relevant for proofs because of proof irrelevance.

Note: This linter can be disabled with `set_option linter.style.haveILetI false`
warning: lean/PvNP/RealizableHardness/ActualStarAffineFunctionalSelection.lean:149:28: This simp argument is unused:
  Submodule.liftQ_apply

Hint: Omit it from the simp argument list.
  [apply] simp [fromDual, toDual, LinearMap.sub_apply, hF0, sub_add_cancel]

Note: This linter can be disabled with `set_option linter.unusedSimpArgs false`
warning: lean/PvNP/RealizableHardness/ActualStarAffineFunctionalSelection.lean:149:51: This simp argument is unused:
  LinearMap.sub_apply

Hint: Omit it from the simp argument list.
  [apply] simp [fromDual, toDual, Submodule.liftQ_apply, hF0, sub_add_cancel]

Note: This linter can be disabled with `set_option linter.unusedSimpArgs false`
warning: lean/PvNP/RealizableHardness/ActualStarAffineFunctionalSelection.lean:150:6: This simp argument is unused:
  hF0

Hint: Omit it from the simp argument list.
  [apply] simp [fromDual, toDual, Submodule.liftQ_apply, LinearMap.sub_apply, sub_add_cancel]

Note: This linter can be disabled with `set_option linter.unusedSimpArgs false`
warning: lean/PvNP/RealizableHardness/ActualStarAffineFunctionalSelection.lean:150:11: This simp argument is unused:
  sub_add_cancel

Hint: Omit it from the simp argument list.
  [apply] simp [fromDual, toDual, Submodule.liftQ_apply, LinearMap.sub_apply, hF0]

Note: This linter can be disabled with `set_option linter.unusedSimpArgs false`
warning: lean/PvNP/RealizableHardness/ActualStarAffineFunctionalSelection.lean:154:28: This simp argument is unused:
  Submodule.liftQ_apply

Hint: Omit it from the simp argument list.
  [apply] simp [fromDual, toDual, LinearMap.sub_apply]

Note: This linter can be disabled with `set_option linter.unusedSimpArgs false`
warning: lean/PvNP/RealizableHardness/ActualStarAffineFunctionalSelection.lean:154:51: This simp argument is unused:
  LinearMap.sub_apply

Hint: Omit it from the simp argument list.
  [apply] simp [fromDual, toDual, Submodule.liftQ_apply]

Note: This linter can be disabled with `set_option linter.unusedSimpArgs false`
⚠ [3206/3359] Replayed PvNP.RealizableHardness.PosteriorDensity
warning: lean/PvNP/RealizableHardness/PosteriorDensity.lean:13:17: Variable name `Q` is not explicitly referenced.

Hint: The binding can be removed (if unused) or named `_` (if used implicitly). Alternatively, prefix the name with `_` to silence this warning:
  [apply] _Q

Note: This linter can be disabled with `set_option linter.unusedVariables false`
warning: lean/PvNP/RealizableHardness/PosteriorDensity.lean:19:47: This simp argument is unused:
  Module.finrank_pi

Hint: Omit it from the simp argument list.
  [apply] simp [TripleRestrictionRank.Vector, Coord, Nat.mul_comm]

Note: This linter can be disabled with `set_option linter.unusedSimpArgs false`
warning: lean/PvNP/RealizableHardness/PosteriorDensity.lean:57:16: `if_pos` has been deprecated: Use `ite_eq_left` instead
warning: lean/PvNP/RealizableHardness/PosteriorDensity.lean:71:16: `if_neg` has been deprecated: Use `ite_eq_right` instead
warning: lean/PvNP/RealizableHardness/PosteriorDensity.lean:68:10: Unused tactic linter: `ring` does nothing

Note: This linter can be disabled with `set_option linter.unusedTactic false`
warning: lean/PvNP/RealizableHardness/PosteriorDensity.lean:68:10: this tactic is never executed

Note: This linter can be disabled with `set_option linter.unreachableTactic false`
⚠ [3208/3359] Replayed PvNP.RealizableHardness.BinaryMatrixFourier
warning: lean/PvNP/RealizableHardness/BinaryMatrixFourier.lean:126:8: `if_pos` has been deprecated: Use `ite_eq_left` instead
warning: lean/PvNP/RealizableHardness/BinaryMatrixFourier.lean:132:8: `if_neg` has been deprecated: Use `ite_eq_right` instead
⚠ [3227/3359] Replayed PvNP.RealizableHardness.TaggedFinite3LinSource
warning: lean/PvNP/RealizableHardness/TaggedFinite3LinSource.lean:16:18: Variable name `i` is not explicitly referenced.

Hint: The binding can be removed (if unused) or named `_` (if used implicitly). Alternatively, prefix the name with `_` to silence this warning:
  [apply] _i

Note: This linter can be disabled with `set_option linter.unusedVariables false`
warning: lean/PvNP/RealizableHardness/TaggedFinite3LinSource.lean:16:20: Variable name `j` is not explicitly referenced.

Hint: The binding can be removed (if unused) or named `_` (if used implicitly). Alternatively, prefix the name with `_` to silence this warning:
  [apply] _j

Note: This linter can be disabled with `set_option linter.unusedVariables false`
warning: lean/PvNP/RealizableHardness/TaggedFinite3LinSource.lean:46:0: automatically included section variable(s) unused in theorem `PvNP.RealizableHardness.Finite3LinSource.restrictAssignment_repeatAssignment`:
  [Fintype Var]
  [DecidableEq Var]
consider restructuring your `variable` declarations so that the variables are not in scope or explicitly omit them:
  omit [Fintype Var] [DecidableEq Var] in theorem ...

Note: This linter can be disabled with `set_option linter.unusedSectionVars false`
⚠ [3230/3359] Replayed PvNP.RealizableHardness.ActualRhsFunctionalConstruction
warning: lean/PvNP/RealizableHardness/ActualRhsFunctionalConstruction.lean:14:0: automatically included section variable(s) unused in theorem `PvNP.RealizableHardness.ActualRhsFunctionalConstruction.equationVectors_linearIndependent`:
  [Fintype X]
  [Fintype E]
  [DecidableEq E]
consider restructuring your `variable` declarations so that the variables are not in scope or explicitly omit them:
  omit [Fintype X] [Fintype E] [DecidableEq E] in theorem ...

Note: This linter can be disabled with `set_option linter.unusedSectionVars false`
⚠ [3236/3359] Replayed PvNP.RealizableHardness.ActualLeafTransportCoherence
warning: lean/PvNP/RealizableHardness/ActualLeafTransportCoherence.lean:15:8: automatically included section variable(s) unused in theorem `_private.PvNP.RealizableHardness.ActualLeafTransportCoherence.0.PvNP.RealizableHardness.ActualPresentedLeafGluing.goodQuestion_erase`:
  [Fintype X]
  [Fintype E]
  [DecidableEq X]
consider restructuring your `variable` declarations so that the variables are not in scope or explicitly omit them:
  omit [Fintype X] [Fintype E] [DecidableEq X] in theorem ...

Note: This linter can be disabled with `set_option linter.unusedSectionVars false`
⚠ [3242/3359] Replayed PvNP.RealizableHardness.ActualTaggedPresentedSelection
warning: lean/PvNP/RealizableHardness/ActualTaggedPresentedSelection.lean:795:12: `if_pos` has been deprecated: Use `ite_eq_left` instead
warning: lean/PvNP/RealizableHardness/ActualTaggedPresentedSelection.lean:796:12: `if_neg` has been deprecated: Use `ite_eq_right` instead
warning: lean/PvNP/RealizableHardness/ActualTaggedPresentedSelection.lean:796:27: Unused tactic linter: `norm_num` does nothing

Note: This linter can be disabled with `set_option linter.unusedTactic false`
warning: lean/PvNP/RealizableHardness/ActualTaggedPresentedSelection.lean:796:27: this tactic is never executed

Note: This linter can be disabled with `set_option linter.unreachableTactic false`
warning: lean/PvNP/RealizableHardness/ActualTaggedPresentedSelection.lean:795:23: Used `tac1 <;> tac2` where `(tac1; tac2)` would suffice

Note: This linter can be disabled with `set_option linter.unnecessarySeqFocus false`
warning: lean/PvNP/RealizableHardness/ActualTaggedPresentedSelection.lean:807:12: `if_pos` has been deprecated: Use `ite_eq_left` instead
warning: lean/PvNP/RealizableHardness/ActualTaggedPresentedSelection.lean:808:12: `if_neg` has been deprecated: Use `ite_eq_right` instead
warning: lean/PvNP/RealizableHardness/ActualTaggedPresentedSelection.lean:807:27: Unused tactic linter: `norm_num` does nothing

Note: This linter can be disabled with `set_option linter.unusedTactic false`
warning: lean/PvNP/RealizableHardness/ActualTaggedPresentedSelection.lean:807:27: this tactic is never executed

Note: This linter can be disabled with `set_option linter.unreachableTactic false`
warning: lean/PvNP/RealizableHardness/ActualTaggedPresentedSelection.lean:808:23: Used `tac1 <;> tac2` where `(tac1; tac2)` would suffice

Note: This linter can be disabled with `set_option linter.unnecessarySeqFocus false`
warning: lean/PvNP/RealizableHardness/ActualTaggedPresentedSelection.lean:854:8: `if_pos` has been deprecated: Use `ite_eq_left` instead
warning: lean/PvNP/RealizableHardness/ActualTaggedPresentedSelection.lean:862:8: `if_neg` has been deprecated: Use `ite_eq_right` instead
⚠ [3243/3359] Replayed PvNP.RealizableHardness.ActualFiniteLaw
warning: lean/PvNP/RealizableHardness/ActualFiniteLaw.lean:84:21: `if_true` has been deprecated: Use `ite_true` instead
warning: lean/PvNP/RealizableHardness/ActualFiniteLaw.lean:86:21: `if_false` has been deprecated: Use `ite_false` instead
warning: lean/PvNP/RealizableHardness/ActualFiniteLaw.lean:86:31: This simp argument is unused:
  zero_mul

Hint: Omit it from the simp argument list.
  [apply] simp only [hx, if_false]

Note: This linter can be disabled with `set_option linter.unusedSimpArgs false`
warning: lean/PvNP/RealizableHardness/ActualFiniteLaw.lean:241:60: This simp argument is unused:
  hn

Hint: Omit it from the simp argument list.
  [apply] simp [Finset.sum_const, Finset.card_univ, nsmul_eq_mul]

Note: This linter can be disabled with `set_option linter.unusedSimpArgs false`
warning: lean/PvNP/RealizableHardness/ActualFiniteLaw.lean:368:2: Try this: 
  letI̵

The goal is a proposition, so `let` is preferred over `letI`.
The difference between `let` and `letI` is that `letI` inlines the value.
But this is not relevant for proofs because of proof irrelevance.

Note: This linter can be disabled with `set_option linter.style.haveILetI false`
⚠ [3245/3359] Replayed PvNP.RealizableHardness.ActualGraphIncidence
warning: lean/PvNP/RealizableHardness/ActualGraphIncidence.lean:42:24: `if_pos` has been deprecated: Use `ite_eq_left` instead
warning: lean/PvNP/RealizableHardness/ActualGraphIncidence.lean:43:23: `if_neg` has been deprecated: Use `ite_eq_right` instead
⚠ [3246/3359] Replayed PvNP.RealizableHardness.ActualEqualityCloudDegree
warning: lean/PvNP/RealizableHardness/ActualEqualityCloudDegree.lean:56:8: `if_pos` has been deprecated: Use `ite_eq_left` instead
warning: lean/PvNP/RealizableHardness/ActualEqualityCloudDegree.lean:64:8: `if_neg` has been deprecated: Use `ite_eq_right` instead
⚠ [3248/3359] Replayed PvNP.RealizableHardness.ActualQuestionMassBridge
warning: lean/PvNP/RealizableHardness/ActualQuestionMassBridge.lean:70:4: `push_neg` has been deprecated. Prefer using `push Not` instead.
If you'd rather continue using `push_neg` in your project, you can implement it as follows:
```
open Lean.Parser.Tactic in
macro "push_neg" cfg:optConfig loc:(location)? : tactic =>
  `(tactic| push $cfg:optConfig Not $[$loc]?)
```
warning: lean/PvNP/RealizableHardness/ActualQuestionMassBridge.lean:171:10: This simp argument is unused:
  Fintype.card_fun

Hint: Omit it from the simp argument list.
  [apply] simp [hKcard]

Note: This linter can be disabled with `set_option linter.unusedSimpArgs false`
warning: lean/PvNP/RealizableHardness/ActualQuestionMassBridge.lean:313:0: automatically included section variable(s) unused in theorem `PvNP.RealizableHardness.ActualQuestionMassBridge.conflict_degree_le`:
  [Fintype X]
consider restructuring your `variable` declarations so that the variables are not in scope or explicitly omit them:
  omit [Fintype X] in theorem ...

Note: This linter can be disabled with `set_option linter.unusedSectionVars false`
info: lean/PvNP/RealizableHardness/ActualQuestionMassBridge.lean:391:0: 'PvNP.RealizableHardness.ActualQuestionMassBridge.conflict_degree_le' depends on axioms: [propext,
 Classical.choice,
 Quot.sound]
warning: lean/PvNP/RealizableHardness/ActualQuestionMassBridge.lean:423:6: Try this: 
  letI̵

The goal is a proposition, so `let` is preferred over `letI`.
The difference between `let` and `letI` is that `letI` inlines the value.
But this is not relevant for proofs because of proof irrelevance.

Note: This linter can be disabled with `set_option linter.style.haveILetI false`
warning: lean/PvNP/RealizableHardness/ActualQuestionMassBridge.lean:474:14: This simp argument is unused:
  Fintype.card_fun

Hint: Omit it from the simp argument list.
  [apply] simp

Note: This linter can be disabled with `set_option linter.unusedSimpArgs false`
⚠ [3249/3359] Replayed PvNP.RealizableHardness.TaggedQuestionMassBridge
warning: lean/PvNP/RealizableHardness/TaggedQuestionMassBridge.lean:213:14: This simp argument is unused:
  Fintype.card_fun

Hint: Omit it from the simp argument list.
  [apply] simp [Fintype.card_prod, hJ]

Note: This linter can be disabled with `set_option linter.unusedSimpArgs false`
warning: lean/PvNP/RealizableHardness/TaggedQuestionMassBridge.lean:213:32: This simp argument is unused:
  Fintype.card_prod

Hint: Omit it from the simp argument list.
  [apply] simp [Fintype.card_fun, hJ]

Note: This linter can be disabled with `set_option linter.unusedSimpArgs false`
warning: lean/PvNP/RealizableHardness/TaggedQuestionMassBridge.lean:226:14: This simp argument is unused:
  Fintype.card_fun

Hint: Omit it from the simp argument list.
  [apply] simp [Fintype.card_prod, Fintype.card_fin]

Note: This linter can be disabled with `set_option linter.unusedSimpArgs false`
warning: lean/PvNP/RealizableHardness/TaggedQuestionMassBridge.lean:255:12: This simp argument is unused:
  Fintype.card_fun

Hint: Omit it from the simp argument list.
  [apply] simp [Fintype.card_prod, Fintype.card_fin]

Note: This linter can be disabled with `set_option linter.unusedSimpArgs false`
⚠ [3250/3359] Replayed PvNP.RealizableHardness.ActualTaggedQuestionMass
warning: lean/PvNP/RealizableHardness/ActualTaggedQuestionMass.lean:41:6: Try this: 
  letI̵

The goal is a proposition, so `let` is preferred over `letI`.
The difference between `let` and `letI` is that `letI` inlines the value.
But this is not relevant for proofs because of proof irrelevance.

Note: This linter can be disabled with `set_option linter.style.haveILetI false`
warning: lean/PvNP/RealizableHardness/ActualTaggedQuestionMass.lean:50:6: try 'simp' instead of 'simpa'

Note: This linter can be disabled with `set_option linter.unnecessarySimpa false`
warning: lean/PvNP/RealizableHardness/ActualTaggedQuestionMass.lean:57:4: Unused tactic linter: `change
  rowConflict (Finite3LinSource.ofActual I).support q r ↔ rowConflict I.support q r` does nothing

Note: This linter can be disabled with `set_option linter.unusedTactic false`
⚠ [3251/3359] Replayed PvNP.RealizableHardness.ActualTaggedQuestionRetainedMass
warning: lean/PvNP/RealizableHardness/ActualTaggedQuestionRetainedMass.lean:99:12: This simp argument is unused:
  Fintype.card_fun

Hint: Omit it from the simp argument list.
  [apply] simp [Fintype.card_prod, Fintype.card_fin]

Note: This linter can be disabled with `set_option linter.unusedSimpArgs false`
warning: lean/PvNP/RealizableHardness/ActualTaggedQuestionRetainedMass.lean:124:10: This simp argument is unused:
  Fintype.card_fun

Hint: Omit it from the simp argument list.
  [apply] simp [Fintype.card_prod, Fintype.card_fin]

Note: This linter can be disabled with `set_option linter.unusedSimpArgs false`
⚠ [3253/3359] Replayed PvNP.RealizableHardness.ActualTaggedSelectedDecoderBridge
warning: lean/PvNP/RealizableHardness/ActualTaggedSelectedDecoderBridge.lean:76:5: Variable name `hrows` is not explicitly referenced.

Hint: The binding can be removed (if unused) or named `_` (if used implicitly). Alternatively, prefix the name with `_` to silence this warning:
  [apply] _hrows

Note: This linter can be disabled with `set_option linter.unusedVariables false`
warning: lean/PvNP/RealizableHardness/ActualTaggedSelectedDecoderBridge.lean:263:41: `dif_pos` has been deprecated: Use `dite_eq_left` instead
⚠ [3254/3359] Replayed PvNP.RealizableHardness.ActualFiniteIncidenceSampling
warning: lean/PvNP/RealizableHardness/ActualFiniteIncidenceSampling.lean:179:32: This simp argument is unused:
  Finset.mem_filter

Hint: Omit it from the simp argument list.
  [apply] simp only [Finset.sum_filter]

Note: This linter can be disabled with `set_option linter.unusedSimpArgs false`
warning: lean/PvNP/RealizableHardness/ActualFiniteIncidenceSampling.lean:281:34: This simp argument is unused:
  Finset.mem_univ

Hint: Omit it from the simp argument list.
  [apply] simp only [Finset.sum_filter, ite_true]

Note: This linter can be disabled with `set_option linter.unusedSimpArgs false`
warning: lean/PvNP/RealizableHardness/ActualFiniteIncidenceSampling.lean:281:51: This simp argument is unused:
  ite_true

Hint: Omit it from the simp argument list.
  [apply] simp only [Finset.sum_filter, Finset.mem_univ]

Note: This linter can be disabled with `set_option linter.unusedSimpArgs false`
warning: lean/PvNP/RealizableHardness/ActualFiniteIncidenceSampling.lean:598:10: `if_pos` has been deprecated: Use `ite_eq_left` instead
warning: lean/PvNP/RealizableHardness/ActualFiniteIncidenceSampling.lean:570:34: This simp argument is unused:
  Finset.mem_univ

Hint: Omit it from the simp argument list.
  [apply] simp only [Finset.sum_filter, ite_true]

Note: This linter can be disabled with `set_option linter.unusedSimpArgs false`
warning: lean/PvNP/RealizableHardness/ActualFiniteIncidenceSampling.lean:570:51: This simp argument is unused:
  ite_true

Hint: Omit it from the simp argument list.
  [apply] simp only [Finset.sum_filter, Finset.mem_univ]

Note: This linter can be disabled with `set_option linter.unusedSimpArgs false`
warning: lean/PvNP/RealizableHardness/ActualFiniteIncidenceSampling.lean:707:25: `if_true` has been deprecated: Use `ite_true` instead
warning: lean/PvNP/RealizableHardness/ActualFiniteIncidenceSampling.lean:707:15: This simp argument is unused:
  Prod.fst

Hint: Omit it from the simp argument list.
  [apply] simp only [if_true]

Note: This linter can be disabled with `set_option linter.unusedSimpArgs false`
warning: lean/PvNP/RealizableHardness/ActualFiniteIncidenceSampling.lean:770:32: This simp argument is unused:
  Finset.mem_univ

Hint: Omit it from the simp argument list.
  [apply] simp only [Finset.sum_filter, ite_true]

Note: This linter can be disabled with `set_option linter.unusedSimpArgs false`
warning: lean/PvNP/RealizableHardness/ActualFiniteIncidenceSampling.lean:770:49: This simp argument is unused:
  ite_true

Hint: Omit it from the simp argument list.
  [apply] simp only [Finset.sum_filter, Finset.mem_univ]

Note: This linter can be disabled with `set_option linter.unusedSimpArgs false`
warning: lean/PvNP/RealizableHardness/ActualFiniteIncidenceSampling.lean:790:2: Try this: 
  letI̵

The goal is a proposition, so `let` is preferred over `letI`.
The difference between `let` and `letI` is that `letI` inlines the value.
But this is not relevant for proofs because of proof irrelevance.

Note: This linter can be disabled with `set_option linter.style.haveILetI false`
warning: lean/PvNP/RealizableHardness/ActualFiniteIncidenceSampling.lean:809:8: `if_neg` has been deprecated: Use `ite_eq_right` instead
⚠ [3255/3359] Replayed PvNP.RealizableHardness.ActualQuestionCenterDomainDraw
warning: lean/PvNP/RealizableHardness/ActualQuestionCenterDomainDraw.lean:192:51: This simp argument is unused:
  Nat.add_left_comm

Hint: Omit it from the simp argument list.
  [apply] simp [Nat.succ_mul, Nat.add_assoc, Nat.add_comm] at h'

Note: This linter can be disabled with `set_option linter.unusedSimpArgs false`
warning: lean/PvNP/RealizableHardness/ActualQuestionCenterDomainDraw.lean:285:20: Variable name `hh` is not explicitly referenced.

Hint: The binding can be removed (if unused) or named `_` (if used implicitly). Alternatively, prefix the name with `_` to silence this warning:
  [apply] _hh

Note: This linter can be disabled with `set_option linter.unusedVariables false`
warning: lean/PvNP/RealizableHardness/ActualQuestionCenterDomainDraw.lean:361:2: Try this: 
  letI̵

The goal is a proposition, so `let` is preferred over `letI`.
The difference between `let` and `letI` is that `letI` inlines the value.
But this is not relevant for proofs because of proof irrelevance.

Note: This linter can be disabled with `set_option linter.style.haveILetI false`
warning: lean/PvNP/RealizableHardness/ActualQuestionCenterDomainDraw.lean:372:2: Try this: 
  letI̵

The goal is a proposition, so `let` is preferred over `letI`.
The difference between `let` and `letI` is that `letI` inlines the value.
But this is not relevant for proofs because of proof irrelevance.

Note: This linter can be disabled with `set_option linter.style.haveILetI false`
warning: lean/PvNP/RealizableHardness/ActualQuestionCenterDomainDraw.lean:375:2: Try this: 
  letI̵

The goal is a proposition, so `let` is preferred over `letI`.
The difference between `let` and `letI` is that `letI` inlines the value.
But this is not relevant for proofs because of proof irrelevance.

Note: This linter can be disabled with `set_option linter.style.haveILetI false`
warning: lean/PvNP/RealizableHardness/ActualQuestionCenterDomainDraw.lean:446:51: This simp argument is unused:
  Nat.add_left_comm

Hint: Omit it from the simp argument list.
  [apply] simp [Nat.succ_mul, Nat.add_assoc, Nat.add_comm] at h'

Note: This linter can be disabled with `set_option linter.unusedSimpArgs false`
warning: lean/PvNP/RealizableHardness/ActualQuestionCenterDomainDraw.lean:481:4: try 'simp' instead of 'simpa'

Note: This linter can be disabled with `set_option linter.unnecessarySimpa false`
⚠ [3256/3359] Replayed PvNP.RealizableHardness.ActualCliqueScoreTransfer
warning: lean/PvNP/RealizableHardness/ActualCliqueScoreTransfer.lean:55:12: `if_pos` has been deprecated: Use `ite_eq_left` instead
warning: lean/PvNP/RealizableHardness/ActualCliqueScoreTransfer.lean:56:12: `if_neg` has been deprecated: Use `ite_eq_right` instead
warning: lean/PvNP/RealizableHardness/ActualCliqueScoreTransfer.lean:56:27: Unused tactic linter: `norm_num` does nothing

Note: This linter can be disabled with `set_option linter.unusedTactic false`
warning: lean/PvNP/RealizableHardness/ActualCliqueScoreTransfer.lean:56:27: this tactic is never executed

Note: This linter can be disabled with `set_option linter.unreachableTactic false`
warning: lean/PvNP/RealizableHardness/ActualCliqueScoreTransfer.lean:55:23: Used `tac1 <;> tac2` where `(tac1; tac2)` would suffice

Note: This linter can be disabled with `set_option linter.unnecessarySeqFocus false`
warning: lean/PvNP/RealizableHardness/ActualCliqueScoreTransfer.lean:68:12: `if_pos` has been deprecated: Use `ite_eq_left` instead
warning: lean/PvNP/RealizableHardness/ActualCliqueScoreTransfer.lean:69:12: `if_neg` has been deprecated: Use `ite_eq_right` instead
warning: lean/PvNP/RealizableHardness/ActualCliqueScoreTransfer.lean:68:27: Unused tactic linter: `norm_num` does nothing

Note: This linter can be disabled with `set_option linter.unusedTactic false`
warning: lean/PvNP/RealizableHardness/ActualCliqueScoreTransfer.lean:68:27: this tactic is never executed

Note: This linter can be disabled with `set_option linter.unreachableTactic false`
warning: lean/PvNP/RealizableHardness/ActualCliqueScoreTransfer.lean:69:23: Used `tac1 <;> tac2` where `(tac1; tac2)` would suffice

Note: This linter can be disabled with `set_option linter.unnecessarySeqFocus false`
⚠ [3257/3359] Replayed PvNP.RealizableHardness.ActualQuestionCenterCollisionBound
warning: lean/PvNP/RealizableHardness/ActualQuestionCenterCollisionBound.lean:49:2: Try this: 
  letI̵

The goal is a proposition, so `let` is preferred over `letI`.
The difference between `let` and `letI` is that `letI` inlines the value.
But this is not relevant for proofs because of proof irrelevance.

Note: This linter can be disabled with `set_option linter.style.haveILetI false`
warning: lean/PvNP/RealizableHardness/ActualQuestionCenterCollisionBound.lean:44:0: Definition `PvNP.RealizableHardness.ActualQuestionCenterCollisionBound.domainTupleNonempty` of class type is semireducible. Most type class instances should be instance-reducible, so consider marking this
definition with `@[instance_reducible]`. If it is intentionally semireducible, this warning can be disabled with `set_option warn.classDefReducibility false`.
warning: lean/PvNP/RealizableHardness/ActualQuestionCenterCollisionBound.lean:44:0: Definition `domainTupleNonempty` is a proposition; use `theorem` instead of `def`

Note: This linter can be disabled with `set_option linter.defProp false`
warning: lean/PvNP/RealizableHardness/ActualQuestionCenterCollisionBound.lean:213:2: Try this: 
  letI̵

The goal is a proposition, so `let` is preferred over `letI`.
The difference between `let` and `letI` is that `letI` inlines the value.
But this is not relevant for proofs because of proof irrelevance.

Note: This linter can be disabled with `set_option linter.style.haveILetI false`
warning: lean/PvNP/RealizableHardness/ActualQuestionCenterCollisionBound.lean:214:2: Try this: 
  letI̵

The goal is a proposition, so `let` is preferred over `letI`.
The difference between `let` and `letI` is that `letI` inlines the value.
But this is not relevant for proofs because of proof irrelevance.

Note: This linter can be disabled with `set_option linter.style.haveILetI false`
warning: lean/PvNP/RealizableHardness/ActualQuestionCenterCollisionBound.lean:330:16: `if_pos` has been deprecated: Use `ite_eq_left` instead
warning: lean/PvNP/RealizableHardness/ActualQuestionCenterCollisionBound.lean:408:16: try 'simp' instead of 'simpa'

Note: This linter can be disabled with `set_option linter.unnecessarySimpa false`
warning: lean/PvNP/RealizableHardness/ActualQuestionCenterCollisionBound.lean:669:2: Try this: 
  letI̵

The goal is a proposition, so `let` is preferred over `letI`.
The difference between `let` and `letI` is that `letI` inlines the value.
But this is not relevant for proofs because of proof irrelevance.

Note: This linter can be disabled with `set_option linter.style.haveILetI false`
warning: lean/PvNP/RealizableHardness/ActualQuestionCenterCollisionBound.lean:688:16: `if_pos` has been deprecated: Use `ite_eq_left` instead
warning: lean/PvNP/RealizableHardness/ActualQuestionCenterCollisionBound.lean:690:16: `if_neg` has been deprecated: Use `ite_eq_right` instead
warning: lean/PvNP/RealizableHardness/ActualQuestionCenterCollisionBound.lean:692:10: `if_pos` has been deprecated: Use `ite_eq_left` instead
warning: lean/PvNP/RealizableHardness/ActualQuestionCenterCollisionBound.lean:693:10: `if_pos` has been deprecated: Use `ite_eq_left` instead
⚠ [3258/3359] Replayed PvNP.RealizableHardness.ActualMZ24FixedZoomListBound
warning: lean/PvNP/RealizableHardness/ActualMZ24FixedZoomListBound.lean:47:32: This simp argument is unused:
  Finset.mem_univ

Hint: Omit it from the simp argument list.
  [apply] simp only [Finset.sum_filter, ite_true]

Note: This linter can be disabled with `set_option linter.unusedSimpArgs false`
warning: lean/PvNP/RealizableHardness/ActualMZ24FixedZoomListBound.lean:47:49: This simp argument is unused:
  ite_true

Hint: Omit it from the simp argument list.
  [apply] simp only [Finset.sum_filter, Finset.mem_univ]

Note: This linter can be disabled with `set_option linter.unusedSimpArgs false`
warning: lean/PvNP/RealizableHardness/ActualMZ24FixedZoomListBound.lean:126:12: `if_pos` has been deprecated: Use `ite_eq_left` instead
warning: lean/PvNP/RealizableHardness/ActualMZ24FixedZoomListBound.lean:128:17: `if_neg` has been deprecated: Use `ite_eq_right` instead
warning: lean/PvNP/RealizableHardness/ActualMZ24FixedZoomListBound.lean:132:12: `if_pos` has been deprecated: Use `ite_eq_left` instead
warning: lean/PvNP/RealizableHardness/ActualMZ24FixedZoomListBound.lean:134:17: `if_neg` has been deprecated: Use `ite_eq_right` instead
warning: lean/PvNP/RealizableHardness/ActualMZ24FixedZoomListBound.lean:142:10: `if_pos` has been deprecated: Use `ite_eq_left` instead
warning: lean/PvNP/RealizableHardness/ActualMZ24FixedZoomListBound.lean:146:19: `if_neg` has been deprecated: Use `ite_eq_right` instead
warning: lean/PvNP/RealizableHardness/ActualMZ24FixedZoomListBound.lean:147:10: `if_neg` has been deprecated: Use `ite_eq_right` instead
warning: lean/PvNP/RealizableHardness/ActualMZ24FixedZoomListBound.lean:155:19: `if_pos` has been deprecated: Use `ite_eq_left` instead
warning: lean/PvNP/RealizableHardness/ActualMZ24FixedZoomListBound.lean:155:31: `if_neg` has been deprecated: Use `ite_eq_right` instead
warning: lean/PvNP/RealizableHardness/ActualMZ24FixedZoomListBound.lean:156:19: `if_neg` has been deprecated: Use `ite_eq_right` instead
warning: lean/PvNP/RealizableHardness/ActualMZ24FixedZoomListBound.lean:155:43: This simp argument is unused:
  one_mul

Hint: Omit it from the simp argument list.
  [apply] simp only [if_pos hxs, if_neg hys, mul_zero]

Note: This linter can be disabled with `set_option linter.unusedSimpArgs false`
warning: lean/PvNP/RealizableHardness/ActualMZ24FixedZoomListBound.lean:173:4: This simp argument is unused:
  Finset.sum_mul

Hint: Omit it from the simp argument list.
  [apply] simp only [Finset.sum_add_distrib, Finset.sum_sub_distrib, Finset.mul_sum]

Note: This linter can be disabled with `set_option linter.unusedSimpArgs false`
warning: lean/PvNP/RealizableHardness/ActualMZ24FixedZoomListBound.lean:173:20: This simp argument is unused:
  Finset.mul_sum

Hint: Omit it from the simp argument list.
  [apply] simp only [Finset.sum_add_distrib, Finset.sum_sub_distrib, Finset.sum_mul]

Note: This linter can be disabled with `set_option linter.unusedSimpArgs false`
warning: lean/PvNP/RealizableHardness/ActualMZ24FixedZoomListBound.lean:242:4: Try this: 
  letI̵

The goal is a proposition, so `let` is preferred over `letI`.
The difference between `let` and `letI` is that `letI` inlines the value.
But this is not relevant for proofs because of proof irrelevance.

Note: This linter can be disabled with `set_option linter.style.haveILetI false`
warning: lean/PvNP/RealizableHardness/ActualMZ24FixedZoomListBound.lean:341:24: `if_pos` has been deprecated: Use `ite_eq_left` instead
warning: lean/PvNP/RealizableHardness/ActualMZ24FixedZoomListBound.lean:343:29: `if_neg` has been deprecated: Use `ite_eq_right` instead
warning: lean/PvNP/RealizableHardness/ActualMZ24FixedZoomListBound.lean:434:4: Try this: 
  letI̵

The goal is a proposition, so `let` is preferred over `letI`.
The difference between `let` and `letI` is that `letI` inlines the value.
But this is not relevant for proofs because of proof irrelevance.

Note: This linter can be disabled with `set_option linter.style.haveILetI false`
warning: lean/PvNP/RealizableHardness/ActualMZ24FixedZoomListBound.lean:232:5: Variable name `hinj` is not explicitly referenced.

Hint: The binding can be removed (if unused) or named `_` (if used implicitly). Alternatively, prefix the name with `_` to silence this warning:
  [apply] _hinj

Note: This linter can be disabled with `set_option linter.unusedVariables false`
warning: lean/PvNP/RealizableHardness/ActualMZ24FixedZoomListBound.lean:620:8: try 'simp' instead of 'simpa'

Note: This linter can be disabled with `set_option linter.unnecessarySimpa false`
warning: lean/PvNP/RealizableHardness/ActualMZ24FixedZoomListBound.lean:623:4: try 'simp' instead of 'simpa'

Note: This linter can be disabled with `set_option linter.unnecessarySimpa false`
warning: lean/PvNP/RealizableHardness/ActualMZ24FixedZoomListBound.lean:571:27: Variable name `hb` is not explicitly referenced.

Hint: The binding can be removed (if unused) or named `_` (if used implicitly). Alternatively, prefix the name with `_` to silence this warning:
  [apply] _hb

Note: This linter can be disabled with `set_option linter.unusedVariables false`
warning: lean/PvNP/RealizableHardness/ActualMZ24FixedZoomListBound.lean:644:32: Variable name `hQW` is not explicitly referenced.

Hint: The binding can be removed (if unused) or named `_` (if used implicitly). Alternatively, prefix the name with `_` to silence this warning:
  [apply] _hQW

Note: This linter can be disabled with `set_option linter.unusedVariables false`
warning: lean/PvNP/RealizableHardness/ActualMZ24FixedZoomListBound.lean:740:6: try 'simp' instead of 'simpa'

Note: This linter can be disabled with `set_option linter.unnecessarySimpa false`
warning: lean/PvNP/RealizableHardness/ActualMZ24FixedZoomListBound.lean:804:6: try 'simp' instead of 'simpa'

Note: This linter can be disabled with `set_option linter.unnecessarySimpa false`
warning: lean/PvNP/RealizableHardness/ActualMZ24FixedZoomListBound.lean:847:11: Variable name `y` is not explicitly referenced.

Hint: The binding can be removed (if unused) or named `_` (if used implicitly). Alternatively, prefix the name with `_` to silence this warning:
  [apply] _y

Note: This linter can be disabled with `set_option linter.unusedVariables false`
warning: lean/PvNP/RealizableHardness/ActualMZ24FixedZoomListBound.lean:848:12: Variable name `y` is not explicitly referenced.

Hint: The binding can be removed (if unused) or named `_` (if used implicitly). Alternatively, prefix the name with `_` to silence this warning:
  [apply] _y

Note: This linter can be disabled with `set_option linter.unusedVariables false`
warning: lean/PvNP/RealizableHardness/ActualMZ24FixedZoomListBound.lean:862:32: Variable name `hQW` is not explicitly referenced.

Hint: The binding can be removed (if unused) or named `_` (if used implicitly). Alternatively, prefix the name with `_` to silence this warning:
  [apply] _hQW

Note: This linter can be disabled with `set_option linter.unusedVariables false`
warning: lean/PvNP/RealizableHardness/ActualMZ24FixedZoomListBound.lean:1322:2: Try this: 
  letI̵

The goal is a proposition, so `let` is preferred over `letI`.
The difference between `let` and `letI` is that `letI` inlines the value.
But this is not relevant for proofs because of proof irrelevance.

Note: This linter can be disabled with `set_option linter.style.haveILetI false`
warning: lean/PvNP/RealizableHardness/ActualMZ24FixedZoomListBound.lean:1325:2: Try this: 
  letI̵

The goal is a proposition, so `let` is preferred over `letI`.
The difference between `let` and `letI` is that `letI` inlines the value.
But this is not relevant for proofs because of proof irrelevance.

Note: This linter can be disabled with `set_option linter.style.haveILetI false`
warning: lean/PvNP/RealizableHardness/ActualMZ24FixedZoomListBound.lean:1326:2: Try this: 
  letI̵

The goal is a proposition, so `let` is preferred over `letI`.
The difference between `let` and `letI` is that `letI` inlines the value.
But this is not relevant for proofs because of proof irrelevance.

Note: This linter can be disabled with `set_option linter.style.haveILetI false`
warning: lean/PvNP/RealizableHardness/ActualMZ24FixedZoomListBound.lean:1327:2: Try this: 
  letI̵

The goal is a proposition, so `let` is preferred over `letI`.
The difference between `let` and `letI` is that `letI` inlines the value.
But this is not relevant for proofs because of proof irrelevance.

Note: This linter can be disabled with `set_option linter.style.haveILetI false`
warning: lean/PvNP/RealizableHardness/ActualMZ24FixedZoomListBound.lean:1332:37: This simp argument is unused:
  mul_left_comm

Hint: Omit it from the simp argument list.
  [apply] simp [Finset.sum_const, mul_assoc, mul_comm]

Note: This linter can be disabled with `set_option linter.unusedSimpArgs false`
warning: lean/PvNP/RealizableHardness/ActualMZ24FixedZoomListBound.lean:1346:2: Try this: 
  letI̵

The goal is a proposition, so `let` is preferred over `letI`.
The difference between `let` and `letI` is that `letI` inlines the value.
But this is not relevant for proofs because of proof irrelevance.

Note: This linter can be disabled with `set_option linter.style.haveILetI false`
warning: lean/PvNP/RealizableHardness/ActualMZ24FixedZoomListBound.lean:1349:2: Try this: 
  letI̵

The goal is a proposition, so `let` is preferred over `letI`.
The difference between `let` and `letI` is that `letI` inlines the value.
But this is not relevant for proofs because of proof irrelevance.

Note: This linter can be disabled with `set_option linter.style.haveILetI false`
warning: lean/PvNP/RealizableHardness/ActualMZ24FixedZoomListBound.lean:1337:5: Variable name `T` is not explicitly referenced.

Hint: The binding can be removed (if unused) or named `_` (if used implicitly). Alternatively, prefix the name with `_` to silence this warning:
  [apply] _T

Note: This linter can be disabled with `set_option linter.unusedVariables false`
warning: lean/PvNP/RealizableHardness/ActualMZ24FixedZoomListBound.lean:1358:26: This simp argument is unused:
  mul_assoc

Hint: Omit it from the simp argument list.
  [apply] simp [Finset.sum_const, mul_left_comm, mul_comm]

Note: This linter can be disabled with `set_option linter.unusedSimpArgs false`
warning: lean/PvNP/RealizableHardness/ActualMZ24FixedZoomListBound.lean:1358:37: This simp argument is unused:
  mul_left_comm

Hint: Omit it from the simp argument list.
  [apply] simp [Finset.sum_const, mul_assoc, mul_comm]

Note: This linter can be disabled with `set_option linter.unusedSimpArgs false`
warning: lean/PvNP/RealizableHardness/ActualMZ24FixedZoomListBound.lean:1358:52: This simp argument is unused:
  mul_comm

Hint: Omit it from the simp argument list.
  [apply] simp [Finset.sum_const, mul_assoc, mul_left_comm]

Note: This linter can be disabled with `set_option linter.unusedSimpArgs false`
warning: lean/PvNP/RealizableHardness/ActualMZ24FixedZoomListBound.lean:1406:2: Try this: 
  letI̵

The goal is a proposition, so `let` is preferred over `letI`.
The difference between `let` and `letI` is that `letI` inlines the value.
But this is not relevant for proofs because of proof irrelevance.

Note: This linter can be disabled with `set_option linter.style.haveILetI false`
⚠ [3260/3359] Replayed PvNP.RealizableHardness.ActualStarFiniteUnionBound
warning: lean/PvNP/RealizableHardness/ActualStarFiniteUnionBound.lean:36:10: `if_pos` has been deprecated: Use `ite_eq_left` instead
warning: lean/PvNP/RealizableHardness/ActualStarFiniteUnionBound.lean:37:67: `if_pos` has been deprecated: Use `ite_eq_left` instead
warning: lean/PvNP/RealizableHardness/ActualStarFiniteUnionBound.lean:53:10: `if_neg` has been deprecated: Use `ite_eq_right` instead
⚠ [3261/3359] Replayed PvNP.RealizableHardness.BernoulliMGF
warning: lean/PvNP/RealizableHardness/BernoulliMGF.lean:32:17: This simp argument is unused:
  gap

Hint: Omit it from the simp argument list.
  [apply] simp only [gapSlope, id_eq]

Note: This linter can be disabled with `set_option linter.unusedSimpArgs false`
info: lean/PvNP/RealizableHardness/BernoulliMGF.lean:101:4: Try this:
  [apply] ring_nf
  
  The `ring` tactic failed to close the goal. Use `ring_nf` to obtain a normal form.
    
  Note that `ring` works primarily in *commutative* rings. If you have a noncommutative ring, abelian group or module, consider using `noncomm_ring`, `abel` or `module` instead.
⚠ [3262/3359] Replayed PvNP.RealizableHardness.FiniteConcentration
warning: lean/PvNP/RealizableHardness/FiniteConcentration.lean:180:8: `if_pos` has been deprecated: Use `ite_eq_left` instead
warning: lean/PvNP/RealizableHardness/FiniteConcentration.lean:184:8: `if_neg` has been deprecated: Use `ite_eq_right` instead
warning: lean/PvNP/RealizableHardness/FiniteConcentration.lean:220:22: This simp argument is unused:
  Fintype.card_fun

Hint: Omit it from the simp argument list.
  [apply] simp

Note: This linter can be disabled with `set_option linter.unusedSimpArgs false`
⚠ [3263/3359] Replayed PvNP.RealizableHardness.DropCountTail
warning: lean/PvNP/RealizableHardness/DropCountTail.lean:53:48: This simp argument is unused:
  Fin.sum_univ_succ

Hint: Omit it from the simp argument list.
  [apply] simp [Fintype.sum_option, blockMass, dropped]

Note: This linter can be disabled with `set_option linter.unusedSimpArgs false`
warning: lean/PvNP/RealizableHardness/DropCountTail.lean:54:2: Used `tac1 <;> tac2` where `(tac1; tac2)` would suffice

Note: This linter can be disabled with `set_option linter.unnecessarySeqFocus false`
warning: lean/PvNP/RealizableHardness/DropCountTail.lean:129:8: Unused tactic linter: `ring` does nothing

Note: This linter can be disabled with `set_option linter.unusedTactic false`
warning: lean/PvNP/RealizableHardness/DropCountTail.lean:129:8: this tactic is never executed

Note: This linter can be disabled with `set_option linter.unreachableTactic false`
warning: lean/PvNP/RealizableHardness/DropCountTail.lean:158:8: `if_neg` has been deprecated: Use `ite_eq_right` instead
warning: lean/PvNP/RealizableHardness/DropCountTail.lean:170:31: This simp argument is unused:
  h

Hint: Omit it from the simp argument list.
  [apply] simp [blockMass]

Note: This linter can be disabled with `set_option linter.unusedSimpArgs false`
⚠ [3264/3359] Replayed PvNP.RealizableHardness.DropTailParameters
warning: lean/PvNP/RealizableHardness/DropTailParameters.lean:3:0: 'Mathlib.Data.Real.Archimedean' has been deprecated: please replace this import by

import Mathlib.Algebra.Order.AbsoluteValue.Basic
import Mathlib.Data.Rat.Floor
warning: lean/PvNP/RealizableHardness/DropTailParameters.lean:97:6: Unused tactic linter: `ring` does nothing

Note: This linter can be disabled with `set_option linter.unusedTactic false`
warning: lean/PvNP/RealizableHardness/DropTailParameters.lean:97:6: this tactic is never executed

Note: This linter can be disabled with `set_option linter.unreachableTactic false`
⚠ [3270/3359] Replayed PvNP.RealizableHardness.SamplerProximity
warning: lean/PvNP/RealizableHardness/SamplerProximity.lean:102:12: Used `tac1 <;> tac2` where `(tac1; tac2)` would suffice

Note: This linter can be disabled with `set_option linter.unnecessarySeqFocus false`
warning: lean/PvNP/RealizableHardness/SamplerProximity.lean:127:12: Used `tac1 <;> tac2` where `(tac1; tac2)` would suffice

Note: This linter can be disabled with `set_option linter.unnecessarySeqFocus false`
⚠ [3271/3359] Replayed PvNP.RealizableHardness.AdviceExceptions
warning: lean/PvNP/RealizableHardness/AdviceExceptions.lean:34:17: This simp argument is unused:
  hb

Hint: Omit it from the simp argument list.
  [apply] simp only [Bool.false_eq_true, ite_false, sub_self, mul_zero]

Note: This linter can be disabled with `set_option linter.unusedSimpArgs false`
warning: lean/PvNP/RealizableHardness/AdviceExceptions.lean:37:17: This simp argument is unused:
  hb

Hint: Omit it from the simp argument list.
  [apply] simp only [Bool.true_eq, ite_true]

Note: This linter can be disabled with `set_option linter.unusedSimpArgs false`
warning: lean/PvNP/RealizableHardness/AdviceExceptions.lean:37:21: This simp argument is unused:
  Bool.true_eq

Hint: Omit it from the simp argument list.
  [apply] simp only [hb, ite_true]

Note: This linter can be disabled with `set_option linter.unusedSimpArgs false`
warning: lean/PvNP/RealizableHardness/AdviceExceptions.lean:104:32: This simp argument is unused:
  Bool.true_eq

Hint: Omit it from the simp argument list.
  [apply] simp only [hd, decide_true, ite_true]

Note: This linter can be disabled with `set_option linter.unusedSimpArgs false`
warning: lean/PvNP/RealizableHardness/AdviceExceptions.lean:137:43: This simp argument is unused:
  Bool.true_eq

Hint: Omit it from the simp argument list.
  [apply] simp only [badTail, hb, decide_true, ite_true]

Note: This linter can be disabled with `set_option linter.unusedSimpArgs false`
warning: lean/PvNP/RealizableHardness/AdviceExceptions.lean:167:46: This simp argument is unused:
  Bool.true_eq

Hint: Omit it from the simp argument list.
  [apply] simp only [lowMarginal, h, decide_true, ite_true]

Note: This linter can be disabled with `set_option linter.unusedSimpArgs false`
⚠ [3273/3359] Replayed PvNP.RealizableHardness.CoveringTV
warning: lean/PvNP/RealizableHardness/CoveringTV.lean:22:0: automatically included section variable(s) unused in theorem `PvNP.RealizableHardness.CoveringTV.zeroIndicator_nonneg`:
  [Fintype S]
consider restructuring your `variable` declarations so that the variables are not in scope or explicitly omit them:
  omit [Fintype S] in theorem ...

Note: This linter can be disabled with `set_option linter.unusedSectionVars false`
warning: lean/PvNP/RealizableHardness/CoveringTV.lean:26:0: automatically included section variable(s) unused in theorem `PvNP.RealizableHardness.CoveringTV.zeroIndicator_sq`:
  [Fintype S]
consider restructuring your `variable` declarations so that the variables are not in scope or explicitly omit them:
  omit [Fintype S] in theorem ...

Note: This linter can be disabled with `set_option linter.unusedSectionVars false`
warning: lean/PvNP/RealizableHardness/CoveringTV.lean:51:2: Try this: 
  letI̵

The goal is a proposition, so `let` is preferred over `letI`.
The difference between `let` and `letI` is that `letI` inlines the value.
But this is not relevant for proofs because of proof irrelevance.

Note: This linter can be disabled with `set_option linter.style.haveILetI false`
warning: lean/PvNP/RealizableHardness/CoveringTV.lean:75:6: Unused tactic linter: `ring` does nothing

Note: This linter can be disabled with `set_option linter.unusedTactic false`
warning: lean/PvNP/RealizableHardness/CoveringTV.lean:75:6: this tactic is never executed

Note: This linter can be disabled with `set_option linter.unreachableTactic false`
warning: lean/PvNP/RealizableHardness/CoveringTV.lean:77:0: automatically included section variable(s) unused in theorem `PvNP.RealizableHardness.CoveringTV.cubeSum_const`:
  [Zero S]
consider restructuring your `variable` declarations so that the variables are not in scope or explicitly omit them:
  omit [Zero S] in theorem ...

Note: This linter can be disabled with `set_option linter.unusedSectionVars false`
warning: lean/PvNP/RealizableHardness/CoveringTV.lean:85:22: This simp argument is unused:
  ← Finset.sum_mul

Hint: Omit it from the simp argument list.
  [apply] simp [cubeSum, deletedRatio, Finset.sum_add_distrib, ← Finset.mul_sum, sum_zeroIndicator]

Note: Simp arguments with `←` have the additional effect of removing the other direction from the simp set, even if the simp argument itself is unused. If the hint above does not work, try replacing `←` with `-` to only get that effect and silence this warning.

Note: This linter can be disabled with `set_option linter.unusedSimpArgs false`
warning: lean/PvNP/RealizableHardness/CoveringTV.lean:86:2: Used `tac1 <;> tac2` where `(tac1; tac2)` would suffice

Note: This linter can be disabled with `set_option linter.unnecessarySeqFocus false`
warning: lean/PvNP/RealizableHardness/CoveringTV.lean:90:0: automatically included section variable(s) unused in theorem `PvNP.RealizableHardness.CoveringTV.axis_square`:
  [Fintype S]
consider restructuring your `variable` declarations so that the variables are not in scope or explicitly omit them:
  omit [Fintype S] in theorem ...

Note: This linter can be disabled with `set_option linter.unusedSectionVars false`
warning: lean/PvNP/RealizableHardness/CoveringTV.lean:112:50: This simp argument is unused:
  ← Finset.sum_mul

Hint: Omit it from the simp argument list.
  [apply] simp [Finset.sum_add_distrib, ← Finset.mul_sum, sum_zeroIndicator]

Note: Simp arguments with `←` have the additional effect of removing the other direction from the simp set, even if the simp argument itself is unused. If the hint above does not work, try replacing `←` with `-` to only get that effect and silence this warning.

Note: This linter can be disabled with `set_option linter.unusedSimpArgs false`
warning: lean/PvNP/RealizableHardness/CoveringTV.lean:114:2: Used `tac1 <;> tac2` where `(tac1; tac2)` would suffice

Note: This linter can be disabled with `set_option linter.unnecessarySeqFocus false`
warning: lean/PvNP/RealizableHardness/CoveringTV.lean:124:2: Used `tac1 <;> tac2` where `(tac1; tac2)` would suffice

Note: This linter can be disabled with `set_option linter.unnecessarySeqFocus false`
warning: lean/PvNP/RealizableHardness/CoveringTV.lean:144:2: Used `tac1 <;> tac2` where `(tac1; tac2)` would suffice

Note: This linter can be disabled with `set_option linter.unnecessarySeqFocus false`
warning: lean/PvNP/RealizableHardness/CoveringTV.lean:154:4: Try this: 
  letI̵

The goal is a proposition, so `let` is preferred over `letI`.
The difference between `let` and `letI` is that `letI` inlines the value.
But this is not relevant for proofs because of proof irrelevance.

Note: This linter can be disabled with `set_option linter.style.haveILetI false`
warning: lean/PvNP/RealizableHardness/CoveringTV.lean:216:0: automatically included section variable(s) unused in theorem `PvNP.RealizableHardness.CoveringTV.productMass_nonneg`:
  [Fintype A]
consider restructuring your `variable` declarations so that the variables are not in scope or explicitly omit them:
  omit [Fintype A] in theorem ...

Note: This linter can be disabled with `set_option linter.unusedSectionVars false`
warning: lean/PvNP/RealizableHardness/CoveringTV.lean:311:6: Unused tactic linter: `ring` does nothing

Note: This linter can be disabled with `set_option linter.unusedTactic false`
warning: lean/PvNP/RealizableHardness/CoveringTV.lean:311:6: this tactic is never executed

Note: This linter can be disabled with `set_option linter.unreachableTactic false`
⚠ [3274/3359] Replayed PvNP.RealizableHardness.CoveringSpan
warning: lean/PvNP/RealizableHardness/CoveringSpan.lean:21:0: automatically included section variable(s) unused in theorem `PvNP.RealizableHardness.CoveringSpan.push_sub`:
  [Fintype B]
consider restructuring your `variable` declarations so that the variables are not in scope or explicitly omit them:
  omit [Fintype B] in theorem ...

Note: This linter can be disabled with `set_option linter.unusedSectionVars false`
warning: lean/PvNP/RealizableHardness/CoveringSpan.lean:25:0: automatically included section variable(s) unused in theorem `PvNP.RealizableHardness.CoveringSpan.push_mixture`:
  [Fintype B]
consider restructuring your `variable` declarations so that the variables are not in scope or explicitly omit them:
  omit [Fintype B] in theorem ...

Note: This linter can be disabled with `set_option linter.unusedSectionVars false`
warning: lean/PvNP/RealizableHardness/CoveringSpan.lean:125:18: Variable name `Q` is not explicitly referenced.

Hint: The binding can be removed (if unused) or named `_` (if used implicitly). Alternatively, prefix the name with `_` to silence this warning:
  [apply] _Q

Note: This linter can be disabled with `set_option linter.unusedVariables false`
warning: lean/PvNP/RealizableHardness/CoveringSpan.lean:164:18: Variable name `v` is not explicitly referenced.

Hint: The binding can be removed (if unused) or named `_` (if used implicitly). Alternatively, prefix the name with `_` to silence this warning:
  [apply] _v

Note: This linter can be disabled with `set_option linter.unusedVariables false`
warning: lean/PvNP/RealizableHardness/CoveringSpan.lean:204:50: `if_true` has been deprecated: Use `ite_true` instead
warning: lean/PvNP/RealizableHardness/CoveringSpan.lean:281:11: Variable name `v` is not explicitly referenced.

Hint: The binding can be removed (if unused) or named `_` (if used implicitly). Alternatively, prefix the name with `_` to silence this warning:
  [apply] _v

Note: This linter can be disabled with `set_option linter.unusedVariables false`
warning: lean/PvNP/RealizableHardness/CoveringSpan.lean:282:12: Variable name `v` is not explicitly referenced.

Hint: The binding can be removed (if unused) or named `_` (if used implicitly). Alternatively, prefix the name with `_` to silence this warning:
  [apply] _v

Note: This linter can be disabled with `set_option linter.unusedVariables false`
warning: lean/PvNP/RealizableHardness/CoveringSpan.lean:300:36: This simp argument is unused:
  subspaceArrayPush

Hint: Omit it from the simp argument list.
  [apply] simp [rawArrayLaw, arraysInEquiv, uniformArray]

Note: This linter can be disabled with `set_option linter.unusedSimpArgs false`
warning: lean/PvNP/RealizableHardness/CoveringSpan.lean:302:0: automatically included section variable(s) unused in theorem `PvNP.RealizableHardness.CoveringSpan.independent_coe_iff`:
  [Fintype V]
consider restructuring your `variable` declarations so that the variables are not in scope or explicitly omit them:
  omit [Fintype V] in theorem ...

Note: This linter can be disabled with `set_option linter.unusedSectionVars false`
warning: lean/PvNP/RealizableHardness/CoveringSpan.lean:311:0: automatically included section variable(s) unused in theorem `PvNP.RealizableHardness.CoveringSpan.spanFrame_coe`:
  [Fintype V]
consider restructuring your `variable` declarations so that the variables are not in scope or explicitly omit them:
  omit [Fintype V] in theorem ...

Note: This linter can be disabled with `set_option linter.unusedSectionVars false`
warning: lean/PvNP/RealizableHardness/CoveringSpan.lean:342:56: `if_true` has been deprecated: Use `ite_true` instead
warning: lean/PvNP/RealizableHardness/CoveringSpan.lean:396:31: `dif_pos` has been deprecated: Use `dite_eq_left` instead
warning: lean/PvNP/RealizableHardness/CoveringSpan.lean:409:27: `dif_neg` has been deprecated: Use `dite_eq_right` instead
warning: lean/PvNP/RealizableHardness/CoveringSpan.lean:503:15: `if_pos` has been deprecated: Use `ite_eq_left` instead
warning: lean/PvNP/RealizableHardness/CoveringSpan.lean:503:42: `if_pos` has been deprecated: Use `ite_eq_left` instead
warning: lean/PvNP/RealizableHardness/CoveringSpan.lean:505:8: `if_neg` has been deprecated: Use `ite_eq_right` instead
warning: lean/PvNP/RealizableHardness/CoveringSpan.lean:515:10: This simp argument is unused:
  Fintype.card_fun

Hint: Omit it from the simp argument list.
  [apply] simp [ZMod.card]

Note: This linter can be disabled with `set_option linter.unusedSimpArgs false`
warning: lean/PvNP/RealizableHardness/CoveringSpan.lean:520:55: Unused tactic linter: `push_cast` does nothing

Note: This linter can be disabled with `set_option linter.unusedTactic false`
warning: lean/PvNP/RealizableHardness/CoveringSpan.lean:541:8: This simp argument is unused:
  Fintype.card_fun

Hint: Omit it from the simp argument list.
  [apply] simp [TripleRestrictionRank.Vector, Coord, ZMod.card, ← pow_mul, Nat.mul_comm, Nat.mul_left_comm,
    Nat.mul_assoc]

Note: This linter can be disabled with `set_option linter.unusedSimpArgs false`
warning: lean/PvNP/RealizableHardness/CoveringSpan.lean:542:23: This simp argument is unused:
  Nat.mul_assoc

Hint: Omit it from the simp argument list.
  [apply] simp [Fintype.card_fun, TripleRestrictionRank.Vector, Coord, ZMod.card, ← pow_mul, Nat.mul_comm,
    Nat.mul_left_comm]

Note: This linter can be disabled with `set_option linter.unusedSimpArgs false`
warning: lean/PvNP/RealizableHardness/CoveringSpan.lean:569:24: This simp argument is unused:
  h

Hint: Omit it from the simp argument list.
  [apply] simp

Note: This linter can be disabled with `set_option linter.unusedSimpArgs false`
warning: lean/PvNP/RealizableHardness/CoveringSpan.lean:586:8: `if_pos` has been deprecated: Use `ite_eq_left` instead
warning: lean/PvNP/RealizableHardness/CoveringSpan.lean:589:8: `if_neg` has been deprecated: Use `ite_eq_right` instead
warning: lean/PvNP/RealizableHardness/CoveringSpan.lean:665:47: This simp argument is unused:
  Module.finrank_pi

Hint: Omit it from the simp argument list.
  [apply] simp [TripleRestrictionRank.Vector, Coord, Nat.mul_comm]

Note: This linter can be disabled with `set_option linter.unusedSimpArgs false`
warning: lean/PvNP/RealizableHardness/CoveringSpan.lean:680:47: This simp argument is unused:
  Module.finrank_pi

Hint: Omit it from the simp argument list.
  [apply] simp [TripleRestrictionRank.Vector, Coord, Nat.mul_comm]

Note: This linter can be disabled with `set_option linter.unusedSimpArgs false`
⚠ [3275/3359] Replayed PvNP.RealizableHardness.ConditionedCovering
warning: lean/PvNP/RealizableHardness/ConditionedCovering.lean:114:47: This simp argument is unused:
  Module.finrank_pi

Hint: Omit it from the simp argument list.
  [apply] simp [TripleRestrictionRank.Vector, Coord, Nat.mul_comm]

Note: This linter can be disabled with `set_option linter.unusedSimpArgs false`
warning: lean/PvNP/RealizableHardness/ConditionedCovering.lean:268:12: Unused tactic linter: `ring` does nothing

Note: This linter can be disabled with `set_option linter.unusedTactic false`
warning: lean/PvNP/RealizableHardness/ConditionedCovering.lean:268:12: this tactic is never executed

Note: This linter can be disabled with `set_option linter.unreachableTactic false`
warning: lean/PvNP/RealizableHardness/ConditionedCovering.lean:376:45: This simp argument is unused:
  Bool.true_eq

Hint: Omit it from the simp argument list.
  [apply] simp only [badZoom, hb, decide_true, ite_true]

Note: This linter can be disabled with `set_option linter.unusedSimpArgs false`
⚠ [3277/3359] Replayed PvNP.RealizableHardness.ZoomOutIncidence
warning: lean/PvNP/RealizableHardness/ZoomOutIncidence.lean:67:47: Used `tac1 <;> tac2` where `(tac1; tac2)` would suffice

Note: This linter can be disabled with `set_option linter.unnecessarySeqFocus false`
warning: lean/PvNP/RealizableHardness/ZoomOutIncidence.lean:151:47: This simp argument is unused:
  Module.finrank_pi

Hint: Omit it from the simp argument list.
  [apply] simp [TripleRestrictionRank.Vector, Coord, Nat.mul_comm]

Note: This linter can be disabled with `set_option linter.unusedSimpArgs false`
warning: lean/PvNP/RealizableHardness/ZoomOutIncidence.lean:168:32: Used `tac1 <;> tac2` where `(tac1; tac2)` would suffice

Note: This linter can be disabled with `set_option linter.unnecessarySeqFocus false`
⚠ [3279/3359] Replayed PvNP.RealizableHardness.ZoomOutPosterior
warning: lean/PvNP/RealizableHardness/ZoomOutPosterior.lean:73:12: Used `tac1 <;> tac2` where `(tac1; tac2)` would suffice

Note: This linter can be disabled with `set_option linter.unnecessarySeqFocus false`
warning: lean/PvNP/RealizableHardness/ZoomOutPosterior.lean:252:34: Used `tac1 <;> tac2` where `(tac1; tac2)` would suffice

Note: This linter can be disabled with `set_option linter.unnecessarySeqFocus false`
⚠ [3280/3359] Replayed PvNP.RealizableHardness.ZoomOutTransfer
warning: lean/PvNP/RealizableHardness/ZoomOutTransfer.lean:107:31: This simp argument is unused:
  hb

Hint: Omit it from the simp argument list.
  [apply] simp

Note: This linter can be disabled with `set_option linter.unusedSimpArgs false`
warning: lean/PvNP/RealizableHardness/ZoomOutTransfer.lean:127:27: This simp argument is unused:
  hb

Hint: Omit it from the simp argument list.
  [apply] simp

Note: This linter can be disabled with `set_option linter.unusedSimpArgs false`
warning: lean/PvNP/RealizableHardness/ZoomOutTransfer.lean:123:39: Unused tactic linter: `ring` does nothing

Note: This linter can be disabled with `set_option linter.unusedTactic false`
warning: lean/PvNP/RealizableHardness/ZoomOutTransfer.lean:123:39: this tactic is never executed

Note: This linter can be disabled with `set_option linter.unreachableTactic false`
warning: lean/PvNP/RealizableHardness/ZoomOutTransfer.lean:228:12: Used `tac1 <;> tac2` where `(tac1; tac2)` would suffice

Note: This linter can be disabled with `set_option linter.unnecessarySeqFocus false`
warning: lean/PvNP/RealizableHardness/ZoomOutTransfer.lean:232:12: Used `tac1 <;> tac2` where `(tac1; tac2)` would suffice

Note: This linter can be disabled with `set_option linter.unnecessarySeqFocus false`
⚠ [3281/3359] Replayed PvNP.RealizableHardness.ZoomOutJoint
warning: lean/PvNP/RealizableHardness/ZoomOutJoint.lean:32:34: This simp argument is unused:
  Bool.true_eq

Hint: Omit it from the simp argument list.
  [apply] simp only [hx, decide_true, ite_true]

Note: This linter can be disabled with `set_option linter.unusedSimpArgs false`
warning: lean/PvNP/RealizableHardness/ZoomOutJoint.lean:71:26: Variable name `hC1` is not explicitly referenced.

Hint: The binding can be removed (if unused) or named `_` (if used implicitly). Alternatively, prefix the name with `_` to silence this warning:
  [apply] _hC1

Note: This linter can be disabled with `set_option linter.unusedVariables false`
warning: lean/PvNP/RealizableHardness/ZoomOutJoint.lean:138:34: This simp argument is unused:
  Bool.true_eq

Hint: Omit it from the simp argument list.
  [apply] simp only [hF, Bool.true_and, ite_true, mass, Finset.mul_sum]

Note: This linter can be disabled with `set_option linter.unusedSimpArgs false`
warning: lean/PvNP/RealizableHardness/ZoomOutJoint.lean:142:12: This simp argument is unused:
  hs

Hint: Omit it from the simp argument list.
  [apply] simp

Note: This linter can be disabled with `set_option linter.unusedSimpArgs false`
warning: lean/PvNP/RealizableHardness/ZoomOutJoint.lean:143:17: This simp argument is unused:
  hs

Hint: Omit it from the simp argument list.
  [apply] simp only [Bool.true_eq, ite_true]

Note: This linter can be disabled with `set_option linter.unusedSimpArgs false`
warning: lean/PvNP/RealizableHardness/ZoomOutJoint.lean:143:21: This simp argument is unused:
  Bool.true_eq

Hint: Omit it from the simp argument list.
  [apply] simp only [hs, ite_true]

Note: This linter can be disabled with `set_option linter.unusedSimpArgs false`
warning: lean/PvNP/RealizableHardness/ZoomOutJoint.lean:175:19: This simp argument is unused:
  Bool.true_eq

Hint: Omit it from the simp argument list.
  [apply] simp only [hF, ite_true]

Note: This linter can be disabled with `set_option linter.unusedSimpArgs false`
⚠ [3282/3359] Replayed PvNP.RealizableHardness.VectorAdvice
warning: lean/PvNP/RealizableHardness/VectorAdvice.lean:98:34: This simp argument is unused:
  ho

Hint: Omit it from the simp argument list.
  [apply] simp

Note: This linter can be disabled with `set_option linter.unusedSimpArgs false`
warning: lean/PvNP/RealizableHardness/VectorAdvice.lean:104:72: This simp argument is unused:
  mul_assoc

Hint: Omit it from the simp argument list.
  [apply] simp [outputLaw, Finset.sum_mul]

Note: This linter can be disabled with `set_option linter.unusedSimpArgs false`
warning: lean/PvNP/RealizableHardness/VectorAdvice.lean:237:29: This simp argument is unused:
  he

Hint: Omit it from the simp argument list.
  [apply] simp [joint]

Note: This linter can be disabled with `set_option linter.unusedSimpArgs false`
⚠ [3283/3359] Replayed PvNP.RealizableHardness.MatrixGrassmannIncidence
warning: lean/PvNP/RealizableHardness/MatrixGrassmannIncidence.lean:25:0: automatically included section variable(s) unused in theorem `PvNP.RealizableHardness.MatrixGrassmannIncidence.snoc_independent_iff`:
  [Fintype V]
consider restructuring your `variable` declarations so that the variables are not in scope or explicitly omit them:
  omit [Fintype V] in theorem ...

Note: This linter can be disabled with `set_option linter.unusedSectionVars false`
warning: lean/PvNP/RealizableHardness/MatrixGrassmannIncidence.lean:31:0: automatically included section variable(s) unused in theorem `PvNP.RealizableHardness.MatrixGrassmannIncidence.dependent_snoc`:
  [Fintype V]
consider restructuring your `variable` declarations so that the variables are not in scope or explicitly omit them:
  omit [Fintype V] in theorem ...

Note: This linter can be disabled with `set_option linter.unusedSectionVars false`
warning: lean/PvNP/RealizableHardness/MatrixGrassmannIncidence.lean:72:6: Try this: 
  letI̵

The goal is a proposition, so `let` is preferred over `letI`.
The difference between `let` and `letI` is that `letI` inlines the value.
But this is not relevant for proofs because of proof irrelevance.

Note: This linter can be disabled with `set_option linter.style.haveILetI false`
warning: lean/PvNP/RealizableHardness/MatrixGrassmannIncidence.lean:93:14: Used `tac1 <;> tac2` where `(tac1; tac2)` would suffice

Note: This linter can be disabled with `set_option linter.unnecessarySeqFocus false`
warning: lean/PvNP/RealizableHardness/MatrixGrassmannIncidence.lean:116:0: automatically included section variable(s) unused in theorem `PvNP.RealizableHardness.MatrixGrassmannIncidence.columns_length`:
  [Fintype V]
consider restructuring your `variable` declarations so that the variables are not in scope or explicitly omit them:
  omit [Fintype V] in theorem ...

Note: This linter can be disabled with `set_option linter.unusedSectionVars false`
warning: lean/PvNP/RealizableHardness/MatrixGrassmannIncidence.lean:124:0: automatically included section variable(s) unused in theorem `PvNP.RealizableHardness.MatrixGrassmannIncidence.columns_injective`:
  [Fintype V]
consider restructuring your `variable` declarations so that the variables are not in scope or explicitly omit them:
  omit [Fintype V] in theorem ...

Note: This linter can be disabled with `set_option linter.unusedSectionVars false`
warning: lean/PvNP/RealizableHardness/MatrixGrassmannIncidence.lean:143:0: automatically included section variable(s) unused in theorem `PvNP.RealizableHardness.MatrixGrassmannIncidence.columns_independent`:
  [Fintype V]
consider restructuring your `variable` declarations so that the variables are not in scope or explicitly omit them:
  omit [Fintype V] in theorem ...

Note: This linter can be disabled with `set_option linter.unusedSectionVars false`
warning: lean/PvNP/RealizableHardness/MatrixGrassmannIncidence.lean:149:0: automatically included section variable(s) unused in theorem `PvNP.RealizableHardness.MatrixGrassmannIncidence.columns_surjective`:
  [Fintype V]
consider restructuring your `variable` declarations so that the variables are not in scope or explicitly omit them:
  omit [Fintype V] in theorem ...

Note: This linter can be disabled with `set_option linter.unusedSectionVars false`
warning: lean/PvNP/RealizableHardness/MatrixGrassmannIncidence.lean:195:0: automatically included section variable(s) unused in theorem `PvNP.RealizableHardness.MatrixGrassmannIncidence.terminal_finrank`:
  [Fintype V]
consider restructuring your `variable` declarations so that the variables are not in scope or explicitly omit them:
  omit [Fintype V] in theorem ...

Note: This linter can be disabled with `set_option linter.unusedSectionVars false`
warning: lean/PvNP/RealizableHardness/MatrixGrassmannIncidence.lean:207:2: try 'simp' instead of 'simpa'

Note: This linter can be disabled with `set_option linter.unnecessarySimpa false`
⚠ [3284/3359] Replayed PvNP.RealizableHardness.MatrixGrassmannMoment
warning: lean/PvNP/RealizableHardness/MatrixGrassmannMoment.lean:29:8: `Set.mem_setOf_eq` has been deprecated: Use `Set.mem_ofPred_eq` instead
warning: lean/PvNP/RealizableHardness/MatrixGrassmannMoment.lean:17:0: automatically included section variable(s) unused in theorem `PvNP.RealizableHardness.MatrixGrassmannMoment.terminalSpan_eq_listSpan`:
  [Fintype V]
consider restructuring your `variable` declarations so that the variables are not in scope or explicitly omit them:
  omit [Fintype V] in theorem ...

Note: This linter can be disabled with `set_option linter.unusedSectionVars false`
warning: lean/PvNP/RealizableHardness/MatrixGrassmannMoment.lean:35:0: automatically included section variable(s) unused in theorem `PvNP.RealizableHardness.MatrixGrassmannMoment.ofFn_arrayOfList`:
  [AddCommGroup V]
  [Module (ZMod 2) V]
  [Fintype V]
consider restructuring your `variable` declarations so that the variables are not in scope or explicitly omit them:
  omit [AddCommGroup V] [Module (ZMod 2) V] [Fintype V] in theorem ...

Note: This linter can be disabled with `set_option linter.unusedSectionVars false`
warning: lean/PvNP/RealizableHardness/MatrixGrassmannMoment.lean:84:19: `Set.mem_setOf_eq` has been deprecated: Use `Set.mem_ofPred_eq` instead
warning: lean/PvNP/RealizableHardness/MatrixGrassmannMoment.lean:77:0: automatically included section variable(s) unused in theorem `PvNP.RealizableHardness.MatrixGrassmannMoment.concatenate_span`:
  [Fintype V]
consider restructuring your `variable` declarations so that the variables are not in scope or explicitly omit them:
  omit [Fintype V] in theorem ...

Note: This linter can be disabled with `set_option linter.unusedSectionVars false`
⚠ [3285/3359] Replayed PvNP.RealizableHardness.MatrixGrassmannFibre
warning: lean/PvNP/RealizableHardness/MatrixGrassmannFibre.lean:42:0: automatically included section variable(s) unused in theorem `PvNP.RealizableHardness.MatrixGrassmannFibre.reanchor_columns`:
  [AddCommGroup V]
  [Module (ZMod 2) V]
  [Fintype V]
consider restructuring your `variable` declarations so that the variables are not in scope or explicitly omit them:
  omit [AddCommGroup V] [Module (ZMod 2) V] [Fintype V] in theorem ...

Note: This linter can be disabled with `set_option linter.unusedSectionVars false`
warning: lean/PvNP/RealizableHardness/MatrixGrassmannFibre.lean:49:27: This simp argument is unused:
  Function.comp_def

Hint: Omit it from the simp argument list.
  [apply] simp [concatenate]

Note: This linter can be disabled with `set_option linter.unusedSimpArgs false`
warning: lean/PvNP/RealizableHardness/MatrixGrassmannFibre.lean:50:27: This simp argument is unused:
  Function.comp_def

Hint: Omit it from the simp argument list.
  [apply] simp [concatenate]

Note: This linter can be disabled with `set_option linter.unusedSimpArgs false`
warning: lean/PvNP/RealizableHardness/MatrixGrassmannFibre.lean:51:32: This simp argument is unused:
  Function.comp_def

Hint: Omit it from the simp argument list.
  [apply] simp [concatenate, Fin.tail]

Note: This linter can be disabled with `set_option linter.unusedSimpArgs false`
warning: lean/PvNP/RealizableHardness/MatrixGrassmannFibre.lean:131:0: automatically included section variable(s) unused in theorem `PvNP.RealizableHardness.MatrixGrassmannFibre.fibre_column_mem`:
  [Fintype V]
consider restructuring your `variable` declarations so that the variables are not in scope or explicitly omit them:
  omit [Fintype V] in theorem ...

Note: This linter can be disabled with `set_option linter.unusedSectionVars false`
⚠ [3286/3359] Replayed PvNP.RealizableHardness.MatrixGrassmannIdentity
warning: lean/PvNP/RealizableHardness/MatrixGrassmannIdentity.lean:140:0: automatically included section variable(s) unused in theorem `PvNP.RealizableHardness.MatrixGrassmannIdentity.rawF_deficient`:
  [Fintype V]
consider restructuring your `variable` declarations so that the variables are not in scope or explicitly omit them:
  omit [Fintype V] in theorem ...

Note: This linter can be disabled with `set_option linter.unusedSectionVars false`
warning: lean/PvNP/RealizableHardness/MatrixGrassmannIdentity.lean:208:10: `dif_pos` has been deprecated: Use `dite_eq_left` instead
warning: lean/PvNP/RealizableHardness/MatrixGrassmannIdentity.lean:268:4: `mul_le_one₀` has been deprecated: No replacement, use constituent lemmas from proof.
warning: lean/PvNP/RealizableHardness/MatrixGrassmannIdentity.lean:367:8: `if_neg` has been deprecated: Use `ite_eq_right` instead
⚠ [3287/3359] Replayed PvNP.RealizableHardness.MatrixGrassmannIntersectingAnchor
warning: lean/PvNP/RealizableHardness/MatrixGrassmannIntersectingAnchor.lean:14:0: automatically included section variable(s) unused in theorem `PvNP.RealizableHardness.MatrixGrassmannIntersectingAnchor.anchor_sup_lift_inf`:
  [Fintype V]
consider restructuring your `variable` declarations so that the variables are not in scope or explicitly omit them:
  omit [Fintype V] in theorem ...

Note: This linter can be disabled with `set_option linter.unusedSectionVars false`
warning: lean/PvNP/RealizableHardness/MatrixGrassmannIntersectingAnchor.lean:22:0: automatically included section variable(s) unused in theorem `PvNP.RealizableHardness.MatrixGrassmannIntersectingAnchor.anchor_inf_sampled`:
  [Fintype V]
consider restructuring your `variable` declarations so that the variables are not in scope or explicitly omit them:
  omit [Fintype V] in theorem ...

Note: This linter can be disabled with `set_option linter.unusedSectionVars false`
warning: lean/PvNP/RealizableHardness/MatrixGrassmannIntersectingAnchor.lean:37:0: automatically included section variable(s) unused in theorem `PvNP.RealizableHardness.MatrixGrassmannIntersectingAnchor.span_concatenate`:
  [Fintype V]
consider restructuring your `variable` declarations so that the variables are not in scope or explicitly omit them:
  omit [Fintype V] in theorem ...

Note: This linter can be disabled with `set_option linter.unusedSectionVars false`
warning: lean/PvNP/RealizableHardness/MatrixGrassmannIntersectingAnchor.lean:44:36: This simp argument is unused:
  Sum.exists

Hint: Omit it from the simp argument list.
  [apply] simp [concatenate, Set.mem_range]

Note: This linter can be disabled with `set_option linter.unusedSimpArgs false`
warning: lean/PvNP/RealizableHardness/MatrixGrassmannIntersectingAnchor.lean:218:2: Try this: 
  letI̵

The goal is a proposition, so `let` is preferred over `letI`.
The difference between `let` and `letI` is that `letI` inlines the value.
But this is not relevant for proofs because of proof irrelevance.

Note: This linter can be disabled with `set_option linter.style.haveILetI false`
warning: lean/PvNP/RealizableHardness/MatrixGrassmannIntersectingAnchor.lean:336:26: `dif_pos` has been deprecated: Use `dite_eq_left` instead
⚠ [3288/3359] Replayed PvNP.RealizableHardness.MatrixLiftAffineTarget
warning: lean/PvNP/RealizableHardness/MatrixLiftAffineTarget.lean:30:0: automatically included section variable(s) unused in theorem `PvNP.RealizableHardness.MatrixLiftAffineTarget.liftScore_eq_homLiftTest`:
  [Fintype V]
consider restructuring your `variable` declarations so that the variables are not in scope or explicitly omit them:
  omit [Fintype V] in theorem ...

Note: This linter can be disabled with `set_option linter.unusedSectionVars false`
warning: lean/PvNP/RealizableHardness/MatrixLiftAffineTarget.lean:44:8: automatically included section variable(s) unused in theorem `_private.PvNP.RealizableHardness.MatrixLiftAffineTarget.0.PvNP.RealizableHardness.MatrixLiftAffineTarget.choosePreimage_spec`:
  [Fintype V]
  [Fintype C]
consider restructuring your `variable` declarations so that the variables are not in scope or explicitly omit them:
  omit [Fintype V] [Fintype C] in theorem ...

Note: This linter can be disabled with `set_option linter.unusedSectionVars false`
warning: lean/PvNP/RealizableHardness/MatrixLiftAffineTarget.lean:139:0: automatically included section variable(s) unused in theorem `PvNP.RealizableHardness.MatrixLiftAffineTarget.columnLinear_rowTarget`:
  [Fintype V]
  [Fintype C]
consider restructuring your `variable` declarations so that the variables are not in scope or explicitly omit them:
  omit [Fintype V] [Fintype C] in theorem ...

Note: This linter can be disabled with `set_option linter.unusedSectionVars false`
warning: lean/PvNP/RealizableHardness/MatrixLiftAffineTarget.lean:178:8: automatically included section variable(s) unused in theorem `_private.PvNP.RealizableHardness.MatrixLiftAffineTarget.0.PvNP.RealizableHardness.MatrixLiftAffineTarget.span_concatenate`:
  [Fintype V]
consider restructuring your `variable` declarations so that the variables are not in scope or explicitly omit them:
  omit [Fintype V] in theorem ...

Note: This linter can be disabled with `set_option linter.unusedSectionVars false`
warning: lean/PvNP/RealizableHardness/MatrixLiftAffineTarget.lean:185:36: This simp argument is unused:
  Sum.exists

Hint: Omit it from the simp argument list.
  [apply] simp [concatenate, Set.mem_range]

Note: This linter can be disabled with `set_option linter.unusedSimpArgs false`
warning: lean/PvNP/RealizableHardness/MatrixLiftAffineTarget.lean:210:30: `dif_pos` has been deprecated: Use `dite_eq_left` instead
warning: lean/PvNP/RealizableHardness/MatrixLiftAffineTarget.lean:210:41: `dif_pos` has been deprecated: Use `dite_eq_left` instead
warning: lean/PvNP/RealizableHardness/MatrixLiftAffineTarget.lean:215:30: `dif_neg` has been deprecated: Use `dite_eq_right` instead
warning: lean/PvNP/RealizableHardness/MatrixLiftAffineTarget.lean:215:41: `dif_neg` has been deprecated: Use `dite_eq_right` instead
warning: lean/PvNP/RealizableHardness/MatrixLiftAffineTarget.lean:217:0: automatically included section variable(s) unused in theorem `PvNP.RealizableHardness.MatrixLiftAffineTarget.columnLinear_val`:
  [Fintype V]
consider restructuring your `variable` declarations so that the variables are not in scope or explicitly omit them:
  omit [Fintype V] in theorem ...

Note: This linter can be disabled with `set_option linter.unusedSectionVars false`
warning: lean/PvNP/RealizableHardness/MatrixLiftAffineTarget.lean:283:0: automatically included section variable(s) unused in theorem `PvNP.RealizableHardness.MatrixLiftAffineTarget.surjective_target_orbit`:
  [Fintype C]
consider restructuring your `variable` declarations so that the variables are not in scope or explicitly omit them:
  omit [Fintype C] in theorem ...

Note: This linter can be disabled with `set_option linter.unusedSectionVars false`
warning: lean/PvNP/RealizableHardness/MatrixLiftAffineTarget.lean:377:0: automatically included section variable(s) unused in theorem `PvNP.RealizableHardness.MatrixLiftAffineTarget.targetScoreSum_nonneg`:
  [Fintype C]
consider restructuring your `variable` declarations so that the variables are not in scope or explicitly omit them:
  omit [Fintype C] in theorem ...

Note: This linter can be disabled with `set_option linter.unusedSectionVars false`
⚠ [3289/3359] Replayed PvNP.RealizableHardness.MatrixFullRowRankHalf
warning: lean/PvNP/RealizableHardness/MatrixFullRowRankHalf.lean:184:10: This simp argument is unused:
  Fintype.card_fun

Hint: Omit it from the simp argument list.
  [apply] simp [pow_mul, Nat.mul_comm]

Note: This linter can be disabled with `set_option linter.unusedSimpArgs false`
warning: lean/PvNP/RealizableHardness/MatrixFullRowRankHalf.lean:192:4: Unused tactic linter: `change
  ((2 ^ (k * c) : ℕ) : ℝ) < 2 * (((∏ i : Fin c, (2 ^ k - 2 ^ (i : ℕ))) : ℕ) : ℝ)` does nothing

Note: This linter can be disabled with `set_option linter.unusedTactic false`
⚠ [3290/3359] Replayed PvNP.RealizableHardness.MatrixLiftFullRowRankBridge
warning: lean/PvNP/RealizableHardness/MatrixLiftFullRowRankBridge.lean:18:0: automatically included section variable(s) unused in theorem `PvNP.RealizableHardness.MatrixLiftFullRowRankBridge.residual_row_surjective`:
  [Fintype V]
consider restructuring your `variable` declarations so that the variables are not in scope or explicitly omit them:
  omit [Fintype V] in theorem ...

Note: This linter can be disabled with `set_option linter.unusedSectionVars false`
⚠ [3291/3359] Replayed PvNP.RealizableHardness.MatrixLiftLeftRowNormalForm
warning: lean/PvNP/RealizableHardness/MatrixLiftLeftRowNormalForm.lean:49:4: Unused tactic linter: `change (targetSpan B).mkQ y.val = 0` does nothing

Note: This linter can be disabled with `set_option linter.unusedTactic false`
warning: lean/PvNP/RealizableHardness/MatrixLiftLeftRowNormalForm.lean:145:0: automatically included section variable(s) unused in theorem `PvNP.RealizableHardness.MatrixLiftLeftRowNormalForm.rawNormalized_score_eq`:
  [Fintype V]
consider restructuring your `variable` declarations so that the variables are not in scope or explicitly omit them:
  omit [Fintype V] in theorem ...

Note: This linter can be disabled with `set_option linter.unusedSectionVars false`
⚠ [3292/3359] Replayed PvNP.RealizableHardness.MatrixLiftExactBudgetZoom
warning: lean/PvNP/RealizableHardness/MatrixLiftExactBudgetZoom.lean:99:29: Variable name `R` is not explicitly referenced.

Hint: The binding can be removed (if unused) or named `_` (if used implicitly). Alternatively, prefix the name with `_` to silence this warning:
  [apply] _R

Note: This linter can be disabled with `set_option linter.unusedVariables false`
warning: lean/PvNP/RealizableHardness/MatrixLiftExactBudgetZoom.lean:179:6: Try this: 
  haveI̵

The goal is a proposition, so `have` is preferred over `haveI`.
The difference between `have` and `haveI` is that `haveI` inlines the value.
But this is not relevant for proofs because of proof irrelevance.

Note: This linter can be disabled with `set_option linter.style.haveILetI false`
warning: lean/PvNP/RealizableHardness/MatrixLiftExactBudgetZoom.lean:164:33: Variable name `he` is not explicitly referenced.

Hint: The binding can be removed (if unused) or named `_` (if used implicitly). Alternatively, prefix the name with `_` to silence this warning:
  [apply] _he

Note: This linter can be disabled with `set_option linter.unusedVariables false`
warning: lean/PvNP/RealizableHardness/MatrixLiftExactBudgetZoom.lean:194:34: This simp argument is unused:
  mul_left_comm

Hint: Omit it from the simp argument list.
  [apply] simp [mul_comm, mul_assoc]

Note: This linter can be disabled with `set_option linter.unusedSimpArgs false`
⚠ [3294/3359] Replayed PvNP.RealizableHardness.BinaryMatrixHybridSelector
warning: lean/PvNP/RealizableHardness/BinaryMatrixHybridSelector.lean:71:8: `if_pos` has been deprecated: Use `ite_eq_left` instead
warning: lean/PvNP/RealizableHardness/BinaryMatrixHybridSelector.lean:90:8: `if_neg` has been deprecated: Use `ite_eq_right` instead
⚠ [3295/3359] Replayed PvNP.RealizableHardness.BinaryMatrixLineTranslation
warning: lean/PvNP/RealizableHardness/BinaryMatrixLineTranslation.lean:243:4: try 'simp' instead of 'simpa'

Note: This linter can be disabled with `set_option linter.unnecessarySimpa false`
warning: lean/PvNP/RealizableHardness/BinaryMatrixLineTranslation.lean:315:8: `if_neg` has been deprecated: Use `ite_eq_right` instead
warning: lean/PvNP/RealizableHardness/BinaryMatrixLineTranslation.lean:407:15: `if_neg` has been deprecated: Use `ite_eq_right` instead
warning: lean/PvNP/RealizableHardness/BinaryMatrixLineTranslation.lean:433:41: This simp argument is unused:
  s

Hint: Omit it from the simp argument list.
  [apply] simp [hs, hr]

Note: This linter can be disabled with `set_option linter.unusedSimpArgs false`
warning: lean/PvNP/RealizableHardness/BinaryMatrixLineTranslation.lean:555:15: `if_neg` has been deprecated: Use `ite_eq_right` instead
warning: lean/PvNP/RealizableHardness/BinaryMatrixLineTranslation.lean:592:57: This simp argument is unused:
  mul_assoc

Hint: Omit it from the simp argument list.
  [apply] simp [hr, hs]

Note: This linter can be disabled with `set_option linter.unusedSimpArgs false`
⚠ [3296/3359] Replayed PvNP.RealizableHardness.BinaryMatrixLineA14
warning: lean/PvNP/RealizableHardness/BinaryMatrixLineA14.lean:88:8: `if_pos` has been deprecated: Use `ite_eq_left` instead
warning: lean/PvNP/RealizableHardness/BinaryMatrixLineA14.lean:97:8: `if_neg` has been deprecated: Use `ite_eq_right` instead
⚠ [3299/3359] Replayed PvNP.RealizableHardness.MatrixLiftNominalDomain
warning: lean/PvNP/RealizableHardness/MatrixLiftNominalDomain.lean:26:34: This simp argument is unused:
  Submodule.prodEquivOfIsCompl_symm_apply_left

Hint: Omit it from the simp argument list.
  [apply] simp [LinearMap.comp_apply, LinearMap.coprod_apply]

Note: This linter can be disabled with `set_option linter.unusedSimpArgs false`
warning: lean/PvNP/RealizableHardness/MatrixLiftNominalDomain.lean:27:8: This simp argument is unused:
  LinearMap.coprod_apply

Hint: Omit it from the simp argument list.
  [apply] simp [LinearMap.comp_apply, Submodule.prodEquivOfIsCompl_symm_apply_left]

Note: This linter can be disabled with `set_option linter.unusedSimpArgs false`
warning: lean/PvNP/RealizableHardness/MatrixLiftNominalDomain.lean:51:32: This simp argument is unused:
  Submodule.prodEquivOfIsCompl_symm_apply_right

Hint: Omit it from the simp argument list.
  [apply] simp [LinearMap.comp_apply, LinearMap.coprod_apply]

Note: This linter can be disabled with `set_option linter.unusedSimpArgs false`
warning: lean/PvNP/RealizableHardness/MatrixLiftNominalDomain.lean:52:6: This simp argument is unused:
  LinearMap.coprod_apply

Hint: Omit it from the simp argument list.
  [apply] simp [LinearMap.comp_apply, Submodule.prodEquivOfIsCompl_symm_apply_right]

Note: This linter can be disabled with `set_option linter.unusedSimpArgs false`
warning: lean/PvNP/RealizableHardness/MatrixLiftNominalDomain.lean:174:8: `dif_pos` has been deprecated: Use `dite_eq_left` instead
warning: lean/PvNP/RealizableHardness/MatrixLiftNominalDomain.lean:174:22: `dif_pos` has been deprecated: Use `dite_eq_left` instead
warning: lean/PvNP/RealizableHardness/MatrixLiftNominalDomain.lean:179:8: `dif_neg` has been deprecated: Use `dite_eq_right` instead
warning: lean/PvNP/RealizableHardness/MatrixLiftNominalDomain.lean:179:22: `dif_neg` has been deprecated: Use `dite_eq_right` instead
warning: lean/PvNP/RealizableHardness/MatrixLiftNominalDomain.lean:194:20: This simp argument is unused:
  Submodule.prodEquivOfIsCompl_symm_apply_left

Hint: Omit it from the simp argument list.
  [apply] simp [splitBasis]

Note: This linter can be disabled with `set_option linter.unusedSimpArgs false`
warning: lean/PvNP/RealizableHardness/MatrixLiftNominalDomain.lean:201:20: This simp argument is unused:
  Submodule.prodEquivOfIsCompl_symm_apply_right

Hint: Omit it from the simp argument list.
  [apply] simp [splitBasis]

Note: This linter can be disabled with `set_option linter.unusedSimpArgs false`
warning: lean/PvNP/RealizableHardness/MatrixLiftNominalDomain.lean:254:10: This simp argument is unused:
  Submodule.coe_prodEquivOfIsCompl'

Hint: Omit it from the simp argument list.
  [apply] simp only [LinearMap.coprod_apply, LinearMap.comp_apply, map_add]

Note: This linter can be disabled with `set_option linter.unusedSimpArgs false`
warning: lean/PvNP/RealizableHardness/MatrixLiftNominalDomain.lean:491:16: `dif_pos` has been deprecated: Use `dite_eq_left` instead
warning: lean/PvNP/RealizableHardness/MatrixLiftNominalDomain.lean:492:16: `dif_neg` has been deprecated: Use `dite_eq_right` instead
⚠ [3301/3359] Replayed PvNP.RealizableHardness.ActualSelectedSpectralParameters
warning: lean/PvNP/RealizableHardness/ActualSelectedSpectralParameters.lean:109:8: Unused tactic linter: `ring` does nothing

Note: This linter can be disabled with `set_option linter.unusedTactic false`
warning: lean/PvNP/RealizableHardness/ActualSelectedSpectralParameters.lean:109:8: this tactic is never executed

Note: This linter can be disabled with `set_option linter.unreachableTactic false`
⚠ [3302/3359] Replayed PvNP.RealizableHardness.ActualFixedFunctionalMatrixLift
warning: lean/PvNP/RealizableHardness/ActualFixedFunctionalMatrixLift.lean:39:2: Try this: 
  letI̵

The goal is a proposition, so `let` is preferred over `letI`.
The difference between `let` and `letI` is that `letI` inlines the value.
But this is not relevant for proofs because of proof irrelevance.

Note: This linter can be disabled with `set_option linter.style.haveILetI false`
warning: lean/PvNP/RealizableHardness/ActualFixedFunctionalMatrixLift.lean:68:4: Try this: 
  letI̵

The goal is a proposition, so `let` is preferred over `letI`.
The difference between `let` and `letI` is that `letI` inlines the value.
But this is not relevant for proofs because of proof irrelevance.

Note: This linter can be disabled with `set_option linter.style.haveILetI false`
⚠ [3303/3359] Replayed PvNP.RealizableHardness.ActualTaggedPresentationFiberAudit
warning: lean/PvNP/RealizableHardness/ActualTaggedPresentationFiberAudit.lean:137:2: Try this: 
  letI̵

The goal is a proposition, so `let` is preferred over `letI`.
The difference between `let` and `letI` is that `letI` inlines the value.
But this is not relevant for proofs because of proof irrelevance.

Note: This linter can be disabled with `set_option linter.style.haveILetI false`
warning: lean/PvNP/RealizableHardness/ActualTaggedPresentationFiberAudit.lean:138:2: Try this: 
  letI̵

The goal is a proposition, so `let` is preferred over `letI`.
The difference between `let` and `letI` is that `letI` inlines the value.
But this is not relevant for proofs because of proof irrelevance.

Note: This linter can be disabled with `set_option linter.style.haveILetI false`
warning: lean/PvNP/RealizableHardness/ActualTaggedPresentationFiberAudit.lean:139:2: Try this: 
  letI̵

The goal is a proposition, so `let` is preferred over `letI`.
The difference between `let` and `letI` is that `letI` inlines the value.
But this is not relevant for proofs because of proof irrelevance.

Note: This linter can be disabled with `set_option linter.style.haveILetI false`
warning: lean/PvNP/RealizableHardness/ActualTaggedPresentationFiberAudit.lean:145:2: Try this: 
  letI̵

The goal is a proposition, so `let` is preferred over `letI`.
The difference between `let` and `letI` is that `letI` inlines the value.
But this is not relevant for proofs because of proof irrelevance.

Note: This linter can be disabled with `set_option linter.style.haveILetI false`
⚠ [3304/3359] Replayed PvNP.RealizableHardness.ActualTaggedVertexPresentationFiber
warning: lean/PvNP/RealizableHardness/ActualTaggedVertexPresentationFiber.lean:243:2: Try this: 
  letI̵

The goal is a proposition, so `let` is preferred over `letI`.
The difference between `let` and `letI` is that `letI` inlines the value.
But this is not relevant for proofs because of proof irrelevance.

Note: This linter can be disabled with `set_option linter.style.haveILetI false`
warning: lean/PvNP/RealizableHardness/ActualTaggedVertexPresentationFiber.lean:245:2: Try this: 
  letI̵

The goal is a proposition, so `let` is preferred over `letI`.
The difference between `let` and `letI` is that `letI` inlines the value.
But this is not relevant for proofs because of proof irrelevance.

Note: This linter can be disabled with `set_option linter.style.haveILetI false`
⚠ [3308/3359] Replayed PvNP.RealizableHardness.ActualTaggedConditionalGraphCount
warning: lean/PvNP/RealizableHardness/ActualTaggedConditionalGraphCount.lean:66:4: try 'simp' instead of 'simpa'

Note: This linter can be disabled with `set_option linter.unnecessarySimpa false`
warning: lean/PvNP/RealizableHardness/ActualTaggedConditionalGraphCount.lean:74:10: This simp argument is unused:
  Submodule.liftQ_mkQ

Hint: Omit it from the simp argument list.
  [apply] simp

Note: This linter can be disabled with `set_option linter.unusedSimpArgs false`
warning: lean/PvNP/RealizableHardness/ActualTaggedConditionalGraphCount.lean:98:2: Try this: 
  letI̵

The goal is a proposition, so `let` is preferred over `letI`.
The difference between `let` and `letI` is that `letI` inlines the value.
But this is not relevant for proofs because of proof irrelevance.

Note: This linter can be disabled with `set_option linter.style.haveILetI false`
warning: lean/PvNP/RealizableHardness/ActualTaggedConditionalGraphCount.lean:99:2: Try this: 
  letI̵

The goal is a proposition, so `let` is preferred over `letI`.
The difference between `let` and `letI` is that `letI` inlines the value.
But this is not relevant for proofs because of proof irrelevance.

Note: This linter can be disabled with `set_option linter.style.haveILetI false`
warning: lean/PvNP/RealizableHardness/ActualTaggedConditionalGraphCount.lean:100:2: Try this: 
  letI̵

The goal is a proposition, so `let` is preferred over `letI`.
The difference between `let` and `letI` is that `letI` inlines the value.
But this is not relevant for proofs because of proof irrelevance.

Note: This linter can be disabled with `set_option linter.style.haveILetI false`
warning: lean/PvNP/RealizableHardness/ActualTaggedConditionalGraphCount.lean:164:2: Try this: 
  letI̵

The goal is a proposition, so `let` is preferred over `letI`.
The difference between `let` and `letI` is that `letI` inlines the value.
But this is not relevant for proofs because of proof irrelevance.

Note: This linter can be disabled with `set_option linter.style.haveILetI false`
warning: lean/PvNP/RealizableHardness/ActualTaggedConditionalGraphCount.lean:165:2: Try this: 
  letI̵

The goal is a proposition, so `let` is preferred over `letI`.
The difference between `let` and `letI` is that `letI` inlines the value.
But this is not relevant for proofs because of proof irrelevance.

Note: This linter can be disabled with `set_option linter.style.haveILetI false`
⚠ [3309/3359] Replayed PvNP.RealizableHardness.ActualMZ24ComplementRestriction
warning: lean/PvNP/RealizableHardness/ActualMZ24ComplementRestriction.lean:35:0: automatically included section variable(s) unused in theorem `PvNP.RealizableHardness.ActualMZ24ComplementRestriction.lift_complementSubspace`:
  [Fintype V]
consider restructuring your `variable` declarations so that the variables are not in scope or explicitly omit them:
  omit [Fintype V] in theorem ...

Note: This linter can be disabled with `set_option linter.unusedSectionVars false`
warning: lean/PvNP/RealizableHardness/ActualMZ24ComplementRestriction.lean:36:32: Variable name `hQW` is not explicitly referenced.

Hint: The binding can be removed (if unused) or named `_` (if used implicitly). Alternatively, prefix the name with `_` to silence this warning:
  [apply] _hQW

Note: This linter can be disabled with `set_option linter.unusedVariables false`
warning: lean/PvNP/RealizableHardness/ActualMZ24ComplementRestriction.lean:52:32: Variable name `hQW` is not explicitly referenced.

Hint: The binding can be removed (if unused) or named `_` (if used implicitly). Alternatively, prefix the name with `_` to silence this warning:
  [apply] _hQW

Note: This linter can be disabled with `set_option linter.unusedVariables false`
warning: lean/PvNP/RealizableHardness/ActualMZ24ComplementRestriction.lean:108:0: automatically included section variable(s) unused in theorem `PvNP.RealizableHardness.ActualMZ24ComplementRestriction.lift_le_of_le`:
  [Fintype V]
consider restructuring your `variable` declarations so that the variables are not in scope or explicitly omit them:
  omit [Fintype V] in theorem ...

Note: This linter can be disabled with `set_option linter.unusedSectionVars false`
warning: lean/PvNP/RealizableHardness/ActualMZ24ComplementRestriction.lean:109:32: Variable name `hQW` is not explicitly referenced.

Hint: The binding can be removed (if unused) or named `_` (if used implicitly). Alternatively, prefix the name with `_` to silence this warning:
  [apply] _hQW

Note: This linter can be disabled with `set_option linter.unusedVariables false`
warning: lean/PvNP/RealizableHardness/ActualMZ24ComplementRestriction.lean:116:0: automatically included section variable(s) unused in theorem `PvNP.RealizableHardness.ActualMZ24ComplementRestriction.lift_finrank`:
  [Fintype V]
consider restructuring your `variable` declarations so that the variables are not in scope or explicitly omit them:
  omit [Fintype V] in theorem ...

Note: This linter can be disabled with `set_option linter.unusedSectionVars false`
warning: lean/PvNP/RealizableHardness/ActualMZ24ComplementRestriction.lean:134:2: try 'simp' instead of 'simpa'

Note: This linter can be disabled with `set_option linter.unnecessarySimpa false`
warning: lean/PvNP/RealizableHardness/ActualMZ24ComplementRestriction.lean:123:0: automatically included section variable(s) unused in theorem `PvNP.RealizableHardness.ActualMZ24ComplementRestriction.complementSubspace_sup_lift`:
  [Fintype V]
consider restructuring your `variable` declarations so that the variables are not in scope or explicitly omit them:
  omit [Fintype V] in theorem ...

Note: This linter can be disabled with `set_option linter.unusedSectionVars false`
warning: lean/PvNP/RealizableHardness/ActualMZ24ComplementRestriction.lean:271:30: Variable name `had` is not explicitly referenced.

Hint: The binding can be removed (if unused) or named `_` (if used implicitly). Alternatively, prefix the name with `_` to silence this warning:
  [apply] _had

Note: This linter can be disabled with `set_option linter.unusedVariables false`
warning: lean/PvNP/RealizableHardness/ActualMZ24ComplementRestriction.lean:278:8: automatically included section variable(s) unused in theorem `_private.PvNP.RealizableHardness.ActualMZ24ComplementRestriction.0.PvNP.RealizableHardness.ActualMZ24ComplementRestriction.dependentTable_apply`:
  [Fintype V]
consider restructuring your `variable` declarations so that the variables are not in scope or explicitly omit them:
  omit [Fintype V] in theorem ...

Note: This linter can be disabled with `set_option linter.unusedSectionVars false`
warning: lean/PvNP/RealizableHardness/ActualMZ24ComplementRestriction.lean:285:8: automatically included section variable(s) unused in theorem `_private.PvNP.RealizableHardness.ActualMZ24ComplementRestriction.0.PvNP.RealizableHardness.ActualMZ24ComplementRestriction.grassCast_coe`:
  [Fintype V]
consider restructuring your `variable` declarations so that the variables are not in scope or explicitly omit them:
  omit [Fintype V] in theorem ...

Note: This linter can be disabled with `set_option linter.unusedSectionVars false`
⚠ [3310/3359] Replayed PvNP.RealizableHardness.ActualBinaryGrassmannIncidence
warning: lean/PvNP/RealizableHardness/ActualBinaryGrassmannIncidence.lean:49:8: automatically included section variable(s) unused in theorem `PvNP.RealizableHardness.ActualBinaryGrassmannIncidence.familyInter_empty`:
  [Fintype V]
  [Fintype I]
consider restructuring your `variable` declarations so that the variables are not in scope or explicitly omit them:
  omit [Fintype V] [Fintype I] in theorem ...

Note: This linter can be disabled with `set_option linter.unusedSectionVars false`
warning: lean/PvNP/RealizableHardness/ActualBinaryGrassmannIncidence.lean:53:8: automatically included section variable(s) unused in theorem `PvNP.RealizableHardness.ActualBinaryGrassmannIncidence.familyInter_singleton`:
  [Fintype V]
  [Fintype I]
consider restructuring your `variable` declarations so that the variables are not in scope or explicitly omit them:
  omit [Fintype V] [Fintype I] in theorem ...

Note: This linter can be disabled with `set_option linter.unusedSectionVars false`
warning: lean/PvNP/RealizableHardness/ActualBinaryGrassmannIncidence.lean:57:0: automatically included section variable(s) unused in theorem `PvNP.RealizableHardness.ActualBinaryGrassmannIncidence.familyInter_pair`:
  [Fintype V]
  [Fintype I]
consider restructuring your `variable` declarations so that the variables are not in scope or explicitly omit them:
  omit [Fintype V] [Fintype I] in theorem ...

Note: This linter can be disabled with `set_option linter.unusedSectionVars false`
warning: lean/PvNP/RealizableHardness/ActualBinaryGrassmannIncidence.lean:58:5: Variable name `hij` is not explicitly referenced.

Hint: The binding can be removed (if unused) or named `_` (if used implicitly). Alternatively, prefix the name with `_` to silence this warning:
  [apply] _hij

Note: This linter can be disabled with `set_option linter.unusedVariables false`
warning: lean/PvNP/RealizableHardness/ActualBinaryGrassmannIncidence.lean:60:21: This simp argument is unused:
  hij

Hint: Omit it from the simp argument list.
  [apply] simp [familyInter]

Note: This linter can be disabled with `set_option linter.unusedSimpArgs false`
warning: lean/PvNP/RealizableHardness/ActualBinaryGrassmannIncidence.lean:75:0: automatically included section variable(s) unused in theorem `PvNP.RealizableHardness.ActualBinaryGrassmannIncidence.genericUpTo_zero`:
  [Fintype V]
  [Fintype I]
consider restructuring your `variable` declarations so that the variables are not in scope or explicitly omit them:
  omit [Fintype V] [Fintype I] in theorem ...

Note: This linter can be disabled with `set_option linter.unusedSectionVars false`
warning: lean/PvNP/RealizableHardness/ActualBinaryGrassmannIncidence.lean:81:0: automatically included section variable(s) unused in theorem `PvNP.RealizableHardness.ActualBinaryGrassmannIncidence.genericUpTo_mono`:
  [Fintype V]
  [Fintype I]
consider restructuring your `variable` declarations so that the variables are not in scope or explicitly omit them:
  omit [Fintype V] [Fintype I] in theorem ...

Note: This linter can be disabled with `set_option linter.unusedSectionVars false`
warning: lean/PvNP/RealizableHardness/ActualBinaryGrassmannIncidence.lean:91:0: automatically included section variable(s) unused in theorem `PvNP.RealizableHardness.ActualBinaryGrassmannIncidence.genericUpTo_general`:
  [Fintype V]
  [Fintype I]
consider restructuring your `variable` declarations so that the variables are not in scope or explicitly omit them:
  omit [Fintype V] [Fintype I] in theorem ...

Note: This linter can be disabled with `set_option linter.unusedSectionVars false`
warning: lean/PvNP/RealizableHardness/ActualBinaryGrassmannIncidence.lean:111:32: This simp argument is unused:
  hij

Hint: Omit it from the simp argument list.
  [apply] simp

Note: This linter can be disabled with `set_option linter.unusedSimpArgs false`
warning: lean/PvNP/RealizableHardness/ActualBinaryGrassmannIncidence.lean:114:15: This simp argument is unused:
  Ne.symm hij

Hint: Omit it from the simp argument list.
  [apply] simp [hij]

Note: This linter can be disabled with `set_option linter.unusedSimpArgs false`
warning: lean/PvNP/RealizableHardness/ActualBinaryGrassmannIncidence.lean:131:0: automatically included section variable(s) unused in theorem `PvNP.RealizableHardness.ActualBinaryGrassmannIncidence.familyInter_image`:
  [Fintype V]
  [Fintype I]
consider restructuring your `variable` declarations so that the variables are not in scope or explicitly omit them:
  omit [Fintype V] [Fintype I] in theorem ...

Note: This linter can be disabled with `set_option linter.unusedSectionVars false`
warning: lean/PvNP/RealizableHardness/ActualBinaryGrassmannIncidence.lean:206:0: automatically included section variable(s) unused in theorem `PvNP.RealizableHardness.ActualBinaryGrassmannIncidence.grass_nonempty_of_le`:
  [Fintype V]
consider restructuring your `variable` declarations so that the variables are not in scope or explicitly omit them:
  omit [Fintype V] in theorem ...

Note: This linter can be disabled with `set_option linter.unusedSectionVars false`
warning: lean/PvNP/RealizableHardness/ActualBinaryGrassmannIncidence.lean:218:2: Try this: 
  letI̵

The goal is a proposition, so `let` is preferred over `letI`.
The difference between `let` and `letI` is that `letI` inlines the value.
But this is not relevant for proofs because of proof irrelevance.

Note: This linter can be disabled with `set_option linter.style.haveILetI false`
warning: lean/PvNP/RealizableHardness/ActualBinaryGrassmannIncidence.lean:217:14: This simp argument is unused:
  Module.finrank_pi

Hint: Omit it from the simp argument list.
  [apply] simp [Vn]

Note: This linter can be disabled with `set_option linter.unusedSimpArgs false`
warning: lean/PvNP/RealizableHardness/ActualBinaryGrassmannIncidence.lean:235:0: automatically included section variable(s) unused in theorem `PvNP.RealizableHardness.ActualBinaryGrassmannIncidence.bottomContained_card_nat`:
  [Fintype I]
consider restructuring your `variable` declarations so that the variables are not in scope or explicitly omit them:
  omit [Fintype I] in theorem ...

Note: This linter can be disabled with `set_option linter.unusedSectionVars false`
warning: lean/PvNP/RealizableHardness/ActualBinaryGrassmannIncidence.lean:254:11: Variable name `L` is not explicitly referenced.

Hint: The binding can be removed (if unused) or named `_` (if used implicitly). Alternatively, prefix the name with `_` to silence this warning:
  [apply] _L

Note: This linter can be disabled with `set_option linter.unusedVariables false`
warning: lean/PvNP/RealizableHardness/ActualBinaryGrassmannIncidence.lean:255:12: Variable name `L` is not explicitly referenced.

Hint: The binding can be removed (if unused) or named `_` (if used implicitly). Alternatively, prefix the name with `_` to silence this warning:
  [apply] _L

Note: This linter can be disabled with `set_option linter.unusedVariables false`
warning: lean/PvNP/RealizableHardness/ActualBinaryGrassmannIncidence.lean:257:0: automatically included section variable(s) unused in theorem `PvNP.RealizableHardness.ActualBinaryGrassmannIncidence.bottomPairContained_card_nat`:
  [Fintype I]
consider restructuring your `variable` declarations so that the variables are not in scope or explicitly omit them:
  omit [Fintype I] in theorem ...

Note: This linter can be disabled with `set_option linter.unusedSectionVars false`
warning: lean/PvNP/RealizableHardness/ActualBinaryGrassmannIncidence.lean:284:0: automatically included section variable(s) unused in theorem `PvNP.RealizableHardness.ActualBinaryGrassmannIncidence.bottomGeneralContained_card_nat`:
  [Fintype I]
consider restructuring your `variable` declarations so that the variables are not in scope or explicitly omit them:
  omit [Fintype I] in theorem ...

Note: This linter can be disabled with `set_option linter.unusedSectionVars false`
warning: lean/PvNP/RealizableHardness/ActualBinaryGrassmannIncidence.lean:372:0: automatically included section variable(s) unused in theorem `PvNP.RealizableHardness.ActualBinaryGrassmannIncidence.familyInter_complement`:
  [Fintype V]
  [Fintype I]
consider restructuring your `variable` declarations so that the variables are not in scope or explicitly omit them:
  omit [Fintype V] [Fintype I] in theorem ...

Note: This linter can be disabled with `set_option linter.unusedSectionVars false`
warning: lean/PvNP/RealizableHardness/ActualBinaryGrassmannIncidence.lean:400:0: automatically included section variable(s) unused in theorem `PvNP.RealizableHardness.ActualBinaryGrassmannIncidence.complementFamily_injective`:
  [Fintype I]
consider restructuring your `variable` declarations so that the variables are not in scope or explicitly omit them:
  omit [Fintype I] in theorem ...

Note: This linter can be disabled with `set_option linter.unusedSectionVars false`
warning: lean/PvNP/RealizableHardness/ActualBinaryGrassmannIncidence.lean:453:38: Variable name `C` is not explicitly referenced.

Hint: The binding can be removed (if unused) or named `_` (if used implicitly). Alternatively, prefix the name with `_` to silence this warning:
  [apply] _C

Note: This linter can be disabled with `set_option linter.unusedVariables false`
warning: lean/PvNP/RealizableHardness/ActualBinaryGrassmannIncidence.lean:464:2: Try this: 
  letI̵

The goal is a proposition, so `let` is preferred over `letI`.
The difference between `let` and `letI` is that `letI` inlines the value.
But this is not relevant for proofs because of proof irrelevance.

Note: This linter can be disabled with `set_option linter.style.haveILetI false`
warning: lean/PvNP/RealizableHardness/ActualBinaryGrassmannIncidence.lean:475:8: `if_pos` has been deprecated: Use `ite_eq_left` instead
warning: lean/PvNP/RealizableHardness/ActualBinaryGrassmannIncidence.lean:477:4: Try this: 
  letI̵

The goal is a proposition, so `let` is preferred over `letI`.
The difference between `let` and `letI` is that `letI` inlines the value.
But this is not relevant for proofs because of proof irrelevance.

Note: This linter can be disabled with `set_option linter.style.haveILetI false`
warning: lean/PvNP/RealizableHardness/ActualBinaryGrassmannIncidence.lean:478:10: `if_neg` has been deprecated: Use `ite_eq_right` instead
warning: lean/PvNP/RealizableHardness/ActualBinaryGrassmannIncidence.lean:488:0: automatically included section variable(s) unused in theorem `PvNP.RealizableHardness.ActualBinaryGrassmannIncidence.pointedContained_iff`:
  [Fintype I]
consider restructuring your `variable` declarations so that the variables are not in scope or explicitly omit them:
  omit [Fintype I] in theorem ...

Note: This linter can be disabled with `set_option linter.unusedSectionVars false`
warning: lean/PvNP/RealizableHardness/ActualBinaryGrassmannIncidence.lean:527:8: `if_pos` has been deprecated: Use `ite_eq_left` instead
warning: lean/PvNP/RealizableHardness/ActualBinaryGrassmannIncidence.lean:529:4: Try this: 
  letI̵

The goal is a proposition, so `let` is preferred over `letI`.
The difference between `let` and `letI` is that `letI` inlines the value.
But this is not relevant for proofs because of proof irrelevance.

Note: This linter can be disabled with `set_option linter.style.haveILetI false`
warning: lean/PvNP/RealizableHardness/ActualBinaryGrassmannIncidence.lean:530:10: `if_neg` has been deprecated: Use `ite_eq_right` instead
warning: lean/PvNP/RealizableHardness/ActualBinaryGrassmannIncidence.lean:551:15: `if_pos` has been deprecated: Use `ite_eq_left` instead
warning: lean/PvNP/RealizableHardness/ActualBinaryGrassmannIncidence.lean:606:8: `if_pos` has been deprecated: Use `ite_eq_left` instead
warning: lean/PvNP/RealizableHardness/ActualBinaryGrassmannIncidence.lean:609:4: Try this: 
  letI̵

The goal is a proposition, so `let` is preferred over `letI`.
The difference between `let` and `letI` is that `letI` inlines the value.
But this is not relevant for proofs because of proof irrelevance.

Note: This linter can be disabled with `set_option linter.style.haveILetI false`
warning: lean/PvNP/RealizableHardness/ActualBinaryGrassmannIncidence.lean:610:10: `if_neg` has been deprecated: Use `ite_eq_right` instead
warning: lean/PvNP/RealizableHardness/ActualBinaryGrassmannIncidence.lean:633:15: `if_pos` has been deprecated: Use `ite_eq_left` instead
warning: lean/PvNP/RealizableHardness/ActualBinaryGrassmannIncidence.lean:690:8: `if_pos` has been deprecated: Use `ite_eq_left` instead
warning: lean/PvNP/RealizableHardness/ActualBinaryGrassmannIncidence.lean:693:4: Try this: 
  letI̵

The goal is a proposition, so `let` is preferred over `letI`.
The difference between `let` and `letI` is that `letI` inlines the value.
But this is not relevant for proofs because of proof irrelevance.

Note: This linter can be disabled with `set_option linter.style.haveILetI false`
warning: lean/PvNP/RealizableHardness/ActualBinaryGrassmannIncidence.lean:694:10: `if_neg` has been deprecated: Use `ite_eq_right` instead
warning: lean/PvNP/RealizableHardness/ActualBinaryGrassmannIncidence.lean:716:15: `if_pos` has been deprecated: Use `ite_eq_left` instead
warning: lean/PvNP/RealizableHardness/ActualBinaryGrassmannIncidence.lean:761:37: Variable name `r` is not explicitly referenced.

Hint: The binding can be removed (if unused) or named `_` (if used implicitly). Alternatively, prefix the name with `_` to silence this warning:
  [apply] _r

Note: This linter can be disabled with `set_option linter.unusedVariables false`
warning: lean/PvNP/RealizableHardness/ActualBinaryGrassmannIncidence.lean:769:39: Variable name `r` is not explicitly referenced.

Hint: The binding can be removed (if unused) or named `_` (if used implicitly). Alternatively, prefix the name with `_` to silence this warning:
  [apply] _r

Note: This linter can be disabled with `set_option linter.unusedVariables false`
⚠ [3311/3359] Replayed PvNP.RealizableHardness.ActualBinaryGrassmannSamplingBounds
warning: lean/PvNP/RealizableHardness/ActualBinaryGrassmannSamplingBounds.lean:483:2: try 'simp' instead of 'simpa'

Note: This linter can be disabled with `set_option linter.unnecessarySimpa false`
warning: lean/PvNP/RealizableHardness/ActualBinaryGrassmannSamplingBounds.lean:475:5: Variable name `hInj` is not explicitly referenced.

Hint: The binding can be removed (if unused) or named `_` (if used implicitly). Alternatively, prefix the name with `_` to silence this warning:
  [apply] _hInj

Note: This linter can be disabled with `set_option linter.unusedVariables false`
warning: lean/PvNP/RealizableHardness/ActualBinaryGrassmannSamplingBounds.lean:508:2: try 'simp' instead of 'simpa'

Note: This linter can be disabled with `set_option linter.unnecessarySimpa false`
warning: lean/PvNP/RealizableHardness/ActualBinaryGrassmannSamplingBounds.lean:513:5: Variable name `hInj` is not explicitly referenced.

Hint: The binding can be removed (if unused) or named `_` (if used implicitly). Alternatively, prefix the name with `_` to silence this warning:
  [apply] _hInj

Note: This linter can be disabled with `set_option linter.unusedVariables false`
warning: lean/PvNP/RealizableHardness/ActualBinaryGrassmannSamplingBounds.lean:744:29: Used `tac1 <;> tac2` where `(tac1; tac2)` would suffice

Note: This linter can be disabled with `set_option linter.unnecessarySeqFocus false`
warning: lean/PvNP/RealizableHardness/ActualBinaryGrassmannSamplingBounds.lean:769:32: Used `tac1 <;> tac2` where `(tac1; tac2)` would suffice

Note: This linter can be disabled with `set_option linter.unnecessarySeqFocus false`
warning: lean/PvNP/RealizableHardness/ActualBinaryGrassmannSamplingBounds.lean:769:45: Used `tac1 <;> tac2` where `(tac1; tac2)` would suffice

Note: This linter can be disabled with `set_option linter.unnecessarySeqFocus false`
warning: lean/PvNP/RealizableHardness/ActualBinaryGrassmannSamplingBounds.lean:784:5: Variable name `hInj` is not explicitly referenced.

Hint: The binding can be removed (if unused) or named `_` (if used implicitly). Alternatively, prefix the name with `_` to silence this warning:
  [apply] _hInj

Note: This linter can be disabled with `set_option linter.unusedVariables false`
warning: lean/PvNP/RealizableHardness/ActualBinaryGrassmannSamplingBounds.lean:792:15: This simp argument is unused:
  adviceComplement_finrank C

Hint: Omit it from the simp argument list.
  [apply] simp [haj]

Note: This linter can be disabled with `set_option linter.unusedSimpArgs false`
warning: lean/PvNP/RealizableHardness/ActualBinaryGrassmannSamplingBounds.lean:825:2: try 'simp' instead of 'simpa'

Note: This linter can be disabled with `set_option linter.unnecessarySimpa false`
warning: lean/PvNP/RealizableHardness/ActualBinaryGrassmannSamplingBounds.lean:844:15: `if_pos` has been deprecated: Use `ite_eq_left` instead
warning: lean/PvNP/RealizableHardness/ActualBinaryGrassmannSamplingBounds.lean:832:5: Variable name `hInj` is not explicitly referenced.

Hint: The binding can be removed (if unused) or named `_` (if used implicitly). Alternatively, prefix the name with `_` to silence this warning:
  [apply] _hInj

Note: This linter can be disabled with `set_option linter.unusedVariables false`
warning: lean/PvNP/RealizableHardness/ActualBinaryGrassmannSamplingBounds.lean:1092:29: Used `tac1 <;> tac2` where `(tac1; tac2)` would suffice

Note: This linter can be disabled with `set_option linter.unnecessarySeqFocus false`
warning: lean/PvNP/RealizableHardness/ActualBinaryGrassmannSamplingBounds.lean:1118:32: Used `tac1 <;> tac2` where `(tac1; tac2)` would suffice

Note: This linter can be disabled with `set_option linter.unnecessarySeqFocus false`
warning: lean/PvNP/RealizableHardness/ActualBinaryGrassmannSamplingBounds.lean:1118:45: Used `tac1 <;> tac2` where `(tac1; tac2)` would suffice

Note: This linter can be disabled with `set_option linter.unnecessarySeqFocus false`
⚠ [3312/3359] Replayed PvNP.RealizableHardness.ActualSourceStarLaw
warning: lean/PvNP/RealizableHardness/ActualSourceStarLaw.lean:65:2: Try this: 
  haveI̵

The goal is a proposition, so `have` is preferred over `haveI`.
The difference between `have` and `haveI` is that `haveI` inlines the value.
But this is not relevant for proofs because of proof irrelevance.

Note: This linter can be disabled with `set_option linter.style.haveILetI false`
warning: lean/PvNP/RealizableHardness/ActualSourceStarLaw.lean:75:2: Try this: 
  haveI̵

The goal is a proposition, so `have` is preferred over `haveI`.
The difference between `have` and `haveI` is that `haveI` inlines the value.
But this is not relevant for proofs because of proof irrelevance.

Note: This linter can be disabled with `set_option linter.style.haveILetI false`
warning: lean/PvNP/RealizableHardness/ActualSourceStarLaw.lean:78:36: Variable name `hdV` is not explicitly referenced.

Hint: The binding can be removed (if unused) or named `_` (if used implicitly). Alternatively, prefix the name with `_` to silence this warning:
  [apply] _hdV

Note: This linter can be disabled with `set_option linter.unusedVariables false`
warning: lean/PvNP/RealizableHardness/ActualSourceStarLaw.lean:85:26: This simp argument is unused:
  mul_assoc

Hint: Omit it from the simp argument list.
  [apply] simp [Finset.sum_const, mul_left_comm, mul_comm]

Note: This linter can be disabled with `set_option linter.unusedSimpArgs false`
warning: lean/PvNP/RealizableHardness/ActualSourceStarLaw.lean:85:37: This simp argument is unused:
  mul_left_comm

Hint: Omit it from the simp argument list.
  [apply] simp [Finset.sum_const, mul_assoc, mul_comm]

Note: This linter can be disabled with `set_option linter.unusedSimpArgs false`
warning: lean/PvNP/RealizableHardness/ActualSourceStarLaw.lean:85:52: This simp argument is unused:
  mul_comm

Hint: Omit it from the simp argument list.
  [apply] simp [Finset.sum_const, mul_assoc, mul_left_comm]

Note: This linter can be disabled with `set_option linter.unusedSimpArgs false`
warning: lean/PvNP/RealizableHardness/ActualSourceStarLaw.lean:110:2: Try this: 
  haveI̵

The goal is a proposition, so `have` is preferred over `haveI`.
The difference between `have` and `haveI` is that `haveI` inlines the value.
But this is not relevant for proofs because of proof irrelevance.

Note: This linter can be disabled with `set_option linter.style.haveILetI false`
warning: lean/PvNP/RealizableHardness/ActualSourceStarLaw.lean:111:2: Try this: 
  haveI̵

The goal is a proposition, so `have` is preferred over `haveI`.
The difference between `have` and `haveI` is that `haveI` inlines the value.
But this is not relevant for proofs because of proof irrelevance.

Note: This linter can be disabled with `set_option linter.style.haveILetI false`
warning: lean/PvNP/RealizableHardness/ActualSourceStarLaw.lean:119:2: Try this: 
  haveI̵

The goal is a proposition, so `have` is preferred over `haveI`.
The difference between `have` and `haveI` is that `haveI` inlines the value.
But this is not relevant for proofs because of proof irrelevance.

Note: This linter can be disabled with `set_option linter.style.haveILetI false`
⚠ [3313/3359] Replayed PvNP.RealizableHardness.ActualTaggedOrderedSampleNonempty
warning: lean/PvNP/RealizableHardness/ActualTaggedOrderedSampleNonempty.lean:144:2: Try this: 
  letI̵

The goal is a proposition, so `let` is preferred over `letI`.
The difference between `let` and `letI` is that `letI` inlines the value.
But this is not relevant for proofs because of proof irrelevance.

Note: This linter can be disabled with `set_option linter.style.haveILetI false`
warning: lean/PvNP/RealizableHardness/ActualTaggedOrderedSampleNonempty.lean:200:2: Try this: 
  letI̵

The goal is a proposition, so `let` is preferred over `letI`.
The difference between `let` and `letI` is that `letI` inlines the value.
But this is not relevant for proofs because of proof irrelevance.

Note: This linter can be disabled with `set_option linter.style.haveILetI false`
warning: lean/PvNP/RealizableHardness/ActualTaggedOrderedSampleNonempty.lean:292:2: Try this: 
  letI̵

The goal is a proposition, so `let` is preferred over `letI`.
The difference between `let` and `letI` is that `letI` inlines the value.
But this is not relevant for proofs because of proof irrelevance.

Note: This linter can be disabled with `set_option linter.style.haveILetI false`
⚠ [3314/3359] Replayed PvNP.RealizableHardness.ActualTaggedConditionalDomainCollision
warning: lean/PvNP/RealizableHardness/ActualTaggedConditionalDomainCollision.lean:37:2: Try this: 
  letI̵

The goal is a proposition, so `let` is preferred over `letI`.
The difference between `let` and `letI` is that `letI` inlines the value.
But this is not relevant for proofs because of proof irrelevance.

Note: This linter can be disabled with `set_option linter.style.haveILetI false`
warning: lean/PvNP/RealizableHardness/ActualTaggedConditionalDomainCollision.lean:40:2: Try this: 
  letI̵

The goal is a proposition, so `let` is preferred over `letI`.
The difference between `let` and `letI` is that `letI` inlines the value.
But this is not relevant for proofs because of proof irrelevance.

Note: This linter can be disabled with `set_option linter.style.haveILetI false`
warning: lean/PvNP/RealizableHardness/ActualTaggedConditionalDomainCollision.lean:57:4: try 'simp' instead of 'simpa'

Note: This linter can be disabled with `set_option linter.unnecessarySimpa false`
⚠ [3315/3359] Replayed PvNP.RealizableHardness.ActualTaggedConditionalDomainDraw
warning: lean/PvNP/RealizableHardness/ActualTaggedConditionalDomainDraw.lean:36:2: Try this: 
  letI̵

The goal is a proposition, so `let` is preferred over `letI`.
The difference between `let` and `letI` is that `letI` inlines the value.
But this is not relevant for proofs because of proof irrelevance.

Note: This linter can be disabled with `set_option linter.style.haveILetI false`
warning: lean/PvNP/RealizableHardness/ActualTaggedConditionalDomainDraw.lean:90:51: This simp argument is unused:
  Nat.add_left_comm

Hint: Omit it from the simp argument list.
  [apply] simp [Nat.succ_mul, Nat.add_assoc, Nat.add_comm] at hs'

Note: This linter can be disabled with `set_option linter.unusedSimpArgs false`
warning: lean/PvNP/RealizableHardness/ActualTaggedConditionalDomainDraw.lean:176:22: Variable name `hh` is not explicitly referenced.

Hint: The binding can be removed (if unused) or named `_` (if used implicitly). Alternatively, prefix the name with `_` to silence this warning:
  [apply] _hh

Note: This linter can be disabled with `set_option linter.unusedVariables false`
warning: lean/PvNP/RealizableHardness/ActualTaggedConditionalDomainDraw.lean:195:2: Try this: 
  letI̵

The goal is a proposition, so `let` is preferred over `letI`.
The difference between `let` and `letI` is that `letI` inlines the value.
But this is not relevant for proofs because of proof irrelevance.

Note: This linter can be disabled with `set_option linter.style.haveILetI false`
warning: lean/PvNP/RealizableHardness/ActualTaggedConditionalDomainDraw.lean:401:2: Try this: 
  letI̵

The goal is a proposition, so `let` is preferred over `letI`.
The difference between `let` and `letI` is that `letI` inlines the value.
But this is not relevant for proofs because of proof irrelevance.

Note: This linter can be disabled with `set_option linter.style.haveILetI false`
warning: lean/PvNP/RealizableHardness/ActualTaggedConditionalDomainDraw.lean:403:2: Try this: 
  letI̵

The goal is a proposition, so `let` is preferred over `letI`.
The difference between `let` and `letI` is that `letI` inlines the value.
But this is not relevant for proofs because of proof irrelevance.

Note: This linter can be disabled with `set_option linter.style.haveILetI false`
⚠ [3316/3359] Replayed PvNP.RealizableHardness.ActualTaggedOrderedClassCollisionBound
warning: lean/PvNP/RealizableHardness/ActualTaggedOrderedClassCollisionBound.lean:121:2: Try this: 
  letI̵

The goal is a proposition, so `let` is preferred over `letI`.
The difference between `let` and `letI` is that `letI` inlines the value.
But this is not relevant for proofs because of proof irrelevance.

Note: This linter can be disabled with `set_option linter.style.haveILetI false`
warning: lean/PvNP/RealizableHardness/ActualTaggedOrderedClassCollisionBound.lean:123:2: Try this: 
  letI̵

The goal is a proposition, so `let` is preferred over `letI`.
The difference between `let` and `letI` is that `letI` inlines the value.
But this is not relevant for proofs because of proof irrelevance.

Note: This linter can be disabled with `set_option linter.style.haveILetI false`
warning: lean/PvNP/RealizableHardness/ActualTaggedOrderedClassCollisionBound.lean:178:2: Try this: 
  letI̵

The goal is a proposition, so `let` is preferred over `letI`.
The difference between `let` and `letI` is that `letI` inlines the value.
But this is not relevant for proofs because of proof irrelevance.

Note: This linter can be disabled with `set_option linter.style.haveILetI false`
warning: lean/PvNP/RealizableHardness/ActualTaggedOrderedClassCollisionBound.lean:180:2: Try this: 
  letI̵

The goal is a proposition, so `let` is preferred over `letI`.
The difference between `let` and `letI` is that `letI` inlines the value.
But this is not relevant for proofs because of proof irrelevance.

Note: This linter can be disabled with `set_option linter.style.haveILetI false`
warning: lean/PvNP/RealizableHardness/ActualTaggedOrderedClassCollisionBound.lean:214:16: `if_pos` has been deprecated: Use `ite_eq_left` instead
warning: lean/PvNP/RealizableHardness/ActualTaggedOrderedClassCollisionBound.lean:216:16: `if_neg` has been deprecated: Use `ite_eq_right` instead
warning: lean/PvNP/RealizableHardness/ActualTaggedOrderedClassCollisionBound.lean:218:10: `if_pos` has been deprecated: Use `ite_eq_left` instead
warning: lean/PvNP/RealizableHardness/ActualTaggedOrderedClassCollisionBound.lean:219:10: `if_neg` has been deprecated: Use `ite_eq_right` instead
⚠ [3319/3359] Replayed PvNP.RealizableHardness.ActualTaggedFixedUDensityForce
warning: lean/PvNP/RealizableHardness/ActualTaggedFixedUDensityForce.lean:61:2: Try this: 
  haveI̵

The goal is a proposition, so `have` is preferred over `haveI`.
The difference between `have` and `haveI` is that `haveI` inlines the value.
But this is not relevant for proofs because of proof irrelevance.

Note: This linter can be disabled with `set_option linter.style.haveILetI false`
warning: lean/PvNP/RealizableHardness/ActualTaggedFixedUDensityForce.lean:91:2: Try this: 
  letI̵

The goal is a proposition, so `let` is preferred over `letI`.
The difference between `let` and `letI` is that `letI` inlines the value.
But this is not relevant for proofs because of proof irrelevance.

Note: This linter can be disabled with `set_option linter.style.haveILetI false`
warning: lean/PvNP/RealizableHardness/ActualTaggedFixedUDensityForce.lean:92:2: Try this: 
  letI̵

The goal is a proposition, so `let` is preferred over `letI`.
The difference between `let` and `letI` is that `letI` inlines the value.
But this is not relevant for proofs because of proof irrelevance.

Note: This linter can be disabled with `set_option linter.style.haveILetI false`
warning: lean/PvNP/RealizableHardness/ActualTaggedFixedUDensityForce.lean:172:21: `if_true` has been deprecated: Use `ite_true` instead
warning: lean/PvNP/RealizableHardness/ActualTaggedFixedUDensityForce.lean:174:21: `if_false` has been deprecated: Use `ite_false` instead
info: lean/PvNP/RealizableHardness/ActualTaggedFixedUDensityForce.lean:267:24: Try this:
  [apply] ring_nf
  
  The `ring` tactic failed to close the goal. Use `ring_nf` to obtain a normal form.
    
  Note that `ring` works primarily in *commutative* rings. If you have a noncommutative ring, abelian group or module, consider using `noncomm_ring`, `abel` or `module` instead.
⚠ [3320/3359] Replayed PvNP.RealizableHardness.ActualTaggedComposedPhysicalSampler
warning: lean/PvNP/RealizableHardness/ActualTaggedComposedPhysicalSampler.lean:124:2: Try this: 
  letI̵

The goal is a proposition, so `let` is preferred over `letI`.
The difference between `let` and `letI` is that `letI` inlines the value.
But this is not relevant for proofs because of proof irrelevance.

Note: This linter can be disabled with `set_option linter.style.haveILetI false`
warning: lean/PvNP/RealizableHardness/ActualTaggedComposedPhysicalSampler.lean:126:2: Try this: 
  letI̵

The goal is a proposition, so `let` is preferred over `letI`.
The difference between `let` and `letI` is that `letI` inlines the value.
But this is not relevant for proofs because of proof irrelevance.

Note: This linter can be disabled with `set_option linter.style.haveILetI false`
warning: lean/PvNP/RealizableHardness/ActualTaggedComposedPhysicalSampler.lean:201:2: Try this: 
  letI̵

The goal is a proposition, so `let` is preferred over `letI`.
The difference between `let` and `letI` is that `letI` inlines the value.
But this is not relevant for proofs because of proof irrelevance.

Note: This linter can be disabled with `set_option linter.style.haveILetI false`
warning: lean/PvNP/RealizableHardness/ActualTaggedComposedPhysicalSampler.lean:221:43: This simp argument is unused:
  mul_left_comm

Hint: Omit it from the simp argument list.
  [apply] simp [Finset.mul_sum, mul_assoc, mul_comm]

Note: This linter can be disabled with `set_option linter.unusedSimpArgs false`
warning: lean/PvNP/RealizableHardness/ActualTaggedComposedPhysicalSampler.lean:242:53: This simp argument is unused:
  d

Hint: Omit it from the simp argument list.
  [apply] simp [q, uniformLaw_apply]

Note: This linter can be disabled with `set_option linter.unusedSimpArgs false`
warning: lean/PvNP/RealizableHardness/ActualTaggedComposedPhysicalSampler.lean:469:7: Variable name `T` is not explicitly referenced.

Hint: The binding can be removed (if unused) or named `_` (if used implicitly). Alternatively, prefix the name with `_` to silence this warning:
  [apply] _T

Note: This linter can be disabled with `set_option linter.unusedVariables false`
⚠ [3321/3359] Replayed PvNP.RealizableHardness.ActualTaggedMZSideDraw
warning: lean/PvNP/RealizableHardness/ActualTaggedMZSideDraw.lean:195:2: Try this: 
  letI̵

The goal is a proposition, so `let` is preferred over `letI`.
The difference between `let` and `letI` is that `letI` inlines the value.
But this is not relevant for proofs because of proof irrelevance.

Note: This linter can be disabled with `set_option linter.style.haveILetI false`
warning: lean/PvNP/RealizableHardness/ActualTaggedMZSideDraw.lean:212:2: Try this: 
  letI̵

The goal is a proposition, so `let` is preferred over `letI`.
The difference between `let` and `letI` is that `letI` inlines the value.
But this is not relevant for proofs because of proof irrelevance.

Note: This linter can be disabled with `set_option linter.style.haveILetI false`
warning: lean/PvNP/RealizableHardness/ActualTaggedMZSideDraw.lean:214:2: Try this: 
  letI̵

The goal is a proposition, so `let` is preferred over `letI`.
The difference between `let` and `letI` is that `letI` inlines the value.
But this is not relevant for proofs because of proof irrelevance.

Note: This linter can be disabled with `set_option linter.style.haveILetI false`
warning: lean/PvNP/RealizableHardness/ActualTaggedMZSideDraw.lean:283:17: Variable name `he` is not explicitly referenced.

Hint: The binding can be removed (if unused) or named `_` (if used implicitly). Alternatively, prefix the name with `_` to silence this warning:
  [apply] _he

Note: This linter can be disabled with `set_option linter.unusedVariables false`
warning: lean/PvNP/RealizableHardness/ActualTaggedMZSideDraw.lean:384:2: Try this: 
  letI̵

The goal is a proposition, so `let` is preferred over `letI`.
The difference between `let` and `letI` is that `letI` inlines the value.
But this is not relevant for proofs because of proof irrelevance.

Note: This linter can be disabled with `set_option linter.style.haveILetI false`
warning: lean/PvNP/RealizableHardness/ActualTaggedMZSideDraw.lean:388:2: Try this: 
  letI̵

The goal is a proposition, so `let` is preferred over `letI`.
The difference between `let` and `letI` is that `letI` inlines the value.
But this is not relevant for proofs because of proof irrelevance.

Note: This linter can be disabled with `set_option linter.style.haveILetI false`
warning: lean/PvNP/RealizableHardness/ActualTaggedMZSideDraw.lean:423:7: Variable name `T` is not explicitly referenced.

Hint: The binding can be removed (if unused) or named `_` (if used implicitly). Alternatively, prefix the name with `_` to silence this warning:
  [apply] _T

Note: This linter can be disabled with `set_option linter.unusedVariables false`
⚠ [3322/3359] Replayed PvNP.RealizableHardness.ActualTaggedComplementIncidence
warning: lean/PvNP/RealizableHardness/ActualTaggedComplementIncidence.lean:238:6: Try this: 
  letI̵

The goal is a proposition, so `let` is preferred over `letI`.
The difference between `let` and `letI` is that `letI` inlines the value.
But this is not relevant for proofs because of proof irrelevance.

Note: This linter can be disabled with `set_option linter.style.haveILetI false`
warning: lean/PvNP/RealizableHardness/ActualTaggedComplementIncidence.lean:246:6: Try this: 
  letI̵

The goal is a proposition, so `let` is preferred over `letI`.
The difference between `let` and `letI` is that `letI` inlines the value.
But this is not relevant for proofs because of proof irrelevance.

Note: This linter can be disabled with `set_option linter.style.haveILetI false`
warning: lean/PvNP/RealizableHardness/ActualTaggedComplementIncidence.lean:258:2: Try this: 
  letI̵

The goal is a proposition, so `let` is preferred over `letI`.
The difference between `let` and `letI` is that `letI` inlines the value.
But this is not relevant for proofs because of proof irrelevance.

Note: This linter can be disabled with `set_option linter.style.haveILetI false`
warning: lean/PvNP/RealizableHardness/ActualTaggedComplementIncidence.lean:260:2: Try this: 
  letI̵

The goal is a proposition, so `let` is preferred over `letI`.
The difference between `let` and `letI` is that `letI` inlines the value.
But this is not relevant for proofs because of proof irrelevance.

Note: This linter can be disabled with `set_option linter.style.haveILetI false`
warning: lean/PvNP/RealizableHardness/ActualTaggedComplementIncidence.lean:263:2: Try this: 
  letI̵

The goal is a proposition, so `let` is preferred over `letI`.
The difference between `let` and `letI` is that `letI` inlines the value.
But this is not relevant for proofs because of proof irrelevance.

Note: This linter can be disabled with `set_option linter.style.haveILetI false`
warning: lean/PvNP/RealizableHardness/ActualTaggedComplementIncidence.lean:266:2: Try this: 
  letI̵

The goal is a proposition, so `let` is preferred over `letI`.
The difference between `let` and `letI` is that `letI` inlines the value.
But this is not relevant for proofs because of proof irrelevance.

Note: This linter can be disabled with `set_option linter.style.haveILetI false`
warning: lean/PvNP/RealizableHardness/ActualTaggedComplementIncidence.lean:360:17: Variable name `he` is not explicitly referenced.

Hint: The binding can be removed (if unused) or named `_` (if used implicitly). Alternatively, prefix the name with `_` to silence this warning:
  [apply] _he

Note: This linter can be disabled with `set_option linter.unusedVariables false`
warning: lean/PvNP/RealizableHardness/ActualTaggedComplementIncidence.lean:374:18: Variable name `he` is not explicitly referenced.

Hint: The binding can be removed (if unused) or named `_` (if used implicitly). Alternatively, prefix the name with `_` to silence this warning:
  [apply] _he

Note: This linter can be disabled with `set_option linter.unusedVariables false`
warning: lean/PvNP/RealizableHardness/ActualTaggedComplementIncidence.lean:376:18: Variable name `he` is not explicitly referenced.

Hint: The binding can be removed (if unused) or named `_` (if used implicitly). Alternatively, prefix the name with `_` to silence this warning:
  [apply] _he

Note: This linter can be disabled with `set_option linter.unusedVariables false`
warning: lean/PvNP/RealizableHardness/ActualTaggedComplementIncidence.lean:410:6: Try this: 
  letI̵

The goal is a proposition, so `let` is preferred over `letI`.
The difference between `let` and `letI` is that `letI` inlines the value.
But this is not relevant for proofs because of proof irrelevance.

Note: This linter can be disabled with `set_option linter.style.haveILetI false`
warning: lean/PvNP/RealizableHardness/ActualTaggedComplementIncidence.lean:418:6: Try this: 
  letI̵

The goal is a proposition, so `let` is preferred over `letI`.
The difference between `let` and `letI` is that `letI` inlines the value.
But this is not relevant for proofs because of proof irrelevance.

Note: This linter can be disabled with `set_option linter.style.haveILetI false`
warning: lean/PvNP/RealizableHardness/ActualTaggedComplementIncidence.lean:432:4: Try this: 
  letI̵

The goal is a proposition, so `let` is preferred over `letI`.
The difference between `let` and `letI` is that `letI` inlines the value.
But this is not relevant for proofs because of proof irrelevance.

Note: This linter can be disabled with `set_option linter.style.haveILetI false`
warning: lean/PvNP/RealizableHardness/ActualTaggedComplementIncidence.lean:431:2: Try this: 
  letI̵

The goal is a proposition, so `let` is preferred over `letI`.
The difference between `let` and `letI` is that `letI` inlines the value.
But this is not relevant for proofs because of proof irrelevance.

Note: This linter can be disabled with `set_option linter.style.haveILetI false`
warning: lean/PvNP/RealizableHardness/ActualTaggedComplementIncidence.lean:440:4: Try this: 
  letI̵

The goal is a proposition, so `let` is preferred over `letI`.
The difference between `let` and `letI` is that `letI` inlines the value.
But this is not relevant for proofs because of proof irrelevance.

Note: This linter can be disabled with `set_option linter.style.haveILetI false`
warning: lean/PvNP/RealizableHardness/ActualTaggedComplementIncidence.lean:439:2: Try this: 
  letI̵

The goal is a proposition, so `let` is preferred over `letI`.
The difference between `let` and `letI` is that `letI` inlines the value.
But this is not relevant for proofs because of proof irrelevance.

Note: This linter can be disabled with `set_option linter.style.haveILetI false`
warning: lean/PvNP/RealizableHardness/ActualTaggedComplementIncidence.lean:586:47: This simp argument is unused:
  inf_comm

Hint: Omit it from the simp argument list.
  [apply] simp only [B, Submodule.map_comap_subtype]

Note: This linter can be disabled with `set_option linter.unusedSimpArgs false`
warning: lean/PvNP/RealizableHardness/ActualTaggedComplementIncidence.lean:684:4: try 'simp' instead of 'simpa'

Note: This linter can be disabled with `set_option linter.unnecessarySimpa false`
warning: lean/PvNP/RealizableHardness/ActualTaggedComplementIncidence.lean:705:2: Try this: 
  letI̵

The goal is a proposition, so `let` is preferred over `letI`.
The difference between `let` and `letI` is that `letI` inlines the value.
But this is not relevant for proofs because of proof irrelevance.

Note: This linter can be disabled with `set_option linter.style.haveILetI false`
warning: lean/PvNP/RealizableHardness/ActualTaggedComplementIncidence.lean:918:8: Try this: 
  letI̵

The goal is a proposition, so `let` is preferred over `letI`.
The difference between `let` and `letI` is that `letI` inlines the value.
But this is not relevant for proofs because of proof irrelevance.

Note: This linter can be disabled with `set_option linter.style.haveILetI false`
warning: lean/PvNP/RealizableHardness/ActualTaggedComplementIncidence.lean:917:6: Try this: 
  letI̵

The goal is a proposition, so `let` is preferred over `letI`.
The difference between `let` and `letI` is that `letI` inlines the value.
But this is not relevant for proofs because of proof irrelevance.

Note: This linter can be disabled with `set_option linter.style.haveILetI false`
⚠ [3324/3359] Replayed PvNP.RealizableHardness.ActualStarJointKernel
warning: lean/PvNP/RealizableHardness/ActualStarJointKernel.lean:45:0: automatically included section variable(s) unused in theorem `PvNP.RealizableHardness.ActualStarJointKernel.incrementSumMap_range`:
  [Finite V]
consider restructuring your `variable` declarations so that the variables are not in scope or explicitly omit them:
  omit [Finite V] in theorem ...

Note: This linter can be disabled with `set_option linter.unusedSectionVars false`
warning: lean/PvNP/RealizableHardness/ActualStarJointKernel.lean:73:2: Try this: 
  letI̵

The goal is a proposition, so `let` is preferred over `letI`.
The difference between `let` and `letI` is that `letI` inlines the value.
But this is not relevant for proofs because of proof irrelevance.

Note: This linter can be disabled with `set_option linter.style.haveILetI false`
warning: lean/PvNP/RealizableHardness/ActualStarJointKernel.lean:74:2: Try this: 
  letI̵

The goal is a proposition, so `let` is preferred over `letI`.
The difference between `let` and `letI` is that `letI` inlines the value.
But this is not relevant for proofs because of proof irrelevance.

Note: This linter can be disabled with `set_option linter.style.haveILetI false`
⚠ [3325/3359] Replayed PvNP.RealizableHardness.ActualStarKernelSupport
warning: lean/PvNP/RealizableHardness/ActualStarKernelSupport.lean:33:0: automatically included section variable(s) unused in theorem `PvNP.RealizableHardness.ActualStarKernelSupport.kernelWitness_has_exact_support_relation`:
  [Finite V]
consider restructuring your `variable` declarations so that the variables are not in scope or explicitly omit them:
  omit [Finite V] in theorem ...

Note: This linter can be disabled with `set_option linter.unusedSectionVars false`
warning: lean/PvNP/RealizableHardness/ActualStarKernelSupport.lean:92:4: Try this: intro i hzero
⚠ [3326/3359] Replayed PvNP.RealizableHardness.ActualStarLineIncidence
warning: lean/PvNP/RealizableHardness/ActualStarLineIncidence.lean:36:2: Try this: 
  letI̵

The goal is a proposition, so `let` is preferred over `letI`.
The difference between `let` and `letI` is that `letI` inlines the value.
But this is not relevant for proofs because of proof irrelevance.

Note: This linter can be disabled with `set_option linter.style.haveILetI false`
warning: lean/PvNP/RealizableHardness/ActualStarLineIncidence.lean:38:2: Try this: 
  letI̵

The goal is a proposition, so `let` is preferred over `letI`.
The difference between `let` and `letI` is that `letI` inlines the value.
But this is not relevant for proofs because of proof irrelevance.

Note: This linter can be disabled with `set_option linter.style.haveILetI false`
⚠ [3327/3359] Replayed PvNP.RealizableHardness.ActualStarExtensionProduct
warning: lean/PvNP/RealizableHardness/ActualStarExtensionProduct.lean:102:4: This simp argument is unused:
  Fintype.card_fun

Hint: Omit it from the simp argument list.
  [apply] simp [extensionTupleLaw, uniformLaw_apply, extensionLaw_apply, Finset.prod_const]

Note: This linter can be disabled with `set_option linter.unusedSimpArgs false`
warning: lean/PvNP/RealizableHardness/ActualStarExtensionProduct.lean:128:2: Try this: 
  letI̵

The goal is a proposition, so `let` is preferred over `letI`.
The difference between `let` and `letI` is that `letI` inlines the value.
But this is not relevant for proofs because of proof irrelevance.

Note: This linter can be disabled with `set_option linter.style.haveILetI false`
warning: lean/PvNP/RealizableHardness/ActualStarExtensionProduct.lean:129:2: Try this: 
  letI̵

The goal is a proposition, so `let` is preferred over `letI`.
The difference between `let` and `letI` is that `letI` inlines the value.
But this is not relevant for proofs because of proof irrelevance.

Note: This linter can be disabled with `set_option linter.style.haveILetI false`
warning: lean/PvNP/RealizableHardness/ActualStarExtensionProduct.lean:134:2: Try this: 
  letI̵

The goal is a proposition, so `let` is preferred over `letI`.
The difference between `let` and `letI` is that `letI` inlines the value.
But this is not relevant for proofs because of proof irrelevance.

Note: This linter can be disabled with `set_option linter.style.haveILetI false`
warning: lean/PvNP/RealizableHardness/ActualStarExtensionProduct.lean:185:10: `if_pos` has been deprecated: Use `ite_eq_left` instead
warning: lean/PvNP/RealizableHardness/ActualStarExtensionProduct.lean:190:10: `if_neg` has been deprecated: Use `ite_eq_right` instead
warning: lean/PvNP/RealizableHardness/ActualStarExtensionProduct.lean:213:19: Variable name `hdV` is not explicitly referenced.

Hint: The binding can be removed (if unused) or named `_` (if used implicitly). Alternatively, prefix the name with `_` to silence this warning:
  [apply] _hdV

Note: This linter can be disabled with `set_option linter.unusedVariables false`
⚠ [3328/3359] Replayed PvNP.RealizableHardness.ActualStarBadMassWitness
warning: lean/PvNP/RealizableHardness/ActualStarBadMassWitness.lean:48:2: Try this: 
  letI̵

The goal is a proposition, so `let` is preferred over `letI`.
The difference between `let` and `letI` is that `letI` inlines the value.
But this is not relevant for proofs because of proof irrelevance.

Note: This linter can be disabled with `set_option linter.style.haveILetI false`
warning: lean/PvNP/RealizableHardness/ActualStarBadMassWitness.lean:50:2: Try this: 
  letI̵

The goal is a proposition, so `let` is preferred over `letI`.
The difference between `let` and `letI` is that `letI` inlines the value.
But this is not relevant for proofs because of proof irrelevance.

Note: This linter can be disabled with `set_option linter.style.haveILetI false`
warning: lean/PvNP/RealizableHardness/ActualStarBadMassWitness.lean:39:26: Variable name `hS` is not explicitly referenced.

Hint: The binding can be removed (if unused) or named `_` (if used implicitly). Alternatively, prefix the name with `_` to silence this warning:
  [apply] _hS

Note: This linter can be disabled with `set_option linter.unusedVariables false`
warning: lean/PvNP/RealizableHardness/ActualStarBadMassWitness.lean:43:5: Variable name `hsum` is not explicitly referenced.

Hint: The binding can be removed (if unused) or named `_` (if used implicitly). Alternatively, prefix the name with `_` to silence this warning:
  [apply] _hsum

Note: This linter can be disabled with `set_option linter.unusedVariables false`
warning: lean/PvNP/RealizableHardness/ActualStarBadMassWitness.lean:116:2: Try this: 
  letI̵

The goal is a proposition, so `let` is preferred over `letI`.
The difference between `let` and `letI` is that `letI` inlines the value.
But this is not relevant for proofs because of proof irrelevance.

Note: This linter can be disabled with `set_option linter.style.haveILetI false`
warning: lean/PvNP/RealizableHardness/ActualStarBadMassWitness.lean:118:2: Try this: 
  letI̵

The goal is a proposition, so `let` is preferred over `letI`.
The difference between `let` and `letI` is that `letI` inlines the value.
But this is not relevant for proofs because of proof irrelevance.

Note: This linter can be disabled with `set_option linter.style.haveILetI false`
warning: lean/PvNP/RealizableHardness/ActualStarBadMassWitness.lean:110:5: Variable name `hsum` is not explicitly referenced.

Hint: The binding can be removed (if unused) or named `_` (if used implicitly). Alternatively, prefix the name with `_` to silence this warning:
  [apply] _hsum

Note: This linter can be disabled with `set_option linter.unusedVariables false`
⚠ [3329/3359] Replayed PvNP.RealizableHardness.ActualStarSupportCatalog
warning: lean/PvNP/RealizableHardness/ActualStarSupportCatalog.lean:99:2: Try this: 
  letI̵

The goal is a proposition, so `let` is preferred over `letI`.
The difference between `let` and `letI` is that `letI` inlines the value.
But this is not relevant for proofs because of proof irrelevance.

Note: This linter can be disabled with `set_option linter.style.haveILetI false`
warning: lean/PvNP/RealizableHardness/ActualStarSupportCatalog.lean:121:2: Try this: 
  letI̵

The goal is a proposition, so `let` is preferred over `letI`.
The difference between `let` and `letI` is that `letI` inlines the value.
But this is not relevant for proofs because of proof irrelevance.

Note: This linter can be disabled with `set_option linter.style.haveILetI false`
⚠ [3330/3359] Replayed PvNP.RealizableHardness.ActualStarFixedCenterFirstMoment
warning: lean/PvNP/RealizableHardness/ActualStarFixedCenterFirstMoment.lean:28:5: Variable name `r` is not explicitly referenced.

Hint: The binding can be removed (if unused) or named `_` (if used implicitly). Alternatively, prefix the name with `_` to silence this warning:
  [apply] _r

Note: This linter can be disabled with `set_option linter.unusedVariables false`
warning: lean/PvNP/RealizableHardness/ActualStarFixedCenterFirstMoment.lean:57:2: Try this: 
  letI̵

The goal is a proposition, so `let` is preferred over `letI`.
The difference between `let` and `letI` is that `letI` inlines the value.
But this is not relevant for proofs because of proof irrelevance.

Note: This linter can be disabled with `set_option linter.style.haveILetI false`
warning: lean/PvNP/RealizableHardness/ActualStarFixedCenterFirstMoment.lean:91:2: Try this: 
  letI̵

The goal is a proposition, so `let` is preferred over `letI`.
The difference between `let` and `letI` is that `letI` inlines the value.
But this is not relevant for proofs because of proof irrelevance.

Note: This linter can be disabled with `set_option linter.style.haveILetI false`
warning: lean/PvNP/RealizableHardness/ActualStarFixedCenterFirstMoment.lean:110:4: Try this: 
  letI̵

The goal is a proposition, so `let` is preferred over `letI`.
The difference between `let` and `letI` is that `letI` inlines the value.
But this is not relevant for proofs because of proof irrelevance.

Note: This linter can be disabled with `set_option linter.style.haveILetI false`
⚠ [3332/3359] Replayed PvNP.RealizableHardness.RobustSourceLineContainment
warning: lean/PvNP/RealizableHardness/RobustSourceLineContainment.lean:64:2: Try this: 
  letI̵

The goal is a proposition, so `let` is preferred over `letI`.
The difference between `let` and `letI` is that `letI` inlines the value.
But this is not relevant for proofs because of proof irrelevance.

Note: This linter can be disabled with `set_option linter.style.haveILetI false`
warning: lean/PvNP/RealizableHardness/RobustSourceLineContainment.lean:101:0: automatically included section variable(s) unused in theorem `PvNP.RealizableHardness.RobustSourceLineContainment.nontrivial_inf_iff_quotientImages`:
  [Finite V]
consider restructuring your `variable` declarations so that the variables are not in scope or explicitly omit them:
  omit [Finite V] in theorem ...

Note: This linter can be disabled with `set_option linter.unusedSectionVars false`
warning: lean/PvNP/RealizableHardness/RobustSourceLineContainment.lean:432:2: Try this: 
  letI̵

The goal is a proposition, so `let` is preferred over `letI`.
The difference between `let` and `letI` is that `letI` inlines the value.
But this is not relevant for proofs because of proof irrelevance.

Note: This linter can be disabled with `set_option linter.style.haveILetI false`
warning: lean/PvNP/RealizableHardness/RobustSourceLineContainment.lean:435:2: Try this: 
  letI̵

The goal is a proposition, so `let` is preferred over `letI`.
The difference between `let` and `letI` is that `letI` inlines the value.
But this is not relevant for proofs because of proof irrelevance.

Note: This linter can be disabled with `set_option linter.style.haveILetI false`
warning: lean/PvNP/RealizableHardness/RobustSourceLineContainment.lean:436:2: Try this: 
  letI̵

The goal is a proposition, so `let` is preferred over `letI`.
The difference between `let` and `letI` is that `letI` inlines the value.
But this is not relevant for proofs because of proof irrelevance.

Note: This linter can be disabled with `set_option linter.style.haveILetI false`
warning: lean/PvNP/RealizableHardness/RobustSourceLineContainment.lean:414:19: Variable name `hd` is not explicitly referenced.

Hint: The binding can be removed (if unused) or named `_` (if used implicitly). Alternatively, prefix the name with `_` to silence this warning:
  [apply] _hd

Note: This linter can be disabled with `set_option linter.unusedVariables false`
⚠ [3333/3359] Replayed PvNP.RealizableHardness.ActualMZ24DistinctPairAggregation
warning: lean/PvNP/RealizableHardness/ActualMZ24DistinctPairAggregation.lean:27:8: automatically included section variable(s) unused in theorem `_private.PvNP.RealizableHardness.ActualMZ24DistinctPairAggregation.0.PvNP.RealizableHardness.ActualMZ24DistinctPairAggregation.transport_trans`:
  [Fintype V]
consider restructuring your `variable` declarations so that the variables are not in scope or explicitly omit them:
  omit [Fintype V] in theorem ...

Note: This linter can be disabled with `set_option linter.unusedSectionVars false`
warning: lean/PvNP/RealizableHardness/ActualMZ24DistinctPairAggregation.lean:34:8: automatically included section variable(s) unused in theorem `_private.PvNP.RealizableHardness.ActualMZ24DistinctPairAggregation.0.PvNP.RealizableHardness.ActualMZ24DistinctPairAggregation.transport_symm`:
  [Fintype V]
consider restructuring your `variable` declarations so that the variables are not in scope or explicitly omit them:
  omit [Fintype V] in theorem ...

Note: This linter can be disabled with `set_option linter.unusedSectionVars false`
warning: lean/PvNP/RealizableHardness/ActualMZ24DistinctPairAggregation.lean:41:0: automatically included section variable(s) unused in theorem `PvNP.RealizableHardness.ActualMZ24DistinctPairAggregation.decodedPair_ext_of_transport`:
  [Fintype V]
consider restructuring your `variable` declarations so that the variables are not in scope or explicitly omit them:
  omit [Fintype V] in theorem ...

Note: This linter can be disabled with `set_option linter.unusedSectionVars false`
warning: lean/PvNP/RealizableHardness/ActualMZ24DistinctPairAggregation.lean:71:0: automatically included section variable(s) unused in theorem `PvNP.RealizableHardness.ActualMZ24DistinctPairAggregation.pairSubspace_contains`:
  [Fintype V]
consider restructuring your `variable` declarations so that the variables are not in scope or explicitly omit them:
  omit [Fintype V] in theorem ...

Note: This linter can be disabled with `set_option linter.unusedSectionVars false`
warning: lean/PvNP/RealizableHardness/ActualMZ24DistinctPairAggregation.lean:160:0: automatically included section variable(s) unused in theorem `PvNP.RealizableHardness.ActualMZ24DistinctPairAggregation.pairWFiber_card_sum`:
  [Fintype V]
consider restructuring your `variable` declarations so that the variables are not in scope or explicitly omit them:
  omit [Fintype V] in theorem ...

Note: This linter can be disabled with `set_option linter.unusedSectionVars false`
warning: lean/PvNP/RealizableHardness/ActualMZ24DistinctPairAggregation.lean:208:10: Unused tactic linter: `ring` does nothing

Note: This linter can be disabled with `set_option linter.unusedTactic false`
warning: lean/PvNP/RealizableHardness/ActualMZ24DistinctPairAggregation.lean:208:10: this tactic is never executed

Note: This linter can be disabled with `set_option linter.unreachableTactic false`
warning: lean/PvNP/RealizableHardness/ActualMZ24DistinctPairAggregation.lean:280:0: automatically included section variable(s) unused in theorem `PvNP.RealizableHardness.ActualMZ24DistinctPairAggregation.pairSubspaces_exact_codim_partition`:
  [Fintype V]
consider restructuring your `variable` declarations so that the variables are not in scope or explicitly omit them:
  omit [Fintype V] in theorem ...

Note: This linter can be disabled with `set_option linter.unusedSectionVars false`
warning: lean/PvNP/RealizableHardness/ActualMZ24DistinctPairAggregation.lean:322:12: This simp argument is unused:
  hne

Hint: Omit it from the simp argument list.
  [apply] simp [ih]

Note: This linter can be disabled with `set_option linter.unusedSimpArgs false`
warning: lean/PvNP/RealizableHardness/ActualMZ24DistinctPairAggregation.lean:398:2: Unused tactic linter: `norm_num at h` does nothing

Note: This linter can be disabled with `set_option linter.unusedTactic false`
⚠ [3334/3359] Replayed PvNP.RealizableHardness.ActualMZ24GenericSubfamilyRepresentative
warning: lean/PvNP/RealizableHardness/ActualMZ24GenericSubfamilyRepresentative.lean:126:0: automatically included section variable(s) unused in theorem `PvNP.RealizableHardness.ActualMZ24GenericSubfamilyRepresentative.exists_positiveBucketRepresentative`:
  [Fintype V]
consider restructuring your `variable` declarations so that the variables are not in scope or explicitly omit them:
  omit [Fintype V] in theorem ...

Note: This linter can be disabled with `set_option linter.unusedSectionVars false`
⚠ [3335/3359] Replayed PvNP.RealizableHardness.ActualMZ24HyperplaneSupport
warning: lean/PvNP/RealizableHardness/ActualMZ24HyperplaneSupport.lean:32:0: automatically included section variable(s) unused in theorem `PvNP.RealizableHardness.ActualMZ24HyperplaneSupport.relativeCodim_eq_finrank_sub`:
  [Fintype V]
consider restructuring your `variable` declarations so that the variables are not in scope or explicitly omit them:
  omit [Fintype V] in theorem ...

Note: This linter can be disabled with `set_option linter.unusedSectionVars false`
warning: lean/PvNP/RealizableHardness/ActualMZ24HyperplaneSupport.lean:80:0: automatically included section variable(s) unused in theorem `PvNP.RealizableHardness.ActualMZ24HyperplaneSupport.hyperplane_ne_top`:
  [Fintype V]
consider restructuring your `variable` declarations so that the variables are not in scope or explicitly omit them:
  omit [Fintype V] in theorem ...

Note: This linter can be disabled with `set_option linter.unusedSectionVars false`
warning: lean/PvNP/RealizableHardness/ActualMZ24HyperplaneSupport.lean:95:2: Try this: 
  letI̵

The goal is a proposition, so `let` is preferred over `letI`.
The difference between `let` and `letI` is that `letI` inlines the value.
But this is not relevant for proofs because of proof irrelevance.

Note: This linter can be disabled with `set_option linter.style.haveILetI false`
warning: lean/PvNP/RealizableHardness/ActualMZ24HyperplaneSupport.lean:100:2: Try this: 
  letI̵

The goal is a proposition, so `let` is preferred over `letI`.
The difference between `let` and `letI` is that `letI` inlines the value.
But this is not relevant for proofs because of proof irrelevance.

Note: This linter can be disabled with `set_option linter.style.haveILetI false`
warning: lean/PvNP/RealizableHardness/ActualMZ24HyperplaneSupport.lean:203:32: This simp argument is unused:
  hn

Hint: Omit it from the simp argument list.
  [apply] simp [gaussian, frameProduct, hn1, hn0]

Note: This linter can be disabled with `set_option linter.unusedSimpArgs false`
warning: lean/PvNP/RealizableHardness/ActualMZ24HyperplaneSupport.lean:203:41: This simp argument is unused:
  hn0

Hint: Omit it from the simp argument list.
  [apply] simp [gaussian, frameProduct, hn, hn1]

Note: This linter can be disabled with `set_option linter.unusedSimpArgs false`
warning: lean/PvNP/RealizableHardness/ActualMZ24HyperplaneSupport.lean:215:2: Try this: 
  letI̵

The goal is a proposition, so `let` is preferred over `letI`.
The difference between `let` and `letI` is that `letI` inlines the value.
But this is not relevant for proofs because of proof irrelevance.

Note: This linter can be disabled with `set_option linter.style.haveILetI false`
warning: lean/PvNP/RealizableHardness/ActualMZ24HyperplaneSupport.lean:235:2: Try this: 
  letI̵

The goal is a proposition, so `let` is preferred over `letI`.
The difference between `let` and `letI` is that `letI` inlines the value.
But this is not relevant for proofs because of proof irrelevance.

Note: This linter can be disabled with `set_option linter.style.haveILetI false`
warning: lean/PvNP/RealizableHardness/ActualMZ24HyperplaneSupport.lean:279:32: Variable name `hWH` is not explicitly referenced.

Hint: The binding can be removed (if unused) or named `_` (if used implicitly). Alternatively, prefix the name with `_` to silence this warning:
  [apply] _hWH

Note: This linter can be disabled with `set_option linter.unusedVariables false`
warning: lean/PvNP/RealizableHardness/ActualMZ24HyperplaneSupport.lean:282:0: automatically included section variable(s) unused in theorem `PvNP.RealizableHardness.ActualMZ24HyperplaneSupport.restrictToHyperplane_map_recovery`:
  [Fintype V]
consider restructuring your `variable` declarations so that the variables are not in scope or explicitly omit them:
  omit [Fintype V] in theorem ...

Note: This linter can be disabled with `set_option linter.unusedSectionVars false`
⚠ [3337/3359] Replayed PvNP.RealizableHardness.ActualStarCoordinateExtensionLawBridge
warning: lean/PvNP/RealizableHardness/ActualStarCoordinateExtensionLawBridge.lean:98:2: Try this: 
  letI̵

The goal is a proposition, so `let` is preferred over `letI`.
The difference between `let` and `letI` is that `letI` inlines the value.
But this is not relevant for proofs because of proof irrelevance.

Note: This linter can be disabled with `set_option linter.style.haveILetI false`
warning: lean/PvNP/RealizableHardness/ActualStarCoordinateExtensionLawBridge.lean:99:2: Try this: 
  letI̵

The goal is a proposition, so `let` is preferred over `letI`.
The difference between `let` and `letI` is that `letI` inlines the value.
But this is not relevant for proofs because of proof irrelevance.

Note: This linter can be disabled with `set_option linter.style.haveILetI false`
warning: lean/PvNP/RealizableHardness/ActualStarCoordinateExtensionLawBridge.lean:123:2: Try this: 
  letI̵

The goal is a proposition, so `let` is preferred over `letI`.
The difference between `let` and `letI` is that `letI` inlines the value.
But this is not relevant for proofs because of proof irrelevance.

Note: This linter can be disabled with `set_option linter.style.haveILetI false`
warning: lean/PvNP/RealizableHardness/ActualStarCoordinateExtensionLawBridge.lean:124:2: Try this: 
  letI̵

The goal is a proposition, so `let` is preferred over `letI`.
The difference between `let` and `letI` is that `letI` inlines the value.
But this is not relevant for proofs because of proof irrelevance.

Note: This linter can be disabled with `set_option linter.style.haveILetI false`
⚠ [3338/3359] Replayed PvNP.RealizableHardness.ActualStarDomainDrawEventBridge
warning: lean/PvNP/RealizableHardness/ActualStarDomainDrawEventBridge.lean:87:2: Try this: 
  letI̵

The goal is a proposition, so `let` is preferred over `letI`.
The difference between `let` and `letI` is that `letI` inlines the value.
But this is not relevant for proofs because of proof irrelevance.

Note: This linter can be disabled with `set_option linter.style.haveILetI false`
⚠ [3339/3359] Replayed PvNP.RealizableHardness.ActualStarDomainDrawTwoIndexEventBridge
warning: lean/PvNP/RealizableHardness/ActualStarDomainDrawTwoIndexEventBridge.lean:53:2: Try this: 
  letI̵

The goal is a proposition, so `let` is preferred over `letI`.
The difference between `let` and `letI` is that `letI` inlines the value.
But this is not relevant for proofs because of proof irrelevance.

Note: This linter can be disabled with `set_option linter.style.haveILetI false`
⚠ [3340/3359] Replayed PvNP.RealizableHardness.ActualStarSameLawTwoIndexComposition
warning: lean/PvNP/RealizableHardness/ActualStarSameLawTwoIndexComposition.lean:110:2: Try this: 
  letI̵

The goal is a proposition, so `let` is preferred over `letI`.
The difference between `let` and `letI` is that `letI` inlines the value.
But this is not relevant for proofs because of proof irrelevance.

Note: This linter can be disabled with `set_option linter.style.haveILetI false`
⚠ [3342/3359] Replayed PvNP.RealizableHardness.ActualStarAffineFunctionalSelectionForceSelection
warning: lean/PvNP/RealizableHardness/ActualStarAffineFunctionalSelectionForceSelection.lean:238:2: Try this: 
  letI̵

The goal is a proposition, so `let` is preferred over `letI`.
The difference between `let` and `letI` is that `letI` inlines the value.
But this is not relevant for proofs because of proof irrelevance.

Note: This linter can be disabled with `set_option linter.style.haveILetI false`
warning: lean/PvNP/RealizableHardness/ActualStarAffineFunctionalSelectionForceSelection.lean:239:2: Try this: 
  letI̵

The goal is a proposition, so `let` is preferred over `letI`.
The difference between `let` and `letI` is that `letI` inlines the value.
But this is not relevant for proofs because of proof irrelevance.

Note: This linter can be disabled with `set_option linter.style.haveILetI false`
warning: lean/PvNP/RealizableHardness/ActualStarAffineFunctionalSelectionForceSelection.lean:245:2: Try this: 
  letI̵

The goal is a proposition, so `let` is preferred over `letI`.
The difference between `let` and `letI` is that `letI` inlines the value.
But this is not relevant for proofs because of proof irrelevance.

Note: This linter can be disabled with `set_option linter.style.haveILetI false`
⚠ [3345/3359] Replayed PvNP.RealizableHardness.ActualStarAcceptedGoodMass
warning: lean/PvNP/RealizableHardness/ActualStarAcceptedGoodMass.lean:94:2: Try this: 
  haveI̵

The goal is a proposition, so `have` is preferred over `haveI`.
The difference between `have` and `haveI` is that `haveI` inlines the value.
But this is not relevant for proofs because of proof irrelevance.

Note: This linter can be disabled with `set_option linter.style.haveILetI false`
warning: lean/PvNP/RealizableHardness/ActualStarAcceptedGoodMass.lean:114:8: This simp argument is unused:
  Fintype.card_fun

Hint: Omit it from the simp argument list.
  [apply] simp [Fintype.card_fin, extension_card U htd]

Note: This linter can be disabled with `set_option linter.unusedSimpArgs false`
warning: lean/PvNP/RealizableHardness/ActualStarAcceptedGoodMass.lean:138:4: Try this: 
  haveI̵

The goal is a proposition, so `have` is preferred over `haveI`.
The difference between `have` and `haveI` is that `haveI` inlines the value.
But this is not relevant for proofs because of proof irrelevance.

Note: This linter can be disabled with `set_option linter.style.haveILetI false`
warning: lean/PvNP/RealizableHardness/ActualStarAcceptedGoodMass.lean:140:4: Try this: 
  letI̵

The goal is a proposition, so `let` is preferred over `letI`.
The difference between `let` and `letI` is that `letI` inlines the value.
But this is not relevant for proofs because of proof irrelevance.

Note: This linter can be disabled with `set_option linter.style.haveILetI false`
warning: lean/PvNP/RealizableHardness/ActualStarAcceptedGoodMass.lean:142:4: Try this: 
  letI̵

The goal is a proposition, so `let` is preferred over `letI`.
The difference between `let` and `letI` is that `letI` inlines the value.
But this is not relevant for proofs because of proof irrelevance.

Note: This linter can be disabled with `set_option linter.style.haveILetI false`
warning: lean/PvNP/RealizableHardness/ActualStarAcceptedGoodMass.lean:211:6: Try this: 
  haveI̵

The goal is a proposition, so `have` is preferred over `haveI`.
The difference between `have` and `haveI` is that `haveI` inlines the value.
But this is not relevant for proofs because of proof irrelevance.

Note: This linter can be disabled with `set_option linter.style.haveILetI false`
warning: lean/PvNP/RealizableHardness/ActualStarAcceptedGoodMass.lean:209:4: Try this: 
  haveI̵

The goal is a proposition, so `have` is preferred over `haveI`.
The difference between `have` and `haveI` is that `haveI` inlines the value.
But this is not relevant for proofs because of proof irrelevance.

Note: This linter can be disabled with `set_option linter.style.haveILetI false`
warning: lean/PvNP/RealizableHardness/ActualStarAcceptedGoodMass.lean:202:48: This simp argument is unused:
  nsmul_eq_mul

Hint: Omit it from the simp argument list.
  [apply] simp [Finset.sum_const, Finset.card_univ]

Note: This linter can be disabled with `set_option linter.unusedSimpArgs false`
warning: lean/PvNP/RealizableHardness/ActualStarAcceptedGoodMass.lean:331:6: Try this: 
  haveI̵

The goal is a proposition, so `have` is preferred over `haveI`.
The difference between `have` and `haveI` is that `haveI` inlines the value.
But this is not relevant for proofs because of proof irrelevance.

Note: This linter can be disabled with `set_option linter.style.haveILetI false`
warning: lean/PvNP/RealizableHardness/ActualStarAcceptedGoodMass.lean:362:6: try 'simp' instead of 'simpa'

Note: This linter can be disabled with `set_option linter.unnecessarySimpa false`
warning: lean/PvNP/RealizableHardness/ActualStarAcceptedGoodMass.lean:501:16: `if_pos` has been deprecated: Use `ite_eq_left` instead
warning: lean/PvNP/RealizableHardness/ActualStarAcceptedGoodMass.lean:664:2: Try this: 
  haveI̵

The goal is a proposition, so `have` is preferred over `haveI`.
The difference between `have` and `haveI` is that `haveI` inlines the value.
But this is not relevant for proofs because of proof irrelevance.

Note: This linter can be disabled with `set_option linter.style.haveILetI false`
warning: lean/PvNP/RealizableHardness/ActualStarAcceptedGoodMass.lean:700:2: Try this: 
  haveI̵

The goal is a proposition, so `have` is preferred over `haveI`.
The difference between `have` and `haveI` is that `haveI` inlines the value.
But this is not relevant for proofs because of proof irrelevance.

Note: This linter can be disabled with `set_option linter.style.haveILetI false`
warning: lean/PvNP/RealizableHardness/ActualStarAcceptedGoodMass.lean:722:5: Variable name `hsel` is not explicitly referenced.

Hint: The binding can be removed (if unused) or named `_` (if used implicitly). Alternatively, prefix the name with `_` to silence this warning:
  [apply] _hsel

Note: This linter can be disabled with `set_option linter.unusedVariables false`
warning: lean/PvNP/RealizableHardness/ActualStarAcceptedGoodMass.lean:1063:4: Try this: 
  haveI̵

The goal is a proposition, so `have` is preferred over `haveI`.
The difference between `have` and `haveI` is that `haveI` inlines the value.
But this is not relevant for proofs because of proof irrelevance.

Note: This linter can be disabled with `set_option linter.style.haveILetI false`
warning: lean/PvNP/RealizableHardness/ActualStarAcceptedGoodMass.lean:1206:4: Try this: 
  haveI̵

The goal is a proposition, so `have` is preferred over `haveI`.
The difference between `have` and `haveI` is that `haveI` inlines the value.
But this is not relevant for proofs because of proof irrelevance.

Note: This linter can be disabled with `set_option linter.style.haveILetI false`
warning: lean/PvNP/RealizableHardness/ActualStarAcceptedGoodMass.lean:1218:4: Try this: 
  haveI̵

The goal is a proposition, so `have` is preferred over `haveI`.
The difference between `have` and `haveI` is that `haveI` inlines the value.
But this is not relevant for proofs because of proof irrelevance.

Note: This linter can be disabled with `set_option linter.style.haveILetI false`
warning: lean/PvNP/RealizableHardness/ActualStarAcceptedGoodMass.lean:1400:4: Try this: 
  haveI̵

The goal is a proposition, so `have` is preferred over `haveI`.
The difference between `have` and `haveI` is that `haveI` inlines the value.
But this is not relevant for proofs because of proof irrelevance.

Note: This linter can be disabled with `set_option linter.style.haveILetI false`
warning: lean/PvNP/RealizableHardness/ActualStarAcceptedGoodMass.lean:1394:2: Try this: 
  haveI̵

The goal is a proposition, so `have` is preferred over `haveI`.
The difference between `have` and `haveI` is that `haveI` inlines the value.
But this is not relevant for proofs because of proof irrelevance.

Note: This linter can be disabled with `set_option linter.style.haveILetI false`
warning: lean/PvNP/RealizableHardness/ActualStarAcceptedGoodMass.lean:1403:2: Try this: 
  haveI̵

The goal is a proposition, so `have` is preferred over `haveI`.
The difference between `have` and `haveI` is that `haveI` inlines the value.
But this is not relevant for proofs because of proof irrelevance.

Note: This linter can be disabled with `set_option linter.style.haveILetI false`
warning: lean/PvNP/RealizableHardness/ActualStarAcceptedGoodMass.lean:1404:2: Try this: 
  haveI̵

The goal is a proposition, so `have` is preferred over `haveI`.
The difference between `have` and `haveI` is that `haveI` inlines the value.
But this is not relevant for proofs because of proof irrelevance.

Note: This linter can be disabled with `set_option linter.style.haveILetI false`
warning: lean/PvNP/RealizableHardness/ActualStarAcceptedGoodMass.lean:1597:5: Variable name `hA` is not explicitly referenced.

Hint: The binding can be removed (if unused) or named `_` (if used implicitly). Alternatively, prefix the name with `_` to silence this warning:
  [apply] _hA

Note: This linter can be disabled with `set_option linter.unusedVariables false`
⚠ [3346/3359] Replayed PvNP.RealizableHardness.ActualOrdinaryStarSelection
warning: lean/PvNP/RealizableHardness/ActualOrdinaryStarSelection.lean:16:8: automatically included section variable(s) unused in theorem `_private.PvNP.RealizableHardness.ActualOrdinaryStarSelection.0.PvNP.RealizableHardness.ActualOrdinaryStarSelection.star_accepts_iff`:
  [Fintype V]
consider restructuring your `variable` declarations so that the variables are not in scope or explicitly omit them:
  omit [Fintype V] in theorem ...

Note: This linter can be disabled with `set_option linter.unusedSectionVars false`
warning: lean/PvNP/RealizableHardness/ActualOrdinaryStarSelection.lean:37:2: Try this: 
  letI̵

The goal is a proposition, so `let` is preferred over `letI`.
The difference between `let` and `letI` is that `letI` inlines the value.
But this is not relevant for proofs because of proof irrelevance.

Note: This linter can be disabled with `set_option linter.style.haveILetI false`
warning: lean/PvNP/RealizableHardness/ActualOrdinaryStarSelection.lean:38:2: Try this: 
  letI̵

The goal is a proposition, so `let` is preferred over `letI`.
The difference between `let` and `letI` is that `letI` inlines the value.
But this is not relevant for proofs because of proof irrelevance.

Note: This linter can be disabled with `set_option linter.style.haveILetI false`
warning: lean/PvNP/RealizableHardness/ActualOrdinaryStarSelection.lean:46:15: This simp argument is unused:
  Finset.prod_const

Hint: Omit it from the simp argument list.
  [apply] simp only [Finset.card_univ, Fintype.card_fin]

Note: This linter can be disabled with `set_option linter.unusedSimpArgs false`
warning: lean/PvNP/RealizableHardness/ActualOrdinaryStarSelection.lean:46:34: This simp argument is unused:
  Finset.card_univ

Hint: Omit it from the simp argument list.
  [apply] simp only [Finset.prod_const, Fintype.card_fin]

Note: This linter can be disabled with `set_option linter.unusedSimpArgs false`
⚠ [3347/3359] Replayed PvNP.RealizableHardness.ActualOrdinaryStarMatchingFiber
warning: lean/PvNP/RealizableHardness/ActualOrdinaryStarMatchingFiber.lean:82:54: This simp argument is unused:
  q

Hint: Omit it from the simp argument list.
  [apply] simp [Submodule.liftQ_apply, LinearMap.sub_apply]

Note: This linter can be disabled with `set_option linter.unusedSimpArgs false`
warning: lean/PvNP/RealizableHardness/ActualOrdinaryStarMatchingFiber.lean:114:8: automatically included section variable(s) unused in theorem `_private.PvNP.RealizableHardness.ActualOrdinaryStarMatchingFiber.0.PvNP.RealizableHardness.ActualOrdinaryStarMatchingFiber.matchesStar_iff_restrict_jointSpan`:
  [Fintype V]
consider restructuring your `variable` declarations so that the variables are not in scope or explicitly omit them:
  omit [Fintype V] in theorem ...

Note: This linter can be disabled with `set_option linter.unusedSectionVars false`
⚠ [3348/3359] Replayed PvNP.RealizableHardness.ActualOrdinaryStarWeightedSelection
warning: lean/PvNP/RealizableHardness/ActualOrdinaryStarWeightedSelection.lean:83:2: Try this: 
  letI̵

The goal is a proposition, so `let` is preferred over `letI`.
The difference between `let` and `letI` is that `letI` inlines the value.
But this is not relevant for proofs because of proof irrelevance.

Note: This linter can be disabled with `set_option linter.style.haveILetI false`
warning: lean/PvNP/RealizableHardness/ActualOrdinaryStarWeightedSelection.lean:84:2: Try this: 
  letI̵

The goal is a proposition, so `let` is preferred over `letI`.
The difference between `let` and `letI` is that `letI` inlines the value.
But this is not relevant for proofs because of proof irrelevance.

Note: This linter can be disabled with `set_option linter.style.haveILetI false`
warning: lean/PvNP/RealizableHardness/ActualOrdinaryStarWeightedSelection.lean:129:21: `if_pos` has been deprecated: Use `ite_eq_left` instead
warning: lean/PvNP/RealizableHardness/ActualOrdinaryStarWeightedSelection.lean:135:4: Try this: 
  haveI̵

The goal is a proposition, so `have` is preferred over `haveI`.
The difference between `have` and `haveI` is that `haveI` inlines the value.
But this is not relevant for proofs because of proof irrelevance.

Note: This linter can be disabled with `set_option linter.style.haveILetI false`
warning: lean/PvNP/RealizableHardness/ActualOrdinaryStarWeightedSelection.lean:189:4: Try this: 
  haveI̵

The goal is a proposition, so `have` is preferred over `haveI`.
The difference between `have` and `haveI` is that `haveI` inlines the value.
But this is not relevant for proofs because of proof irrelevance.

Note: This linter can be disabled with `set_option linter.style.haveILetI false`
warning: lean/PvNP/RealizableHardness/ActualOrdinaryStarWeightedSelection.lean:197:8: This simp argument is unused:
  M

Hint: Omit it from the simp argument list.
  [apply] simp [Finset.sum_const, hΩ]

Note: This linter can be disabled with `set_option linter.unusedSimpArgs false`
warning: lean/PvNP/RealizableHardness/ActualOrdinaryStarWeightedSelection.lean:204:13: Variable name `hε` is not explicitly referenced.

Hint: The binding can be removed (if unused) or named `_` (if used implicitly). Alternatively, prefix the name with `_` to silence this warning:
  [apply] _hε

Note: This linter can be disabled with `set_option linter.unusedVariables false`
⚠ [3349/3359] Replayed PvNP.RealizableHardness.ActualComplementCoordinateMassBridge
warning: lean/PvNP/RealizableHardness/ActualComplementCoordinateMassBridge.lean:164:2: Try this: 
  letI̵

The goal is a proposition, so `let` is preferred over `letI`.
The difference between `let` and `letI` is that `letI` inlines the value.
But this is not relevant for proofs because of proof irrelevance.

Note: This linter can be disabled with `set_option linter.style.haveILetI false`
warning: lean/PvNP/RealizableHardness/ActualComplementCoordinateMassBridge.lean:165:2: Try this: 
  letI̵

The goal is a proposition, so `let` is preferred over `letI`.
The difference between `let` and `letI` is that `letI` inlines the value.
But this is not relevant for proofs because of proof irrelevance.

Note: This linter can be disabled with `set_option linter.style.haveILetI false`
warning: lean/PvNP/RealizableHardness/ActualComplementCoordinateMassBridge.lean:166:2: Try this: 
  letI̵

The goal is a proposition, so `let` is preferred over `letI`.
The difference between `let` and `letI` is that `letI` inlines the value.
But this is not relevant for proofs because of proof irrelevance.

Note: This linter can be disabled with `set_option linter.style.haveILetI false`
warning: lean/PvNP/RealizableHardness/ActualComplementCoordinateMassBridge.lean:168:2: Try this: 
  letI̵

The goal is a proposition, so `let` is preferred over `letI`.
The difference between `let` and `letI` is that `letI` inlines the value.
But this is not relevant for proofs because of proof irrelevance.

Note: This linter can be disabled with `set_option linter.style.haveILetI false`
warning: lean/PvNP/RealizableHardness/ActualComplementCoordinateMassBridge.lean:170:2: Try this: 
  letI̵

The goal is a proposition, so `let` is preferred over `letI`.
The difference between `let` and `letI` is that `letI` inlines the value.
But this is not relevant for proofs because of proof irrelevance.

Note: This linter can be disabled with `set_option linter.style.haveILetI false`
warning: lean/PvNP/RealizableHardness/ActualComplementCoordinateMassBridge.lean:173:2: Try this: 
  letI̵

The goal is a proposition, so `let` is preferred over `letI`.
The difference between `let` and `letI` is that `letI` inlines the value.
But this is not relevant for proofs because of proof irrelevance.

Note: This linter can be disabled with `set_option linter.style.haveILetI false`
⚠ [3350/3359] Replayed PvNP.RealizableHardness.ActualFixedFunctionalStarMoment
warning: lean/PvNP/RealizableHardness/ActualFixedFunctionalStarMoment.lean:32:0: automatically included section variable(s) unused in theorem `PvNP.RealizableHardness.ActualFixedFunctionalStarMoment.matchesStar_iff_bits`:
  [Fintype V]
consider restructuring your `variable` declarations so that the variables are not in scope or explicitly omit them:
  omit [Fintype V] in theorem ...

Note: This linter can be disabled with `set_option linter.unusedSectionVars false`
warning: lean/PvNP/RealizableHardness/ActualFixedFunctionalStarMoment.lean:55:12: `if_neg` has been deprecated: Use `ite_eq_right` instead
warning: lean/PvNP/RealizableHardness/ActualFixedFunctionalStarMoment.lean:117:17: `if_pos` has been deprecated: Use `ite_eq_left` instead
warning: lean/PvNP/RealizableHardness/ActualFixedFunctionalStarMoment.lean:104:65: This simp argument is unused:
  one_div_pow

Hint: Omit it from the simp argument list.
  [apply] simp [Finset.prod_const, Finset.card_univ, Fintype.card_fin]

Note: This linter can be disabled with `set_option linter.unusedSimpArgs false`
⚠ [3353/3359] Replayed PvNP.RealizableHardness.ActualSelectedComplementAppendMoment
warning: lean/PvNP/RealizableHardness/ActualSelectedComplementAppendMoment.lean:143:13: Variable name `hsum` is not explicitly referenced.

Hint: The binding can be removed (if unused) or named `_` (if used implicitly). Alternatively, prefix the name with `_` to silence this warning:
  [apply] _hsum

Note: This linter can be disabled with `set_option linter.unusedVariables false`
warning: lean/PvNP/RealizableHardness/ActualSelectedComplementAppendMoment.lean:144:13: Variable name `hbudget` is not explicitly referenced.

Hint: The binding can be removed (if unused) or named `_` (if used implicitly). Alternatively, prefix the name with `_` to silence this warning:
  [apply] _hbudget

Note: This linter can be disabled with `set_option linter.unusedVariables false`
warning: lean/PvNP/RealizableHardness/ActualSelectedComplementAppendMoment.lean:243:13: Variable name `hsum` is not explicitly referenced.

Hint: The binding can be removed (if unused) or named `_` (if used implicitly). Alternatively, prefix the name with `_` to silence this warning:
  [apply] _hsum

Note: This linter can be disabled with `set_option linter.unusedVariables false`
warning: lean/PvNP/RealizableHardness/ActualSelectedComplementAppendMoment.lean:244:13: Variable name `hbudget` is not explicitly referenced.

Hint: The binding can be removed (if unused) or named `_` (if used implicitly). Alternatively, prefix the name with `_` to silence this warning:
  [apply] _hbudget

Note: This linter can be disabled with `set_option linter.unusedVariables false`
⚠ [3354/3359] Replayed PvNP.RealizableHardness.ActualRankImageRightBasisInvariance
warning: lean/PvNP/RealizableHardness/ActualRankImageRightBasisInvariance.lean:85:33: `dif_pos` has been deprecated: Use `dite_eq_left` instead
warning: lean/PvNP/RealizableHardness/ActualRankImageRightBasisInvariance.lean:85:46: `dif_pos` has been deprecated: Use `dite_eq_left` instead
warning: lean/PvNP/RealizableHardness/ActualRankImageRightBasisInvariance.lean:90:33: `dif_neg` has been deprecated: Use `dite_eq_right` instead
warning: lean/PvNP/RealizableHardness/ActualRankImageRightBasisInvariance.lean:90:46: `dif_neg` has been deprecated: Use `dite_eq_right` instead
⚠ [3357/3359] Replayed PvNP.RealizableHardness.ActualFiniteMomentLpBounds
warning: lean/PvNP/RealizableHardness/ActualFiniteMomentLpBounds.lean:22:50: Variable name `hp` is not explicitly referenced.

Hint: The binding can be removed (if unused) or named `_` (if used implicitly). Alternatively, prefix the name with `_` to silence this warning:
  [apply] _hp

Note: This linter can be disabled with `set_option linter.unusedVariables false`
warning: lean/PvNP/RealizableHardness/ActualFiniteMomentLpBounds.lean:144:49: This simp argument is unused:
  hroot

Hint: Omit it from the simp argument list.
  [apply] simp [lpNorm, lpMoment, uniformMean, hpne]

Note: This linter can be disabled with `set_option linter.unusedSimpArgs false`
⚠ [3358/3359] Replayed PvNP.RealizableHardness.ActualSelectedComplementAnalyticMoment
warning: lean/PvNP/RealizableHardness/ActualSelectedComplementAnalyticMoment.lean:36:38: Variable name `hEven` is not explicitly referenced.

Hint: The binding can be removed (if unused) or named `_` (if used implicitly). Alternatively, prefix the name with `_` to silence this warning:
  [apply] _hEven

Note: This linter can be disabled with `set_option linter.unusedVariables false`
warning: lean/PvNP/RealizableHardness/ActualSelectedComplementAnalyticMoment.lean:47:5: Variable name `basisInv` is not explicitly referenced.

Hint: The binding can be removed (if unused) or named `_` (if used implicitly). Alternatively, prefix the name with `_` to silence this warning:
  [apply] _basisInv

Note: This linter can be disabled with `set_option linter.unusedVariables false`
warning: lean/PvNP/RealizableHardness/ActualSelectedComplementAnalyticMoment.lean:49:5: Variable name `hEven` is not explicitly referenced.

Hint: The binding can be removed (if unused) or named `_` (if used implicitly). Alternatively, prefix the name with `_` to silence this warning:
  [apply] _hEven

Note: This linter can be disabled with `set_option linter.unusedVariables false`
warning: lean/PvNP/RealizableHardness/ActualSelectedComplementAnalyticMoment.lean:49:29: Variable name `hi` is not explicitly referenced.

Hint: The binding can be removed (if unused) or named `_` (if used implicitly). Alternatively, prefix the name with `_` to silence this warning:
  [apply] _hi

Note: This linter can be disabled with `set_option linter.unusedVariables false`
warning: lean/PvNP/RealizableHardness/ActualSelectedComplementAnalyticMoment.lean:50:5: Variable name `hRho` is not explicitly referenced.

Hint: The binding can be removed (if unused) or named `_` (if used implicitly). Alternatively, prefix the name with `_` to silence this warning:
  [apply] _hRho

Note: This linter can be disabled with `set_option linter.unusedVariables false`
warning: lean/PvNP/RealizableHardness/ActualSelectedComplementAnalyticMoment.lean:51:5: Variable name `hc` is not explicitly referenced.

Hint: The binding can be removed (if unused) or named `_` (if used implicitly). Alternatively, prefix the name with `_` to silence this warning:
  [apply] _hc

Note: This linter can be disabled with `set_option linter.unusedVariables false`
warning: lean/PvNP/RealizableHardness/ActualSelectedComplementAnalyticMoment.lean:52:5: Variable name `hs` is not explicitly referenced.

Hint: The binding can be removed (if unused) or named `_` (if used implicitly). Alternatively, prefix the name with `_` to silence this warning:
  [apply] _hs

Note: This linter can be disabled with `set_option linter.unusedVariables false`
warning: lean/PvNP/RealizableHardness/ActualSelectedComplementAnalyticMoment.lean:53:5: Variable name `hHeight` is not explicitly referenced.

Hint: The binding can be removed (if unused) or named `_` (if used implicitly). Alternatively, prefix the name with `_` to silence this warning:
  [apply] _hHeight

Note: This linter can be disabled with `set_option linter.unusedVariables false`
warning: lean/PvNP/RealizableHardness/ActualSelectedComplementAnalyticMoment.lean:166:16: This simp argument is unused:
  hrank

Hint: Omit it from the simp argument list.
  [apply] simp

Note: This linter can be disabled with `set_option linter.unusedSimpArgs false`
warning: lean/PvNP/RealizableHardness/ActualSelectedComplementAnalyticMoment.lean:241:46: Variable name `hC` is not explicitly referenced.

Hint: The binding can be removed (if unused) or named `_` (if used implicitly). Alternatively, prefix the name with `_` to silence this warning:
  [apply] _hC

Note: This linter can be disabled with `set_option linter.unusedVariables false`
warning: lean/PvNP/RealizableHardness/ActualSelectedComplementAnalyticMoment.lean:512:46: this tactic is never executed

Note: This linter can be disabled with `set_option linter.unreachableTactic false`
warning: lean/PvNP/RealizableHardness/ActualSelectedComplementAnalyticMoment.lean:512:46: Unused tactic linter: `ring` does nothing

Note: This linter can be disabled with `set_option linter.unusedTactic false`
warning: lean/PvNP/RealizableHardness/ActualSelectedComplementAnalyticMoment.lean:582:2: Try this: 
  letI̵

The goal is a proposition, so `let` is preferred over `letI`.
The difference between `let` and `letI` is that `letI` inlines the value.
But this is not relevant for proofs because of proof irrelevance.

Note: This linter can be disabled with `set_option linter.style.haveILetI false`
warning: lean/PvNP/RealizableHardness/ActualSelectedComplementAnalyticMoment.lean:599:6: This simp argument is unused:
  Module.finrank_pi

Hint: Omit it from the simp argument list.
  [apply] simp [ActualFixedFunctionalBinaryMatrixMoment.CoordinateAmbient]

Note: This linter can be disabled with `set_option linter.unusedSimpArgs false`
warning: lean/PvNP/RealizableHardness/ActualSelectedComplementAnalyticMoment.lean:906:46: Used `tac1 <;> tac2` where `(tac1; tac2)` would suffice

Note: This linter can be disabled with `set_option linter.unnecessarySeqFocus false`
warning: lean/PvNP/RealizableHardness/ActualSelectedComplementAnalyticMoment.lean:1117:6: This simp argument is unused:
  centerMatchBit

Hint: Omit it from the simp argument list.
  [apply] simp [ActualOrdinaryStarMatchingFiber.MatchesStar, T0, leafMatchBit]

Note: This linter can be disabled with `set_option linter.unusedSimpArgs false`
warning: lean/PvNP/RealizableHardness/ActualSelectedComplementAnalyticMoment.lean:1117:22: This simp argument is unused:
  leafMatchBit

Hint: Omit it from the simp argument list.
  [apply] simp [ActualOrdinaryStarMatchingFiber.MatchesStar, T0, centerMatchBit]

Note: This linter can be disabled with `set_option linter.unusedSimpArgs false`
✖ [3359/3359] Building PvNP.RealizableHardness.ActualFiniteAppendSpectral47 (32s)
trace: .> LEAN_PATH=/home/dfredriksen_quantyra_org/cmmsa_analytic_20260930T040837Z/.lake/packages/Cli/.lake/build/lib/lean:/home/dfredriksen_quantyra_org/cmmsa_analytic_20260930T040837Z/.lake/packages/batteries/.lake/build/lib/lean:/home/dfredriksen_quantyra_org/cmmsa_analytic_20260930T040837Z/.lake/packages/Qq/.lake/build/lib/lean:/home/dfredriksen_quantyra_org/cmmsa_analytic_20260930T040837Z/.lake/packages/aesop/.lake/build/lib/lean:/home/dfredriksen_quantyra_org/cmmsa_analytic_20260930T040837Z/.lake/packages/proofwidgets/.lake/build/lib/lean:/home/dfredriksen_quantyra_org/cmmsa_analytic_20260930T040837Z/.lake/packages/importGraph/.lake/build/lib/lean:/home/dfredriksen_quantyra_org/cmmsa_analytic_20260930T040837Z/.lake/packages/LeanSearchClient/.lake/build/lib/lean:/home/dfredriksen_quantyra_org/cmmsa_analytic_20260930T040837Z/.lake/packages/plausible/.lake/build/lib/lean:/home/dfredriksen_quantyra_org/cmmsa_analytic_20260930T040837Z/.lake/packages/complexitylib/.lake/build/lib/lean:/home/dfredriksen_quantyra_org/cmmsa_analytic_20260930T040837Z/.lake/packages/mathlib/.lake/build/lib/lean:/home/dfredriksen_quantyra_org/cmmsa_analytic_20260930T040837Z/.lake/packages/cslib/.lake/build/lib/lean:/home/dfredriksen_quantyra_org/cmmsa_analytic_20260930T040837Z/.lake/build/lib/lean /home/dfredriksen_quantyra_org/.elan/toolchains/leanprover--lean4---v4.34.0-rc2/bin/lean /home/dfredriksen_quantyra_org/cmmsa_analytic_20260930T040837Z/lean/PvNP/RealizableHardness/ActualFiniteAppendSpectral47.lean -o /home/dfredriksen_quantyra_org/cmmsa_analytic_20260930T040837Z/.lake/build/lib/lean/PvNP/RealizableHardness/ActualFiniteAppendSpectral47.olean -i /home/dfredriksen_quantyra_org/cmmsa_analytic_20260930T040837Z/.lake/build/lib/lean/PvNP/RealizableHardness/ActualFiniteAppendSpectral47.ilean -c /home/dfredriksen_quantyra_org/cmmsa_analytic_20260930T040837Z/.lake/build/ir/PvNP/RealizableHardness/ActualFiniteAppendSpectral47.c --setup /home/dfredriksen_quantyra_org/cmmsa_analytic_20260930T040837Z/.lake/build/ir/PvNP/RealizableHardness/ActualFiniteAppendSpectral47.setup.json --json
error: lean/PvNP/RealizableHardness/ActualFiniteAppendSpectral47.lean:146:4: Type mismatch: After simplification, term
  pairing_mul_right_transpose Z M U
 has type
  pairing (Z * Matrix.transpose U) M = pairing Z (M * U)
but is expected to have type
  character Z (M * U) = character (Z * Matrix.transpose U) M
error: lean/PvNP/RealizableHardness/ActualFiniteAppendSpectral47.lean:149:6: Tactic `rewrite` failed: Did not find an occurrence of the pattern
  ∑ a ∈ ?m.323, if ?p a then ?f a else 0
in the target expression
  ∑ x with Matrix.rank x = i, fourierCoeff F x * character (e x) M =
    ∑ Y with Matrix.rank Y = i, fourierCoeff F Y * character Y M

n d i : ℕ
F : BinaryMatrix n d → ℝ
basisInv : ∀ (M : BinaryMatrix n d) (U V : BinaryMatrix d d), U * V = 1 → V * U = 1 → F (M * U) = F M
M : BinaryMatrix n d
U V : BinaryMatrix d d
hUV : U * V = 1
hVU : V * U = 1
e : BinaryMatrix n d ≃ BinaryMatrix n d :=
  { toFun := fun Z => Z * Matrix.transpose U, invFun := fun Z => Z * Matrix.transpose V, left_inv := ⋯, right_inv := ⋯ }
hrank : ∀ (Z : BinaryMatrix n d), Matrix.rank (e Z) = Matrix.rank Z
hchar : ∀ (Z : BinaryMatrix n d), character Z (M * U) = character (e Z) M
⊢ ∑ x with Matrix.rank x = i, fourierCoeff F x * character (e x) M =
    ∑ Y with Matrix.rank Y = i, fourierCoeff F Y * character Y M
error: lean/PvNP/RealizableHardness/ActualFiniteAppendSpectral47.lean:202:2: Tactic `rfl` failed: The left-hand side
  fourierCoeff F Z *
    if ((appendBinaryMatrixEquiv n c s).symm Z).2 = 0 then character ((appendBinaryMatrixEquiv n c s).symm Z).1 M else 0
is not definitionally equal to the right-hand side
  if appendedFrequencyPart Z = 0 then fourierCoeff F Z * character (baseFrequencyPart Z) M else 0

n c s i : ℕ
F : BinaryMatrix n (c + s) → ℝ
M : BinaryMatrix n c
Z : BinaryMatrix n (c + s)
hZ : Z ∈ {Z | Matrix.rank Z = i}
⊢ (fourierCoeff F Z *
      if ((appendBinaryMatrixEquiv n c s).symm Z).2 = 0 then character ((appendBinaryMatrixEquiv n c s).symm Z).1 M
      else 0) =
    if appendedFrequencyPart Z = 0 then fourierCoeff F Z * character (baseFrequencyPart Z) M else 0
warning: lean/PvNP/RealizableHardness/ActualFiniteAppendSpectral47.lean:345:16: This simp argument is unused:
  Finset.sum_ite_eq'

Hint: Omit it from the simp argument list.
  [apply] simp [hW, hZ]

Note: This linter can be disabled with `set_option linter.unusedSimpArgs false`
Some required targets logged failures:
- PvNP.RealizableHardness.ActualFiniteAppendSpectral47
