⚠ [3194/3390] Replayed PvNP.RealizableHardness.EqualityGadget
warning: lean/PvNP/RealizableHardness/EqualityGadget.lean:112:0: automatically included section variable(s) unused in theorem `PvNP.RealizableHardness.EqualityGadget.relabeled_row_injective`:
  [DecidableEq V]
consider restructuring your `variable` declarations so that the variables are not in scope or explicitly omit them:
  omit [DecidableEq V] in theorem ...

Note: This linter can be disabled with `set_option linter.unusedSectionVars false`
warning: lean/PvNP/RealizableHardness/EqualityGadget.lean:115:0: automatically included section variable(s) unused in theorem `PvNP.RealizableHardness.EqualityGadget.relabeled_support_card`:
  [DecidableEq V]
consider restructuring your `variable` declarations so that the variables are not in scope or explicitly omit them:
  omit [DecidableEq V] in theorem ...

Note: This linter can be disabled with `set_option linter.unusedSectionVars false`
warning: lean/PvNP/RealizableHardness/EqualityGadget.lean:118:0: automatically included section variable(s) unused in theorem `PvNP.RealizableHardness.EqualityGadget.relabeled_support_injective`:
  [DecidableEq V]
consider restructuring your `variable` declarations so that the variables are not in scope or explicitly omit them:
  omit [DecidableEq V] in theorem ...

Note: This linter can be disabled with `set_option linter.unusedSectionVars false`
warning: lean/PvNP/RealizableHardness/EqualityGadget.lean:144:0: automatically included section variable(s) unused in theorem `PvNP.RealizableHardness.EqualityGadget.relabeled_satisfied`:
  [DecidableEq V]
consider restructuring your `variable` declarations so that the variables are not in scope or explicitly omit them:
  omit [DecidableEq V] in theorem ...

Note: This linter can be disabled with `set_option linter.unusedSectionVars false`
warning: lean/PvNP/RealizableHardness/EqualityGadget.lean:148:0: automatically included section variable(s) unused in theorem `PvNP.RealizableHardness.EqualityGadget.relabeled_violations_lower`:
  [DecidableEq V]
consider restructuring your `variable` declarations so that the variables are not in scope or explicitly omit them:
  omit [DecidableEq V] in theorem ...

Note: This linter can be disabled with `set_option linter.unusedSectionVars false`
⚠ [3199/3390] Replayed PvNP.RealizableHardness.TaggedFinite3LinSource
warning: lean/PvNP/RealizableHardness/TaggedFinite3LinSource.lean:16:18: Variable name `i` is not explicitly referenced.

Hint: The binding can be removed (if unused) or named `_` (if used implicitly). Alternatively, prefix the name with `_` to silence this warning:
  [apply] _i

Note: This linter can be disabled with `set_option linter.unusedVariables false`
warning: lean/PvNP/RealizableHardness/TaggedFinite3LinSource.lean:16:20: Variable name `j` is not explicitly referenced.

Hint: The binding can be removed (if unused) or named `_` (if used implicitly). Alternatively, prefix the name with `_` to silence this warning:
  [apply] _j

Note: This linter can be disabled with `set_option linter.unusedVariables false`
warning: lean/PvNP/RealizableHardness/TaggedFinite3LinSource.lean:46:0: automatically included section variable(s) unused in theorem `PvNP.RealizableHardness.Finite3LinSource.restrictAssignment_repeatAssignment`:
  [Fintype Var]
  [DecidableEq Var]
consider restructuring your `variable` declarations so that the variables are not in scope or explicitly omit them:
  omit [Fintype Var] [DecidableEq Var] in theorem ...

Note: This linter can be disabled with `set_option linter.unusedSectionVars false`
⚠ [3200/3390] Replayed PvNP.RealizableHardness.ActualStarQuestionSupport
warning: lean/PvNP/RealizableHardness/ActualStarQuestionSupport.lean:16:0: automatically included section variable(s) unused in theorem `PvNP.RealizableHardness.ActualStarQuestionSupport.excluded_row_points_eq`:
  [Fintype X]
  [Fintype E]
consider restructuring your `variable` declarations so that the variables are not in scope or explicitly omit them:
  omit [Fintype X] [Fintype E] in theorem ...

Note: This linter can be disabled with `set_option linter.unusedSectionVars false`
info: lean/PvNP/RealizableHardness/ActualStarQuestionSupport.lean:84:0: 'PvNP.RealizableHardness.ActualStarQuestionSupport.excluded_row_points_eq' depends on axioms: [propext,
 Classical.choice,
 Quot.sound]
info: lean/PvNP/RealizableHardness/ActualStarQuestionSupport.lean:85:0: 'PvNP.RealizableHardness.ActualStarQuestionSupport.excluded_row_overlap_le_one' depends on axioms: [propext,
 Classical.choice,
 Quot.sound]
info: lean/PvNP/RealizableHardness/ActualStarQuestionSupport.lean:86:0: 'PvNP.RealizableHardness.ActualStarQuestionSupport.new_row_private_coordinate' depends on axioms: [propext,
 Classical.choice,
 Quot.sound]
⚠ [3201/3390] Replayed PvNP.RealizableHardness.ActualStarSpanIntersection
warning: lean/PvNP/RealizableHardness/ActualStarSpanIntersection.lean:33:0: automatically included section variable(s) unused in theorem `PvNP.RealizableHardness.ActualStarSpanIntersection.equationVector_mem_coordinateSpace`:
  [Fintype X]
  [Fintype E]
  [DecidableEq E]
consider restructuring your `variable` declarations so that the variables are not in scope or explicitly omit them:
  omit [Fintype X] [Fintype E] [DecidableEq E] in theorem ...

Note: This linter can be disabled with `set_option linter.unusedSectionVars false`
warning: lean/PvNP/RealizableHardness/ActualStarSpanIntersection.lean:43:0: automatically included section variable(s) unused in theorem `PvNP.RealizableHardness.ActualStarSpanIntersection.equationVector_mem_equationSpan`:
  [Fintype X]
  [Fintype E]
  [DecidableEq E]
consider restructuring your `variable` declarations so that the variables are not in scope or explicitly omit them:
  omit [Fintype X] [Fintype E] [DecidableEq E] in theorem ...

Note: This linter can be disabled with `set_option linter.unusedSectionVars false`
info: lean/PvNP/RealizableHardness/ActualStarSpanIntersection.lean:109:0: 'PvNP.RealizableHardness.ActualStarSpanIntersection.equationSpan_inf_coordinateSpace' depends on axioms: [propext,
 Classical.choice,
 Quot.sound]
⚠ [3204/3390] Replayed PvNP.RealizableHardness.ActualRhsFunctionalConstruction
warning: lean/PvNP/RealizableHardness/ActualRhsFunctionalConstruction.lean:14:0: automatically included section variable(s) unused in theorem `PvNP.RealizableHardness.ActualRhsFunctionalConstruction.equationVectors_linearIndependent`:
  [Fintype X]
  [Fintype E]
  [DecidableEq E]
consider restructuring your `variable` declarations so that the variables are not in scope or explicitly omit them:
  omit [Fintype X] [Fintype E] [DecidableEq E] in theorem ...

Note: This linter can be disabled with `set_option linter.unusedSectionVars false`
⚠ [3211/3390] Replayed PvNP.RealizableHardness.ActualLeafTransportCoherence
warning: lean/PvNP/RealizableHardness/ActualLeafTransportCoherence.lean:15:8: automatically included section variable(s) unused in theorem `_private.PvNP.RealizableHardness.ActualLeafTransportCoherence.0.PvNP.RealizableHardness.ActualPresentedLeafGluing.goodQuestion_erase`:
  [Fintype X]
  [Fintype E]
  [DecidableEq X]
consider restructuring your `variable` declarations so that the variables are not in scope or explicitly omit them:
  omit [Fintype X] [Fintype E] [DecidableEq X] in theorem ...

Note: This linter can be disabled with `set_option linter.unusedSectionVars false`
⚠ [3217/3390] Replayed PvNP.RealizableHardness.ActualTaggedPresentedSelection
warning: lean/PvNP/RealizableHardness/ActualTaggedPresentedSelection.lean:795:12: `if_pos` has been deprecated: Use `ite_eq_left` instead
warning: lean/PvNP/RealizableHardness/ActualTaggedPresentedSelection.lean:796:12: `if_neg` has been deprecated: Use `ite_eq_right` instead
warning: lean/PvNP/RealizableHardness/ActualTaggedPresentedSelection.lean:796:27: Unused tactic linter: `norm_num` does nothing

Note: This linter can be disabled with `set_option linter.unusedTactic false`
warning: lean/PvNP/RealizableHardness/ActualTaggedPresentedSelection.lean:796:27: this tactic is never executed

Note: This linter can be disabled with `set_option linter.unreachableTactic false`
warning: lean/PvNP/RealizableHardness/ActualTaggedPresentedSelection.lean:795:23: Used `tac1 <;> tac2` where `(tac1; tac2)` would suffice

Note: This linter can be disabled with `set_option linter.unnecessarySeqFocus false`
warning: lean/PvNP/RealizableHardness/ActualTaggedPresentedSelection.lean:807:12: `if_pos` has been deprecated: Use `ite_eq_left` instead
warning: lean/PvNP/RealizableHardness/ActualTaggedPresentedSelection.lean:808:12: `if_neg` has been deprecated: Use `ite_eq_right` instead
warning: lean/PvNP/RealizableHardness/ActualTaggedPresentedSelection.lean:807:27: Unused tactic linter: `norm_num` does nothing

Note: This linter can be disabled with `set_option linter.unusedTactic false`
warning: lean/PvNP/RealizableHardness/ActualTaggedPresentedSelection.lean:807:27: this tactic is never executed

Note: This linter can be disabled with `set_option linter.unreachableTactic false`
warning: lean/PvNP/RealizableHardness/ActualTaggedPresentedSelection.lean:808:23: Used `tac1 <;> tac2` where `(tac1; tac2)` would suffice

Note: This linter can be disabled with `set_option linter.unnecessarySeqFocus false`
warning: lean/PvNP/RealizableHardness/ActualTaggedPresentedSelection.lean:854:8: `if_pos` has been deprecated: Use `ite_eq_left` instead
warning: lean/PvNP/RealizableHardness/ActualTaggedPresentedSelection.lean:862:8: `if_neg` has been deprecated: Use `ite_eq_right` instead
ℹ [3218/3390] Replayed PvNP.RealizableHardness.ExceptionRepair
info: lean/PvNP/RealizableHardness/ExceptionRepair.lean:200:0: 'PvNP.RealizableHardness.exception_completeness' depends on axioms: [propext, Classical.choice, Quot.sound]
info: lean/PvNP/RealizableHardness/ExceptionRepair.lean:201:0: 'PvNP.RealizableHardness.exception_soundness' depends on axioms: [propext, Classical.choice, Quot.sound]
ℹ [3219/3390] Replayed PvNP.RealizableHardness.Formula
info: lean/PvNP/RealizableHardness/Formula.lean:93:0: 'PvNP.RealizableHardness.Formula.repair_complete' depends on axioms: [propext, Classical.choice, Quot.sound]
info: lean/PvNP/RealizableHardness/Formula.lean:94:0: 'PvNP.RealizableHardness.Formula.leaves_repair' depends on axioms: [propext]
info: lean/PvNP/RealizableHardness/Formula.lean:95:0: 'PvNP.RealizableHardness.Formula.repair_sound' depends on axioms: [propext, Classical.choice, Quot.sound]
⚠ [3220/3390] Replayed PvNP.RealizableHardness.WeightRounding
warning: lean/PvNP/RealizableHardness/WeightRounding.lean:47:56: `if_false` has been deprecated: Use `ite_false` instead
warning: lean/PvNP/RealizableHardness/WeightRounding.lean:47:56: `if_false` has been deprecated: Use `ite_false` instead
warning: lean/PvNP/RealizableHardness/WeightRounding.lean:47:32: This simp argument is unused:
  hx

Hint: Omit it from the simp argument list.
  [apply] simp only [Bool.false_eq_true, if_false, mul_zero, ite_true]

Note: This linter can be disabled with `set_option linter.unusedSimpArgs false`
warning: lean/PvNP/RealizableHardness/WeightRounding.lean:61:14: This simp argument is unused:
  hx

Hint: Omit it from the simp argument list.
  [apply] simp

Note: This linter can be disabled with `set_option linter.unusedSimpArgs false`
⚠ [3221/3390] Replayed PvNP.RealizableHardness.FiniteSampling
warning: lean/PvNP/RealizableHardness/FiniteSampling.lean:94:14: This simp argument is unused:
  hi

Hint: Omit it from the simp argument list.
  [apply] simp

Note: This linter can be disabled with `set_option linter.unusedSimpArgs false`
warning: lean/PvNP/RealizableHardness/FiniteSampling.lean:136:8: `if_neg` has been deprecated: Use `ite_eq_right` instead
⚠ [3222/3390] Replayed PvNP.RealizableHardness.TripleRestrictionRank
warning: lean/PvNP/RealizableHardness/TripleRestrictionRank.lean:41:39: This simp argument is unused:
  Fin.sum_univ_succ

Hint: Omit it from the simp argument list.
  [apply] simp [Fintype.sum_option, blockMass]

Note: This linter can be disabled with `set_option linter.unusedSimpArgs false`
warning: lean/PvNP/RealizableHardness/TripleRestrictionRank.lean:42:2: Used `tac1 <;> tac2` where `(tac1; tac2)` would suffice

Note: This linter can be disabled with `set_option linter.unnecessarySeqFocus false`
warning: lean/PvNP/RealizableHardness/TripleRestrictionRank.lean:49:26: `if_true` has been deprecated: Use `ite_true` instead
warning: lean/PvNP/RealizableHardness/TripleRestrictionRank.lean:69:19: `if_false` has been deprecated: Use `ite_false` instead
warning: lean/PvNP/RealizableHardness/TripleRestrictionRank.lean:91:25: `if_pos` has been deprecated: Use `ite_eq_left` instead
warning: lean/PvNP/RealizableHardness/TripleRestrictionRank.lean:92:25: `if_neg` has been deprecated: Use `ite_eq_right` instead
warning: lean/PvNP/RealizableHardness/TripleRestrictionRank.lean:92:50: `if_true` has been deprecated: Use `ite_true` instead
warning: lean/PvNP/RealizableHardness/TripleRestrictionRank.lean:105:19: `if_pos` has been deprecated: Use `ite_eq_left` instead
warning: lean/PvNP/RealizableHardness/TripleRestrictionRank.lean:106:19: `if_neg` has been deprecated: Use `ite_eq_right` instead
warning: lean/PvNP/RealizableHardness/TripleRestrictionRank.lean:92:36: This simp argument is unused:
  Bool.true_eq

Hint: Omit it from the simp argument list.
  [apply] simp only [events, if_neg hi, if_true]

Note: This linter can be disabled with `set_option linter.unusedSimpArgs false`
warning: lean/PvNP/RealizableHardness/TripleRestrictionRank.lean:112:39: This simp argument is unused:
  Fin.sum_univ_succ

Hint: Omit it from the simp argument list.
  [apply] simp [Fintype.sum_option, blockMass]

Note: This linter can be disabled with `set_option linter.unusedSimpArgs false`
warning: lean/PvNP/RealizableHardness/TripleRestrictionRank.lean:113:2: Used `tac1 <;> tac2` where `(tac1; tac2)` would suffice

Note: This linter can be disabled with `set_option linter.unnecessarySeqFocus false`
warning: lean/PvNP/RealizableHardness/TripleRestrictionRank.lean:121:20: This simp argument is unused:
  hd

Hint: Omit it from the simp argument list.
  [apply] simp

Note: This linter can be disabled with `set_option linter.unusedSimpArgs false`
warning: lean/PvNP/RealizableHardness/TripleRestrictionRank.lean:190:15: This simp argument is unused:
  Module.finrank_pi

Hint: Omit it from the simp argument list.
  [apply] simp [Coeff]

Note: This linter can be disabled with `set_option linter.unusedSimpArgs false`
warning: lean/PvNP/RealizableHardness/TripleRestrictionRank.lean:224:15: `if_pos` has been deprecated: Use `ite_eq_left` instead
warning: lean/PvNP/RealizableHardness/TripleRestrictionRank.lean:234:15: `if_neg` has been deprecated: Use `ite_eq_right` instead
warning: lean/PvNP/RealizableHardness/TripleRestrictionRank.lean:257:25: This simp argument is unused:
  Coeff

Hint: Omit it from the simp argument list.
  [apply] simp [s, Fintype.card_fun, ZMod.card]

Note: This linter can be disabled with `set_option linter.unusedSimpArgs false`
warning: lean/PvNP/RealizableHardness/TripleRestrictionRank.lean:257:32: This simp argument is unused:
  Fintype.card_fun

Hint: Omit it from the simp argument list.
  [apply] simp [s, Coeff, ZMod.card]

Note: This linter can be disabled with `set_option linter.unusedSimpArgs false`
warning: lean/PvNP/RealizableHardness/TripleRestrictionRank.lean:335:49: This simp argument is unused:
  mul_assoc

Hint: Omit it from the simp argument list.
  [apply] simp [evaluate, Finset.mul_sum, mul_left_comm]

Note: This linter can be disabled with `set_option linter.unusedSimpArgs false`
warning: lean/PvNP/RealizableHardness/TripleRestrictionRank.lean:433:69: This simp argument is unused:
  Module.finrank_pi

Hint: Omit it from the simp argument list.
  [apply] simp [Coeff]

Note: This linter can be disabled with `set_option linter.unusedSimpArgs false`
⚠ [3223/3390] Replayed PvNP.RealizableHardness.SubspaceRestriction
warning: lean/PvNP/RealizableHardness/SubspaceRestriction.lean:123:52: This simp argument is unused:
  Module.finrank_pi

Hint: Omit it from the simp argument list.
  [apply] simp [codim, TripleRestrictionRank.Vector, Coord, Nat.mul_comm]

Note: This linter can be disabled with `set_option linter.unusedSimpArgs false`
warning: lean/PvNP/RealizableHardness/SubspaceRestriction.lean:126:52: This simp argument is unused:
  Module.finrank_pi

Hint: Omit it from the simp argument list.
  [apply] simp [codim, TripleRestrictionRank.Vector, Coord]

Note: This linter can be disabled with `set_option linter.unusedSimpArgs false`
⚠ [3224/3390] Replayed PvNP.RealizableHardness.PosteriorReweighting
warning: lean/PvNP/RealizableHardness/PosteriorReweighting.lean:25:0: automatically included section variable(s) unused in theorem `PvNP.RealizableHardness.PosteriorReweighting.marginal_nonneg`:
  [Fintype Q]
consider restructuring your `variable` declarations so that the variables are not in scope or explicitly omit them:
  omit [Fintype Q] in theorem ...

Note: This linter can be disabled with `set_option linter.unusedSectionVars false`
warning: lean/PvNP/RealizableHardness/PosteriorReweighting.lean:36:0: automatically included section variable(s) unused in theorem `PvNP.RealizableHardness.PosteriorReweighting.posterior_normalized`:
  [Fintype Q]
consider restructuring your `variable` declarations so that the variables are not in scope or explicitly omit them:
  omit [Fintype Q] in theorem ...

Note: This linter can be disabled with `set_option linter.unusedSectionVars false`
warning: lean/PvNP/RealizableHardness/PosteriorReweighting.lean:41:0: automatically included section variable(s) unused in theorem `PvNP.RealizableHardness.PosteriorReweighting.bayes_mass`:
  [Fintype Q]
consider restructuring your `variable` declarations so that the variables are not in scope or explicitly omit them:
  omit [Fintype Q] in theorem ...

Note: This linter can be disabled with `set_option linter.unusedSectionVars false`
warning: lean/PvNP/RealizableHardness/PosteriorReweighting.lean:46:0: automatically included section variable(s) unused in theorem `PvNP.RealizableHardness.PosteriorReweighting.zero_prior`:
  [Fintype Q]
consider restructuring your `variable` declarations so that the variables are not in scope or explicitly omit them:
  omit [Fintype Q] in theorem ...

Note: This linter can be disabled with `set_option linter.unusedSectionVars false`
warning: lean/PvNP/RealizableHardness/PosteriorReweighting.lean:49:0: automatically included section variable(s) unused in theorem `PvNP.RealizableHardness.PosteriorReweighting.bayes_ratio`:
  [Fintype Q]
consider restructuring your `variable` declarations so that the variables are not in scope or explicitly omit them:
  omit [Fintype Q] in theorem ...

Note: This linter can be disabled with `set_option linter.unusedSectionVars false`
warning: lean/PvNP/RealizableHardness/PosteriorReweighting.lean:56:0: automatically included section variable(s) unused in theorem `PvNP.RealizableHardness.PosteriorReweighting.joint_zero_of_marginal_zero`:
  [Fintype Q]
consider restructuring your `variable` declarations so that the variables are not in scope or explicitly omit them:
  omit [Fintype Q] in theorem ...

Note: This linter can be disabled with `set_option linter.unusedSectionVars false`
warning: lean/PvNP/RealizableHardness/PosteriorReweighting.lean:88:29: This simp argument is unused:
  hb

Hint: Omit it from the simp argument list.
  [apply] simp [hg, hr]

Note: This linter can be disabled with `set_option linter.unusedSimpArgs false`
warning: lean/PvNP/RealizableHardness/PosteriorReweighting.lean:90:17: This simp argument is unused:
  hb

Hint: Omit it from the simp argument list.
  [apply] simp only [hg, Bool.not_false, Bool.true_eq, ite_true]

Note: This linter can be disabled with `set_option linter.unusedSimpArgs false`
warning: lean/PvNP/RealizableHardness/PosteriorReweighting.lean:90:41: This simp argument is unused:
  Bool.true_eq

Hint: Omit it from the simp argument list.
  [apply] simp only [hb, hg, Bool.not_false, ite_true]

Note: This linter can be disabled with `set_option linter.unusedSimpArgs false`
warning: lean/PvNP/RealizableHardness/PosteriorReweighting.lean:100:20: Variable name `hz` is not explicitly referenced.

Hint: The binding can be removed (if unused) or named `_` (if used implicitly). Alternatively, prefix the name with `_` to silence this warning:
  [apply] _hz

Note: This linter can be disabled with `set_option linter.unusedVariables false`
warning: lean/PvNP/RealizableHardness/PosteriorReweighting.lean:109:17: This simp argument is unused:
  hg

Hint: Omit it from the simp argument list.
  [apply] simp only [Bool.not_false, Bool.true_eq, ite_true]

Note: This linter can be disabled with `set_option linter.unusedSimpArgs false`
warning: lean/PvNP/RealizableHardness/PosteriorReweighting.lean:109:37: This simp argument is unused:
  Bool.true_eq

Hint: Omit it from the simp argument list.
  [apply] simp only [hg, Bool.not_false, ite_true]

Note: This linter can be disabled with `set_option linter.unusedSimpArgs false`
warning: lean/PvNP/RealizableHardness/PosteriorReweighting.lean:116:17: This simp argument is unused:
  hg

Hint: Omit it from the simp argument list.
  [apply] simp only [Bool.not_true, Bool.false_eq_true, ite_false, add_zero]

Note: This linter can be disabled with `set_option linter.unusedSimpArgs false`
⚠ [3225/3390] Replayed PvNP.RealizableHardness.GrassmannIncidence
warning: lean/PvNP/RealizableHardness/GrassmannIncidence.lean:64:2: Try this: 
  letI̵

The goal is a proposition, so `let` is preferred over `letI`.
The difference between `let` and `letI` is that `letI` inlines the value.
But this is not relevant for proofs because of proof irrelevance.

Note: This linter can be disabled with `set_option linter.style.haveILetI false`
warning: lean/PvNP/RealizableHardness/GrassmannIncidence.lean:79:17: This simp argument is unused:
  Module.finrank_pi

Hint: Omit it from the simp argument list.
  [apply] simp [Coeff]

Note: This linter can be disabled with `set_option linter.unusedSimpArgs false`
⚠ [3227/3390] Replayed PvNP.RealizableHardness.GrassmannCounting
warning: lean/PvNP/RealizableHardness/GrassmannCounting.lean:28:2: Try this: 
  letI̵

The goal is a proposition, so `let` is preferred over `letI`.
The difference between `let` and `letI` is that `letI` inlines the value.
But this is not relevant for proofs because of proof irrelevance.

Note: This linter can be disabled with `set_option linter.style.haveILetI false`
warning: lean/PvNP/RealizableHardness/GrassmannCounting.lean:60:0: automatically included section variable(s) unused in theorem `PvNP.RealizableHardness.GrassmannCounting.flatten_surjective`:
  [Finite V]
consider restructuring your `variable` declarations so that the variables are not in scope or explicitly omit them:
  omit [Finite V] in theorem ...

Note: This linter can be disabled with `set_option linter.unusedSectionVars false`
warning: lean/PvNP/RealizableHardness/GrassmannCounting.lean:111:2: Try this: 
  letI̵

The goal is a proposition, so `let` is preferred over `letI`.
The difference between `let` and `letI` is that `letI` inlines the value.
But this is not relevant for proofs because of proof irrelevance.

Note: This linter can be disabled with `set_option linter.style.haveILetI false`
warning: lean/PvNP/RealizableHardness/GrassmannCounting.lean:119:18: `if_pos` has been deprecated: Use `ite_eq_left` instead
warning: lean/PvNP/RealizableHardness/GrassmannCounting.lean:120:18: `if_neg` has been deprecated: Use `ite_eq_right` instead
warning: lean/PvNP/RealizableHardness/GrassmannCounting.lean:135:0: automatically included section variable(s) unused in theorem `PvNP.RealizableHardness.GrassmannCounting.include_injective`:
  [Finite V]
consider restructuring your `variable` declarations so that the variables are not in scope or explicitly omit them:
  omit [Finite V] in theorem ...

Note: This linter can be disabled with `set_option linter.unusedSectionVars false`
warning: lean/PvNP/RealizableHardness/GrassmannCounting.lean:144:0: automatically included section variable(s) unused in theorem `PvNP.RealizableHardness.GrassmannCounting.include_surjective`:
  [Finite V]
consider restructuring your `variable` declarations so that the variables are not in scope or explicitly omit them:
  omit [Finite V] in theorem ...

Note: This linter can be disabled with `set_option linter.unusedSectionVars false`
⚠ [3228/3390] Replayed PvNP.RealizableHardness.ActualMaximalPairLadder
warning: lean/PvNP/RealizableHardness/ActualMaximalPairLadder.lean:57:0: automatically included section variable(s) unused in theorem `PvNP.RealizableHardness.ActualMaximalPairLadder.compatibleExtension_refl`:
  [Fintype V]
consider restructuring your `variable` declarations so that the variables are not in scope or explicitly omit them:
  omit [Fintype V] in theorem ...

Note: This linter can be disabled with `set_option linter.unusedSectionVars false`
warning: lean/PvNP/RealizableHardness/ActualMaximalPairLadder.lean:63:0: automatically included section variable(s) unused in theorem `PvNP.RealizableHardness.ActualMaximalPairLadder.compatibleExtension_trans`:
  [Fintype V]
consider restructuring your `variable` declarations so that the variables are not in scope or explicitly omit them:
  omit [Fintype V] in theorem ...

Note: This linter can be disabled with `set_option linter.unusedSectionVars false`
warning: lean/PvNP/RealizableHardness/ActualMaximalPairLadder.lean:147:5: Variable name `h` is not explicitly referenced.

Hint: The binding can be removed (if unused) or named `_` (if used implicitly). Alternatively, prefix the name with `_` to silence this warning:
  [apply] _h

Note: This linter can be disabled with `set_option linter.unusedVariables false`
warning: lean/PvNP/RealizableHardness/ActualMaximalPairLadder.lean:227:32: Used `tac1 <;> tac2` where `(tac1; tac2)` would suffice

Note: This linter can be disabled with `set_option linter.unnecessarySeqFocus false`
⚠ [3229/3390] Replayed PvNP.RealizableHardness.ActualFiniteLaw
warning: lean/PvNP/RealizableHardness/ActualFiniteLaw.lean:84:21: `if_true` has been deprecated: Use `ite_true` instead
warning: lean/PvNP/RealizableHardness/ActualFiniteLaw.lean:86:21: `if_false` has been deprecated: Use `ite_false` instead
warning: lean/PvNP/RealizableHardness/ActualFiniteLaw.lean:86:31: This simp argument is unused:
  zero_mul

Hint: Omit it from the simp argument list.
  [apply] simp only [hx, if_false]

Note: This linter can be disabled with `set_option linter.unusedSimpArgs false`
warning: lean/PvNP/RealizableHardness/ActualFiniteLaw.lean:241:60: This simp argument is unused:
  hn

Hint: Omit it from the simp argument list.
  [apply] simp [Finset.sum_const, Finset.card_univ, nsmul_eq_mul]

Note: This linter can be disabled with `set_option linter.unusedSimpArgs false`
warning: lean/PvNP/RealizableHardness/ActualFiniteLaw.lean:368:2: Try this: 
  letI̵

The goal is a proposition, so `let` is preferred over `letI`.
The difference between `let` and `letI` is that `letI` inlines the value.
But this is not relevant for proofs because of proof irrelevance.

Note: This linter can be disabled with `set_option linter.style.haveILetI false`
⚠ [3231/3390] Replayed PvNP.RealizableHardness.ActualGraphIncidence
warning: lean/PvNP/RealizableHardness/ActualGraphIncidence.lean:42:24: `if_pos` has been deprecated: Use `ite_eq_left` instead
warning: lean/PvNP/RealizableHardness/ActualGraphIncidence.lean:43:23: `if_neg` has been deprecated: Use `ite_eq_right` instead
⚠ [3232/3390] Replayed PvNP.RealizableHardness.ActualEqualityCloudDegree
warning: lean/PvNP/RealizableHardness/ActualEqualityCloudDegree.lean:56:8: `if_pos` has been deprecated: Use `ite_eq_left` instead
warning: lean/PvNP/RealizableHardness/ActualEqualityCloudDegree.lean:64:8: `if_neg` has been deprecated: Use `ite_eq_right` instead
⚠ [3234/3390] Replayed PvNP.RealizableHardness.ActualQuestionMassBridge
warning: lean/PvNP/RealizableHardness/ActualQuestionMassBridge.lean:70:4: `push_neg` has been deprecated. Prefer using `push Not` instead.
If you'd rather continue using `push_neg` in your project, you can implement it as follows:
```
open Lean.Parser.Tactic in
macro "push_neg" cfg:optConfig loc:(location)? : tactic =>
  `(tactic| push $cfg:optConfig Not $[$loc]?)
```
warning: lean/PvNP/RealizableHardness/ActualQuestionMassBridge.lean:171:10: This simp argument is unused:
  Fintype.card_fun

Hint: Omit it from the simp argument list.
  [apply] simp [hKcard]

Note: This linter can be disabled with `set_option linter.unusedSimpArgs false`
warning: lean/PvNP/RealizableHardness/ActualQuestionMassBridge.lean:313:0: automatically included section variable(s) unused in theorem `PvNP.RealizableHardness.ActualQuestionMassBridge.conflict_degree_le`:
  [Fintype X]
consider restructuring your `variable` declarations so that the variables are not in scope or explicitly omit them:
  omit [Fintype X] in theorem ...

Note: This linter can be disabled with `set_option linter.unusedSectionVars false`
info: lean/PvNP/RealizableHardness/ActualQuestionMassBridge.lean:391:0: 'PvNP.RealizableHardness.ActualQuestionMassBridge.conflict_degree_le' depends on axioms: [propext,
 Classical.choice,
 Quot.sound]
warning: lean/PvNP/RealizableHardness/ActualQuestionMassBridge.lean:423:6: Try this: 
  letI̵

The goal is a proposition, so `let` is preferred over `letI`.
The difference between `let` and `letI` is that `letI` inlines the value.
But this is not relevant for proofs because of proof irrelevance.

Note: This linter can be disabled with `set_option linter.style.haveILetI false`
warning: lean/PvNP/RealizableHardness/ActualQuestionMassBridge.lean:474:14: This simp argument is unused:
  Fintype.card_fun

Hint: Omit it from the simp argument list.
  [apply] simp

Note: This linter can be disabled with `set_option linter.unusedSimpArgs false`
⚠ [3235/3390] Replayed PvNP.RealizableHardness.TaggedQuestionMassBridge
warning: lean/PvNP/RealizableHardness/TaggedQuestionMassBridge.lean:213:14: This simp argument is unused:
  Fintype.card_fun

Hint: Omit it from the simp argument list.
  [apply] simp [Fintype.card_prod, hJ]

Note: This linter can be disabled with `set_option linter.unusedSimpArgs false`
warning: lean/PvNP/RealizableHardness/TaggedQuestionMassBridge.lean:213:32: This simp argument is unused:
  Fintype.card_prod

Hint: Omit it from the simp argument list.
  [apply] simp [Fintype.card_fun, hJ]

Note: This linter can be disabled with `set_option linter.unusedSimpArgs false`
warning: lean/PvNP/RealizableHardness/TaggedQuestionMassBridge.lean:226:14: This simp argument is unused:
  Fintype.card_fun

Hint: Omit it from the simp argument list.
  [apply] simp [Fintype.card_prod, Fintype.card_fin]

Note: This linter can be disabled with `set_option linter.unusedSimpArgs false`
warning: lean/PvNP/RealizableHardness/TaggedQuestionMassBridge.lean:255:12: This simp argument is unused:
  Fintype.card_fun

Hint: Omit it from the simp argument list.
  [apply] simp [Fintype.card_prod, Fintype.card_fin]

Note: This linter can be disabled with `set_option linter.unusedSimpArgs false`
⚠ [3236/3390] Replayed PvNP.RealizableHardness.ActualTaggedQuestionMass
warning: lean/PvNP/RealizableHardness/ActualTaggedQuestionMass.lean:41:6: Try this: 
  letI̵

The goal is a proposition, so `let` is preferred over `letI`.
The difference between `let` and `letI` is that `letI` inlines the value.
But this is not relevant for proofs because of proof irrelevance.

Note: This linter can be disabled with `set_option linter.style.haveILetI false`
warning: lean/PvNP/RealizableHardness/ActualTaggedQuestionMass.lean:50:6: try 'simp' instead of 'simpa'

Note: This linter can be disabled with `set_option linter.unnecessarySimpa false`
warning: lean/PvNP/RealizableHardness/ActualTaggedQuestionMass.lean:57:4: Unused tactic linter: `change
  rowConflict (Finite3LinSource.ofActual I).support q r ↔ rowConflict I.support q r` does nothing

Note: This linter can be disabled with `set_option linter.unusedTactic false`
⚠ [3237/3390] Replayed PvNP.RealizableHardness.ActualTaggedQuestionRetainedMass
warning: lean/PvNP/RealizableHardness/ActualTaggedQuestionRetainedMass.lean:99:12: This simp argument is unused:
  Fintype.card_fun

Hint: Omit it from the simp argument list.
  [apply] simp [Fintype.card_prod, Fintype.card_fin]

Note: This linter can be disabled with `set_option linter.unusedSimpArgs false`
warning: lean/PvNP/RealizableHardness/ActualTaggedQuestionRetainedMass.lean:124:10: This simp argument is unused:
  Fintype.card_fun

Hint: Omit it from the simp argument list.
  [apply] simp [Fintype.card_prod, Fintype.card_fin]

Note: This linter can be disabled with `set_option linter.unusedSimpArgs false`
⚠ [3239/3390] Replayed PvNP.RealizableHardness.ActualTaggedPresentationFiberAudit
warning: lean/PvNP/RealizableHardness/ActualTaggedPresentationFiberAudit.lean:137:2: Try this: 
  letI̵

The goal is a proposition, so `let` is preferred over `letI`.
The difference between `let` and `letI` is that `letI` inlines the value.
But this is not relevant for proofs because of proof irrelevance.

Note: This linter can be disabled with `set_option linter.style.haveILetI false`
warning: lean/PvNP/RealizableHardness/ActualTaggedPresentationFiberAudit.lean:138:2: Try this: 
  letI̵

The goal is a proposition, so `let` is preferred over `letI`.
The difference between `let` and `letI` is that `letI` inlines the value.
But this is not relevant for proofs because of proof irrelevance.

Note: This linter can be disabled with `set_option linter.style.haveILetI false`
warning: lean/PvNP/RealizableHardness/ActualTaggedPresentationFiberAudit.lean:139:2: Try this: 
  letI̵

The goal is a proposition, so `let` is preferred over `letI`.
The difference between `let` and `letI` is that `letI` inlines the value.
But this is not relevant for proofs because of proof irrelevance.

Note: This linter can be disabled with `set_option linter.style.haveILetI false`
warning: lean/PvNP/RealizableHardness/ActualTaggedPresentationFiberAudit.lean:145:2: Try this: 
  letI̵

The goal is a proposition, so `let` is preferred over `letI`.
The difference between `let` and `letI` is that `letI` inlines the value.
But this is not relevant for proofs because of proof irrelevance.

Note: This linter can be disabled with `set_option linter.style.haveILetI false`
⚠ [3240/3390] Replayed PvNP.RealizableHardness.ActualTaggedVertexPresentationFiber
warning: lean/PvNP/RealizableHardness/ActualTaggedVertexPresentationFiber.lean:243:2: Try this: 
  letI̵

The goal is a proposition, so `let` is preferred over `letI`.
The difference between `let` and `letI` is that `letI` inlines the value.
But this is not relevant for proofs because of proof irrelevance.

Note: This linter can be disabled with `set_option linter.style.haveILetI false`
warning: lean/PvNP/RealizableHardness/ActualTaggedVertexPresentationFiber.lean:245:2: Try this: 
  letI̵

The goal is a proposition, so `let` is preferred over `letI`.
The difference between `let` and `letI` is that `letI` inlines the value.
But this is not relevant for proofs because of proof irrelevance.

Note: This linter can be disabled with `set_option linter.style.haveILetI false`
⚠ [3241/3390] Replayed PvNP.RealizableHardness.ActualTaggedSelectedDecoderBridge
warning: lean/PvNP/RealizableHardness/ActualTaggedSelectedDecoderBridge.lean:76:5: Variable name `hrows` is not explicitly referenced.

Hint: The binding can be removed (if unused) or named `_` (if used implicitly). Alternatively, prefix the name with `_` to silence this warning:
  [apply] _hrows

Note: This linter can be disabled with `set_option linter.unusedVariables false`
warning: lean/PvNP/RealizableHardness/ActualTaggedSelectedDecoderBridge.lean:263:41: `dif_pos` has been deprecated: Use `dite_eq_left` instead
⚠ [3245/3390] Replayed PvNP.RealizableHardness.ActualTaggedConditionalGraphCount
warning: lean/PvNP/RealizableHardness/ActualTaggedConditionalGraphCount.lean:66:4: try 'simp' instead of 'simpa'

Note: This linter can be disabled with `set_option linter.unnecessarySimpa false`
warning: lean/PvNP/RealizableHardness/ActualTaggedConditionalGraphCount.lean:74:10: This simp argument is unused:
  Submodule.liftQ_mkQ

Hint: Omit it from the simp argument list.
  [apply] simp

Note: This linter can be disabled with `set_option linter.unusedSimpArgs false`
warning: lean/PvNP/RealizableHardness/ActualTaggedConditionalGraphCount.lean:98:2: Try this: 
  letI̵

The goal is a proposition, so `let` is preferred over `letI`.
The difference between `let` and `letI` is that `letI` inlines the value.
But this is not relevant for proofs because of proof irrelevance.

Note: This linter can be disabled with `set_option linter.style.haveILetI false`
warning: lean/PvNP/RealizableHardness/ActualTaggedConditionalGraphCount.lean:99:2: Try this: 
  letI̵

The goal is a proposition, so `let` is preferred over `letI`.
The difference between `let` and `letI` is that `letI` inlines the value.
But this is not relevant for proofs because of proof irrelevance.

Note: This linter can be disabled with `set_option linter.style.haveILetI false`
warning: lean/PvNP/RealizableHardness/ActualTaggedConditionalGraphCount.lean:100:2: Try this: 
  letI̵

The goal is a proposition, so `let` is preferred over `letI`.
The difference between `let` and `letI` is that `letI` inlines the value.
But this is not relevant for proofs because of proof irrelevance.

Note: This linter can be disabled with `set_option linter.style.haveILetI false`
warning: lean/PvNP/RealizableHardness/ActualTaggedConditionalGraphCount.lean:164:2: Try this: 
  letI̵

The goal is a proposition, so `let` is preferred over `letI`.
The difference between `let` and `letI` is that `letI` inlines the value.
But this is not relevant for proofs because of proof irrelevance.

Note: This linter can be disabled with `set_option linter.style.haveILetI false`
warning: lean/PvNP/RealizableHardness/ActualTaggedConditionalGraphCount.lean:165:2: Try this: 
  letI̵

The goal is a proposition, so `let` is preferred over `letI`.
The difference between `let` and `letI` is that `letI` inlines the value.
But this is not relevant for proofs because of proof irrelevance.

Note: This linter can be disabled with `set_option linter.style.haveILetI false`
⚠ [3246/3390] Replayed PvNP.RealizableHardness.GrassmannFlagPosterior
warning: lean/PvNP/RealizableHardness/GrassmannFlagPosterior.lean:52:2: Try this: 
  letI̵

The goal is a proposition, so `let` is preferred over `letI`.
The difference between `let` and `letI` is that `letI` inlines the value.
But this is not relevant for proofs because of proof irrelevance.

Note: This linter can be disabled with `set_option linter.style.haveILetI false`
⚠ [3247/3390] Replayed PvNP.RealizableHardness.ActualFiniteIncidenceSampling
warning: lean/PvNP/RealizableHardness/ActualFiniteIncidenceSampling.lean:179:32: This simp argument is unused:
  Finset.mem_filter

Hint: Omit it from the simp argument list.
  [apply] simp only [Finset.sum_filter]

Note: This linter can be disabled with `set_option linter.unusedSimpArgs false`
warning: lean/PvNP/RealizableHardness/ActualFiniteIncidenceSampling.lean:281:34: This simp argument is unused:
  Finset.mem_univ

Hint: Omit it from the simp argument list.
  [apply] simp only [Finset.sum_filter, ite_true]

Note: This linter can be disabled with `set_option linter.unusedSimpArgs false`
warning: lean/PvNP/RealizableHardness/ActualFiniteIncidenceSampling.lean:281:51: This simp argument is unused:
  ite_true

Hint: Omit it from the simp argument list.
  [apply] simp only [Finset.sum_filter, Finset.mem_univ]

Note: This linter can be disabled with `set_option linter.unusedSimpArgs false`
warning: lean/PvNP/RealizableHardness/ActualFiniteIncidenceSampling.lean:598:10: `if_pos` has been deprecated: Use `ite_eq_left` instead
warning: lean/PvNP/RealizableHardness/ActualFiniteIncidenceSampling.lean:570:34: This simp argument is unused:
  Finset.mem_univ

Hint: Omit it from the simp argument list.
  [apply] simp only [Finset.sum_filter, ite_true]

Note: This linter can be disabled with `set_option linter.unusedSimpArgs false`
warning: lean/PvNP/RealizableHardness/ActualFiniteIncidenceSampling.lean:570:51: This simp argument is unused:
  ite_true

Hint: Omit it from the simp argument list.
  [apply] simp only [Finset.sum_filter, Finset.mem_univ]

Note: This linter can be disabled with `set_option linter.unusedSimpArgs false`
warning: lean/PvNP/RealizableHardness/ActualFiniteIncidenceSampling.lean:707:25: `if_true` has been deprecated: Use `ite_true` instead
warning: lean/PvNP/RealizableHardness/ActualFiniteIncidenceSampling.lean:707:15: This simp argument is unused:
  Prod.fst

Hint: Omit it from the simp argument list.
  [apply] simp only [if_true]

Note: This linter can be disabled with `set_option linter.unusedSimpArgs false`
warning: lean/PvNP/RealizableHardness/ActualFiniteIncidenceSampling.lean:770:32: This simp argument is unused:
  Finset.mem_univ

Hint: Omit it from the simp argument list.
  [apply] simp only [Finset.sum_filter, ite_true]

Note: This linter can be disabled with `set_option linter.unusedSimpArgs false`
warning: lean/PvNP/RealizableHardness/ActualFiniteIncidenceSampling.lean:770:49: This simp argument is unused:
  ite_true

Hint: Omit it from the simp argument list.
  [apply] simp only [Finset.sum_filter, Finset.mem_univ]

Note: This linter can be disabled with `set_option linter.unusedSimpArgs false`
warning: lean/PvNP/RealizableHardness/ActualFiniteIncidenceSampling.lean:790:2: Try this: 
  letI̵

The goal is a proposition, so `let` is preferred over `letI`.
The difference between `let` and `letI` is that `letI` inlines the value.
But this is not relevant for proofs because of proof irrelevance.

Note: This linter can be disabled with `set_option linter.style.haveILetI false`
warning: lean/PvNP/RealizableHardness/ActualFiniteIncidenceSampling.lean:809:8: `if_neg` has been deprecated: Use `ite_eq_right` instead
⚠ [3248/3390] Replayed PvNP.RealizableHardness.ActualQuestionCenterDomainDraw
warning: lean/PvNP/RealizableHardness/ActualQuestionCenterDomainDraw.lean:192:51: This simp argument is unused:
  Nat.add_left_comm

Hint: Omit it from the simp argument list.
  [apply] simp [Nat.succ_mul, Nat.add_assoc, Nat.add_comm] at h'

Note: This linter can be disabled with `set_option linter.unusedSimpArgs false`
warning: lean/PvNP/RealizableHardness/ActualQuestionCenterDomainDraw.lean:285:20: Variable name `hh` is not explicitly referenced.

Hint: The binding can be removed (if unused) or named `_` (if used implicitly). Alternatively, prefix the name with `_` to silence this warning:
  [apply] _hh

Note: This linter can be disabled with `set_option linter.unusedVariables false`
warning: lean/PvNP/RealizableHardness/ActualQuestionCenterDomainDraw.lean:361:2: Try this: 
  letI̵

The goal is a proposition, so `let` is preferred over `letI`.
The difference between `let` and `letI` is that `letI` inlines the value.
But this is not relevant for proofs because of proof irrelevance.

Note: This linter can be disabled with `set_option linter.style.haveILetI false`
warning: lean/PvNP/RealizableHardness/ActualQuestionCenterDomainDraw.lean:372:2: Try this: 
  letI̵

The goal is a proposition, so `let` is preferred over `letI`.
The difference between `let` and `letI` is that `letI` inlines the value.
But this is not relevant for proofs because of proof irrelevance.

Note: This linter can be disabled with `set_option linter.style.haveILetI false`
warning: lean/PvNP/RealizableHardness/ActualQuestionCenterDomainDraw.lean:375:2: Try this: 
  letI̵

The goal is a proposition, so `let` is preferred over `letI`.
The difference between `let` and `letI` is that `letI` inlines the value.
But this is not relevant for proofs because of proof irrelevance.

Note: This linter can be disabled with `set_option linter.style.haveILetI false`
warning: lean/PvNP/RealizableHardness/ActualQuestionCenterDomainDraw.lean:446:51: This simp argument is unused:
  Nat.add_left_comm

Hint: Omit it from the simp argument list.
  [apply] simp [Nat.succ_mul, Nat.add_assoc, Nat.add_comm] at h'

Note: This linter can be disabled with `set_option linter.unusedSimpArgs false`
warning: lean/PvNP/RealizableHardness/ActualQuestionCenterDomainDraw.lean:481:4: try 'simp' instead of 'simpa'

Note: This linter can be disabled with `set_option linter.unnecessarySimpa false`
⚠ [3249/3390] Replayed PvNP.RealizableHardness.ActualCliqueScoreTransfer
warning: lean/PvNP/RealizableHardness/ActualCliqueScoreTransfer.lean:55:12: `if_pos` has been deprecated: Use `ite_eq_left` instead
warning: lean/PvNP/RealizableHardness/ActualCliqueScoreTransfer.lean:56:12: `if_neg` has been deprecated: Use `ite_eq_right` instead
warning: lean/PvNP/RealizableHardness/ActualCliqueScoreTransfer.lean:56:27: Unused tactic linter: `norm_num` does nothing

Note: This linter can be disabled with `set_option linter.unusedTactic false`
warning: lean/PvNP/RealizableHardness/ActualCliqueScoreTransfer.lean:56:27: this tactic is never executed

Note: This linter can be disabled with `set_option linter.unreachableTactic false`
warning: lean/PvNP/RealizableHardness/ActualCliqueScoreTransfer.lean:55:23: Used `tac1 <;> tac2` where `(tac1; tac2)` would suffice

Note: This linter can be disabled with `set_option linter.unnecessarySeqFocus false`
warning: lean/PvNP/RealizableHardness/ActualCliqueScoreTransfer.lean:68:12: `if_pos` has been deprecated: Use `ite_eq_left` instead
warning: lean/PvNP/RealizableHardness/ActualCliqueScoreTransfer.lean:69:12: `if_neg` has been deprecated: Use `ite_eq_right` instead
warning: lean/PvNP/RealizableHardness/ActualCliqueScoreTransfer.lean:68:27: Unused tactic linter: `norm_num` does nothing

Note: This linter can be disabled with `set_option linter.unusedTactic false`
warning: lean/PvNP/RealizableHardness/ActualCliqueScoreTransfer.lean:68:27: this tactic is never executed

Note: This linter can be disabled with `set_option linter.unreachableTactic false`
warning: lean/PvNP/RealizableHardness/ActualCliqueScoreTransfer.lean:69:23: Used `tac1 <;> tac2` where `(tac1; tac2)` would suffice

Note: This linter can be disabled with `set_option linter.unnecessarySeqFocus false`
⚠ [3252/3390] Replayed PvNP.RealizableHardness.ActualQuestionCenterCollisionBound
warning: lean/PvNP/RealizableHardness/ActualQuestionCenterCollisionBound.lean:49:2: Try this: 
  letI̵

The goal is a proposition, so `let` is preferred over `letI`.
The difference between `let` and `letI` is that `letI` inlines the value.
But this is not relevant for proofs because of proof irrelevance.

Note: This linter can be disabled with `set_option linter.style.haveILetI false`
warning: lean/PvNP/RealizableHardness/ActualQuestionCenterCollisionBound.lean:44:0: Definition `PvNP.RealizableHardness.ActualQuestionCenterCollisionBound.domainTupleNonempty` of class type is semireducible. Most type class instances should be instance-reducible, so consider marking this
definition with `@[instance_reducible]`. If it is intentionally semireducible, this warning can be disabled with `set_option warn.classDefReducibility false`.
warning: lean/PvNP/RealizableHardness/ActualQuestionCenterCollisionBound.lean:44:0: Definition `domainTupleNonempty` is a proposition; use `theorem` instead of `def`

Note: This linter can be disabled with `set_option linter.defProp false`
warning: lean/PvNP/RealizableHardness/ActualQuestionCenterCollisionBound.lean:213:2: Try this: 
  letI̵

The goal is a proposition, so `let` is preferred over `letI`.
The difference between `let` and `letI` is that `letI` inlines the value.
But this is not relevant for proofs because of proof irrelevance.

Note: This linter can be disabled with `set_option linter.style.haveILetI false`
warning: lean/PvNP/RealizableHardness/ActualQuestionCenterCollisionBound.lean:214:2: Try this: 
  letI̵

The goal is a proposition, so `let` is preferred over `letI`.
The difference between `let` and `letI` is that `letI` inlines the value.
But this is not relevant for proofs because of proof irrelevance.

Note: This linter can be disabled with `set_option linter.style.haveILetI false`
warning: lean/PvNP/RealizableHardness/ActualQuestionCenterCollisionBound.lean:330:16: `if_pos` has been deprecated: Use `ite_eq_left` instead
warning: lean/PvNP/RealizableHardness/ActualQuestionCenterCollisionBound.lean:408:16: try 'simp' instead of 'simpa'

Note: This linter can be disabled with `set_option linter.unnecessarySimpa false`
warning: lean/PvNP/RealizableHardness/ActualQuestionCenterCollisionBound.lean:669:2: Try this: 
  letI̵

The goal is a proposition, so `let` is preferred over `letI`.
The difference between `let` and `letI` is that `letI` inlines the value.
But this is not relevant for proofs because of proof irrelevance.

Note: This linter can be disabled with `set_option linter.style.haveILetI false`
warning: lean/PvNP/RealizableHardness/ActualQuestionCenterCollisionBound.lean:688:16: `if_pos` has been deprecated: Use `ite_eq_left` instead
warning: lean/PvNP/RealizableHardness/ActualQuestionCenterCollisionBound.lean:690:16: `if_neg` has been deprecated: Use `ite_eq_right` instead
warning: lean/PvNP/RealizableHardness/ActualQuestionCenterCollisionBound.lean:692:10: `if_pos` has been deprecated: Use `ite_eq_left` instead
warning: lean/PvNP/RealizableHardness/ActualQuestionCenterCollisionBound.lean:693:10: `if_pos` has been deprecated: Use `ite_eq_left` instead
⚠ [3253/3390] Replayed PvNP.RealizableHardness.ActualMZ24FixedZoomListBound
warning: lean/PvNP/RealizableHardness/ActualMZ24FixedZoomListBound.lean:47:32: This simp argument is unused:
  Finset.mem_univ

Hint: Omit it from the simp argument list.
  [apply] simp only [Finset.sum_filter, ite_true]

Note: This linter can be disabled with `set_option linter.unusedSimpArgs false`
warning: lean/PvNP/RealizableHardness/ActualMZ24FixedZoomListBound.lean:47:49: This simp argument is unused:
  ite_true

Hint: Omit it from the simp argument list.
  [apply] simp only [Finset.sum_filter, Finset.mem_univ]

Note: This linter can be disabled with `set_option linter.unusedSimpArgs false`
warning: lean/PvNP/RealizableHardness/ActualMZ24FixedZoomListBound.lean:126:12: `if_pos` has been deprecated: Use `ite_eq_left` instead
warning: lean/PvNP/RealizableHardness/ActualMZ24FixedZoomListBound.lean:128:17: `if_neg` has been deprecated: Use `ite_eq_right` instead
warning: lean/PvNP/RealizableHardness/ActualMZ24FixedZoomListBound.lean:132:12: `if_pos` has been deprecated: Use `ite_eq_left` instead
warning: lean/PvNP/RealizableHardness/ActualMZ24FixedZoomListBound.lean:134:17: `if_neg` has been deprecated: Use `ite_eq_right` instead
warning: lean/PvNP/RealizableHardness/ActualMZ24FixedZoomListBound.lean:142:10: `if_pos` has been deprecated: Use `ite_eq_left` instead
warning: lean/PvNP/RealizableHardness/ActualMZ24FixedZoomListBound.lean:146:19: `if_neg` has been deprecated: Use `ite_eq_right` instead
warning: lean/PvNP/RealizableHardness/ActualMZ24FixedZoomListBound.lean:147:10: `if_neg` has been deprecated: Use `ite_eq_right` instead
warning: lean/PvNP/RealizableHardness/ActualMZ24FixedZoomListBound.lean:155:19: `if_pos` has been deprecated: Use `ite_eq_left` instead
warning: lean/PvNP/RealizableHardness/ActualMZ24FixedZoomListBound.lean:155:31: `if_neg` has been deprecated: Use `ite_eq_right` instead
warning: lean/PvNP/RealizableHardness/ActualMZ24FixedZoomListBound.lean:156:19: `if_neg` has been deprecated: Use `ite_eq_right` instead
warning: lean/PvNP/RealizableHardness/ActualMZ24FixedZoomListBound.lean:155:43: This simp argument is unused:
  one_mul

Hint: Omit it from the simp argument list.
  [apply] simp only [if_pos hxs, if_neg hys, mul_zero]

Note: This linter can be disabled with `set_option linter.unusedSimpArgs false`
warning: lean/PvNP/RealizableHardness/ActualMZ24FixedZoomListBound.lean:173:4: This simp argument is unused:
  Finset.sum_mul

Hint: Omit it from the simp argument list.
  [apply] simp only [Finset.sum_add_distrib, Finset.sum_sub_distrib, Finset.mul_sum]

Note: This linter can be disabled with `set_option linter.unusedSimpArgs false`
warning: lean/PvNP/RealizableHardness/ActualMZ24FixedZoomListBound.lean:173:20: This simp argument is unused:
  Finset.mul_sum

Hint: Omit it from the simp argument list.
  [apply] simp only [Finset.sum_add_distrib, Finset.sum_sub_distrib, Finset.sum_mul]

Note: This linter can be disabled with `set_option linter.unusedSimpArgs false`
warning: lean/PvNP/RealizableHardness/ActualMZ24FixedZoomListBound.lean:242:4: Try this: 
  letI̵

The goal is a proposition, so `let` is preferred over `letI`.
The difference between `let` and `letI` is that `letI` inlines the value.
But this is not relevant for proofs because of proof irrelevance.

Note: This linter can be disabled with `set_option linter.style.haveILetI false`
warning: lean/PvNP/RealizableHardness/ActualMZ24FixedZoomListBound.lean:341:24: `if_pos` has been deprecated: Use `ite_eq_left` instead
warning: lean/PvNP/RealizableHardness/ActualMZ24FixedZoomListBound.lean:343:29: `if_neg` has been deprecated: Use `ite_eq_right` instead
warning: lean/PvNP/RealizableHardness/ActualMZ24FixedZoomListBound.lean:434:4: Try this: 
  letI̵

The goal is a proposition, so `let` is preferred over `letI`.
The difference between `let` and `letI` is that `letI` inlines the value.
But this is not relevant for proofs because of proof irrelevance.

Note: This linter can be disabled with `set_option linter.style.haveILetI false`
warning: lean/PvNP/RealizableHardness/ActualMZ24FixedZoomListBound.lean:232:5: Variable name `hinj` is not explicitly referenced.

Hint: The binding can be removed (if unused) or named `_` (if used implicitly). Alternatively, prefix the name with `_` to silence this warning:
  [apply] _hinj

Note: This linter can be disabled with `set_option linter.unusedVariables false`
warning: lean/PvNP/RealizableHardness/ActualMZ24FixedZoomListBound.lean:620:8: try 'simp' instead of 'simpa'

Note: This linter can be disabled with `set_option linter.unnecessarySimpa false`
warning: lean/PvNP/RealizableHardness/ActualMZ24FixedZoomListBound.lean:623:4: try 'simp' instead of 'simpa'

Note: This linter can be disabled with `set_option linter.unnecessarySimpa false`
warning: lean/PvNP/RealizableHardness/ActualMZ24FixedZoomListBound.lean:571:27: Variable name `hb` is not explicitly referenced.

Hint: The binding can be removed (if unused) or named `_` (if used implicitly). Alternatively, prefix the name with `_` to silence this warning:
  [apply] _hb

Note: This linter can be disabled with `set_option linter.unusedVariables false`
warning: lean/PvNP/RealizableHardness/ActualMZ24FixedZoomListBound.lean:644:32: Variable name `hQW` is not explicitly referenced.

Hint: The binding can be removed (if unused) or named `_` (if used implicitly). Alternatively, prefix the name with `_` to silence this warning:
  [apply] _hQW

Note: This linter can be disabled with `set_option linter.unusedVariables false`
warning: lean/PvNP/RealizableHardness/ActualMZ24FixedZoomListBound.lean:740:6: try 'simp' instead of 'simpa'

Note: This linter can be disabled with `set_option linter.unnecessarySimpa false`
warning: lean/PvNP/RealizableHardness/ActualMZ24FixedZoomListBound.lean:804:6: try 'simp' instead of 'simpa'

Note: This linter can be disabled with `set_option linter.unnecessarySimpa false`
warning: lean/PvNP/RealizableHardness/ActualMZ24FixedZoomListBound.lean:847:11: Variable name `y` is not explicitly referenced.

Hint: The binding can be removed (if unused) or named `_` (if used implicitly). Alternatively, prefix the name with `_` to silence this warning:
  [apply] _y

Note: This linter can be disabled with `set_option linter.unusedVariables false`
warning: lean/PvNP/RealizableHardness/ActualMZ24FixedZoomListBound.lean:848:12: Variable name `y` is not explicitly referenced.

Hint: The binding can be removed (if unused) or named `_` (if used implicitly). Alternatively, prefix the name with `_` to silence this warning:
  [apply] _y

Note: This linter can be disabled with `set_option linter.unusedVariables false`
warning: lean/PvNP/RealizableHardness/ActualMZ24FixedZoomListBound.lean:862:32: Variable name `hQW` is not explicitly referenced.

Hint: The binding can be removed (if unused) or named `_` (if used implicitly). Alternatively, prefix the name with `_` to silence this warning:
  [apply] _hQW

Note: This linter can be disabled with `set_option linter.unusedVariables false`
warning: lean/PvNP/RealizableHardness/ActualMZ24FixedZoomListBound.lean:1322:2: Try this: 
  letI̵

The goal is a proposition, so `let` is preferred over `letI`.
The difference between `let` and `letI` is that `letI` inlines the value.
But this is not relevant for proofs because of proof irrelevance.

Note: This linter can be disabled with `set_option linter.style.haveILetI false`
warning: lean/PvNP/RealizableHardness/ActualMZ24FixedZoomListBound.lean:1325:2: Try this: 
  letI̵

The goal is a proposition, so `let` is preferred over `letI`.
The difference between `let` and `letI` is that `letI` inlines the value.
But this is not relevant for proofs because of proof irrelevance.

Note: This linter can be disabled with `set_option linter.style.haveILetI false`
warning: lean/PvNP/RealizableHardness/ActualMZ24FixedZoomListBound.lean:1326:2: Try this: 
  letI̵

The goal is a proposition, so `let` is preferred over `letI`.
The difference between `let` and `letI` is that `letI` inlines the value.
But this is not relevant for proofs because of proof irrelevance.

Note: This linter can be disabled with `set_option linter.style.haveILetI false`
warning: lean/PvNP/RealizableHardness/ActualMZ24FixedZoomListBound.lean:1327:2: Try this: 
  letI̵

The goal is a proposition, so `let` is preferred over `letI`.
The difference between `let` and `letI` is that `letI` inlines the value.
But this is not relevant for proofs because of proof irrelevance.

Note: This linter can be disabled with `set_option linter.style.haveILetI false`
warning: lean/PvNP/RealizableHardness/ActualMZ24FixedZoomListBound.lean:1332:37: This simp argument is unused:
  mul_left_comm

Hint: Omit it from the simp argument list.
  [apply] simp [Finset.sum_const, mul_assoc, mul_comm]

Note: This linter can be disabled with `set_option linter.unusedSimpArgs false`
warning: lean/PvNP/RealizableHardness/ActualMZ24FixedZoomListBound.lean:1346:2: Try this: 
  letI̵

The goal is a proposition, so `let` is preferred over `letI`.
The difference between `let` and `letI` is that `letI` inlines the value.
But this is not relevant for proofs because of proof irrelevance.

Note: This linter can be disabled with `set_option linter.style.haveILetI false`
warning: lean/PvNP/RealizableHardness/ActualMZ24FixedZoomListBound.lean:1349:2: Try this: 
  letI̵

The goal is a proposition, so `let` is preferred over `letI`.
The difference between `let` and `letI` is that `letI` inlines the value.
But this is not relevant for proofs because of proof irrelevance.

Note: This linter can be disabled with `set_option linter.style.haveILetI false`
warning: lean/PvNP/RealizableHardness/ActualMZ24FixedZoomListBound.lean:1337:5: Variable name `T` is not explicitly referenced.

Hint: The binding can be removed (if unused) or named `_` (if used implicitly). Alternatively, prefix the name with `_` to silence this warning:
  [apply] _T

Note: This linter can be disabled with `set_option linter.unusedVariables false`
warning: lean/PvNP/RealizableHardness/ActualMZ24FixedZoomListBound.lean:1358:26: This simp argument is unused:
  mul_assoc

Hint: Omit it from the simp argument list.
  [apply] simp [Finset.sum_const, mul_left_comm, mul_comm]

Note: This linter can be disabled with `set_option linter.unusedSimpArgs false`
warning: lean/PvNP/RealizableHardness/ActualMZ24FixedZoomListBound.lean:1358:37: This simp argument is unused:
  mul_left_comm

Hint: Omit it from the simp argument list.
  [apply] simp [Finset.sum_const, mul_assoc, mul_comm]

Note: This linter can be disabled with `set_option linter.unusedSimpArgs false`
warning: lean/PvNP/RealizableHardness/ActualMZ24FixedZoomListBound.lean:1358:52: This simp argument is unused:
  mul_comm

Hint: Omit it from the simp argument list.
  [apply] simp [Finset.sum_const, mul_assoc, mul_left_comm]

Note: This linter can be disabled with `set_option linter.unusedSimpArgs false`
warning: lean/PvNP/RealizableHardness/ActualMZ24FixedZoomListBound.lean:1406:2: Try this: 
  letI̵

The goal is a proposition, so `let` is preferred over `letI`.
The difference between `let` and `letI` is that `letI` inlines the value.
But this is not relevant for proofs because of proof irrelevance.

Note: This linter can be disabled with `set_option linter.style.haveILetI false`
⚠ [3254/3390] Replayed PvNP.RealizableHardness.ActualMZ24ComplementRestriction
warning: lean/PvNP/RealizableHardness/ActualMZ24ComplementRestriction.lean:35:0: automatically included section variable(s) unused in theorem `PvNP.RealizableHardness.ActualMZ24ComplementRestriction.lift_complementSubspace`:
  [Fintype V]
consider restructuring your `variable` declarations so that the variables are not in scope or explicitly omit them:
  omit [Fintype V] in theorem ...

Note: This linter can be disabled with `set_option linter.unusedSectionVars false`
warning: lean/PvNP/RealizableHardness/ActualMZ24ComplementRestriction.lean:36:32: Variable name `hQW` is not explicitly referenced.

Hint: The binding can be removed (if unused) or named `_` (if used implicitly). Alternatively, prefix the name with `_` to silence this warning:
  [apply] _hQW

Note: This linter can be disabled with `set_option linter.unusedVariables false`
warning: lean/PvNP/RealizableHardness/ActualMZ24ComplementRestriction.lean:52:32: Variable name `hQW` is not explicitly referenced.

Hint: The binding can be removed (if unused) or named `_` (if used implicitly). Alternatively, prefix the name with `_` to silence this warning:
  [apply] _hQW

Note: This linter can be disabled with `set_option linter.unusedVariables false`
warning: lean/PvNP/RealizableHardness/ActualMZ24ComplementRestriction.lean:108:0: automatically included section variable(s) unused in theorem `PvNP.RealizableHardness.ActualMZ24ComplementRestriction.lift_le_of_le`:
  [Fintype V]
consider restructuring your `variable` declarations so that the variables are not in scope or explicitly omit them:
  omit [Fintype V] in theorem ...

Note: This linter can be disabled with `set_option linter.unusedSectionVars false`
warning: lean/PvNP/RealizableHardness/ActualMZ24ComplementRestriction.lean:109:32: Variable name `hQW` is not explicitly referenced.

Hint: The binding can be removed (if unused) or named `_` (if used implicitly). Alternatively, prefix the name with `_` to silence this warning:
  [apply] _hQW

Note: This linter can be disabled with `set_option linter.unusedVariables false`
warning: lean/PvNP/RealizableHardness/ActualMZ24ComplementRestriction.lean:116:0: automatically included section variable(s) unused in theorem `PvNP.RealizableHardness.ActualMZ24ComplementRestriction.lift_finrank`:
  [Fintype V]
consider restructuring your `variable` declarations so that the variables are not in scope or explicitly omit them:
  omit [Fintype V] in theorem ...

Note: This linter can be disabled with `set_option linter.unusedSectionVars false`
warning: lean/PvNP/RealizableHardness/ActualMZ24ComplementRestriction.lean:134:2: try 'simp' instead of 'simpa'

Note: This linter can be disabled with `set_option linter.unnecessarySimpa false`
warning: lean/PvNP/RealizableHardness/ActualMZ24ComplementRestriction.lean:123:0: automatically included section variable(s) unused in theorem `PvNP.RealizableHardness.ActualMZ24ComplementRestriction.complementSubspace_sup_lift`:
  [Fintype V]
consider restructuring your `variable` declarations so that the variables are not in scope or explicitly omit them:
  omit [Fintype V] in theorem ...

Note: This linter can be disabled with `set_option linter.unusedSectionVars false`
warning: lean/PvNP/RealizableHardness/ActualMZ24ComplementRestriction.lean:271:30: Variable name `had` is not explicitly referenced.

Hint: The binding can be removed (if unused) or named `_` (if used implicitly). Alternatively, prefix the name with `_` to silence this warning:
  [apply] _had

Note: This linter can be disabled with `set_option linter.unusedVariables false`
warning: lean/PvNP/RealizableHardness/ActualMZ24ComplementRestriction.lean:278:8: automatically included section variable(s) unused in theorem `_private.PvNP.RealizableHardness.ActualMZ24ComplementRestriction.0.PvNP.RealizableHardness.ActualMZ24ComplementRestriction.dependentTable_apply`:
  [Fintype V]
consider restructuring your `variable` declarations so that the variables are not in scope or explicitly omit them:
  omit [Fintype V] in theorem ...

Note: This linter can be disabled with `set_option linter.unusedSectionVars false`
warning: lean/PvNP/RealizableHardness/ActualMZ24ComplementRestriction.lean:285:8: automatically included section variable(s) unused in theorem `_private.PvNP.RealizableHardness.ActualMZ24ComplementRestriction.0.PvNP.RealizableHardness.ActualMZ24ComplementRestriction.grassCast_coe`:
  [Fintype V]
consider restructuring your `variable` declarations so that the variables are not in scope or explicitly omit them:
  omit [Fintype V] in theorem ...

Note: This linter can be disabled with `set_option linter.unusedSectionVars false`
⚠ [3255/3390] Replayed PvNP.RealizableHardness.ActualBinaryGrassmannIncidence
warning: lean/PvNP/RealizableHardness/ActualBinaryGrassmannIncidence.lean:49:8: automatically included section variable(s) unused in theorem `PvNP.RealizableHardness.ActualBinaryGrassmannIncidence.familyInter_empty`:
  [Fintype V]
  [Fintype I]
consider restructuring your `variable` declarations so that the variables are not in scope or explicitly omit them:
  omit [Fintype V] [Fintype I] in theorem ...

Note: This linter can be disabled with `set_option linter.unusedSectionVars false`
warning: lean/PvNP/RealizableHardness/ActualBinaryGrassmannIncidence.lean:53:8: automatically included section variable(s) unused in theorem `PvNP.RealizableHardness.ActualBinaryGrassmannIncidence.familyInter_singleton`:
  [Fintype V]
  [Fintype I]
consider restructuring your `variable` declarations so that the variables are not in scope or explicitly omit them:
  omit [Fintype V] [Fintype I] in theorem ...

Note: This linter can be disabled with `set_option linter.unusedSectionVars false`
warning: lean/PvNP/RealizableHardness/ActualBinaryGrassmannIncidence.lean:57:0: automatically included section variable(s) unused in theorem `PvNP.RealizableHardness.ActualBinaryGrassmannIncidence.familyInter_pair`:
  [Fintype V]
  [Fintype I]
consider restructuring your `variable` declarations so that the variables are not in scope or explicitly omit them:
  omit [Fintype V] [Fintype I] in theorem ...

Note: This linter can be disabled with `set_option linter.unusedSectionVars false`
warning: lean/PvNP/RealizableHardness/ActualBinaryGrassmannIncidence.lean:58:5: Variable name `hij` is not explicitly referenced.

Hint: The binding can be removed (if unused) or named `_` (if used implicitly). Alternatively, prefix the name with `_` to silence this warning:
  [apply] _hij

Note: This linter can be disabled with `set_option linter.unusedVariables false`
warning: lean/PvNP/RealizableHardness/ActualBinaryGrassmannIncidence.lean:60:21: This simp argument is unused:
  hij

Hint: Omit it from the simp argument list.
  [apply] simp [familyInter]

Note: This linter can be disabled with `set_option linter.unusedSimpArgs false`
warning: lean/PvNP/RealizableHardness/ActualBinaryGrassmannIncidence.lean:75:0: automatically included section variable(s) unused in theorem `PvNP.RealizableHardness.ActualBinaryGrassmannIncidence.genericUpTo_zero`:
  [Fintype V]
  [Fintype I]
consider restructuring your `variable` declarations so that the variables are not in scope or explicitly omit them:
  omit [Fintype V] [Fintype I] in theorem ...

Note: This linter can be disabled with `set_option linter.unusedSectionVars false`
warning: lean/PvNP/RealizableHardness/ActualBinaryGrassmannIncidence.lean:81:0: automatically included section variable(s) unused in theorem `PvNP.RealizableHardness.ActualBinaryGrassmannIncidence.genericUpTo_mono`:
  [Fintype V]
  [Fintype I]
consider restructuring your `variable` declarations so that the variables are not in scope or explicitly omit them:
  omit [Fintype V] [Fintype I] in theorem ...

Note: This linter can be disabled with `set_option linter.unusedSectionVars false`
warning: lean/PvNP/RealizableHardness/ActualBinaryGrassmannIncidence.lean:91:0: automatically included section variable(s) unused in theorem `PvNP.RealizableHardness.ActualBinaryGrassmannIncidence.genericUpTo_general`:
  [Fintype V]
  [Fintype I]
consider restructuring your `variable` declarations so that the variables are not in scope or explicitly omit them:
  omit [Fintype V] [Fintype I] in theorem ...

Note: This linter can be disabled with `set_option linter.unusedSectionVars false`
warning: lean/PvNP/RealizableHardness/ActualBinaryGrassmannIncidence.lean:111:32: This simp argument is unused:
  hij

Hint: Omit it from the simp argument list.
  [apply] simp

Note: This linter can be disabled with `set_option linter.unusedSimpArgs false`
warning: lean/PvNP/RealizableHardness/ActualBinaryGrassmannIncidence.lean:114:15: This simp argument is unused:
  Ne.symm hij

Hint: Omit it from the simp argument list.
  [apply] simp [hij]

Note: This linter can be disabled with `set_option linter.unusedSimpArgs false`
warning: lean/PvNP/RealizableHardness/ActualBinaryGrassmannIncidence.lean:131:0: automatically included section variable(s) unused in theorem `PvNP.RealizableHardness.ActualBinaryGrassmannIncidence.familyInter_image`:
  [Fintype V]
  [Fintype I]
consider restructuring your `variable` declarations so that the variables are not in scope or explicitly omit them:
  omit [Fintype V] [Fintype I] in theorem ...

Note: This linter can be disabled with `set_option linter.unusedSectionVars false`
warning: lean/PvNP/RealizableHardness/ActualBinaryGrassmannIncidence.lean:206:0: automatically included section variable(s) unused in theorem `PvNP.RealizableHardness.ActualBinaryGrassmannIncidence.grass_nonempty_of_le`:
  [Fintype V]
consider restructuring your `variable` declarations so that the variables are not in scope or explicitly omit them:
  omit [Fintype V] in theorem ...

Note: This linter can be disabled with `set_option linter.unusedSectionVars false`
warning: lean/PvNP/RealizableHardness/ActualBinaryGrassmannIncidence.lean:218:2: Try this: 
  letI̵

The goal is a proposition, so `let` is preferred over `letI`.
The difference between `let` and `letI` is that `letI` inlines the value.
But this is not relevant for proofs because of proof irrelevance.

Note: This linter can be disabled with `set_option linter.style.haveILetI false`
warning: lean/PvNP/RealizableHardness/ActualBinaryGrassmannIncidence.lean:217:14: This simp argument is unused:
  Module.finrank_pi

Hint: Omit it from the simp argument list.
  [apply] simp [Vn]

Note: This linter can be disabled with `set_option linter.unusedSimpArgs false`
warning: lean/PvNP/RealizableHardness/ActualBinaryGrassmannIncidence.lean:235:0: automatically included section variable(s) unused in theorem `PvNP.RealizableHardness.ActualBinaryGrassmannIncidence.bottomContained_card_nat`:
  [Fintype I]
consider restructuring your `variable` declarations so that the variables are not in scope or explicitly omit them:
  omit [Fintype I] in theorem ...

Note: This linter can be disabled with `set_option linter.unusedSectionVars false`
warning: lean/PvNP/RealizableHardness/ActualBinaryGrassmannIncidence.lean:254:11: Variable name `L` is not explicitly referenced.

Hint: The binding can be removed (if unused) or named `_` (if used implicitly). Alternatively, prefix the name with `_` to silence this warning:
  [apply] _L

Note: This linter can be disabled with `set_option linter.unusedVariables false`
warning: lean/PvNP/RealizableHardness/ActualBinaryGrassmannIncidence.lean:255:12: Variable name `L` is not explicitly referenced.

Hint: The binding can be removed (if unused) or named `_` (if used implicitly). Alternatively, prefix the name with `_` to silence this warning:
  [apply] _L

Note: This linter can be disabled with `set_option linter.unusedVariables false`
warning: lean/PvNP/RealizableHardness/ActualBinaryGrassmannIncidence.lean:257:0: automatically included section variable(s) unused in theorem `PvNP.RealizableHardness.ActualBinaryGrassmannIncidence.bottomPairContained_card_nat`:
  [Fintype I]
consider restructuring your `variable` declarations so that the variables are not in scope or explicitly omit them:
  omit [Fintype I] in theorem ...

Note: This linter can be disabled with `set_option linter.unusedSectionVars false`
warning: lean/PvNP/RealizableHardness/ActualBinaryGrassmannIncidence.lean:284:0: automatically included section variable(s) unused in theorem `PvNP.RealizableHardness.ActualBinaryGrassmannIncidence.bottomGeneralContained_card_nat`:
  [Fintype I]
consider restructuring your `variable` declarations so that the variables are not in scope or explicitly omit them:
  omit [Fintype I] in theorem ...

Note: This linter can be disabled with `set_option linter.unusedSectionVars false`
warning: lean/PvNP/RealizableHardness/ActualBinaryGrassmannIncidence.lean:372:0: automatically included section variable(s) unused in theorem `PvNP.RealizableHardness.ActualBinaryGrassmannIncidence.familyInter_complement`:
  [Fintype V]
  [Fintype I]
consider restructuring your `variable` declarations so that the variables are not in scope or explicitly omit them:
  omit [Fintype V] [Fintype I] in theorem ...

Note: This linter can be disabled with `set_option linter.unusedSectionVars false`
warning: lean/PvNP/RealizableHardness/ActualBinaryGrassmannIncidence.lean:400:0: automatically included section variable(s) unused in theorem `PvNP.RealizableHardness.ActualBinaryGrassmannIncidence.complementFamily_injective`:
  [Fintype I]
consider restructuring your `variable` declarations so that the variables are not in scope or explicitly omit them:
  omit [Fintype I] in theorem ...

Note: This linter can be disabled with `set_option linter.unusedSectionVars false`
warning: lean/PvNP/RealizableHardness/ActualBinaryGrassmannIncidence.lean:453:38: Variable name `C` is not explicitly referenced.

Hint: The binding can be removed (if unused) or named `_` (if used implicitly). Alternatively, prefix the name with `_` to silence this warning:
  [apply] _C

Note: This linter can be disabled with `set_option linter.unusedVariables false`
warning: lean/PvNP/RealizableHardness/ActualBinaryGrassmannIncidence.lean:464:2: Try this: 
  letI̵

The goal is a proposition, so `let` is preferred over `letI`.
The difference between `let` and `letI` is that `letI` inlines the value.
But this is not relevant for proofs because of proof irrelevance.

Note: This linter can be disabled with `set_option linter.style.haveILetI false`
warning: lean/PvNP/RealizableHardness/ActualBinaryGrassmannIncidence.lean:475:8: `if_pos` has been deprecated: Use `ite_eq_left` instead
warning: lean/PvNP/RealizableHardness/ActualBinaryGrassmannIncidence.lean:477:4: Try this: 
  letI̵

The goal is a proposition, so `let` is preferred over `letI`.
The difference between `let` and `letI` is that `letI` inlines the value.
But this is not relevant for proofs because of proof irrelevance.

Note: This linter can be disabled with `set_option linter.style.haveILetI false`
warning: lean/PvNP/RealizableHardness/ActualBinaryGrassmannIncidence.lean:478:10: `if_neg` has been deprecated: Use `ite_eq_right` instead
warning: lean/PvNP/RealizableHardness/ActualBinaryGrassmannIncidence.lean:488:0: automatically included section variable(s) unused in theorem `PvNP.RealizableHardness.ActualBinaryGrassmannIncidence.pointedContained_iff`:
  [Fintype I]
consider restructuring your `variable` declarations so that the variables are not in scope or explicitly omit them:
  omit [Fintype I] in theorem ...

Note: This linter can be disabled with `set_option linter.unusedSectionVars false`
warning: lean/PvNP/RealizableHardness/ActualBinaryGrassmannIncidence.lean:527:8: `if_pos` has been deprecated: Use `ite_eq_left` instead
warning: lean/PvNP/RealizableHardness/ActualBinaryGrassmannIncidence.lean:529:4: Try this: 
  letI̵

The goal is a proposition, so `let` is preferred over `letI`.
The difference between `let` and `letI` is that `letI` inlines the value.
But this is not relevant for proofs because of proof irrelevance.

Note: This linter can be disabled with `set_option linter.style.haveILetI false`
warning: lean/PvNP/RealizableHardness/ActualBinaryGrassmannIncidence.lean:530:10: `if_neg` has been deprecated: Use `ite_eq_right` instead
warning: lean/PvNP/RealizableHardness/ActualBinaryGrassmannIncidence.lean:551:15: `if_pos` has been deprecated: Use `ite_eq_left` instead
warning: lean/PvNP/RealizableHardness/ActualBinaryGrassmannIncidence.lean:606:8: `if_pos` has been deprecated: Use `ite_eq_left` instead
warning: lean/PvNP/RealizableHardness/ActualBinaryGrassmannIncidence.lean:609:4: Try this: 
  letI̵

The goal is a proposition, so `let` is preferred over `letI`.
The difference between `let` and `letI` is that `letI` inlines the value.
But this is not relevant for proofs because of proof irrelevance.

Note: This linter can be disabled with `set_option linter.style.haveILetI false`
warning: lean/PvNP/RealizableHardness/ActualBinaryGrassmannIncidence.lean:610:10: `if_neg` has been deprecated: Use `ite_eq_right` instead
warning: lean/PvNP/RealizableHardness/ActualBinaryGrassmannIncidence.lean:633:15: `if_pos` has been deprecated: Use `ite_eq_left` instead
warning: lean/PvNP/RealizableHardness/ActualBinaryGrassmannIncidence.lean:690:8: `if_pos` has been deprecated: Use `ite_eq_left` instead
warning: lean/PvNP/RealizableHardness/ActualBinaryGrassmannIncidence.lean:693:4: Try this: 
  letI̵

The goal is a proposition, so `let` is preferred over `letI`.
The difference between `let` and `letI` is that `letI` inlines the value.
But this is not relevant for proofs because of proof irrelevance.

Note: This linter can be disabled with `set_option linter.style.haveILetI false`
warning: lean/PvNP/RealizableHardness/ActualBinaryGrassmannIncidence.lean:694:10: `if_neg` has been deprecated: Use `ite_eq_right` instead
warning: lean/PvNP/RealizableHardness/ActualBinaryGrassmannIncidence.lean:716:15: `if_pos` has been deprecated: Use `ite_eq_left` instead
warning: lean/PvNP/RealizableHardness/ActualBinaryGrassmannIncidence.lean:761:37: Variable name `r` is not explicitly referenced.

Hint: The binding can be removed (if unused) or named `_` (if used implicitly). Alternatively, prefix the name with `_` to silence this warning:
  [apply] _r

Note: This linter can be disabled with `set_option linter.unusedVariables false`
warning: lean/PvNP/RealizableHardness/ActualBinaryGrassmannIncidence.lean:769:39: Variable name `r` is not explicitly referenced.

Hint: The binding can be removed (if unused) or named `_` (if used implicitly). Alternatively, prefix the name with `_` to silence this warning:
  [apply] _r

Note: This linter can be disabled with `set_option linter.unusedVariables false`
⚠ [3256/3390] Replayed PvNP.RealizableHardness.ActualBinaryGrassmannSamplingBounds
warning: lean/PvNP/RealizableHardness/ActualBinaryGrassmannSamplingBounds.lean:483:2: try 'simp' instead of 'simpa'

Note: This linter can be disabled with `set_option linter.unnecessarySimpa false`
warning: lean/PvNP/RealizableHardness/ActualBinaryGrassmannSamplingBounds.lean:475:5: Variable name `hInj` is not explicitly referenced.

Hint: The binding can be removed (if unused) or named `_` (if used implicitly). Alternatively, prefix the name with `_` to silence this warning:
  [apply] _hInj

Note: This linter can be disabled with `set_option linter.unusedVariables false`
warning: lean/PvNP/RealizableHardness/ActualBinaryGrassmannSamplingBounds.lean:508:2: try 'simp' instead of 'simpa'

Note: This linter can be disabled with `set_option linter.unnecessarySimpa false`
warning: lean/PvNP/RealizableHardness/ActualBinaryGrassmannSamplingBounds.lean:513:5: Variable name `hInj` is not explicitly referenced.

Hint: The binding can be removed (if unused) or named `_` (if used implicitly). Alternatively, prefix the name with `_` to silence this warning:
  [apply] _hInj

Note: This linter can be disabled with `set_option linter.unusedVariables false`
warning: lean/PvNP/RealizableHardness/ActualBinaryGrassmannSamplingBounds.lean:744:29: Used `tac1 <;> tac2` where `(tac1; tac2)` would suffice

Note: This linter can be disabled with `set_option linter.unnecessarySeqFocus false`
warning: lean/PvNP/RealizableHardness/ActualBinaryGrassmannSamplingBounds.lean:769:32: Used `tac1 <;> tac2` where `(tac1; tac2)` would suffice

Note: This linter can be disabled with `set_option linter.unnecessarySeqFocus false`
warning: lean/PvNP/RealizableHardness/ActualBinaryGrassmannSamplingBounds.lean:769:45: Used `tac1 <;> tac2` where `(tac1; tac2)` would suffice

Note: This linter can be disabled with `set_option linter.unnecessarySeqFocus false`
warning: lean/PvNP/RealizableHardness/ActualBinaryGrassmannSamplingBounds.lean:784:5: Variable name `hInj` is not explicitly referenced.

Hint: The binding can be removed (if unused) or named `_` (if used implicitly). Alternatively, prefix the name with `_` to silence this warning:
  [apply] _hInj

Note: This linter can be disabled with `set_option linter.unusedVariables false`
warning: lean/PvNP/RealizableHardness/ActualBinaryGrassmannSamplingBounds.lean:792:15: This simp argument is unused:
  adviceComplement_finrank C

Hint: Omit it from the simp argument list.
  [apply] simp [haj]

Note: This linter can be disabled with `set_option linter.unusedSimpArgs false`
warning: lean/PvNP/RealizableHardness/ActualBinaryGrassmannSamplingBounds.lean:825:2: try 'simp' instead of 'simpa'

Note: This linter can be disabled with `set_option linter.unnecessarySimpa false`
warning: lean/PvNP/RealizableHardness/ActualBinaryGrassmannSamplingBounds.lean:844:15: `if_pos` has been deprecated: Use `ite_eq_left` instead
warning: lean/PvNP/RealizableHardness/ActualBinaryGrassmannSamplingBounds.lean:832:5: Variable name `hInj` is not explicitly referenced.

Hint: The binding can be removed (if unused) or named `_` (if used implicitly). Alternatively, prefix the name with `_` to silence this warning:
  [apply] _hInj

Note: This linter can be disabled with `set_option linter.unusedVariables false`
warning: lean/PvNP/RealizableHardness/ActualBinaryGrassmannSamplingBounds.lean:1092:29: Used `tac1 <;> tac2` where `(tac1; tac2)` would suffice

Note: This linter can be disabled with `set_option linter.unnecessarySeqFocus false`
warning: lean/PvNP/RealizableHardness/ActualBinaryGrassmannSamplingBounds.lean:1118:32: Used `tac1 <;> tac2` where `(tac1; tac2)` would suffice

Note: This linter can be disabled with `set_option linter.unnecessarySeqFocus false`
warning: lean/PvNP/RealizableHardness/ActualBinaryGrassmannSamplingBounds.lean:1118:45: Used `tac1 <;> tac2` where `(tac1; tac2)` would suffice

Note: This linter can be disabled with `set_option linter.unnecessarySeqFocus false`
⚠ [3257/3390] Replayed PvNP.RealizableHardness.ActualSourceStarLaw
warning: lean/PvNP/RealizableHardness/ActualSourceStarLaw.lean:65:2: Try this: 
  haveI̵

The goal is a proposition, so `have` is preferred over `haveI`.
The difference between `have` and `haveI` is that `haveI` inlines the value.
But this is not relevant for proofs because of proof irrelevance.

Note: This linter can be disabled with `set_option linter.style.haveILetI false`
warning: lean/PvNP/RealizableHardness/ActualSourceStarLaw.lean:75:2: Try this: 
  haveI̵

The goal is a proposition, so `have` is preferred over `haveI`.
The difference between `have` and `haveI` is that `haveI` inlines the value.
But this is not relevant for proofs because of proof irrelevance.

Note: This linter can be disabled with `set_option linter.style.haveILetI false`
warning: lean/PvNP/RealizableHardness/ActualSourceStarLaw.lean:78:36: Variable name `hdV` is not explicitly referenced.

Hint: The binding can be removed (if unused) or named `_` (if used implicitly). Alternatively, prefix the name with `_` to silence this warning:
  [apply] _hdV

Note: This linter can be disabled with `set_option linter.unusedVariables false`
warning: lean/PvNP/RealizableHardness/ActualSourceStarLaw.lean:85:26: This simp argument is unused:
  mul_assoc

Hint: Omit it from the simp argument list.
  [apply] simp [Finset.sum_const, mul_left_comm, mul_comm]

Note: This linter can be disabled with `set_option linter.unusedSimpArgs false`
warning: lean/PvNP/RealizableHardness/ActualSourceStarLaw.lean:85:37: This simp argument is unused:
  mul_left_comm

Hint: Omit it from the simp argument list.
  [apply] simp [Finset.sum_const, mul_assoc, mul_comm]

Note: This linter can be disabled with `set_option linter.unusedSimpArgs false`
warning: lean/PvNP/RealizableHardness/ActualSourceStarLaw.lean:85:52: This simp argument is unused:
  mul_comm

Hint: Omit it from the simp argument list.
  [apply] simp [Finset.sum_const, mul_assoc, mul_left_comm]

Note: This linter can be disabled with `set_option linter.unusedSimpArgs false`
warning: lean/PvNP/RealizableHardness/ActualSourceStarLaw.lean:110:2: Try this: 
  haveI̵

The goal is a proposition, so `have` is preferred over `haveI`.
The difference between `have` and `haveI` is that `haveI` inlines the value.
But this is not relevant for proofs because of proof irrelevance.

Note: This linter can be disabled with `set_option linter.style.haveILetI false`
warning: lean/PvNP/RealizableHardness/ActualSourceStarLaw.lean:111:2: Try this: 
  haveI̵

The goal is a proposition, so `have` is preferred over `haveI`.
The difference between `have` and `haveI` is that `haveI` inlines the value.
But this is not relevant for proofs because of proof irrelevance.

Note: This linter can be disabled with `set_option linter.style.haveILetI false`
warning: lean/PvNP/RealizableHardness/ActualSourceStarLaw.lean:119:2: Try this: 
  haveI̵

The goal is a proposition, so `have` is preferred over `haveI`.
The difference between `have` and `haveI` is that `haveI` inlines the value.
But this is not relevant for proofs because of proof irrelevance.

Note: This linter can be disabled with `set_option linter.style.haveILetI false`
⚠ [3258/3390] Replayed PvNP.RealizableHardness.ActualTaggedOrderedSampleNonempty
warning: lean/PvNP/RealizableHardness/ActualTaggedOrderedSampleNonempty.lean:144:2: Try this: 
  letI̵

The goal is a proposition, so `let` is preferred over `letI`.
The difference between `let` and `letI` is that `letI` inlines the value.
But this is not relevant for proofs because of proof irrelevance.

Note: This linter can be disabled with `set_option linter.style.haveILetI false`
warning: lean/PvNP/RealizableHardness/ActualTaggedOrderedSampleNonempty.lean:200:2: Try this: 
  letI̵

The goal is a proposition, so `let` is preferred over `letI`.
The difference between `let` and `letI` is that `letI` inlines the value.
But this is not relevant for proofs because of proof irrelevance.

Note: This linter can be disabled with `set_option linter.style.haveILetI false`
warning: lean/PvNP/RealizableHardness/ActualTaggedOrderedSampleNonempty.lean:292:2: Try this: 
  letI̵

The goal is a proposition, so `let` is preferred over `letI`.
The difference between `let` and `letI` is that `letI` inlines the value.
But this is not relevant for proofs because of proof irrelevance.

Note: This linter can be disabled with `set_option linter.style.haveILetI false`
⚠ [3259/3390] Replayed PvNP.RealizableHardness.ActualTaggedConditionalDomainCollision
warning: lean/PvNP/RealizableHardness/ActualTaggedConditionalDomainCollision.lean:37:2: Try this: 
  letI̵

The goal is a proposition, so `let` is preferred over `letI`.
The difference between `let` and `letI` is that `letI` inlines the value.
But this is not relevant for proofs because of proof irrelevance.

Note: This linter can be disabled with `set_option linter.style.haveILetI false`
warning: lean/PvNP/RealizableHardness/ActualTaggedConditionalDomainCollision.lean:40:2: Try this: 
  letI̵

The goal is a proposition, so `let` is preferred over `letI`.
The difference between `let` and `letI` is that `letI` inlines the value.
But this is not relevant for proofs because of proof irrelevance.

Note: This linter can be disabled with `set_option linter.style.haveILetI false`
warning: lean/PvNP/RealizableHardness/ActualTaggedConditionalDomainCollision.lean:57:4: try 'simp' instead of 'simpa'

Note: This linter can be disabled with `set_option linter.unnecessarySimpa false`
⚠ [3260/3390] Replayed PvNP.RealizableHardness.ActualTaggedConditionalDomainDraw
warning: lean/PvNP/RealizableHardness/ActualTaggedConditionalDomainDraw.lean:36:2: Try this: 
  letI̵

The goal is a proposition, so `let` is preferred over `letI`.
The difference between `let` and `letI` is that `letI` inlines the value.
But this is not relevant for proofs because of proof irrelevance.

Note: This linter can be disabled with `set_option linter.style.haveILetI false`
warning: lean/PvNP/RealizableHardness/ActualTaggedConditionalDomainDraw.lean:90:51: This simp argument is unused:
  Nat.add_left_comm

Hint: Omit it from the simp argument list.
  [apply] simp [Nat.succ_mul, Nat.add_assoc, Nat.add_comm] at hs'

Note: This linter can be disabled with `set_option linter.unusedSimpArgs false`
warning: lean/PvNP/RealizableHardness/ActualTaggedConditionalDomainDraw.lean:176:22: Variable name `hh` is not explicitly referenced.

Hint: The binding can be removed (if unused) or named `_` (if used implicitly). Alternatively, prefix the name with `_` to silence this warning:
  [apply] _hh

Note: This linter can be disabled with `set_option linter.unusedVariables false`
warning: lean/PvNP/RealizableHardness/ActualTaggedConditionalDomainDraw.lean:195:2: Try this: 
  letI̵

The goal is a proposition, so `let` is preferred over `letI`.
The difference between `let` and `letI` is that `letI` inlines the value.
But this is not relevant for proofs because of proof irrelevance.

Note: This linter can be disabled with `set_option linter.style.haveILetI false`
warning: lean/PvNP/RealizableHardness/ActualTaggedConditionalDomainDraw.lean:401:2: Try this: 
  letI̵

The goal is a proposition, so `let` is preferred over `letI`.
The difference between `let` and `letI` is that `letI` inlines the value.
But this is not relevant for proofs because of proof irrelevance.

Note: This linter can be disabled with `set_option linter.style.haveILetI false`
warning: lean/PvNP/RealizableHardness/ActualTaggedConditionalDomainDraw.lean:403:2: Try this: 
  letI̵

The goal is a proposition, so `let` is preferred over `letI`.
The difference between `let` and `letI` is that `letI` inlines the value.
But this is not relevant for proofs because of proof irrelevance.

Note: This linter can be disabled with `set_option linter.style.haveILetI false`
⚠ [3261/3390] Replayed PvNP.RealizableHardness.ActualTaggedOrderedClassCollisionBound
warning: lean/PvNP/RealizableHardness/ActualTaggedOrderedClassCollisionBound.lean:121:2: Try this: 
  letI̵

The goal is a proposition, so `let` is preferred over `letI`.
The difference between `let` and `letI` is that `letI` inlines the value.
But this is not relevant for proofs because of proof irrelevance.

Note: This linter can be disabled with `set_option linter.style.haveILetI false`
warning: lean/PvNP/RealizableHardness/ActualTaggedOrderedClassCollisionBound.lean:123:2: Try this: 
  letI̵

The goal is a proposition, so `let` is preferred over `letI`.
The difference between `let` and `letI` is that `letI` inlines the value.
But this is not relevant for proofs because of proof irrelevance.

Note: This linter can be disabled with `set_option linter.style.haveILetI false`
warning: lean/PvNP/RealizableHardness/ActualTaggedOrderedClassCollisionBound.lean:178:2: Try this: 
  letI̵

The goal is a proposition, so `let` is preferred over `letI`.
The difference between `let` and `letI` is that `letI` inlines the value.
But this is not relevant for proofs because of proof irrelevance.

Note: This linter can be disabled with `set_option linter.style.haveILetI false`
warning: lean/PvNP/RealizableHardness/ActualTaggedOrderedClassCollisionBound.lean:180:2: Try this: 
  letI̵

The goal is a proposition, so `let` is preferred over `letI`.
The difference between `let` and `letI` is that `letI` inlines the value.
But this is not relevant for proofs because of proof irrelevance.

Note: This linter can be disabled with `set_option linter.style.haveILetI false`
warning: lean/PvNP/RealizableHardness/ActualTaggedOrderedClassCollisionBound.lean:214:16: `if_pos` has been deprecated: Use `ite_eq_left` instead
warning: lean/PvNP/RealizableHardness/ActualTaggedOrderedClassCollisionBound.lean:216:16: `if_neg` has been deprecated: Use `ite_eq_right` instead
warning: lean/PvNP/RealizableHardness/ActualTaggedOrderedClassCollisionBound.lean:218:10: `if_pos` has been deprecated: Use `ite_eq_left` instead
warning: lean/PvNP/RealizableHardness/ActualTaggedOrderedClassCollisionBound.lean:219:10: `if_neg` has been deprecated: Use `ite_eq_right` instead
⚠ [3264/3390] Replayed PvNP.RealizableHardness.ActualTaggedFixedUDensityForce
warning: lean/PvNP/RealizableHardness/ActualTaggedFixedUDensityForce.lean:61:2: Try this: 
  haveI̵

The goal is a proposition, so `have` is preferred over `haveI`.
The difference between `have` and `haveI` is that `haveI` inlines the value.
But this is not relevant for proofs because of proof irrelevance.

Note: This linter can be disabled with `set_option linter.style.haveILetI false`
warning: lean/PvNP/RealizableHardness/ActualTaggedFixedUDensityForce.lean:91:2: Try this: 
  letI̵

The goal is a proposition, so `let` is preferred over `letI`.
The difference between `let` and `letI` is that `letI` inlines the value.
But this is not relevant for proofs because of proof irrelevance.

Note: This linter can be disabled with `set_option linter.style.haveILetI false`
warning: lean/PvNP/RealizableHardness/ActualTaggedFixedUDensityForce.lean:92:2: Try this: 
  letI̵

The goal is a proposition, so `let` is preferred over `letI`.
The difference between `let` and `letI` is that `letI` inlines the value.
But this is not relevant for proofs because of proof irrelevance.

Note: This linter can be disabled with `set_option linter.style.haveILetI false`
warning: lean/PvNP/RealizableHardness/ActualTaggedFixedUDensityForce.lean:172:21: `if_true` has been deprecated: Use `ite_true` instead
warning: lean/PvNP/RealizableHardness/ActualTaggedFixedUDensityForce.lean:174:21: `if_false` has been deprecated: Use `ite_false` instead
info: lean/PvNP/RealizableHardness/ActualTaggedFixedUDensityForce.lean:267:24: Try this:
  [apply] ring_nf
  
  The `ring` tactic failed to close the goal. Use `ring_nf` to obtain a normal form.
    
  Note that `ring` works primarily in *commutative* rings. If you have a noncommutative ring, abelian group or module, consider using `noncomm_ring`, `abel` or `module` instead.
⚠ [3265/3390] Replayed PvNP.RealizableHardness.ActualTaggedComposedPhysicalSampler
warning: lean/PvNP/RealizableHardness/ActualTaggedComposedPhysicalSampler.lean:124:2: Try this: 
  letI̵

The goal is a proposition, so `let` is preferred over `letI`.
The difference between `let` and `letI` is that `letI` inlines the value.
But this is not relevant for proofs because of proof irrelevance.

Note: This linter can be disabled with `set_option linter.style.haveILetI false`
warning: lean/PvNP/RealizableHardness/ActualTaggedComposedPhysicalSampler.lean:126:2: Try this: 
  letI̵

The goal is a proposition, so `let` is preferred over `letI`.
The difference between `let` and `letI` is that `letI` inlines the value.
But this is not relevant for proofs because of proof irrelevance.

Note: This linter can be disabled with `set_option linter.style.haveILetI false`
warning: lean/PvNP/RealizableHardness/ActualTaggedComposedPhysicalSampler.lean:201:2: Try this: 
  letI̵

The goal is a proposition, so `let` is preferred over `letI`.
The difference between `let` and `letI` is that `letI` inlines the value.
But this is not relevant for proofs because of proof irrelevance.

Note: This linter can be disabled with `set_option linter.style.haveILetI false`
warning: lean/PvNP/RealizableHardness/ActualTaggedComposedPhysicalSampler.lean:221:43: This simp argument is unused:
  mul_left_comm

Hint: Omit it from the simp argument list.
  [apply] simp [Finset.mul_sum, mul_assoc, mul_comm]

Note: This linter can be disabled with `set_option linter.unusedSimpArgs false`
warning: lean/PvNP/RealizableHardness/ActualTaggedComposedPhysicalSampler.lean:242:53: This simp argument is unused:
  d

Hint: Omit it from the simp argument list.
  [apply] simp [q, uniformLaw_apply]

Note: This linter can be disabled with `set_option linter.unusedSimpArgs false`
warning: lean/PvNP/RealizableHardness/ActualTaggedComposedPhysicalSampler.lean:469:7: Variable name `T` is not explicitly referenced.

Hint: The binding can be removed (if unused) or named `_` (if used implicitly). Alternatively, prefix the name with `_` to silence this warning:
  [apply] _T

Note: This linter can be disabled with `set_option linter.unusedVariables false`
⚠ [3266/3390] Replayed PvNP.RealizableHardness.ActualTaggedMZSideDraw
warning: lean/PvNP/RealizableHardness/ActualTaggedMZSideDraw.lean:195:2: Try this: 
  letI̵

The goal is a proposition, so `let` is preferred over `letI`.
The difference between `let` and `letI` is that `letI` inlines the value.
But this is not relevant for proofs because of proof irrelevance.

Note: This linter can be disabled with `set_option linter.style.haveILetI false`
warning: lean/PvNP/RealizableHardness/ActualTaggedMZSideDraw.lean:212:2: Try this: 
  letI̵

The goal is a proposition, so `let` is preferred over `letI`.
The difference between `let` and `letI` is that `letI` inlines the value.
But this is not relevant for proofs because of proof irrelevance.

Note: This linter can be disabled with `set_option linter.style.haveILetI false`
warning: lean/PvNP/RealizableHardness/ActualTaggedMZSideDraw.lean:214:2: Try this: 
  letI̵

The goal is a proposition, so `let` is preferred over `letI`.
The difference between `let` and `letI` is that `letI` inlines the value.
But this is not relevant for proofs because of proof irrelevance.

Note: This linter can be disabled with `set_option linter.style.haveILetI false`
warning: lean/PvNP/RealizableHardness/ActualTaggedMZSideDraw.lean:283:17: Variable name `he` is not explicitly referenced.

Hint: The binding can be removed (if unused) or named `_` (if used implicitly). Alternatively, prefix the name with `_` to silence this warning:
  [apply] _he

Note: This linter can be disabled with `set_option linter.unusedVariables false`
warning: lean/PvNP/RealizableHardness/ActualTaggedMZSideDraw.lean:384:2: Try this: 
  letI̵

The goal is a proposition, so `let` is preferred over `letI`.
The difference between `let` and `letI` is that `letI` inlines the value.
But this is not relevant for proofs because of proof irrelevance.

Note: This linter can be disabled with `set_option linter.style.haveILetI false`
warning: lean/PvNP/RealizableHardness/ActualTaggedMZSideDraw.lean:388:2: Try this: 
  letI̵

The goal is a proposition, so `let` is preferred over `letI`.
The difference between `let` and `letI` is that `letI` inlines the value.
But this is not relevant for proofs because of proof irrelevance.

Note: This linter can be disabled with `set_option linter.style.haveILetI false`
warning: lean/PvNP/RealizableHardness/ActualTaggedMZSideDraw.lean:423:7: Variable name `T` is not explicitly referenced.

Hint: The binding can be removed (if unused) or named `_` (if used implicitly). Alternatively, prefix the name with `_` to silence this warning:
  [apply] _T

Note: This linter can be disabled with `set_option linter.unusedVariables false`
⚠ [3267/3390] Replayed PvNP.RealizableHardness.ActualTaggedComplementIncidence
warning: lean/PvNP/RealizableHardness/ActualTaggedComplementIncidence.lean:238:6: Try this: 
  letI̵

The goal is a proposition, so `let` is preferred over `letI`.
The difference between `let` and `letI` is that `letI` inlines the value.
But this is not relevant for proofs because of proof irrelevance.

Note: This linter can be disabled with `set_option linter.style.haveILetI false`
warning: lean/PvNP/RealizableHardness/ActualTaggedComplementIncidence.lean:246:6: Try this: 
  letI̵

The goal is a proposition, so `let` is preferred over `letI`.
The difference between `let` and `letI` is that `letI` inlines the value.
But this is not relevant for proofs because of proof irrelevance.

Note: This linter can be disabled with `set_option linter.style.haveILetI false`
warning: lean/PvNP/RealizableHardness/ActualTaggedComplementIncidence.lean:258:2: Try this: 
  letI̵

The goal is a proposition, so `let` is preferred over `letI`.
The difference between `let` and `letI` is that `letI` inlines the value.
But this is not relevant for proofs because of proof irrelevance.

Note: This linter can be disabled with `set_option linter.style.haveILetI false`
warning: lean/PvNP/RealizableHardness/ActualTaggedComplementIncidence.lean:260:2: Try this: 
  letI̵

The goal is a proposition, so `let` is preferred over `letI`.
The difference between `let` and `letI` is that `letI` inlines the value.
But this is not relevant for proofs because of proof irrelevance.

Note: This linter can be disabled with `set_option linter.style.haveILetI false`
warning: lean/PvNP/RealizableHardness/ActualTaggedComplementIncidence.lean:263:2: Try this: 
  letI̵

The goal is a proposition, so `let` is preferred over `letI`.
The difference between `let` and `letI` is that `letI` inlines the value.
But this is not relevant for proofs because of proof irrelevance.

Note: This linter can be disabled with `set_option linter.style.haveILetI false`
warning: lean/PvNP/RealizableHardness/ActualTaggedComplementIncidence.lean:266:2: Try this: 
  letI̵

The goal is a proposition, so `let` is preferred over `letI`.
The difference between `let` and `letI` is that `letI` inlines the value.
But this is not relevant for proofs because of proof irrelevance.

Note: This linter can be disabled with `set_option linter.style.haveILetI false`
warning: lean/PvNP/RealizableHardness/ActualTaggedComplementIncidence.lean:360:17: Variable name `he` is not explicitly referenced.

Hint: The binding can be removed (if unused) or named `_` (if used implicitly). Alternatively, prefix the name with `_` to silence this warning:
  [apply] _he

Note: This linter can be disabled with `set_option linter.unusedVariables false`
warning: lean/PvNP/RealizableHardness/ActualTaggedComplementIncidence.lean:374:18: Variable name `he` is not explicitly referenced.

Hint: The binding can be removed (if unused) or named `_` (if used implicitly). Alternatively, prefix the name with `_` to silence this warning:
  [apply] _he

Note: This linter can be disabled with `set_option linter.unusedVariables false`
warning: lean/PvNP/RealizableHardness/ActualTaggedComplementIncidence.lean:376:18: Variable name `he` is not explicitly referenced.

Hint: The binding can be removed (if unused) or named `_` (if used implicitly). Alternatively, prefix the name with `_` to silence this warning:
  [apply] _he

Note: This linter can be disabled with `set_option linter.unusedVariables false`
warning: lean/PvNP/RealizableHardness/ActualTaggedComplementIncidence.lean:410:6: Try this: 
  letI̵

The goal is a proposition, so `let` is preferred over `letI`.
The difference between `let` and `letI` is that `letI` inlines the value.
But this is not relevant for proofs because of proof irrelevance.

Note: This linter can be disabled with `set_option linter.style.haveILetI false`
warning: lean/PvNP/RealizableHardness/ActualTaggedComplementIncidence.lean:418:6: Try this: 
  letI̵

The goal is a proposition, so `let` is preferred over `letI`.
The difference between `let` and `letI` is that `letI` inlines the value.
But this is not relevant for proofs because of proof irrelevance.

Note: This linter can be disabled with `set_option linter.style.haveILetI false`
warning: lean/PvNP/RealizableHardness/ActualTaggedComplementIncidence.lean:432:4: Try this: 
  letI̵

The goal is a proposition, so `let` is preferred over `letI`.
The difference between `let` and `letI` is that `letI` inlines the value.
But this is not relevant for proofs because of proof irrelevance.

Note: This linter can be disabled with `set_option linter.style.haveILetI false`
warning: lean/PvNP/RealizableHardness/ActualTaggedComplementIncidence.lean:431:2: Try this: 
  letI̵

The goal is a proposition, so `let` is preferred over `letI`.
The difference between `let` and `letI` is that `letI` inlines the value.
But this is not relevant for proofs because of proof irrelevance.

Note: This linter can be disabled with `set_option linter.style.haveILetI false`
warning: lean/PvNP/RealizableHardness/ActualTaggedComplementIncidence.lean:440:4: Try this: 
  letI̵

The goal is a proposition, so `let` is preferred over `letI`.
The difference between `let` and `letI` is that `letI` inlines the value.
But this is not relevant for proofs because of proof irrelevance.

Note: This linter can be disabled with `set_option linter.style.haveILetI false`
warning: lean/PvNP/RealizableHardness/ActualTaggedComplementIncidence.lean:439:2: Try this: 
  letI̵

The goal is a proposition, so `let` is preferred over `letI`.
The difference between `let` and `letI` is that `letI` inlines the value.
But this is not relevant for proofs because of proof irrelevance.

Note: This linter can be disabled with `set_option linter.style.haveILetI false`
warning: lean/PvNP/RealizableHardness/ActualTaggedComplementIncidence.lean:586:47: This simp argument is unused:
  inf_comm

Hint: Omit it from the simp argument list.
  [apply] simp only [B, Submodule.map_comap_subtype]

Note: This linter can be disabled with `set_option linter.unusedSimpArgs false`
warning: lean/PvNP/RealizableHardness/ActualTaggedComplementIncidence.lean:684:4: try 'simp' instead of 'simpa'

Note: This linter can be disabled with `set_option linter.unnecessarySimpa false`
warning: lean/PvNP/RealizableHardness/ActualTaggedComplementIncidence.lean:705:2: Try this: 
  letI̵

The goal is a proposition, so `let` is preferred over `letI`.
The difference between `let` and `letI` is that `letI` inlines the value.
But this is not relevant for proofs because of proof irrelevance.

Note: This linter can be disabled with `set_option linter.style.haveILetI false`
warning: lean/PvNP/RealizableHardness/ActualTaggedComplementIncidence.lean:918:8: Try this: 
  letI̵

The goal is a proposition, so `let` is preferred over `letI`.
The difference between `let` and `letI` is that `letI` inlines the value.
But this is not relevant for proofs because of proof irrelevance.

Note: This linter can be disabled with `set_option linter.style.haveILetI false`
warning: lean/PvNP/RealizableHardness/ActualTaggedComplementIncidence.lean:917:6: Try this: 
  letI̵

The goal is a proposition, so `let` is preferred over `letI`.
The difference between `let` and `letI` is that `letI` inlines the value.
But this is not relevant for proofs because of proof irrelevance.

Note: This linter can be disabled with `set_option linter.style.haveILetI false`
⚠ [3270/3390] Replayed PvNP.RealizableHardness.ActualStarFiniteUnionBound
warning: lean/PvNP/RealizableHardness/ActualStarFiniteUnionBound.lean:36:10: `if_pos` has been deprecated: Use `ite_eq_left` instead
warning: lean/PvNP/RealizableHardness/ActualStarFiniteUnionBound.lean:37:67: `if_pos` has been deprecated: Use `ite_eq_left` instead
warning: lean/PvNP/RealizableHardness/ActualStarFiniteUnionBound.lean:53:10: `if_neg` has been deprecated: Use `ite_eq_right` instead
⚠ [3272/3390] Replayed PvNP.RealizableHardness.ActualStarJointKernel
warning: lean/PvNP/RealizableHardness/ActualStarJointKernel.lean:45:0: automatically included section variable(s) unused in theorem `PvNP.RealizableHardness.ActualStarJointKernel.incrementSumMap_range`:
  [Finite V]
consider restructuring your `variable` declarations so that the variables are not in scope or explicitly omit them:
  omit [Finite V] in theorem ...

Note: This linter can be disabled with `set_option linter.unusedSectionVars false`
warning: lean/PvNP/RealizableHardness/ActualStarJointKernel.lean:73:2: Try this: 
  letI̵

The goal is a proposition, so `let` is preferred over `letI`.
The difference between `let` and `letI` is that `letI` inlines the value.
But this is not relevant for proofs because of proof irrelevance.

Note: This linter can be disabled with `set_option linter.style.haveILetI false`
warning: lean/PvNP/RealizableHardness/ActualStarJointKernel.lean:74:2: Try this: 
  letI̵

The goal is a proposition, so `let` is preferred over `letI`.
The difference between `let` and `letI` is that `letI` inlines the value.
But this is not relevant for proofs because of proof irrelevance.

Note: This linter can be disabled with `set_option linter.style.haveILetI false`
⚠ [3273/3390] Replayed PvNP.RealizableHardness.ActualStarRelationCount
warning: lean/PvNP/RealizableHardness/ActualStarRelationCount.lean:58:4: try 'simp' instead of 'simpa'

Note: This linter can be disabled with `set_option linter.unnecessarySimpa false`
⚠ [3274/3390] Replayed PvNP.RealizableHardness.ActualStarKernelSupport
warning: lean/PvNP/RealizableHardness/ActualStarKernelSupport.lean:33:0: automatically included section variable(s) unused in theorem `PvNP.RealizableHardness.ActualStarKernelSupport.kernelWitness_has_exact_support_relation`:
  [Finite V]
consider restructuring your `variable` declarations so that the variables are not in scope or explicitly omit them:
  omit [Finite V] in theorem ...

Note: This linter can be disabled with `set_option linter.unusedSectionVars false`
warning: lean/PvNP/RealizableHardness/ActualStarKernelSupport.lean:92:4: Try this: intro i hzero
⚠ [3275/3390] Replayed PvNP.RealizableHardness.ActualStarLineIncidence
warning: lean/PvNP/RealizableHardness/ActualStarLineIncidence.lean:36:2: Try this: 
  letI̵

The goal is a proposition, so `let` is preferred over `letI`.
The difference between `let` and `letI` is that `letI` inlines the value.
But this is not relevant for proofs because of proof irrelevance.

Note: This linter can be disabled with `set_option linter.style.haveILetI false`
warning: lean/PvNP/RealizableHardness/ActualStarLineIncidence.lean:38:2: Try this: 
  letI̵

The goal is a proposition, so `let` is preferred over `letI`.
The difference between `let` and `letI` is that `letI` inlines the value.
But this is not relevant for proofs because of proof irrelevance.

Note: This linter can be disabled with `set_option linter.style.haveILetI false`
⚠ [3276/3390] Replayed PvNP.RealizableHardness.ActualStarExtensionProduct
warning: lean/PvNP/RealizableHardness/ActualStarExtensionProduct.lean:102:4: This simp argument is unused:
  Fintype.card_fun

Hint: Omit it from the simp argument list.
  [apply] simp [extensionTupleLaw, uniformLaw_apply, extensionLaw_apply, Finset.prod_const]

Note: This linter can be disabled with `set_option linter.unusedSimpArgs false`
warning: lean/PvNP/RealizableHardness/ActualStarExtensionProduct.lean:128:2: Try this: 
  letI̵

The goal is a proposition, so `let` is preferred over `letI`.
The difference between `let` and `letI` is that `letI` inlines the value.
But this is not relevant for proofs because of proof irrelevance.

Note: This linter can be disabled with `set_option linter.style.haveILetI false`
warning: lean/PvNP/RealizableHardness/ActualStarExtensionProduct.lean:129:2: Try this: 
  letI̵

The goal is a proposition, so `let` is preferred over `letI`.
The difference between `let` and `letI` is that `letI` inlines the value.
But this is not relevant for proofs because of proof irrelevance.

Note: This linter can be disabled with `set_option linter.style.haveILetI false`
warning: lean/PvNP/RealizableHardness/ActualStarExtensionProduct.lean:134:2: Try this: 
  letI̵

The goal is a proposition, so `let` is preferred over `letI`.
The difference between `let` and `letI` is that `letI` inlines the value.
But this is not relevant for proofs because of proof irrelevance.

Note: This linter can be disabled with `set_option linter.style.haveILetI false`
warning: lean/PvNP/RealizableHardness/ActualStarExtensionProduct.lean:185:10: `if_pos` has been deprecated: Use `ite_eq_left` instead
warning: lean/PvNP/RealizableHardness/ActualStarExtensionProduct.lean:190:10: `if_neg` has been deprecated: Use `ite_eq_right` instead
warning: lean/PvNP/RealizableHardness/ActualStarExtensionProduct.lean:213:19: Variable name `hdV` is not explicitly referenced.

Hint: The binding can be removed (if unused) or named `_` (if used implicitly). Alternatively, prefix the name with `_` to silence this warning:
  [apply] _hdV

Note: This linter can be disabled with `set_option linter.unusedVariables false`
⚠ [3277/3390] Replayed PvNP.RealizableHardness.ActualStarBadMassWitness
warning: lean/PvNP/RealizableHardness/ActualStarBadMassWitness.lean:48:2: Try this: 
  letI̵

The goal is a proposition, so `let` is preferred over `letI`.
The difference between `let` and `letI` is that `letI` inlines the value.
But this is not relevant for proofs because of proof irrelevance.

Note: This linter can be disabled with `set_option linter.style.haveILetI false`
warning: lean/PvNP/RealizableHardness/ActualStarBadMassWitness.lean:50:2: Try this: 
  letI̵

The goal is a proposition, so `let` is preferred over `letI`.
The difference between `let` and `letI` is that `letI` inlines the value.
But this is not relevant for proofs because of proof irrelevance.

Note: This linter can be disabled with `set_option linter.style.haveILetI false`
warning: lean/PvNP/RealizableHardness/ActualStarBadMassWitness.lean:39:26: Variable name `hS` is not explicitly referenced.

Hint: The binding can be removed (if unused) or named `_` (if used implicitly). Alternatively, prefix the name with `_` to silence this warning:
  [apply] _hS

Note: This linter can be disabled with `set_option linter.unusedVariables false`
warning: lean/PvNP/RealizableHardness/ActualStarBadMassWitness.lean:43:5: Variable name `hsum` is not explicitly referenced.

Hint: The binding can be removed (if unused) or named `_` (if used implicitly). Alternatively, prefix the name with `_` to silence this warning:
  [apply] _hsum

Note: This linter can be disabled with `set_option linter.unusedVariables false`
warning: lean/PvNP/RealizableHardness/ActualStarBadMassWitness.lean:116:2: Try this: 
  letI̵

The goal is a proposition, so `let` is preferred over `letI`.
The difference between `let` and `letI` is that `letI` inlines the value.
But this is not relevant for proofs because of proof irrelevance.

Note: This linter can be disabled with `set_option linter.style.haveILetI false`
warning: lean/PvNP/RealizableHardness/ActualStarBadMassWitness.lean:118:2: Try this: 
  letI̵

The goal is a proposition, so `let` is preferred over `letI`.
The difference between `let` and `letI` is that `letI` inlines the value.
But this is not relevant for proofs because of proof irrelevance.

Note: This linter can be disabled with `set_option linter.style.haveILetI false`
warning: lean/PvNP/RealizableHardness/ActualStarBadMassWitness.lean:110:5: Variable name `hsum` is not explicitly referenced.

Hint: The binding can be removed (if unused) or named `_` (if used implicitly). Alternatively, prefix the name with `_` to silence this warning:
  [apply] _hsum

Note: This linter can be disabled with `set_option linter.unusedVariables false`
⚠ [3278/3390] Replayed PvNP.RealizableHardness.ActualStarSupportCatalog
warning: lean/PvNP/RealizableHardness/ActualStarSupportCatalog.lean:99:2: Try this: 
  letI̵

The goal is a proposition, so `let` is preferred over `letI`.
The difference between `let` and `letI` is that `letI` inlines the value.
But this is not relevant for proofs because of proof irrelevance.

Note: This linter can be disabled with `set_option linter.style.haveILetI false`
warning: lean/PvNP/RealizableHardness/ActualStarSupportCatalog.lean:121:2: Try this: 
  letI̵

The goal is a proposition, so `let` is preferred over `letI`.
The difference between `let` and `letI` is that `letI` inlines the value.
But this is not relevant for proofs because of proof irrelevance.

Note: This linter can be disabled with `set_option linter.style.haveILetI false`
⚠ [3279/3390] Replayed PvNP.RealizableHardness.ActualStarFixedCenterFirstMoment
warning: lean/PvNP/RealizableHardness/ActualStarFixedCenterFirstMoment.lean:28:5: Variable name `r` is not explicitly referenced.

Hint: The binding can be removed (if unused) or named `_` (if used implicitly). Alternatively, prefix the name with `_` to silence this warning:
  [apply] _r

Note: This linter can be disabled with `set_option linter.unusedVariables false`
warning: lean/PvNP/RealizableHardness/ActualStarFixedCenterFirstMoment.lean:57:2: Try this: 
  letI̵

The goal is a proposition, so `let` is preferred over `letI`.
The difference between `let` and `letI` is that `letI` inlines the value.
But this is not relevant for proofs because of proof irrelevance.

Note: This linter can be disabled with `set_option linter.style.haveILetI false`
warning: lean/PvNP/RealizableHardness/ActualStarFixedCenterFirstMoment.lean:91:2: Try this: 
  letI̵

The goal is a proposition, so `let` is preferred over `letI`.
The difference between `let` and `letI` is that `letI` inlines the value.
But this is not relevant for proofs because of proof irrelevance.

Note: This linter can be disabled with `set_option linter.style.haveILetI false`
warning: lean/PvNP/RealizableHardness/ActualStarFixedCenterFirstMoment.lean:110:4: Try this: 
  letI̵

The goal is a proposition, so `let` is preferred over `letI`.
The difference between `let` and `letI` is that `letI` inlines the value.
But this is not relevant for proofs because of proof irrelevance.

Note: This linter can be disabled with `set_option linter.style.haveILetI false`
⚠ [3281/3390] Replayed PvNP.RealizableHardness.RobustSourceLineContainment
warning: lean/PvNP/RealizableHardness/RobustSourceLineContainment.lean:64:2: Try this: 
  letI̵

The goal is a proposition, so `let` is preferred over `letI`.
The difference between `let` and `letI` is that `letI` inlines the value.
But this is not relevant for proofs because of proof irrelevance.

Note: This linter can be disabled with `set_option linter.style.haveILetI false`
warning: lean/PvNP/RealizableHardness/RobustSourceLineContainment.lean:101:0: automatically included section variable(s) unused in theorem `PvNP.RealizableHardness.RobustSourceLineContainment.nontrivial_inf_iff_quotientImages`:
  [Finite V]
consider restructuring your `variable` declarations so that the variables are not in scope or explicitly omit them:
  omit [Finite V] in theorem ...

Note: This linter can be disabled with `set_option linter.unusedSectionVars false`
warning: lean/PvNP/RealizableHardness/RobustSourceLineContainment.lean:432:2: Try this: 
  letI̵

The goal is a proposition, so `let` is preferred over `letI`.
The difference between `let` and `letI` is that `letI` inlines the value.
But this is not relevant for proofs because of proof irrelevance.

Note: This linter can be disabled with `set_option linter.style.haveILetI false`
warning: lean/PvNP/RealizableHardness/RobustSourceLineContainment.lean:435:2: Try this: 
  letI̵

The goal is a proposition, so `let` is preferred over `letI`.
The difference between `let` and `letI` is that `letI` inlines the value.
But this is not relevant for proofs because of proof irrelevance.

Note: This linter can be disabled with `set_option linter.style.haveILetI false`
warning: lean/PvNP/RealizableHardness/RobustSourceLineContainment.lean:436:2: Try this: 
  letI̵

The goal is a proposition, so `let` is preferred over `letI`.
The difference between `let` and `letI` is that `letI` inlines the value.
But this is not relevant for proofs because of proof irrelevance.

Note: This linter can be disabled with `set_option linter.style.haveILetI false`
warning: lean/PvNP/RealizableHardness/RobustSourceLineContainment.lean:414:19: Variable name `hd` is not explicitly referenced.

Hint: The binding can be removed (if unused) or named `_` (if used implicitly). Alternatively, prefix the name with `_` to silence this warning:
  [apply] _hd

Note: This linter can be disabled with `set_option linter.unusedVariables false`
⚠ [3282/3390] Replayed PvNP.RealizableHardness.ActualMZ24DistinctPairAggregation
warning: lean/PvNP/RealizableHardness/ActualMZ24DistinctPairAggregation.lean:27:8: automatically included section variable(s) unused in theorem `_private.PvNP.RealizableHardness.ActualMZ24DistinctPairAggregation.0.PvNP.RealizableHardness.ActualMZ24DistinctPairAggregation.transport_trans`:
  [Fintype V]
consider restructuring your `variable` declarations so that the variables are not in scope or explicitly omit them:
  omit [Fintype V] in theorem ...

Note: This linter can be disabled with `set_option linter.unusedSectionVars false`
warning: lean/PvNP/RealizableHardness/ActualMZ24DistinctPairAggregation.lean:34:8: automatically included section variable(s) unused in theorem `_private.PvNP.RealizableHardness.ActualMZ24DistinctPairAggregation.0.PvNP.RealizableHardness.ActualMZ24DistinctPairAggregation.transport_symm`:
  [Fintype V]
consider restructuring your `variable` declarations so that the variables are not in scope or explicitly omit them:
  omit [Fintype V] in theorem ...

Note: This linter can be disabled with `set_option linter.unusedSectionVars false`
warning: lean/PvNP/RealizableHardness/ActualMZ24DistinctPairAggregation.lean:41:0: automatically included section variable(s) unused in theorem `PvNP.RealizableHardness.ActualMZ24DistinctPairAggregation.decodedPair_ext_of_transport`:
  [Fintype V]
consider restructuring your `variable` declarations so that the variables are not in scope or explicitly omit them:
  omit [Fintype V] in theorem ...

Note: This linter can be disabled with `set_option linter.unusedSectionVars false`
warning: lean/PvNP/RealizableHardness/ActualMZ24DistinctPairAggregation.lean:71:0: automatically included section variable(s) unused in theorem `PvNP.RealizableHardness.ActualMZ24DistinctPairAggregation.pairSubspace_contains`:
  [Fintype V]
consider restructuring your `variable` declarations so that the variables are not in scope or explicitly omit them:
  omit [Fintype V] in theorem ...

Note: This linter can be disabled with `set_option linter.unusedSectionVars false`
warning: lean/PvNP/RealizableHardness/ActualMZ24DistinctPairAggregation.lean:160:0: automatically included section variable(s) unused in theorem `PvNP.RealizableHardness.ActualMZ24DistinctPairAggregation.pairWFiber_card_sum`:
  [Fintype V]
consider restructuring your `variable` declarations so that the variables are not in scope or explicitly omit them:
  omit [Fintype V] in theorem ...

Note: This linter can be disabled with `set_option linter.unusedSectionVars false`
warning: lean/PvNP/RealizableHardness/ActualMZ24DistinctPairAggregation.lean:208:10: Unused tactic linter: `ring` does nothing

Note: This linter can be disabled with `set_option linter.unusedTactic false`
warning: lean/PvNP/RealizableHardness/ActualMZ24DistinctPairAggregation.lean:208:10: this tactic is never executed

Note: This linter can be disabled with `set_option linter.unreachableTactic false`
warning: lean/PvNP/RealizableHardness/ActualMZ24DistinctPairAggregation.lean:280:0: automatically included section variable(s) unused in theorem `PvNP.RealizableHardness.ActualMZ24DistinctPairAggregation.pairSubspaces_exact_codim_partition`:
  [Fintype V]
consider restructuring your `variable` declarations so that the variables are not in scope or explicitly omit them:
  omit [Fintype V] in theorem ...

Note: This linter can be disabled with `set_option linter.unusedSectionVars false`
warning: lean/PvNP/RealizableHardness/ActualMZ24DistinctPairAggregation.lean:322:12: This simp argument is unused:
  hne

Hint: Omit it from the simp argument list.
  [apply] simp [ih]

Note: This linter can be disabled with `set_option linter.unusedSimpArgs false`
warning: lean/PvNP/RealizableHardness/ActualMZ24DistinctPairAggregation.lean:398:2: Unused tactic linter: `norm_num at h` does nothing

Note: This linter can be disabled with `set_option linter.unusedTactic false`
⚠ [3283/3390] Replayed PvNP.RealizableHardness.ActualMZ24GenericSubfamilyRepresentative
warning: lean/PvNP/RealizableHardness/ActualMZ24GenericSubfamilyRepresentative.lean:126:0: automatically included section variable(s) unused in theorem `PvNP.RealizableHardness.ActualMZ24GenericSubfamilyRepresentative.exists_positiveBucketRepresentative`:
  [Fintype V]
consider restructuring your `variable` declarations so that the variables are not in scope or explicitly omit them:
  omit [Fintype V] in theorem ...

Note: This linter can be disabled with `set_option linter.unusedSectionVars false`
⚠ [3285/3390] Replayed PvNP.RealizableHardness.ActualMZ24HyperplaneSupport
warning: lean/PvNP/RealizableHardness/ActualMZ24HyperplaneSupport.lean:32:0: automatically included section variable(s) unused in theorem `PvNP.RealizableHardness.ActualMZ24HyperplaneSupport.relativeCodim_eq_finrank_sub`:
  [Fintype V]
consider restructuring your `variable` declarations so that the variables are not in scope or explicitly omit them:
  omit [Fintype V] in theorem ...

Note: This linter can be disabled with `set_option linter.unusedSectionVars false`
warning: lean/PvNP/RealizableHardness/ActualMZ24HyperplaneSupport.lean:80:0: automatically included section variable(s) unused in theorem `PvNP.RealizableHardness.ActualMZ24HyperplaneSupport.hyperplane_ne_top`:
  [Fintype V]
consider restructuring your `variable` declarations so that the variables are not in scope or explicitly omit them:
  omit [Fintype V] in theorem ...

Note: This linter can be disabled with `set_option linter.unusedSectionVars false`
warning: lean/PvNP/RealizableHardness/ActualMZ24HyperplaneSupport.lean:95:2: Try this: 
  letI̵

The goal is a proposition, so `let` is preferred over `letI`.
The difference between `let` and `letI` is that `letI` inlines the value.
But this is not relevant for proofs because of proof irrelevance.

Note: This linter can be disabled with `set_option linter.style.haveILetI false`
warning: lean/PvNP/RealizableHardness/ActualMZ24HyperplaneSupport.lean:100:2: Try this: 
  letI̵

The goal is a proposition, so `let` is preferred over `letI`.
The difference between `let` and `letI` is that `letI` inlines the value.
But this is not relevant for proofs because of proof irrelevance.

Note: This linter can be disabled with `set_option linter.style.haveILetI false`
warning: lean/PvNP/RealizableHardness/ActualMZ24HyperplaneSupport.lean:203:32: This simp argument is unused:
  hn

Hint: Omit it from the simp argument list.
  [apply] simp [gaussian, frameProduct, hn1, hn0]

Note: This linter can be disabled with `set_option linter.unusedSimpArgs false`
warning: lean/PvNP/RealizableHardness/ActualMZ24HyperplaneSupport.lean:203:41: This simp argument is unused:
  hn0

Hint: Omit it from the simp argument list.
  [apply] simp [gaussian, frameProduct, hn, hn1]

Note: This linter can be disabled with `set_option linter.unusedSimpArgs false`
warning: lean/PvNP/RealizableHardness/ActualMZ24HyperplaneSupport.lean:215:2: Try this: 
  letI̵

The goal is a proposition, so `let` is preferred over `letI`.
The difference between `let` and `letI` is that `letI` inlines the value.
But this is not relevant for proofs because of proof irrelevance.

Note: This linter can be disabled with `set_option linter.style.haveILetI false`
warning: lean/PvNP/RealizableHardness/ActualMZ24HyperplaneSupport.lean:235:2: Try this: 
  letI̵

The goal is a proposition, so `let` is preferred over `letI`.
The difference between `let` and `letI` is that `letI` inlines the value.
But this is not relevant for proofs because of proof irrelevance.

Note: This linter can be disabled with `set_option linter.style.haveILetI false`
warning: lean/PvNP/RealizableHardness/ActualMZ24HyperplaneSupport.lean:279:32: Variable name `hWH` is not explicitly referenced.

Hint: The binding can be removed (if unused) or named `_` (if used implicitly). Alternatively, prefix the name with `_` to silence this warning:
  [apply] _hWH

Note: This linter can be disabled with `set_option linter.unusedVariables false`
warning: lean/PvNP/RealizableHardness/ActualMZ24HyperplaneSupport.lean:282:0: automatically included section variable(s) unused in theorem `PvNP.RealizableHardness.ActualMZ24HyperplaneSupport.restrictToHyperplane_map_recovery`:
  [Fintype V]
consider restructuring your `variable` declarations so that the variables are not in scope or explicitly omit them:
  omit [Fintype V] in theorem ...

Note: This linter can be disabled with `set_option linter.unusedSectionVars false`
⚠ [3287/3390] Replayed PvNP.RealizableHardness.ActualStarCoordinateExtensionLawBridge
warning: lean/PvNP/RealizableHardness/ActualStarCoordinateExtensionLawBridge.lean:98:2: Try this: 
  letI̵

The goal is a proposition, so `let` is preferred over `letI`.
The difference between `let` and `letI` is that `letI` inlines the value.
But this is not relevant for proofs because of proof irrelevance.

Note: This linter can be disabled with `set_option linter.style.haveILetI false`
warning: lean/PvNP/RealizableHardness/ActualStarCoordinateExtensionLawBridge.lean:99:2: Try this: 
  letI̵

The goal is a proposition, so `let` is preferred over `letI`.
The difference between `let` and `letI` is that `letI` inlines the value.
But this is not relevant for proofs because of proof irrelevance.

Note: This linter can be disabled with `set_option linter.style.haveILetI false`
warning: lean/PvNP/RealizableHardness/ActualStarCoordinateExtensionLawBridge.lean:123:2: Try this: 
  letI̵

The goal is a proposition, so `let` is preferred over `letI`.
The difference between `let` and `letI` is that `letI` inlines the value.
But this is not relevant for proofs because of proof irrelevance.

Note: This linter can be disabled with `set_option linter.style.haveILetI false`
warning: lean/PvNP/RealizableHardness/ActualStarCoordinateExtensionLawBridge.lean:124:2: Try this: 
  letI̵

The goal is a proposition, so `let` is preferred over `letI`.
The difference between `let` and `letI` is that `letI` inlines the value.
But this is not relevant for proofs because of proof irrelevance.

Note: This linter can be disabled with `set_option linter.style.haveILetI false`
⚠ [3289/3390] Replayed PvNP.RealizableHardness.ActualCmmsaAdmissibilitySelector
warning: lean/PvNP/RealizableHardness/ActualCmmsaAdmissibilitySelector.lean:70:4: Try `simp at hmem` instead of `simpa using hmem`

Note: This linter can be disabled with `set_option linter.unnecessarySimpa false`
warning: lean/PvNP/RealizableHardness/ActualCmmsaAdmissibilitySelector.lean:110:54: Variable name `hd` is not explicitly referenced.

Hint: The binding can be removed (if unused) or named `_` (if used implicitly). Alternatively, prefix the name with `_` to silence this warning:
  [apply] _hd

Note: This linter can be disabled with `set_option linter.unusedVariables false`
⚠ [3291/3390] Replayed PvNP.RealizableHardness.BernoulliMGF
warning: lean/PvNP/RealizableHardness/BernoulliMGF.lean:32:17: This simp argument is unused:
  gap

Hint: Omit it from the simp argument list.
  [apply] simp only [gapSlope, id_eq]

Note: This linter can be disabled with `set_option linter.unusedSimpArgs false`
info: lean/PvNP/RealizableHardness/BernoulliMGF.lean:101:4: Try this:
  [apply] ring_nf
  
  The `ring` tactic failed to close the goal. Use `ring_nf` to obtain a normal form.
    
  Note that `ring` works primarily in *commutative* rings. If you have a noncommutative ring, abelian group or module, consider using `noncomm_ring`, `abel` or `module` instead.
⚠ [3292/3390] Replayed PvNP.RealizableHardness.FiniteConcentration
warning: lean/PvNP/RealizableHardness/FiniteConcentration.lean:180:8: `if_pos` has been deprecated: Use `ite_eq_left` instead
warning: lean/PvNP/RealizableHardness/FiniteConcentration.lean:184:8: `if_neg` has been deprecated: Use `ite_eq_right` instead
warning: lean/PvNP/RealizableHardness/FiniteConcentration.lean:220:22: This simp argument is unused:
  Fintype.card_fun

Hint: Omit it from the simp argument list.
  [apply] simp

Note: This linter can be disabled with `set_option linter.unusedSimpArgs false`
⚠ [3293/3390] Replayed PvNP.RealizableHardness.DropCountTail
warning: lean/PvNP/RealizableHardness/DropCountTail.lean:53:48: This simp argument is unused:
  Fin.sum_univ_succ

Hint: Omit it from the simp argument list.
  [apply] simp [Fintype.sum_option, blockMass, dropped]

Note: This linter can be disabled with `set_option linter.unusedSimpArgs false`
warning: lean/PvNP/RealizableHardness/DropCountTail.lean:54:2: Used `tac1 <;> tac2` where `(tac1; tac2)` would suffice

Note: This linter can be disabled with `set_option linter.unnecessarySeqFocus false`
warning: lean/PvNP/RealizableHardness/DropCountTail.lean:129:8: Unused tactic linter: `ring` does nothing

Note: This linter can be disabled with `set_option linter.unusedTactic false`
warning: lean/PvNP/RealizableHardness/DropCountTail.lean:129:8: this tactic is never executed

Note: This linter can be disabled with `set_option linter.unreachableTactic false`
warning: lean/PvNP/RealizableHardness/DropCountTail.lean:158:8: `if_neg` has been deprecated: Use `ite_eq_right` instead
warning: lean/PvNP/RealizableHardness/DropCountTail.lean:170:31: This simp argument is unused:
  h

Hint: Omit it from the simp argument list.
  [apply] simp [blockMass]

Note: This linter can be disabled with `set_option linter.unusedSimpArgs false`
⚠ [3295/3390] Replayed PvNP.RealizableHardness.DropTailParameters
warning: lean/PvNP/RealizableHardness/DropTailParameters.lean:3:0: 'Mathlib.Data.Real.Archimedean' has been deprecated: please replace this import by

import Mathlib.Algebra.Order.AbsoluteValue.Basic
import Mathlib.Data.Rat.Floor
warning: lean/PvNP/RealizableHardness/DropTailParameters.lean:97:6: Unused tactic linter: `ring` does nothing

Note: This linter can be disabled with `set_option linter.unusedTactic false`
warning: lean/PvNP/RealizableHardness/DropTailParameters.lean:97:6: this tactic is never executed

Note: This linter can be disabled with `set_option linter.unreachableTactic false`
⚠ [3299/3390] Replayed PvNP.RealizableHardness.ActualStarDomainDrawEventBridge
warning: lean/PvNP/RealizableHardness/ActualStarDomainDrawEventBridge.lean:87:2: Try this: 
  letI̵

The goal is a proposition, so `let` is preferred over `letI`.
The difference between `let` and `letI` is that `letI` inlines the value.
But this is not relevant for proofs because of proof irrelevance.

Note: This linter can be disabled with `set_option linter.style.haveILetI false`
⚠ [3300/3390] Replayed PvNP.RealizableHardness.ActualStarDomainDrawTwoIndexEventBridge
warning: lean/PvNP/RealizableHardness/ActualStarDomainDrawTwoIndexEventBridge.lean:53:2: Try this: 
  letI̵

The goal is a proposition, so `let` is preferred over `letI`.
The difference between `let` and `letI` is that `letI` inlines the value.
But this is not relevant for proofs because of proof irrelevance.

Note: This linter can be disabled with `set_option linter.style.haveILetI false`
⚠ [3301/3390] Replayed PvNP.RealizableHardness.ActualStarSameLawTwoIndexComposition
warning: lean/PvNP/RealizableHardness/ActualStarSameLawTwoIndexComposition.lean:110:2: Try this: 
  letI̵

The goal is a proposition, so `let` is preferred over `letI`.
The difference between `let` and `letI` is that `letI` inlines the value.
But this is not relevant for proofs because of proof irrelevance.

Note: This linter can be disabled with `set_option linter.style.haveILetI false`
⚠ [3304/3390] Replayed PvNP.RealizableHardness.ActualStarAffineFunctionalSelection
warning: lean/PvNP/RealizableHardness/ActualStarAffineFunctionalSelection.lean:34:2: Try this: 
  letI̵

The goal is a proposition, so `let` is preferred over `letI`.
The difference between `let` and `letI` is that `letI` inlines the value.
But this is not relevant for proofs because of proof irrelevance.

Note: This linter can be disabled with `set_option linter.style.haveILetI false`
warning: lean/PvNP/RealizableHardness/ActualStarAffineFunctionalSelection.lean:35:2: Try this: 
  letI̵

The goal is a proposition, so `let` is preferred over `letI`.
The difference between `let` and `letI` is that `letI` inlines the value.
But this is not relevant for proofs because of proof irrelevance.

Note: This linter can be disabled with `set_option linter.style.haveILetI false`
warning: lean/PvNP/RealizableHardness/ActualStarAffineFunctionalSelection.lean:37:2: Try this: 
  letI̵

The goal is a proposition, so `let` is preferred over `letI`.
The difference between `let` and `letI` is that `letI` inlines the value.
But this is not relevant for proofs because of proof irrelevance.

Note: This linter can be disabled with `set_option linter.style.haveILetI false`
warning: lean/PvNP/RealizableHardness/ActualStarAffineFunctionalSelection.lean:58:16: This simp argument is unused:
  hker

Hint: Omit it from the simp argument list.
  [apply] simp [z, e, LinearMap.quotKerEquivRange_apply_mk]

Note: This linter can be disabled with `set_option linter.unusedSimpArgs false`
warning: lean/PvNP/RealizableHardness/ActualStarAffineFunctionalSelection.lean:113:2: Try this: 
  letI̵

The goal is a proposition, so `let` is preferred over `letI`.
The difference between `let` and `letI` is that `letI` inlines the value.
But this is not relevant for proofs because of proof irrelevance.

Note: This linter can be disabled with `set_option linter.style.haveILetI false`
warning: lean/PvNP/RealizableHardness/ActualStarAffineFunctionalSelection.lean:114:2: Try this: 
  letI̵

The goal is a proposition, so `let` is preferred over `letI`.
The difference between `let` and `letI` is that `letI` inlines the value.
But this is not relevant for proofs because of proof irrelevance.

Note: This linter can be disabled with `set_option linter.style.haveILetI false`
warning: lean/PvNP/RealizableHardness/ActualStarAffineFunctionalSelection.lean:115:2: Try this: 
  letI̵

The goal is a proposition, so `let` is preferred over `letI`.
The difference between `let` and `letI` is that `letI` inlines the value.
But this is not relevant for proofs because of proof irrelevance.

Note: This linter can be disabled with `set_option linter.style.haveILetI false`
warning: lean/PvNP/RealizableHardness/ActualStarAffineFunctionalSelection.lean:116:2: Try this: 
  letI̵

The goal is a proposition, so `let` is preferred over `letI`.
The difference between `let` and `letI` is that `letI` inlines the value.
But this is not relevant for proofs because of proof irrelevance.

Note: This linter can be disabled with `set_option linter.style.haveILetI false`
warning: lean/PvNP/RealizableHardness/ActualStarAffineFunctionalSelection.lean:117:2: Try this: 
  letI̵

The goal is a proposition, so `let` is preferred over `letI`.
The difference between `let` and `letI` is that `letI` inlines the value.
But this is not relevant for proofs because of proof irrelevance.

Note: This linter can be disabled with `set_option linter.style.haveILetI false`
warning: lean/PvNP/RealizableHardness/ActualStarAffineFunctionalSelection.lean:121:2: Try this: 
  letI̵

The goal is a proposition, so `let` is preferred over `letI`.
The difference between `let` and `letI` is that `letI` inlines the value.
But this is not relevant for proofs because of proof irrelevance.

Note: This linter can be disabled with `set_option linter.style.haveILetI false`
warning: lean/PvNP/RealizableHardness/ActualStarAffineFunctionalSelection.lean:149:28: This simp argument is unused:
  Submodule.liftQ_apply

Hint: Omit it from the simp argument list.
  [apply] simp [fromDual, toDual, LinearMap.sub_apply, hF0, sub_add_cancel]

Note: This linter can be disabled with `set_option linter.unusedSimpArgs false`
warning: lean/PvNP/RealizableHardness/ActualStarAffineFunctionalSelection.lean:149:51: This simp argument is unused:
  LinearMap.sub_apply

Hint: Omit it from the simp argument list.
  [apply] simp [fromDual, toDual, Submodule.liftQ_apply, hF0, sub_add_cancel]

Note: This linter can be disabled with `set_option linter.unusedSimpArgs false`
warning: lean/PvNP/RealizableHardness/ActualStarAffineFunctionalSelection.lean:150:6: This simp argument is unused:
  hF0

Hint: Omit it from the simp argument list.
  [apply] simp [fromDual, toDual, Submodule.liftQ_apply, LinearMap.sub_apply, sub_add_cancel]

Note: This linter can be disabled with `set_option linter.unusedSimpArgs false`
warning: lean/PvNP/RealizableHardness/ActualStarAffineFunctionalSelection.lean:150:11: This simp argument is unused:
  sub_add_cancel

Hint: Omit it from the simp argument list.
  [apply] simp [fromDual, toDual, Submodule.liftQ_apply, LinearMap.sub_apply, hF0]

Note: This linter can be disabled with `set_option linter.unusedSimpArgs false`
warning: lean/PvNP/RealizableHardness/ActualStarAffineFunctionalSelection.lean:154:28: This simp argument is unused:
  Submodule.liftQ_apply

Hint: Omit it from the simp argument list.
  [apply] simp [fromDual, toDual, LinearMap.sub_apply]

Note: This linter can be disabled with `set_option linter.unusedSimpArgs false`
warning: lean/PvNP/RealizableHardness/ActualStarAffineFunctionalSelection.lean:154:51: This simp argument is unused:
  LinearMap.sub_apply

Hint: Omit it from the simp argument list.
  [apply] simp [fromDual, toDual, Submodule.liftQ_apply]

Note: This linter can be disabled with `set_option linter.unusedSimpArgs false`
⚠ [3306/3390] Replayed PvNP.RealizableHardness.ActualStarAffineFunctionalSelectionForceSelection
warning: lean/PvNP/RealizableHardness/ActualStarAffineFunctionalSelectionForceSelection.lean:238:2: Try this: 
  letI̵

The goal is a proposition, so `let` is preferred over `letI`.
The difference between `let` and `letI` is that `letI` inlines the value.
But this is not relevant for proofs because of proof irrelevance.

Note: This linter can be disabled with `set_option linter.style.haveILetI false`
warning: lean/PvNP/RealizableHardness/ActualStarAffineFunctionalSelectionForceSelection.lean:239:2: Try this: 
  letI̵

The goal is a proposition, so `let` is preferred over `letI`.
The difference between `let` and `letI` is that `letI` inlines the value.
But this is not relevant for proofs because of proof irrelevance.

Note: This linter can be disabled with `set_option linter.style.haveILetI false`
warning: lean/PvNP/RealizableHardness/ActualStarAffineFunctionalSelectionForceSelection.lean:245:2: Try this: 
  letI̵

The goal is a proposition, so `let` is preferred over `letI`.
The difference between `let` and `letI` is that `letI` inlines the value.
But this is not relevant for proofs because of proof irrelevance.

Note: This linter can be disabled with `set_option linter.style.haveILetI false`
⚠ [3309/3390] Replayed PvNP.RealizableHardness.ActualStarAcceptedGoodMass
warning: lean/PvNP/RealizableHardness/ActualStarAcceptedGoodMass.lean:94:2: Try this: 
  haveI̵

The goal is a proposition, so `have` is preferred over `haveI`.
The difference between `have` and `haveI` is that `haveI` inlines the value.
But this is not relevant for proofs because of proof irrelevance.

Note: This linter can be disabled with `set_option linter.style.haveILetI false`
warning: lean/PvNP/RealizableHardness/ActualStarAcceptedGoodMass.lean:114:8: This simp argument is unused:
  Fintype.card_fun

Hint: Omit it from the simp argument list.
  [apply] simp [Fintype.card_fin, extension_card U htd]

Note: This linter can be disabled with `set_option linter.unusedSimpArgs false`
warning: lean/PvNP/RealizableHardness/ActualStarAcceptedGoodMass.lean:138:4: Try this: 
  haveI̵

The goal is a proposition, so `have` is preferred over `haveI`.
The difference between `have` and `haveI` is that `haveI` inlines the value.
But this is not relevant for proofs because of proof irrelevance.

Note: This linter can be disabled with `set_option linter.style.haveILetI false`
warning: lean/PvNP/RealizableHardness/ActualStarAcceptedGoodMass.lean:140:4: Try this: 
  letI̵

The goal is a proposition, so `let` is preferred over `letI`.
The difference between `let` and `letI` is that `letI` inlines the value.
But this is not relevant for proofs because of proof irrelevance.

Note: This linter can be disabled with `set_option linter.style.haveILetI false`
warning: lean/PvNP/RealizableHardness/ActualStarAcceptedGoodMass.lean:142:4: Try this: 
  letI̵

The goal is a proposition, so `let` is preferred over `letI`.
The difference between `let` and `letI` is that `letI` inlines the value.
But this is not relevant for proofs because of proof irrelevance.

Note: This linter can be disabled with `set_option linter.style.haveILetI false`
warning: lean/PvNP/RealizableHardness/ActualStarAcceptedGoodMass.lean:211:6: Try this: 
  haveI̵

The goal is a proposition, so `have` is preferred over `haveI`.
The difference between `have` and `haveI` is that `haveI` inlines the value.
But this is not relevant for proofs because of proof irrelevance.

Note: This linter can be disabled with `set_option linter.style.haveILetI false`
warning: lean/PvNP/RealizableHardness/ActualStarAcceptedGoodMass.lean:209:4: Try this: 
  haveI̵

The goal is a proposition, so `have` is preferred over `haveI`.
The difference between `have` and `haveI` is that `haveI` inlines the value.
But this is not relevant for proofs because of proof irrelevance.

Note: This linter can be disabled with `set_option linter.style.haveILetI false`
warning: lean/PvNP/RealizableHardness/ActualStarAcceptedGoodMass.lean:202:48: This simp argument is unused:
  nsmul_eq_mul

Hint: Omit it from the simp argument list.
  [apply] simp [Finset.sum_const, Finset.card_univ]

Note: This linter can be disabled with `set_option linter.unusedSimpArgs false`
warning: lean/PvNP/RealizableHardness/ActualStarAcceptedGoodMass.lean:331:6: Try this: 
  haveI̵

The goal is a proposition, so `have` is preferred over `haveI`.
The difference between `have` and `haveI` is that `haveI` inlines the value.
But this is not relevant for proofs because of proof irrelevance.

Note: This linter can be disabled with `set_option linter.style.haveILetI false`
warning: lean/PvNP/RealizableHardness/ActualStarAcceptedGoodMass.lean:362:6: try 'simp' instead of 'simpa'

Note: This linter can be disabled with `set_option linter.unnecessarySimpa false`
warning: lean/PvNP/RealizableHardness/ActualStarAcceptedGoodMass.lean:501:16: `if_pos` has been deprecated: Use `ite_eq_left` instead
warning: lean/PvNP/RealizableHardness/ActualStarAcceptedGoodMass.lean:664:2: Try this: 
  haveI̵

The goal is a proposition, so `have` is preferred over `haveI`.
The difference between `have` and `haveI` is that `haveI` inlines the value.
But this is not relevant for proofs because of proof irrelevance.

Note: This linter can be disabled with `set_option linter.style.haveILetI false`
warning: lean/PvNP/RealizableHardness/ActualStarAcceptedGoodMass.lean:700:2: Try this: 
  haveI̵

The goal is a proposition, so `have` is preferred over `haveI`.
The difference between `have` and `haveI` is that `haveI` inlines the value.
But this is not relevant for proofs because of proof irrelevance.

Note: This linter can be disabled with `set_option linter.style.haveILetI false`
warning: lean/PvNP/RealizableHardness/ActualStarAcceptedGoodMass.lean:722:5: Variable name `hsel` is not explicitly referenced.

Hint: The binding can be removed (if unused) or named `_` (if used implicitly). Alternatively, prefix the name with `_` to silence this warning:
  [apply] _hsel

Note: This linter can be disabled with `set_option linter.unusedVariables false`
warning: lean/PvNP/RealizableHardness/ActualStarAcceptedGoodMass.lean:1063:4: Try this: 
  haveI̵

The goal is a proposition, so `have` is preferred over `haveI`.
The difference between `have` and `haveI` is that `haveI` inlines the value.
But this is not relevant for proofs because of proof irrelevance.

Note: This linter can be disabled with `set_option linter.style.haveILetI false`
warning: lean/PvNP/RealizableHardness/ActualStarAcceptedGoodMass.lean:1206:4: Try this: 
  haveI̵

The goal is a proposition, so `have` is preferred over `haveI`.
The difference between `have` and `haveI` is that `haveI` inlines the value.
But this is not relevant for proofs because of proof irrelevance.

Note: This linter can be disabled with `set_option linter.style.haveILetI false`
warning: lean/PvNP/RealizableHardness/ActualStarAcceptedGoodMass.lean:1218:4: Try this: 
  haveI̵

The goal is a proposition, so `have` is preferred over `haveI`.
The difference between `have` and `haveI` is that `haveI` inlines the value.
But this is not relevant for proofs because of proof irrelevance.

Note: This linter can be disabled with `set_option linter.style.haveILetI false`
warning: lean/PvNP/RealizableHardness/ActualStarAcceptedGoodMass.lean:1400:4: Try this: 
  haveI̵

The goal is a proposition, so `have` is preferred over `haveI`.
The difference between `have` and `haveI` is that `haveI` inlines the value.
But this is not relevant for proofs because of proof irrelevance.

Note: This linter can be disabled with `set_option linter.style.haveILetI false`
warning: lean/PvNP/RealizableHardness/ActualStarAcceptedGoodMass.lean:1394:2: Try this: 
  haveI̵

The goal is a proposition, so `have` is preferred over `haveI`.
The difference between `have` and `haveI` is that `haveI` inlines the value.
But this is not relevant for proofs because of proof irrelevance.

Note: This linter can be disabled with `set_option linter.style.haveILetI false`
warning: lean/PvNP/RealizableHardness/ActualStarAcceptedGoodMass.lean:1403:2: Try this: 
  haveI̵

The goal is a proposition, so `have` is preferred over `haveI`.
The difference between `have` and `haveI` is that `haveI` inlines the value.
But this is not relevant for proofs because of proof irrelevance.

Note: This linter can be disabled with `set_option linter.style.haveILetI false`
warning: lean/PvNP/RealizableHardness/ActualStarAcceptedGoodMass.lean:1404:2: Try this: 
  haveI̵

The goal is a proposition, so `have` is preferred over `haveI`.
The difference between `have` and `haveI` is that `haveI` inlines the value.
But this is not relevant for proofs because of proof irrelevance.

Note: This linter can be disabled with `set_option linter.style.haveILetI false`
warning: lean/PvNP/RealizableHardness/ActualStarAcceptedGoodMass.lean:1597:5: Variable name `hA` is not explicitly referenced.

Hint: The binding can be removed (if unused) or named `_` (if used implicitly). Alternatively, prefix the name with `_` to silence this warning:
  [apply] _hA

Note: This linter can be disabled with `set_option linter.unusedVariables false`
⚠ [3310/3390] Replayed PvNP.RealizableHardness.ActualOrdinaryStarSelection
warning: lean/PvNP/RealizableHardness/ActualOrdinaryStarSelection.lean:16:8: automatically included section variable(s) unused in theorem `_private.PvNP.RealizableHardness.ActualOrdinaryStarSelection.0.PvNP.RealizableHardness.ActualOrdinaryStarSelection.star_accepts_iff`:
  [Fintype V]
consider restructuring your `variable` declarations so that the variables are not in scope or explicitly omit them:
  omit [Fintype V] in theorem ...

Note: This linter can be disabled with `set_option linter.unusedSectionVars false`
warning: lean/PvNP/RealizableHardness/ActualOrdinaryStarSelection.lean:37:2: Try this: 
  letI̵

The goal is a proposition, so `let` is preferred over `letI`.
The difference between `let` and `letI` is that `letI` inlines the value.
But this is not relevant for proofs because of proof irrelevance.

Note: This linter can be disabled with `set_option linter.style.haveILetI false`
warning: lean/PvNP/RealizableHardness/ActualOrdinaryStarSelection.lean:38:2: Try this: 
  letI̵

The goal is a proposition, so `let` is preferred over `letI`.
The difference between `let` and `letI` is that `letI` inlines the value.
But this is not relevant for proofs because of proof irrelevance.

Note: This linter can be disabled with `set_option linter.style.haveILetI false`
warning: lean/PvNP/RealizableHardness/ActualOrdinaryStarSelection.lean:46:15: This simp argument is unused:
  Finset.prod_const

Hint: Omit it from the simp argument list.
  [apply] simp only [Finset.card_univ, Fintype.card_fin]

Note: This linter can be disabled with `set_option linter.unusedSimpArgs false`
warning: lean/PvNP/RealizableHardness/ActualOrdinaryStarSelection.lean:46:34: This simp argument is unused:
  Finset.card_univ

Hint: Omit it from the simp argument list.
  [apply] simp only [Finset.prod_const, Fintype.card_fin]

Note: This linter can be disabled with `set_option linter.unusedSimpArgs false`
⚠ [3311/3390] Replayed PvNP.RealizableHardness.ActualOrdinaryStarMatchingFiber
warning: lean/PvNP/RealizableHardness/ActualOrdinaryStarMatchingFiber.lean:82:54: This simp argument is unused:
  q

Hint: Omit it from the simp argument list.
  [apply] simp [Submodule.liftQ_apply, LinearMap.sub_apply]

Note: This linter can be disabled with `set_option linter.unusedSimpArgs false`
warning: lean/PvNP/RealizableHardness/ActualOrdinaryStarMatchingFiber.lean:114:8: automatically included section variable(s) unused in theorem `_private.PvNP.RealizableHardness.ActualOrdinaryStarMatchingFiber.0.PvNP.RealizableHardness.ActualOrdinaryStarMatchingFiber.matchesStar_iff_restrict_jointSpan`:
  [Fintype V]
consider restructuring your `variable` declarations so that the variables are not in scope or explicitly omit them:
  omit [Fintype V] in theorem ...

Note: This linter can be disabled with `set_option linter.unusedSectionVars false`
⚠ [3312/3390] Replayed PvNP.RealizableHardness.ActualOrdinaryStarWeightedSelection
warning: lean/PvNP/RealizableHardness/ActualOrdinaryStarWeightedSelection.lean:83:2: Try this: 
  letI̵

The goal is a proposition, so `let` is preferred over `letI`.
The difference between `let` and `letI` is that `letI` inlines the value.
But this is not relevant for proofs because of proof irrelevance.

Note: This linter can be disabled with `set_option linter.style.haveILetI false`
warning: lean/PvNP/RealizableHardness/ActualOrdinaryStarWeightedSelection.lean:84:2: Try this: 
  letI̵

The goal is a proposition, so `let` is preferred over `letI`.
The difference between `let` and `letI` is that `letI` inlines the value.
But this is not relevant for proofs because of proof irrelevance.

Note: This linter can be disabled with `set_option linter.style.haveILetI false`
warning: lean/PvNP/RealizableHardness/ActualOrdinaryStarWeightedSelection.lean:129:21: `if_pos` has been deprecated: Use `ite_eq_left` instead
warning: lean/PvNP/RealizableHardness/ActualOrdinaryStarWeightedSelection.lean:135:4: Try this: 
  haveI̵

The goal is a proposition, so `have` is preferred over `haveI`.
The difference between `have` and `haveI` is that `haveI` inlines the value.
But this is not relevant for proofs because of proof irrelevance.

Note: This linter can be disabled with `set_option linter.style.haveILetI false`
warning: lean/PvNP/RealizableHardness/ActualOrdinaryStarWeightedSelection.lean:189:4: Try this: 
  haveI̵

The goal is a proposition, so `have` is preferred over `haveI`.
The difference between `have` and `haveI` is that `haveI` inlines the value.
But this is not relevant for proofs because of proof irrelevance.

Note: This linter can be disabled with `set_option linter.style.haveILetI false`
warning: lean/PvNP/RealizableHardness/ActualOrdinaryStarWeightedSelection.lean:197:8: This simp argument is unused:
  M

Hint: Omit it from the simp argument list.
  [apply] simp [Finset.sum_const, hΩ]

Note: This linter can be disabled with `set_option linter.unusedSimpArgs false`
warning: lean/PvNP/RealizableHardness/ActualOrdinaryStarWeightedSelection.lean:204:13: Variable name `hε` is not explicitly referenced.

Hint: The binding can be removed (if unused) or named `_` (if used implicitly). Alternatively, prefix the name with `_` to silence this warning:
  [apply] _hε

Note: This linter can be disabled with `set_option linter.unusedVariables false`
⚠ [3313/3390] Replayed PvNP.RealizableHardness.ActualComplementCoordinateMassBridge
warning: lean/PvNP/RealizableHardness/ActualComplementCoordinateMassBridge.lean:164:2: Try this: 
  letI̵

The goal is a proposition, so `let` is preferred over `letI`.
The difference between `let` and `letI` is that `letI` inlines the value.
But this is not relevant for proofs because of proof irrelevance.

Note: This linter can be disabled with `set_option linter.style.haveILetI false`
warning: lean/PvNP/RealizableHardness/ActualComplementCoordinateMassBridge.lean:165:2: Try this: 
  letI̵

The goal is a proposition, so `let` is preferred over `letI`.
The difference between `let` and `letI` is that `letI` inlines the value.
But this is not relevant for proofs because of proof irrelevance.

Note: This linter can be disabled with `set_option linter.style.haveILetI false`
warning: lean/PvNP/RealizableHardness/ActualComplementCoordinateMassBridge.lean:166:2: Try this: 
  letI̵

The goal is a proposition, so `let` is preferred over `letI`.
The difference between `let` and `letI` is that `letI` inlines the value.
But this is not relevant for proofs because of proof irrelevance.

Note: This linter can be disabled with `set_option linter.style.haveILetI false`
warning: lean/PvNP/RealizableHardness/ActualComplementCoordinateMassBridge.lean:168:2: Try this: 
  letI̵

The goal is a proposition, so `let` is preferred over `letI`.
The difference between `let` and `letI` is that `letI` inlines the value.
But this is not relevant for proofs because of proof irrelevance.

Note: This linter can be disabled with `set_option linter.style.haveILetI false`
warning: lean/PvNP/RealizableHardness/ActualComplementCoordinateMassBridge.lean:170:2: Try this: 
  letI̵

The goal is a proposition, so `let` is preferred over `letI`.
The difference between `let` and `letI` is that `letI` inlines the value.
But this is not relevant for proofs because of proof irrelevance.

Note: This linter can be disabled with `set_option linter.style.haveILetI false`
warning: lean/PvNP/RealizableHardness/ActualComplementCoordinateMassBridge.lean:173:2: Try this: 
  letI̵

The goal is a proposition, so `let` is preferred over `letI`.
The difference between `let` and `letI` is that `letI` inlines the value.
But this is not relevant for proofs because of proof irrelevance.

Note: This linter can be disabled with `set_option linter.style.haveILetI false`
⚠ [3314/3390] Replayed PvNP.RealizableHardness.SamplerProximity
warning: lean/PvNP/RealizableHardness/SamplerProximity.lean:102:12: Used `tac1 <;> tac2` where `(tac1; tac2)` would suffice

Note: This linter can be disabled with `set_option linter.unnecessarySeqFocus false`
warning: lean/PvNP/RealizableHardness/SamplerProximity.lean:127:12: Used `tac1 <;> tac2` where `(tac1; tac2)` would suffice

Note: This linter can be disabled with `set_option linter.unnecessarySeqFocus false`
⚠ [3315/3390] Replayed PvNP.RealizableHardness.PosteriorDensity
warning: lean/PvNP/RealizableHardness/PosteriorDensity.lean:13:17: Variable name `Q` is not explicitly referenced.

Hint: The binding can be removed (if unused) or named `_` (if used implicitly). Alternatively, prefix the name with `_` to silence this warning:
  [apply] _Q

Note: This linter can be disabled with `set_option linter.unusedVariables false`
warning: lean/PvNP/RealizableHardness/PosteriorDensity.lean:19:47: This simp argument is unused:
  Module.finrank_pi

Hint: Omit it from the simp argument list.
  [apply] simp [TripleRestrictionRank.Vector, Coord, Nat.mul_comm]

Note: This linter can be disabled with `set_option linter.unusedSimpArgs false`
warning: lean/PvNP/RealizableHardness/PosteriorDensity.lean:57:16: `if_pos` has been deprecated: Use `ite_eq_left` instead
warning: lean/PvNP/RealizableHardness/PosteriorDensity.lean:71:16: `if_neg` has been deprecated: Use `ite_eq_right` instead
warning: lean/PvNP/RealizableHardness/PosteriorDensity.lean:68:10: Unused tactic linter: `ring` does nothing

Note: This linter can be disabled with `set_option linter.unusedTactic false`
warning: lean/PvNP/RealizableHardness/PosteriorDensity.lean:68:10: this tactic is never executed

Note: This linter can be disabled with `set_option linter.unreachableTactic false`
⚠ [3316/3390] Replayed PvNP.RealizableHardness.AdviceExceptions
warning: lean/PvNP/RealizableHardness/AdviceExceptions.lean:34:17: This simp argument is unused:
  hb

Hint: Omit it from the simp argument list.
  [apply] simp only [Bool.false_eq_true, ite_false, sub_self, mul_zero]

Note: This linter can be disabled with `set_option linter.unusedSimpArgs false`
warning: lean/PvNP/RealizableHardness/AdviceExceptions.lean:37:17: This simp argument is unused:
  hb

Hint: Omit it from the simp argument list.
  [apply] simp only [Bool.true_eq, ite_true]

Note: This linter can be disabled with `set_option linter.unusedSimpArgs false`
warning: lean/PvNP/RealizableHardness/AdviceExceptions.lean:37:21: This simp argument is unused:
  Bool.true_eq

Hint: Omit it from the simp argument list.
  [apply] simp only [hb, ite_true]

Note: This linter can be disabled with `set_option linter.unusedSimpArgs false`
warning: lean/PvNP/RealizableHardness/AdviceExceptions.lean:104:32: This simp argument is unused:
  Bool.true_eq

Hint: Omit it from the simp argument list.
  [apply] simp only [hd, decide_true, ite_true]

Note: This linter can be disabled with `set_option linter.unusedSimpArgs false`
warning: lean/PvNP/RealizableHardness/AdviceExceptions.lean:137:43: This simp argument is unused:
  Bool.true_eq

Hint: Omit it from the simp argument list.
  [apply] simp only [badTail, hb, decide_true, ite_true]

Note: This linter can be disabled with `set_option linter.unusedSimpArgs false`
warning: lean/PvNP/RealizableHardness/AdviceExceptions.lean:167:46: This simp argument is unused:
  Bool.true_eq

Hint: Omit it from the simp argument list.
  [apply] simp only [lowMarginal, h, decide_true, ite_true]

Note: This linter can be disabled with `set_option linter.unusedSimpArgs false`
⚠ [3318/3390] Replayed PvNP.RealizableHardness.CoveringTV
warning: lean/PvNP/RealizableHardness/CoveringTV.lean:22:0: automatically included section variable(s) unused in theorem `PvNP.RealizableHardness.CoveringTV.zeroIndicator_nonneg`:
  [Fintype S]
consider restructuring your `variable` declarations so that the variables are not in scope or explicitly omit them:
  omit [Fintype S] in theorem ...

Note: This linter can be disabled with `set_option linter.unusedSectionVars false`
warning: lean/PvNP/RealizableHardness/CoveringTV.lean:26:0: automatically included section variable(s) unused in theorem `PvNP.RealizableHardness.CoveringTV.zeroIndicator_sq`:
  [Fintype S]
consider restructuring your `variable` declarations so that the variables are not in scope or explicitly omit them:
  omit [Fintype S] in theorem ...

Note: This linter can be disabled with `set_option linter.unusedSectionVars false`
warning: lean/PvNP/RealizableHardness/CoveringTV.lean:51:2: Try this: 
  letI̵

The goal is a proposition, so `let` is preferred over `letI`.
The difference between `let` and `letI` is that `letI` inlines the value.
But this is not relevant for proofs because of proof irrelevance.

Note: This linter can be disabled with `set_option linter.style.haveILetI false`
warning: lean/PvNP/RealizableHardness/CoveringTV.lean:75:6: Unused tactic linter: `ring` does nothing

Note: This linter can be disabled with `set_option linter.unusedTactic false`
warning: lean/PvNP/RealizableHardness/CoveringTV.lean:75:6: this tactic is never executed

Note: This linter can be disabled with `set_option linter.unreachableTactic false`
warning: lean/PvNP/RealizableHardness/CoveringTV.lean:77:0: automatically included section variable(s) unused in theorem `PvNP.RealizableHardness.CoveringTV.cubeSum_const`:
  [Zero S]
consider restructuring your `variable` declarations so that the variables are not in scope or explicitly omit them:
  omit [Zero S] in theorem ...

Note: This linter can be disabled with `set_option linter.unusedSectionVars false`
warning: lean/PvNP/RealizableHardness/CoveringTV.lean:85:22: This simp argument is unused:
  ← Finset.sum_mul

Hint: Omit it from the simp argument list.
  [apply] simp [cubeSum, deletedRatio, Finset.sum_add_distrib, ← Finset.mul_sum, sum_zeroIndicator]

Note: Simp arguments with `←` have the additional effect of removing the other direction from the simp set, even if the simp argument itself is unused. If the hint above does not work, try replacing `←` with `-` to only get that effect and silence this warning.

Note: This linter can be disabled with `set_option linter.unusedSimpArgs false`
warning: lean/PvNP/RealizableHardness/CoveringTV.lean:86:2: Used `tac1 <;> tac2` where `(tac1; tac2)` would suffice

Note: This linter can be disabled with `set_option linter.unnecessarySeqFocus false`
warning: lean/PvNP/RealizableHardness/CoveringTV.lean:90:0: automatically included section variable(s) unused in theorem `PvNP.RealizableHardness.CoveringTV.axis_square`:
  [Fintype S]
consider restructuring your `variable` declarations so that the variables are not in scope or explicitly omit them:
  omit [Fintype S] in theorem ...

Note: This linter can be disabled with `set_option linter.unusedSectionVars false`
warning: lean/PvNP/RealizableHardness/CoveringTV.lean:112:50: This simp argument is unused:
  ← Finset.sum_mul

Hint: Omit it from the simp argument list.
  [apply] simp [Finset.sum_add_distrib, ← Finset.mul_sum, sum_zeroIndicator]

Note: Simp arguments with `←` have the additional effect of removing the other direction from the simp set, even if the simp argument itself is unused. If the hint above does not work, try replacing `←` with `-` to only get that effect and silence this warning.

Note: This linter can be disabled with `set_option linter.unusedSimpArgs false`
warning: lean/PvNP/RealizableHardness/CoveringTV.lean:114:2: Used `tac1 <;> tac2` where `(tac1; tac2)` would suffice

Note: This linter can be disabled with `set_option linter.unnecessarySeqFocus false`
warning: lean/PvNP/RealizableHardness/CoveringTV.lean:124:2: Used `tac1 <;> tac2` where `(tac1; tac2)` would suffice

Note: This linter can be disabled with `set_option linter.unnecessarySeqFocus false`
warning: lean/PvNP/RealizableHardness/CoveringTV.lean:144:2: Used `tac1 <;> tac2` where `(tac1; tac2)` would suffice

Note: This linter can be disabled with `set_option linter.unnecessarySeqFocus false`
warning: lean/PvNP/RealizableHardness/CoveringTV.lean:154:4: Try this: 
  letI̵

The goal is a proposition, so `let` is preferred over `letI`.
The difference between `let` and `letI` is that `letI` inlines the value.
But this is not relevant for proofs because of proof irrelevance.

Note: This linter can be disabled with `set_option linter.style.haveILetI false`
warning: lean/PvNP/RealizableHardness/CoveringTV.lean:216:0: automatically included section variable(s) unused in theorem `PvNP.RealizableHardness.CoveringTV.productMass_nonneg`:
  [Fintype A]
consider restructuring your `variable` declarations so that the variables are not in scope or explicitly omit them:
  omit [Fintype A] in theorem ...

Note: This linter can be disabled with `set_option linter.unusedSectionVars false`
warning: lean/PvNP/RealizableHardness/CoveringTV.lean:311:6: Unused tactic linter: `ring` does nothing

Note: This linter can be disabled with `set_option linter.unusedTactic false`
warning: lean/PvNP/RealizableHardness/CoveringTV.lean:311:6: this tactic is never executed

Note: This linter can be disabled with `set_option linter.unreachableTactic false`
⚠ [3319/3390] Replayed PvNP.RealizableHardness.CoveringSpan
warning: lean/PvNP/RealizableHardness/CoveringSpan.lean:21:0: automatically included section variable(s) unused in theorem `PvNP.RealizableHardness.CoveringSpan.push_sub`:
  [Fintype B]
consider restructuring your `variable` declarations so that the variables are not in scope or explicitly omit them:
  omit [Fintype B] in theorem ...

Note: This linter can be disabled with `set_option linter.unusedSectionVars false`
warning: lean/PvNP/RealizableHardness/CoveringSpan.lean:25:0: automatically included section variable(s) unused in theorem `PvNP.RealizableHardness.CoveringSpan.push_mixture`:
  [Fintype B]
consider restructuring your `variable` declarations so that the variables are not in scope or explicitly omit them:
  omit [Fintype B] in theorem ...

Note: This linter can be disabled with `set_option linter.unusedSectionVars false`
warning: lean/PvNP/RealizableHardness/CoveringSpan.lean:125:18: Variable name `Q` is not explicitly referenced.

Hint: The binding can be removed (if unused) or named `_` (if used implicitly). Alternatively, prefix the name with `_` to silence this warning:
  [apply] _Q

Note: This linter can be disabled with `set_option linter.unusedVariables false`
warning: lean/PvNP/RealizableHardness/CoveringSpan.lean:164:18: Variable name `v` is not explicitly referenced.

Hint: The binding can be removed (if unused) or named `_` (if used implicitly). Alternatively, prefix the name with `_` to silence this warning:
  [apply] _v

Note: This linter can be disabled with `set_option linter.unusedVariables false`
warning: lean/PvNP/RealizableHardness/CoveringSpan.lean:204:50: `if_true` has been deprecated: Use `ite_true` instead
warning: lean/PvNP/RealizableHardness/CoveringSpan.lean:281:11: Variable name `v` is not explicitly referenced.

Hint: The binding can be removed (if unused) or named `_` (if used implicitly). Alternatively, prefix the name with `_` to silence this warning:
  [apply] _v

Note: This linter can be disabled with `set_option linter.unusedVariables false`
warning: lean/PvNP/RealizableHardness/CoveringSpan.lean:282:12: Variable name `v` is not explicitly referenced.

Hint: The binding can be removed (if unused) or named `_` (if used implicitly). Alternatively, prefix the name with `_` to silence this warning:
  [apply] _v

Note: This linter can be disabled with `set_option linter.unusedVariables false`
warning: lean/PvNP/RealizableHardness/CoveringSpan.lean:300:36: This simp argument is unused:
  subspaceArrayPush

Hint: Omit it from the simp argument list.
  [apply] simp [rawArrayLaw, arraysInEquiv, uniformArray]

Note: This linter can be disabled with `set_option linter.unusedSimpArgs false`
warning: lean/PvNP/RealizableHardness/CoveringSpan.lean:302:0: automatically included section variable(s) unused in theorem `PvNP.RealizableHardness.CoveringSpan.independent_coe_iff`:
  [Fintype V]
consider restructuring your `variable` declarations so that the variables are not in scope or explicitly omit them:
  omit [Fintype V] in theorem ...

Note: This linter can be disabled with `set_option linter.unusedSectionVars false`
warning: lean/PvNP/RealizableHardness/CoveringSpan.lean:311:0: automatically included section variable(s) unused in theorem `PvNP.RealizableHardness.CoveringSpan.spanFrame_coe`:
  [Fintype V]
consider restructuring your `variable` declarations so that the variables are not in scope or explicitly omit them:
  omit [Fintype V] in theorem ...

Note: This linter can be disabled with `set_option linter.unusedSectionVars false`
warning: lean/PvNP/RealizableHardness/CoveringSpan.lean:342:56: `if_true` has been deprecated: Use `ite_true` instead
warning: lean/PvNP/RealizableHardness/CoveringSpan.lean:396:31: `dif_pos` has been deprecated: Use `dite_eq_left` instead
warning: lean/PvNP/RealizableHardness/CoveringSpan.lean:409:27: `dif_neg` has been deprecated: Use `dite_eq_right` instead
warning: lean/PvNP/RealizableHardness/CoveringSpan.lean:503:15: `if_pos` has been deprecated: Use `ite_eq_left` instead
warning: lean/PvNP/RealizableHardness/CoveringSpan.lean:503:42: `if_pos` has been deprecated: Use `ite_eq_left` instead
warning: lean/PvNP/RealizableHardness/CoveringSpan.lean:505:8: `if_neg` has been deprecated: Use `ite_eq_right` instead
warning: lean/PvNP/RealizableHardness/CoveringSpan.lean:515:10: This simp argument is unused:
  Fintype.card_fun

Hint: Omit it from the simp argument list.
  [apply] simp [ZMod.card]

Note: This linter can be disabled with `set_option linter.unusedSimpArgs false`
warning: lean/PvNP/RealizableHardness/CoveringSpan.lean:520:55: Unused tactic linter: `push_cast` does nothing

Note: This linter can be disabled with `set_option linter.unusedTactic false`
warning: lean/PvNP/RealizableHardness/CoveringSpan.lean:541:8: This simp argument is unused:
  Fintype.card_fun

Hint: Omit it from the simp argument list.
  [apply] simp [TripleRestrictionRank.Vector, Coord, ZMod.card, ← pow_mul, Nat.mul_comm, Nat.mul_left_comm,
    Nat.mul_assoc]

Note: This linter can be disabled with `set_option linter.unusedSimpArgs false`
warning: lean/PvNP/RealizableHardness/CoveringSpan.lean:542:23: This simp argument is unused:
  Nat.mul_assoc

Hint: Omit it from the simp argument list.
  [apply] simp [Fintype.card_fun, TripleRestrictionRank.Vector, Coord, ZMod.card, ← pow_mul, Nat.mul_comm,
    Nat.mul_left_comm]

Note: This linter can be disabled with `set_option linter.unusedSimpArgs false`
warning: lean/PvNP/RealizableHardness/CoveringSpan.lean:569:24: This simp argument is unused:
  h

Hint: Omit it from the simp argument list.
  [apply] simp

Note: This linter can be disabled with `set_option linter.unusedSimpArgs false`
warning: lean/PvNP/RealizableHardness/CoveringSpan.lean:586:8: `if_pos` has been deprecated: Use `ite_eq_left` instead
warning: lean/PvNP/RealizableHardness/CoveringSpan.lean:589:8: `if_neg` has been deprecated: Use `ite_eq_right` instead
warning: lean/PvNP/RealizableHardness/CoveringSpan.lean:665:47: This simp argument is unused:
  Module.finrank_pi

Hint: Omit it from the simp argument list.
  [apply] simp [TripleRestrictionRank.Vector, Coord, Nat.mul_comm]

Note: This linter can be disabled with `set_option linter.unusedSimpArgs false`
warning: lean/PvNP/RealizableHardness/CoveringSpan.lean:680:47: This simp argument is unused:
  Module.finrank_pi

Hint: Omit it from the simp argument list.
  [apply] simp [TripleRestrictionRank.Vector, Coord, Nat.mul_comm]

Note: This linter can be disabled with `set_option linter.unusedSimpArgs false`
⚠ [3320/3390] Replayed PvNP.RealizableHardness.ConditionedCovering
warning: lean/PvNP/RealizableHardness/ConditionedCovering.lean:114:47: This simp argument is unused:
  Module.finrank_pi

Hint: Omit it from the simp argument list.
  [apply] simp [TripleRestrictionRank.Vector, Coord, Nat.mul_comm]

Note: This linter can be disabled with `set_option linter.unusedSimpArgs false`
warning: lean/PvNP/RealizableHardness/ConditionedCovering.lean:268:12: Unused tactic linter: `ring` does nothing

Note: This linter can be disabled with `set_option linter.unusedTactic false`
warning: lean/PvNP/RealizableHardness/ConditionedCovering.lean:268:12: this tactic is never executed

Note: This linter can be disabled with `set_option linter.unreachableTactic false`
warning: lean/PvNP/RealizableHardness/ConditionedCovering.lean:376:45: This simp argument is unused:
  Bool.true_eq

Hint: Omit it from the simp argument list.
  [apply] simp only [badZoom, hb, decide_true, ite_true]

Note: This linter can be disabled with `set_option linter.unusedSimpArgs false`
⚠ [3323/3390] Replayed PvNP.RealizableHardness.ZoomOutIncidence
warning: lean/PvNP/RealizableHardness/ZoomOutIncidence.lean:67:47: Used `tac1 <;> tac2` where `(tac1; tac2)` would suffice

Note: This linter can be disabled with `set_option linter.unnecessarySeqFocus false`
warning: lean/PvNP/RealizableHardness/ZoomOutIncidence.lean:151:47: This simp argument is unused:
  Module.finrank_pi

Hint: Omit it from the simp argument list.
  [apply] simp [TripleRestrictionRank.Vector, Coord, Nat.mul_comm]

Note: This linter can be disabled with `set_option linter.unusedSimpArgs false`
warning: lean/PvNP/RealizableHardness/ZoomOutIncidence.lean:168:32: Used `tac1 <;> tac2` where `(tac1; tac2)` would suffice

Note: This linter can be disabled with `set_option linter.unnecessarySeqFocus false`
⚠ [3325/3390] Replayed PvNP.RealizableHardness.ZoomOutPosterior
warning: lean/PvNP/RealizableHardness/ZoomOutPosterior.lean:73:12: Used `tac1 <;> tac2` where `(tac1; tac2)` would suffice

Note: This linter can be disabled with `set_option linter.unnecessarySeqFocus false`
warning: lean/PvNP/RealizableHardness/ZoomOutPosterior.lean:252:34: Used `tac1 <;> tac2` where `(tac1; tac2)` would suffice

Note: This linter can be disabled with `set_option linter.unnecessarySeqFocus false`
⚠ [3326/3390] Replayed PvNP.RealizableHardness.ZoomOutTransfer
warning: lean/PvNP/RealizableHardness/ZoomOutTransfer.lean:107:31: This simp argument is unused:
  hb

Hint: Omit it from the simp argument list.
  [apply] simp

Note: This linter can be disabled with `set_option linter.unusedSimpArgs false`
warning: lean/PvNP/RealizableHardness/ZoomOutTransfer.lean:127:27: This simp argument is unused:
  hb

Hint: Omit it from the simp argument list.
  [apply] simp

Note: This linter can be disabled with `set_option linter.unusedSimpArgs false`
warning: lean/PvNP/RealizableHardness/ZoomOutTransfer.lean:123:39: Unused tactic linter: `ring` does nothing

Note: This linter can be disabled with `set_option linter.unusedTactic false`
warning: lean/PvNP/RealizableHardness/ZoomOutTransfer.lean:123:39: this tactic is never executed

Note: This linter can be disabled with `set_option linter.unreachableTactic false`
warning: lean/PvNP/RealizableHardness/ZoomOutTransfer.lean:228:12: Used `tac1 <;> tac2` where `(tac1; tac2)` would suffice

Note: This linter can be disabled with `set_option linter.unnecessarySeqFocus false`
warning: lean/PvNP/RealizableHardness/ZoomOutTransfer.lean:232:12: Used `tac1 <;> tac2` where `(tac1; tac2)` would suffice

Note: This linter can be disabled with `set_option linter.unnecessarySeqFocus false`
⚠ [3327/3390] Replayed PvNP.RealizableHardness.ZoomOutJoint
warning: lean/PvNP/RealizableHardness/ZoomOutJoint.lean:32:34: This simp argument is unused:
  Bool.true_eq

Hint: Omit it from the simp argument list.
  [apply] simp only [hx, decide_true, ite_true]

Note: This linter can be disabled with `set_option linter.unusedSimpArgs false`
warning: lean/PvNP/RealizableHardness/ZoomOutJoint.lean:71:26: Variable name `hC1` is not explicitly referenced.

Hint: The binding can be removed (if unused) or named `_` (if used implicitly). Alternatively, prefix the name with `_` to silence this warning:
  [apply] _hC1

Note: This linter can be disabled with `set_option linter.unusedVariables false`
warning: lean/PvNP/RealizableHardness/ZoomOutJoint.lean:138:34: This simp argument is unused:
  Bool.true_eq

Hint: Omit it from the simp argument list.
  [apply] simp only [hF, Bool.true_and, ite_true, mass, Finset.mul_sum]

Note: This linter can be disabled with `set_option linter.unusedSimpArgs false`
warning: lean/PvNP/RealizableHardness/ZoomOutJoint.lean:142:12: This simp argument is unused:
  hs

Hint: Omit it from the simp argument list.
  [apply] simp

Note: This linter can be disabled with `set_option linter.unusedSimpArgs false`
warning: lean/PvNP/RealizableHardness/ZoomOutJoint.lean:143:17: This simp argument is unused:
  hs

Hint: Omit it from the simp argument list.
  [apply] simp only [Bool.true_eq, ite_true]

Note: This linter can be disabled with `set_option linter.unusedSimpArgs false`
warning: lean/PvNP/RealizableHardness/ZoomOutJoint.lean:143:21: This simp argument is unused:
  Bool.true_eq

Hint: Omit it from the simp argument list.
  [apply] simp only [hs, ite_true]

Note: This linter can be disabled with `set_option linter.unusedSimpArgs false`
warning: lean/PvNP/RealizableHardness/ZoomOutJoint.lean:175:19: This simp argument is unused:
  Bool.true_eq

Hint: Omit it from the simp argument list.
  [apply] simp only [hF, ite_true]

Note: This linter can be disabled with `set_option linter.unusedSimpArgs false`
⚠ [3328/3390] Replayed PvNP.RealizableHardness.VectorAdvice
warning: lean/PvNP/RealizableHardness/VectorAdvice.lean:98:34: This simp argument is unused:
  ho

Hint: Omit it from the simp argument list.
  [apply] simp

Note: This linter can be disabled with `set_option linter.unusedSimpArgs false`
warning: lean/PvNP/RealizableHardness/VectorAdvice.lean:104:72: This simp argument is unused:
  mul_assoc

Hint: Omit it from the simp argument list.
  [apply] simp [outputLaw, Finset.sum_mul]

Note: This linter can be disabled with `set_option linter.unusedSimpArgs false`
warning: lean/PvNP/RealizableHardness/VectorAdvice.lean:237:29: This simp argument is unused:
  he

Hint: Omit it from the simp argument list.
  [apply] simp [joint]

Note: This linter can be disabled with `set_option linter.unusedSimpArgs false`
⚠ [3329/3390] Replayed PvNP.RealizableHardness.MatrixGrassmannIncidence
warning: lean/PvNP/RealizableHardness/MatrixGrassmannIncidence.lean:25:0: automatically included section variable(s) unused in theorem `PvNP.RealizableHardness.MatrixGrassmannIncidence.snoc_independent_iff`:
  [Fintype V]
consider restructuring your `variable` declarations so that the variables are not in scope or explicitly omit them:
  omit [Fintype V] in theorem ...

Note: This linter can be disabled with `set_option linter.unusedSectionVars false`
warning: lean/PvNP/RealizableHardness/MatrixGrassmannIncidence.lean:31:0: automatically included section variable(s) unused in theorem `PvNP.RealizableHardness.MatrixGrassmannIncidence.dependent_snoc`:
  [Fintype V]
consider restructuring your `variable` declarations so that the variables are not in scope or explicitly omit them:
  omit [Fintype V] in theorem ...

Note: This linter can be disabled with `set_option linter.unusedSectionVars false`
warning: lean/PvNP/RealizableHardness/MatrixGrassmannIncidence.lean:72:6: Try this: 
  letI̵

The goal is a proposition, so `let` is preferred over `letI`.
The difference between `let` and `letI` is that `letI` inlines the value.
But this is not relevant for proofs because of proof irrelevance.

Note: This linter can be disabled with `set_option linter.style.haveILetI false`
warning: lean/PvNP/RealizableHardness/MatrixGrassmannIncidence.lean:93:14: Used `tac1 <;> tac2` where `(tac1; tac2)` would suffice

Note: This linter can be disabled with `set_option linter.unnecessarySeqFocus false`
warning: lean/PvNP/RealizableHardness/MatrixGrassmannIncidence.lean:116:0: automatically included section variable(s) unused in theorem `PvNP.RealizableHardness.MatrixGrassmannIncidence.columns_length`:
  [Fintype V]
consider restructuring your `variable` declarations so that the variables are not in scope or explicitly omit them:
  omit [Fintype V] in theorem ...

Note: This linter can be disabled with `set_option linter.unusedSectionVars false`
warning: lean/PvNP/RealizableHardness/MatrixGrassmannIncidence.lean:124:0: automatically included section variable(s) unused in theorem `PvNP.RealizableHardness.MatrixGrassmannIncidence.columns_injective`:
  [Fintype V]
consider restructuring your `variable` declarations so that the variables are not in scope or explicitly omit them:
  omit [Fintype V] in theorem ...

Note: This linter can be disabled with `set_option linter.unusedSectionVars false`
warning: lean/PvNP/RealizableHardness/MatrixGrassmannIncidence.lean:143:0: automatically included section variable(s) unused in theorem `PvNP.RealizableHardness.MatrixGrassmannIncidence.columns_independent`:
  [Fintype V]
consider restructuring your `variable` declarations so that the variables are not in scope or explicitly omit them:
  omit [Fintype V] in theorem ...

Note: This linter can be disabled with `set_option linter.unusedSectionVars false`
warning: lean/PvNP/RealizableHardness/MatrixGrassmannIncidence.lean:149:0: automatically included section variable(s) unused in theorem `PvNP.RealizableHardness.MatrixGrassmannIncidence.columns_surjective`:
  [Fintype V]
consider restructuring your `variable` declarations so that the variables are not in scope or explicitly omit them:
  omit [Fintype V] in theorem ...

Note: This linter can be disabled with `set_option linter.unusedSectionVars false`
warning: lean/PvNP/RealizableHardness/MatrixGrassmannIncidence.lean:195:0: automatically included section variable(s) unused in theorem `PvNP.RealizableHardness.MatrixGrassmannIncidence.terminal_finrank`:
  [Fintype V]
consider restructuring your `variable` declarations so that the variables are not in scope or explicitly omit them:
  omit [Fintype V] in theorem ...

Note: This linter can be disabled with `set_option linter.unusedSectionVars false`
warning: lean/PvNP/RealizableHardness/MatrixGrassmannIncidence.lean:207:2: try 'simp' instead of 'simpa'

Note: This linter can be disabled with `set_option linter.unnecessarySimpa false`
⚠ [3330/3390] Replayed PvNP.RealizableHardness.MatrixGrassmannMoment
warning: lean/PvNP/RealizableHardness/MatrixGrassmannMoment.lean:29:8: `Set.mem_setOf_eq` has been deprecated: Use `Set.mem_ofPred_eq` instead
warning: lean/PvNP/RealizableHardness/MatrixGrassmannMoment.lean:17:0: automatically included section variable(s) unused in theorem `PvNP.RealizableHardness.MatrixGrassmannMoment.terminalSpan_eq_listSpan`:
  [Fintype V]
consider restructuring your `variable` declarations so that the variables are not in scope or explicitly omit them:
  omit [Fintype V] in theorem ...

Note: This linter can be disabled with `set_option linter.unusedSectionVars false`
warning: lean/PvNP/RealizableHardness/MatrixGrassmannMoment.lean:35:0: automatically included section variable(s) unused in theorem `PvNP.RealizableHardness.MatrixGrassmannMoment.ofFn_arrayOfList`:
  [AddCommGroup V]
  [Module (ZMod 2) V]
  [Fintype V]
consider restructuring your `variable` declarations so that the variables are not in scope or explicitly omit them:
  omit [AddCommGroup V] [Module (ZMod 2) V] [Fintype V] in theorem ...

Note: This linter can be disabled with `set_option linter.unusedSectionVars false`
warning: lean/PvNP/RealizableHardness/MatrixGrassmannMoment.lean:84:19: `Set.mem_setOf_eq` has been deprecated: Use `Set.mem_ofPred_eq` instead
warning: lean/PvNP/RealizableHardness/MatrixGrassmannMoment.lean:77:0: automatically included section variable(s) unused in theorem `PvNP.RealizableHardness.MatrixGrassmannMoment.concatenate_span`:
  [Fintype V]
consider restructuring your `variable` declarations so that the variables are not in scope or explicitly omit them:
  omit [Fintype V] in theorem ...

Note: This linter can be disabled with `set_option linter.unusedSectionVars false`
⚠ [3331/3390] Replayed PvNP.RealizableHardness.MatrixGrassmannFibre
warning: lean/PvNP/RealizableHardness/MatrixGrassmannFibre.lean:42:0: automatically included section variable(s) unused in theorem `PvNP.RealizableHardness.MatrixGrassmannFibre.reanchor_columns`:
  [AddCommGroup V]
  [Module (ZMod 2) V]
  [Fintype V]
consider restructuring your `variable` declarations so that the variables are not in scope or explicitly omit them:
  omit [AddCommGroup V] [Module (ZMod 2) V] [Fintype V] in theorem ...

Note: This linter can be disabled with `set_option linter.unusedSectionVars false`
warning: lean/PvNP/RealizableHardness/MatrixGrassmannFibre.lean:49:27: This simp argument is unused:
  Function.comp_def

Hint: Omit it from the simp argument list.
  [apply] simp [concatenate]

Note: This linter can be disabled with `set_option linter.unusedSimpArgs false`
warning: lean/PvNP/RealizableHardness/MatrixGrassmannFibre.lean:50:27: This simp argument is unused:
  Function.comp_def

Hint: Omit it from the simp argument list.
  [apply] simp [concatenate]

Note: This linter can be disabled with `set_option linter.unusedSimpArgs false`
warning: lean/PvNP/RealizableHardness/MatrixGrassmannFibre.lean:51:32: This simp argument is unused:
  Function.comp_def

Hint: Omit it from the simp argument list.
  [apply] simp [concatenate, Fin.tail]

Note: This linter can be disabled with `set_option linter.unusedSimpArgs false`
warning: lean/PvNP/RealizableHardness/MatrixGrassmannFibre.lean:131:0: automatically included section variable(s) unused in theorem `PvNP.RealizableHardness.MatrixGrassmannFibre.fibre_column_mem`:
  [Fintype V]
consider restructuring your `variable` declarations so that the variables are not in scope or explicitly omit them:
  omit [Fintype V] in theorem ...

Note: This linter can be disabled with `set_option linter.unusedSectionVars false`
⚠ [3332/3390] Replayed PvNP.RealizableHardness.MatrixGrassmannIdentity
warning: lean/PvNP/RealizableHardness/MatrixGrassmannIdentity.lean:140:0: automatically included section variable(s) unused in theorem `PvNP.RealizableHardness.MatrixGrassmannIdentity.rawF_deficient`:
  [Fintype V]
consider restructuring your `variable` declarations so that the variables are not in scope or explicitly omit them:
  omit [Fintype V] in theorem ...

Note: This linter can be disabled with `set_option linter.unusedSectionVars false`
warning: lean/PvNP/RealizableHardness/MatrixGrassmannIdentity.lean:208:10: `dif_pos` has been deprecated: Use `dite_eq_left` instead
warning: lean/PvNP/RealizableHardness/MatrixGrassmannIdentity.lean:268:4: `mul_le_one₀` has been deprecated: No replacement, use constituent lemmas from proof.
warning: lean/PvNP/RealizableHardness/MatrixGrassmannIdentity.lean:367:8: `if_neg` has been deprecated: Use `ite_eq_right` instead
⚠ [3333/3390] Replayed PvNP.RealizableHardness.ActualFixedFunctionalStarMoment
warning: lean/PvNP/RealizableHardness/ActualFixedFunctionalStarMoment.lean:32:0: automatically included section variable(s) unused in theorem `PvNP.RealizableHardness.ActualFixedFunctionalStarMoment.matchesStar_iff_bits`:
  [Fintype V]
consider restructuring your `variable` declarations so that the variables are not in scope or explicitly omit them:
  omit [Fintype V] in theorem ...

Note: This linter can be disabled with `set_option linter.unusedSectionVars false`
warning: lean/PvNP/RealizableHardness/ActualFixedFunctionalStarMoment.lean:55:12: `if_neg` has been deprecated: Use `ite_eq_right` instead
warning: lean/PvNP/RealizableHardness/ActualFixedFunctionalStarMoment.lean:117:17: `if_pos` has been deprecated: Use `ite_eq_left` instead
warning: lean/PvNP/RealizableHardness/ActualFixedFunctionalStarMoment.lean:104:65: This simp argument is unused:
  one_div_pow

Hint: Omit it from the simp argument list.
  [apply] simp [Finset.prod_const, Finset.card_univ, Fintype.card_fin]

Note: This linter can be disabled with `set_option linter.unusedSimpArgs false`
⚠ [3334/3390] Replayed PvNP.RealizableHardness.BinaryMatrixFourier
warning: lean/PvNP/RealizableHardness/BinaryMatrixFourier.lean:126:8: `if_pos` has been deprecated: Use `ite_eq_left` instead
warning: lean/PvNP/RealizableHardness/BinaryMatrixFourier.lean:132:8: `if_neg` has been deprecated: Use `ite_eq_right` instead
⚠ [3336/3390] Replayed PvNP.RealizableHardness.MatrixGrassmannIntersectingAnchor
warning: lean/PvNP/RealizableHardness/MatrixGrassmannIntersectingAnchor.lean:14:0: automatically included section variable(s) unused in theorem `PvNP.RealizableHardness.MatrixGrassmannIntersectingAnchor.anchor_sup_lift_inf`:
  [Fintype V]
consider restructuring your `variable` declarations so that the variables are not in scope or explicitly omit them:
  omit [Fintype V] in theorem ...

Note: This linter can be disabled with `set_option linter.unusedSectionVars false`
warning: lean/PvNP/RealizableHardness/MatrixGrassmannIntersectingAnchor.lean:22:0: automatically included section variable(s) unused in theorem `PvNP.RealizableHardness.MatrixGrassmannIntersectingAnchor.anchor_inf_sampled`:
  [Fintype V]
consider restructuring your `variable` declarations so that the variables are not in scope or explicitly omit them:
  omit [Fintype V] in theorem ...

Note: This linter can be disabled with `set_option linter.unusedSectionVars false`
warning: lean/PvNP/RealizableHardness/MatrixGrassmannIntersectingAnchor.lean:37:0: automatically included section variable(s) unused in theorem `PvNP.RealizableHardness.MatrixGrassmannIntersectingAnchor.span_concatenate`:
  [Fintype V]
consider restructuring your `variable` declarations so that the variables are not in scope or explicitly omit them:
  omit [Fintype V] in theorem ...

Note: This linter can be disabled with `set_option linter.unusedSectionVars false`
warning: lean/PvNP/RealizableHardness/MatrixGrassmannIntersectingAnchor.lean:44:36: This simp argument is unused:
  Sum.exists

Hint: Omit it from the simp argument list.
  [apply] simp [concatenate, Set.mem_range]

Note: This linter can be disabled with `set_option linter.unusedSimpArgs false`
warning: lean/PvNP/RealizableHardness/MatrixGrassmannIntersectingAnchor.lean:218:2: Try this: 
  letI̵

The goal is a proposition, so `let` is preferred over `letI`.
The difference between `let` and `letI` is that `letI` inlines the value.
But this is not relevant for proofs because of proof irrelevance.

Note: This linter can be disabled with `set_option linter.style.haveILetI false`
warning: lean/PvNP/RealizableHardness/MatrixGrassmannIntersectingAnchor.lean:336:26: `dif_pos` has been deprecated: Use `dite_eq_left` instead
⚠ [3337/3390] Replayed PvNP.RealizableHardness.MatrixLiftAffineTarget
warning: lean/PvNP/RealizableHardness/MatrixLiftAffineTarget.lean:30:0: automatically included section variable(s) unused in theorem `PvNP.RealizableHardness.MatrixLiftAffineTarget.liftScore_eq_homLiftTest`:
  [Fintype V]
consider restructuring your `variable` declarations so that the variables are not in scope or explicitly omit them:
  omit [Fintype V] in theorem ...

Note: This linter can be disabled with `set_option linter.unusedSectionVars false`
warning: lean/PvNP/RealizableHardness/MatrixLiftAffineTarget.lean:44:8: automatically included section variable(s) unused in theorem `_private.PvNP.RealizableHardness.MatrixLiftAffineTarget.0.PvNP.RealizableHardness.MatrixLiftAffineTarget.choosePreimage_spec`:
  [Fintype V]
  [Fintype C]
consider restructuring your `variable` declarations so that the variables are not in scope or explicitly omit them:
  omit [Fintype V] [Fintype C] in theorem ...

Note: This linter can be disabled with `set_option linter.unusedSectionVars false`
warning: lean/PvNP/RealizableHardness/MatrixLiftAffineTarget.lean:139:0: automatically included section variable(s) unused in theorem `PvNP.RealizableHardness.MatrixLiftAffineTarget.columnLinear_rowTarget`:
  [Fintype V]
  [Fintype C]
consider restructuring your `variable` declarations so that the variables are not in scope or explicitly omit them:
  omit [Fintype V] [Fintype C] in theorem ...

Note: This linter can be disabled with `set_option linter.unusedSectionVars false`
warning: lean/PvNP/RealizableHardness/MatrixLiftAffineTarget.lean:178:8: automatically included section variable(s) unused in theorem `_private.PvNP.RealizableHardness.MatrixLiftAffineTarget.0.PvNP.RealizableHardness.MatrixLiftAffineTarget.span_concatenate`:
  [Fintype V]
consider restructuring your `variable` declarations so that the variables are not in scope or explicitly omit them:
  omit [Fintype V] in theorem ...

Note: This linter can be disabled with `set_option linter.unusedSectionVars false`
warning: lean/PvNP/RealizableHardness/MatrixLiftAffineTarget.lean:185:36: This simp argument is unused:
  Sum.exists

Hint: Omit it from the simp argument list.
  [apply] simp [concatenate, Set.mem_range]

Note: This linter can be disabled with `set_option linter.unusedSimpArgs false`
warning: lean/PvNP/RealizableHardness/MatrixLiftAffineTarget.lean:210:30: `dif_pos` has been deprecated: Use `dite_eq_left` instead
warning: lean/PvNP/RealizableHardness/MatrixLiftAffineTarget.lean:210:41: `dif_pos` has been deprecated: Use `dite_eq_left` instead
warning: lean/PvNP/RealizableHardness/MatrixLiftAffineTarget.lean:215:30: `dif_neg` has been deprecated: Use `dite_eq_right` instead
warning: lean/PvNP/RealizableHardness/MatrixLiftAffineTarget.lean:215:41: `dif_neg` has been deprecated: Use `dite_eq_right` instead
warning: lean/PvNP/RealizableHardness/MatrixLiftAffineTarget.lean:217:0: automatically included section variable(s) unused in theorem `PvNP.RealizableHardness.MatrixLiftAffineTarget.columnLinear_val`:
  [Fintype V]
consider restructuring your `variable` declarations so that the variables are not in scope or explicitly omit them:
  omit [Fintype V] in theorem ...

Note: This linter can be disabled with `set_option linter.unusedSectionVars false`
warning: lean/PvNP/RealizableHardness/MatrixLiftAffineTarget.lean:283:0: automatically included section variable(s) unused in theorem `PvNP.RealizableHardness.MatrixLiftAffineTarget.surjective_target_orbit`:
  [Fintype C]
consider restructuring your `variable` declarations so that the variables are not in scope or explicitly omit them:
  omit [Fintype C] in theorem ...

Note: This linter can be disabled with `set_option linter.unusedSectionVars false`
warning: lean/PvNP/RealizableHardness/MatrixLiftAffineTarget.lean:377:0: automatically included section variable(s) unused in theorem `PvNP.RealizableHardness.MatrixLiftAffineTarget.targetScoreSum_nonneg`:
  [Fintype C]
consider restructuring your `variable` declarations so that the variables are not in scope or explicitly omit them:
  omit [Fintype C] in theorem ...

Note: This linter can be disabled with `set_option linter.unusedSectionVars false`
⚠ [3338/3390] Replayed PvNP.RealizableHardness.MatrixFullRowRankHalf
warning: lean/PvNP/RealizableHardness/MatrixFullRowRankHalf.lean:184:10: This simp argument is unused:
  Fintype.card_fun

Hint: Omit it from the simp argument list.
  [apply] simp [pow_mul, Nat.mul_comm]

Note: This linter can be disabled with `set_option linter.unusedSimpArgs false`
warning: lean/PvNP/RealizableHardness/MatrixFullRowRankHalf.lean:192:4: Unused tactic linter: `change
  ((2 ^ (k * c) : ℕ) : ℝ) < 2 * (((∏ i : Fin c, (2 ^ k - 2 ^ (i : ℕ))) : ℕ) : ℝ)` does nothing

Note: This linter can be disabled with `set_option linter.unusedTactic false`
⚠ [3339/3390] Replayed PvNP.RealizableHardness.MatrixLiftFullRowRankBridge
warning: lean/PvNP/RealizableHardness/MatrixLiftFullRowRankBridge.lean:18:0: automatically included section variable(s) unused in theorem `PvNP.RealizableHardness.MatrixLiftFullRowRankBridge.residual_row_surjective`:
  [Fintype V]
consider restructuring your `variable` declarations so that the variables are not in scope or explicitly omit them:
  omit [Fintype V] in theorem ...

Note: This linter can be disabled with `set_option linter.unusedSectionVars false`
⚠ [3340/3390] Replayed PvNP.RealizableHardness.MatrixLiftLeftRowNormalForm
warning: lean/PvNP/RealizableHardness/MatrixLiftLeftRowNormalForm.lean:49:4: Unused tactic linter: `change (targetSpan B).mkQ y.val = 0` does nothing

Note: This linter can be disabled with `set_option linter.unusedTactic false`
warning: lean/PvNP/RealizableHardness/MatrixLiftLeftRowNormalForm.lean:145:0: automatically included section variable(s) unused in theorem `PvNP.RealizableHardness.MatrixLiftLeftRowNormalForm.rawNormalized_score_eq`:
  [Fintype V]
consider restructuring your `variable` declarations so that the variables are not in scope or explicitly omit them:
  omit [Fintype V] in theorem ...

Note: This linter can be disabled with `set_option linter.unusedSectionVars false`
⚠ [3341/3390] Replayed PvNP.RealizableHardness.MatrixLiftExactBudgetZoom
warning: lean/PvNP/RealizableHardness/MatrixLiftExactBudgetZoom.lean:99:29: Variable name `R` is not explicitly referenced.

Hint: The binding can be removed (if unused) or named `_` (if used implicitly). Alternatively, prefix the name with `_` to silence this warning:
  [apply] _R

Note: This linter can be disabled with `set_option linter.unusedVariables false`
warning: lean/PvNP/RealizableHardness/MatrixLiftExactBudgetZoom.lean:179:6: Try this: 
  haveI̵

The goal is a proposition, so `have` is preferred over `haveI`.
The difference between `have` and `haveI` is that `haveI` inlines the value.
But this is not relevant for proofs because of proof irrelevance.

Note: This linter can be disabled with `set_option linter.style.haveILetI false`
warning: lean/PvNP/RealizableHardness/MatrixLiftExactBudgetZoom.lean:164:33: Variable name `he` is not explicitly referenced.

Hint: The binding can be removed (if unused) or named `_` (if used implicitly). Alternatively, prefix the name with `_` to silence this warning:
  [apply] _he

Note: This linter can be disabled with `set_option linter.unusedVariables false`
warning: lean/PvNP/RealizableHardness/MatrixLiftExactBudgetZoom.lean:194:34: This simp argument is unused:
  mul_left_comm

Hint: Omit it from the simp argument list.
  [apply] simp [mul_comm, mul_assoc]

Note: This linter can be disabled with `set_option linter.unusedSimpArgs false`
⚠ [3343/3390] Replayed PvNP.RealizableHardness.BinaryMatrixHybridSelector
warning: lean/PvNP/RealizableHardness/BinaryMatrixHybridSelector.lean:71:8: `if_pos` has been deprecated: Use `ite_eq_left` instead
warning: lean/PvNP/RealizableHardness/BinaryMatrixHybridSelector.lean:90:8: `if_neg` has been deprecated: Use `ite_eq_right` instead
⚠ [3344/3390] Replayed PvNP.RealizableHardness.BinaryMatrixLineTranslation
warning: lean/PvNP/RealizableHardness/BinaryMatrixLineTranslation.lean:243:4: try 'simp' instead of 'simpa'

Note: This linter can be disabled with `set_option linter.unnecessarySimpa false`
warning: lean/PvNP/RealizableHardness/BinaryMatrixLineTranslation.lean:315:8: `if_neg` has been deprecated: Use `ite_eq_right` instead
warning: lean/PvNP/RealizableHardness/BinaryMatrixLineTranslation.lean:407:15: `if_neg` has been deprecated: Use `ite_eq_right` instead
warning: lean/PvNP/RealizableHardness/BinaryMatrixLineTranslation.lean:433:41: This simp argument is unused:
  s

Hint: Omit it from the simp argument list.
  [apply] simp [hs, hr]

Note: This linter can be disabled with `set_option linter.unusedSimpArgs false`
warning: lean/PvNP/RealizableHardness/BinaryMatrixLineTranslation.lean:555:15: `if_neg` has been deprecated: Use `ite_eq_right` instead
warning: lean/PvNP/RealizableHardness/BinaryMatrixLineTranslation.lean:592:57: This simp argument is unused:
  mul_assoc

Hint: Omit it from the simp argument list.
  [apply] simp [hr, hs]

Note: This linter can be disabled with `set_option linter.unusedSimpArgs false`
⚠ [3345/3390] Replayed PvNP.RealizableHardness.BinaryMatrixLineA14
warning: lean/PvNP/RealizableHardness/BinaryMatrixLineA14.lean:88:8: `if_pos` has been deprecated: Use `ite_eq_left` instead
warning: lean/PvNP/RealizableHardness/BinaryMatrixLineA14.lean:97:8: `if_neg` has been deprecated: Use `ite_eq_right` instead
⚠ [3348/3390] Replayed PvNP.RealizableHardness.MatrixLiftNominalDomain
warning: lean/PvNP/RealizableHardness/MatrixLiftNominalDomain.lean:26:34: This simp argument is unused:
  Submodule.prodEquivOfIsCompl_symm_apply_left

Hint: Omit it from the simp argument list.
  [apply] simp [LinearMap.comp_apply, LinearMap.coprod_apply]

Note: This linter can be disabled with `set_option linter.unusedSimpArgs false`
warning: lean/PvNP/RealizableHardness/MatrixLiftNominalDomain.lean:27:8: This simp argument is unused:
  LinearMap.coprod_apply

Hint: Omit it from the simp argument list.
  [apply] simp [LinearMap.comp_apply, Submodule.prodEquivOfIsCompl_symm_apply_left]

Note: This linter can be disabled with `set_option linter.unusedSimpArgs false`
warning: lean/PvNP/RealizableHardness/MatrixLiftNominalDomain.lean:51:32: This simp argument is unused:
  Submodule.prodEquivOfIsCompl_symm_apply_right

Hint: Omit it from the simp argument list.
  [apply] simp [LinearMap.comp_apply, LinearMap.coprod_apply]

Note: This linter can be disabled with `set_option linter.unusedSimpArgs false`
warning: lean/PvNP/RealizableHardness/MatrixLiftNominalDomain.lean:52:6: This simp argument is unused:
  LinearMap.coprod_apply

Hint: Omit it from the simp argument list.
  [apply] simp [LinearMap.comp_apply, Submodule.prodEquivOfIsCompl_symm_apply_right]

Note: This linter can be disabled with `set_option linter.unusedSimpArgs false`
warning: lean/PvNP/RealizableHardness/MatrixLiftNominalDomain.lean:174:8: `dif_pos` has been deprecated: Use `dite_eq_left` instead
warning: lean/PvNP/RealizableHardness/MatrixLiftNominalDomain.lean:174:22: `dif_pos` has been deprecated: Use `dite_eq_left` instead
warning: lean/PvNP/RealizableHardness/MatrixLiftNominalDomain.lean:179:8: `dif_neg` has been deprecated: Use `dite_eq_right` instead
warning: lean/PvNP/RealizableHardness/MatrixLiftNominalDomain.lean:179:22: `dif_neg` has been deprecated: Use `dite_eq_right` instead
warning: lean/PvNP/RealizableHardness/MatrixLiftNominalDomain.lean:194:20: This simp argument is unused:
  Submodule.prodEquivOfIsCompl_symm_apply_left

Hint: Omit it from the simp argument list.
  [apply] simp [splitBasis]

Note: This linter can be disabled with `set_option linter.unusedSimpArgs false`
warning: lean/PvNP/RealizableHardness/MatrixLiftNominalDomain.lean:201:20: This simp argument is unused:
  Submodule.prodEquivOfIsCompl_symm_apply_right

Hint: Omit it from the simp argument list.
  [apply] simp [splitBasis]

Note: This linter can be disabled with `set_option linter.unusedSimpArgs false`
warning: lean/PvNP/RealizableHardness/MatrixLiftNominalDomain.lean:254:10: This simp argument is unused:
  Submodule.coe_prodEquivOfIsCompl'

Hint: Omit it from the simp argument list.
  [apply] simp only [LinearMap.coprod_apply, LinearMap.comp_apply, map_add]

Note: This linter can be disabled with `set_option linter.unusedSimpArgs false`
warning: lean/PvNP/RealizableHardness/MatrixLiftNominalDomain.lean:491:16: `dif_pos` has been deprecated: Use `dite_eq_left` instead
warning: lean/PvNP/RealizableHardness/MatrixLiftNominalDomain.lean:492:16: `dif_neg` has been deprecated: Use `dite_eq_right` instead
⚠ [3351/3390] Replayed PvNP.RealizableHardness.ActualSelectedComplementAppendMoment
warning: lean/PvNP/RealizableHardness/ActualSelectedComplementAppendMoment.lean:143:13: Variable name `hsum` is not explicitly referenced.

Hint: The binding can be removed (if unused) or named `_` (if used implicitly). Alternatively, prefix the name with `_` to silence this warning:
  [apply] _hsum

Note: This linter can be disabled with `set_option linter.unusedVariables false`
warning: lean/PvNP/RealizableHardness/ActualSelectedComplementAppendMoment.lean:144:13: Variable name `hbudget` is not explicitly referenced.

Hint: The binding can be removed (if unused) or named `_` (if used implicitly). Alternatively, prefix the name with `_` to silence this warning:
  [apply] _hbudget

Note: This linter can be disabled with `set_option linter.unusedVariables false`
warning: lean/PvNP/RealizableHardness/ActualSelectedComplementAppendMoment.lean:243:13: Variable name `hsum` is not explicitly referenced.

Hint: The binding can be removed (if unused) or named `_` (if used implicitly). Alternatively, prefix the name with `_` to silence this warning:
  [apply] _hsum

Note: This linter can be disabled with `set_option linter.unusedVariables false`
warning: lean/PvNP/RealizableHardness/ActualSelectedComplementAppendMoment.lean:244:13: Variable name `hbudget` is not explicitly referenced.

Hint: The binding can be removed (if unused) or named `_` (if used implicitly). Alternatively, prefix the name with `_` to silence this warning:
  [apply] _hbudget

Note: This linter can be disabled with `set_option linter.unusedVariables false`
⚠ [3352/3390] Replayed PvNP.RealizableHardness.ActualSelectedSpectralParameters
warning: lean/PvNP/RealizableHardness/ActualSelectedSpectralParameters.lean:109:8: Unused tactic linter: `ring` does nothing

Note: This linter can be disabled with `set_option linter.unusedTactic false`
warning: lean/PvNP/RealizableHardness/ActualSelectedSpectralParameters.lean:109:8: this tactic is never executed

Note: This linter can be disabled with `set_option linter.unreachableTactic false`
⚠ [3353/3390] Replayed PvNP.RealizableHardness.ActualFixedFunctionalMatrixLift
warning: lean/PvNP/RealizableHardness/ActualFixedFunctionalMatrixLift.lean:39:2: Try this: 
  letI̵

The goal is a proposition, so `let` is preferred over `letI`.
The difference between `let` and `letI` is that `letI` inlines the value.
But this is not relevant for proofs because of proof irrelevance.

Note: This linter can be disabled with `set_option linter.style.haveILetI false`
warning: lean/PvNP/RealizableHardness/ActualFixedFunctionalMatrixLift.lean:68:4: Try this: 
  letI̵

The goal is a proposition, so `let` is preferred over `letI`.
The difference between `let` and `letI` is that `letI` inlines the value.
But this is not relevant for proofs because of proof irrelevance.

Note: This linter can be disabled with `set_option linter.style.haveILetI false`
⚠ [3354/3390] Replayed PvNP.RealizableHardness.ActualRankImageRightBasisInvariance
warning: lean/PvNP/RealizableHardness/ActualRankImageRightBasisInvariance.lean:85:33: `dif_pos` has been deprecated: Use `dite_eq_left` instead
warning: lean/PvNP/RealizableHardness/ActualRankImageRightBasisInvariance.lean:85:46: `dif_pos` has been deprecated: Use `dite_eq_left` instead
warning: lean/PvNP/RealizableHardness/ActualRankImageRightBasisInvariance.lean:90:33: `dif_neg` has been deprecated: Use `dite_eq_right` instead
warning: lean/PvNP/RealizableHardness/ActualRankImageRightBasisInvariance.lean:90:46: `dif_neg` has been deprecated: Use `dite_eq_right` instead
⚠ [3357/3390] Replayed PvNP.RealizableHardness.ActualFiniteMomentLpBounds
warning: lean/PvNP/RealizableHardness/ActualFiniteMomentLpBounds.lean:22:50: Variable name `hp` is not explicitly referenced.

Hint: The binding can be removed (if unused) or named `_` (if used implicitly). Alternatively, prefix the name with `_` to silence this warning:
  [apply] _hp

Note: This linter can be disabled with `set_option linter.unusedVariables false`
warning: lean/PvNP/RealizableHardness/ActualFiniteMomentLpBounds.lean:144:49: This simp argument is unused:
  hroot

Hint: Omit it from the simp argument list.
  [apply] simp [lpNorm, lpMoment, uniformMean, hpne]

Note: This linter can be disabled with `set_option linter.unusedSimpArgs false`
⚠ [3358/3390] Replayed PvNP.RealizableHardness.ActualSelectedComplementAnalyticMoment
warning: lean/PvNP/RealizableHardness/ActualSelectedComplementAnalyticMoment.lean:36:38: Variable name `hEven` is not explicitly referenced.

Hint: The binding can be removed (if unused) or named `_` (if used implicitly). Alternatively, prefix the name with `_` to silence this warning:
  [apply] _hEven

Note: This linter can be disabled with `set_option linter.unusedVariables false`
warning: lean/PvNP/RealizableHardness/ActualSelectedComplementAnalyticMoment.lean:47:5: Variable name `basisInv` is not explicitly referenced.

Hint: The binding can be removed (if unused) or named `_` (if used implicitly). Alternatively, prefix the name with `_` to silence this warning:
  [apply] _basisInv

Note: This linter can be disabled with `set_option linter.unusedVariables false`
warning: lean/PvNP/RealizableHardness/ActualSelectedComplementAnalyticMoment.lean:49:5: Variable name `hEven` is not explicitly referenced.

Hint: The binding can be removed (if unused) or named `_` (if used implicitly). Alternatively, prefix the name with `_` to silence this warning:
  [apply] _hEven

Note: This linter can be disabled with `set_option linter.unusedVariables false`
warning: lean/PvNP/RealizableHardness/ActualSelectedComplementAnalyticMoment.lean:49:29: Variable name `hi` is not explicitly referenced.

Hint: The binding can be removed (if unused) or named `_` (if used implicitly). Alternatively, prefix the name with `_` to silence this warning:
  [apply] _hi

Note: This linter can be disabled with `set_option linter.unusedVariables false`
warning: lean/PvNP/RealizableHardness/ActualSelectedComplementAnalyticMoment.lean:50:5: Variable name `hRho` is not explicitly referenced.

Hint: The binding can be removed (if unused) or named `_` (if used implicitly). Alternatively, prefix the name with `_` to silence this warning:
  [apply] _hRho

Note: This linter can be disabled with `set_option linter.unusedVariables false`
warning: lean/PvNP/RealizableHardness/ActualSelectedComplementAnalyticMoment.lean:51:5: Variable name `hc` is not explicitly referenced.

Hint: The binding can be removed (if unused) or named `_` (if used implicitly). Alternatively, prefix the name with `_` to silence this warning:
  [apply] _hc

Note: This linter can be disabled with `set_option linter.unusedVariables false`
warning: lean/PvNP/RealizableHardness/ActualSelectedComplementAnalyticMoment.lean:52:5: Variable name `hs` is not explicitly referenced.

Hint: The binding can be removed (if unused) or named `_` (if used implicitly). Alternatively, prefix the name with `_` to silence this warning:
  [apply] _hs

Note: This linter can be disabled with `set_option linter.unusedVariables false`
warning: lean/PvNP/RealizableHardness/ActualSelectedComplementAnalyticMoment.lean:53:5: Variable name `hHeight` is not explicitly referenced.

Hint: The binding can be removed (if unused) or named `_` (if used implicitly). Alternatively, prefix the name with `_` to silence this warning:
  [apply] _hHeight

Note: This linter can be disabled with `set_option linter.unusedVariables false`
warning: lean/PvNP/RealizableHardness/ActualSelectedComplementAnalyticMoment.lean:166:16: This simp argument is unused:
  hrank

Hint: Omit it from the simp argument list.
  [apply] simp

Note: This linter can be disabled with `set_option linter.unusedSimpArgs false`
warning: lean/PvNP/RealizableHardness/ActualSelectedComplementAnalyticMoment.lean:241:46: Variable name `hC` is not explicitly referenced.

Hint: The binding can be removed (if unused) or named `_` (if used implicitly). Alternatively, prefix the name with `_` to silence this warning:
  [apply] _hC

Note: This linter can be disabled with `set_option linter.unusedVariables false`
warning: lean/PvNP/RealizableHardness/ActualSelectedComplementAnalyticMoment.lean:512:46: this tactic is never executed

Note: This linter can be disabled with `set_option linter.unreachableTactic false`
warning: lean/PvNP/RealizableHardness/ActualSelectedComplementAnalyticMoment.lean:512:46: Unused tactic linter: `ring` does nothing

Note: This linter can be disabled with `set_option linter.unusedTactic false`
warning: lean/PvNP/RealizableHardness/ActualSelectedComplementAnalyticMoment.lean:582:2: Try this: 
  letI̵

The goal is a proposition, so `let` is preferred over `letI`.
The difference between `let` and `letI` is that `letI` inlines the value.
But this is not relevant for proofs because of proof irrelevance.

Note: This linter can be disabled with `set_option linter.style.haveILetI false`
warning: lean/PvNP/RealizableHardness/ActualSelectedComplementAnalyticMoment.lean:599:6: This simp argument is unused:
  Module.finrank_pi

Hint: Omit it from the simp argument list.
  [apply] simp [ActualFixedFunctionalBinaryMatrixMoment.CoordinateAmbient]

Note: This linter can be disabled with `set_option linter.unusedSimpArgs false`
warning: lean/PvNP/RealizableHardness/ActualSelectedComplementAnalyticMoment.lean:906:46: Used `tac1 <;> tac2` where `(tac1; tac2)` would suffice

Note: This linter can be disabled with `set_option linter.unnecessarySeqFocus false`
warning: lean/PvNP/RealizableHardness/ActualSelectedComplementAnalyticMoment.lean:1117:6: This simp argument is unused:
  centerMatchBit

Hint: Omit it from the simp argument list.
  [apply] simp [ActualOrdinaryStarMatchingFiber.MatchesStar, T0, leafMatchBit]

Note: This linter can be disabled with `set_option linter.unusedSimpArgs false`
warning: lean/PvNP/RealizableHardness/ActualSelectedComplementAnalyticMoment.lean:1117:22: This simp argument is unused:
  leafMatchBit

Hint: Omit it from the simp argument list.
  [apply] simp [ActualOrdinaryStarMatchingFiber.MatchesStar, T0, centerMatchBit]

Note: This linter can be disabled with `set_option linter.unusedSimpArgs false`
⚠ [3359/3390] Replayed PvNP.RealizableHardness.ActualMZ24PhaseARestrictionSupport
warning: lean/PvNP/RealizableHardness/ActualMZ24PhaseARestrictionSupport.lean:27:0: automatically included section variable(s) unused in theorem `PvNP.RealizableHardness.ActualMZ24PhaseARestrictionSupport.flattenCarrier_subset`:
  [Fintype I]
consider restructuring your `variable` declarations so that the variables are not in scope or explicitly omit them:
  omit [Fintype I] in theorem ...

Note: This linter can be disabled with `set_option linter.unusedSectionVars false`
warning: lean/PvNP/RealizableHardness/ActualMZ24PhaseARestrictionSupport.lean:33:0: automatically included section variable(s) unused in theorem `PvNP.RealizableHardness.ActualMZ24PhaseARestrictionSupport.flattenCarrier_card`:
  [Fintype I]
consider restructuring your `variable` declarations so that the variables are not in scope or explicitly omit them:
  omit [Fintype I] in theorem ...

Note: This linter can be disabled with `set_option linter.unusedSectionVars false`
warning: lean/PvNP/RealizableHardness/ActualMZ24PhaseARestrictionSupport.lean:37:0: automatically included section variable(s) unused in theorem `PvNP.RealizableHardness.ActualMZ24PhaseARestrictionSupport.flattenCarrier_nonempty_iff`:
  [Fintype I]
consider restructuring your `variable` declarations so that the variables are not in scope or explicitly omit them:
  omit [Fintype I] in theorem ...

Note: This linter can be disabled with `set_option linter.unusedSectionVars false`
warning: lean/PvNP/RealizableHardness/ActualMZ24PhaseARestrictionSupport.lean:65:0: automatically included section variable(s) unused in theorem `PvNP.RealizableHardness.ActualMZ24PhaseARestrictionSupport.flattenCarrierEquiv_original_value`:
  [Fintype I]
consider restructuring your `variable` declarations so that the variables are not in scope or explicitly omit them:
  omit [Fintype I] in theorem ...

Note: This linter can be disabled with `set_option linter.unusedSectionVars false`
warning: lean/PvNP/RealizableHardness/ActualMZ24PhaseARestrictionSupport.lean:78:0: automatically included section variable(s) unused in theorem `PvNP.RealizableHardness.ActualMZ24PhaseARestrictionSupport.flattenCarrierEquiv_card`:
  [Fintype I]
consider restructuring your `variable` declarations so that the variables are not in scope or explicitly omit them:
  omit [Fintype I] in theorem ...

Note: This linter can be disabled with `set_option linter.unusedSectionVars false`
warning: lean/PvNP/RealizableHardness/ActualMZ24PhaseARestrictionSupport.lean:93:0: automatically included section variable(s) unused in theorem `PvNP.RealizableHardness.ActualMZ24PhaseARestrictionSupport.nestedAmbient_le`:
  [Fintype V]
consider restructuring your `variable` declarations so that the variables are not in scope or explicitly omit them:
  omit [Fintype V] in theorem ...

Note: This linter can be disabled with `set_option linter.unusedSectionVars false`
warning: lean/PvNP/RealizableHardness/ActualMZ24PhaseARestrictionSupport.lean:98:0: automatically included section variable(s) unused in theorem `PvNP.RealizableHardness.ActualMZ24PhaseARestrictionSupport.nestedAmbientEquiv_coe`:
  [Fintype V]
consider restructuring your `variable` declarations so that the variables are not in scope or explicitly omit them:
  omit [Fintype V] in theorem ...

Note: This linter can be disabled with `set_option linter.unusedSectionVars false`
warning: lean/PvNP/RealizableHardness/ActualMZ24PhaseARestrictionSupport.lean:102:0: automatically included section variable(s) unused in theorem `PvNP.RealizableHardness.ActualMZ24PhaseARestrictionSupport.nestedAmbient_finrank`:
  [Fintype V]
consider restructuring your `variable` declarations so that the variables are not in scope or explicitly omit them:
  omit [Fintype V] in theorem ...

Note: This linter can be disabled with `set_option linter.unusedSectionVars false`
warning: lean/PvNP/RealizableHardness/ActualMZ24PhaseARestrictionSupport.lean:118:52: Variable name `hAE` is not explicitly referenced.

Hint: The binding can be removed (if unused) or named `_` (if used implicitly). Alternatively, prefix the name with `_` to silence this warning:
  [apply] _hAE

Note: This linter can be disabled with `set_option linter.unusedVariables false`
warning: lean/PvNP/RealizableHardness/ActualMZ24PhaseARestrictionSupport.lean:121:0: automatically included section variable(s) unused in theorem `PvNP.RealizableHardness.ActualMZ24PhaseARestrictionSupport.restrictToAmbient_map_recovery`:
  [Fintype V]
consider restructuring your `variable` declarations so that the variables are not in scope or explicitly omit them:
  omit [Fintype V] in theorem ...

Note: This linter can be disabled with `set_option linter.unusedSectionVars false`
warning: lean/PvNP/RealizableHardness/ActualMZ24PhaseARestrictionSupport.lean:146:0: automatically included section variable(s) unused in theorem `PvNP.RealizableHardness.ActualMZ24PhaseARestrictionSupport.restrictToAmbient_mono`:
  [Fintype V]
consider restructuring your `variable` declarations so that the variables are not in scope or explicitly omit them:
  omit [Fintype V] in theorem ...

Note: This linter can be disabled with `set_option linter.unusedSectionVars false`
warning: lean/PvNP/RealizableHardness/ActualMZ24PhaseARestrictionSupport.lean:157:0: automatically included section variable(s) unused in theorem `PvNP.RealizableHardness.ActualMZ24PhaseARestrictionSupport.restrictFamily_map_recovery`:
  [Fintype I]
consider restructuring your `variable` declarations so that the variables are not in scope or explicitly omit them:
  omit [Fintype I] in theorem ...

Note: This linter can be disabled with `set_option linter.unusedSectionVars false`
warning: lean/PvNP/RealizableHardness/ActualMZ24PhaseARestrictionSupport.lean:162:0: automatically included section variable(s) unused in theorem `PvNP.RealizableHardness.ActualMZ24PhaseARestrictionSupport.restrictFamily_finrank`:
  [Fintype I]
consider restructuring your `variable` declarations so that the variables are not in scope or explicitly omit them:
  omit [Fintype I] in theorem ...

Note: This linter can be disabled with `set_option linter.unusedSectionVars false`
⚠ [3360/3390] Replayed PvNP.RealizableHardness.ActualMZ24TerminalAgreementTransport
warning: lean/PvNP/RealizableHardness/ActualMZ24TerminalAgreementTransport.lean:37:0: automatically included section variable(s) unused in theorem `PvNP.RealizableHardness.ActualMZ24TerminalAgreementTransport.liftQuery_map_apply`:
  [Fintype V]
consider restructuring your `variable` declarations so that the variables are not in scope or explicitly omit them:
  omit [Fintype V] in theorem ...

Note: This linter can be disabled with `set_option linter.unusedSectionVars false`
warning: lean/PvNP/RealizableHardness/ActualMZ24TerminalAgreementTransport.lean:41:0: automatically included section variable(s) unused in theorem `PvNP.RealizableHardness.ActualMZ24TerminalAgreementTransport.restrict_liftQuery`:
  [Fintype V]
consider restructuring your `variable` declarations so that the variables are not in scope or explicitly omit them:
  omit [Fintype V] in theorem ...

Note: This linter can be disabled with `set_option linter.unusedSectionVars false`
warning: lean/PvNP/RealizableHardness/ActualMZ24TerminalAgreementTransport.lean:44:25: Variable name `hy` is not explicitly referenced.

Hint: The binding can be removed (if unused) or named `_` (if used implicitly). Alternatively, prefix the name with `_` to silence this warning:
  [apply] _hy

Note: This linter can be disabled with `set_option linter.unusedVariables false`
warning: lean/PvNP/RealizableHardness/ActualMZ24TerminalAgreementTransport.lean:80:0: automatically included section variable(s) unused in theorem `PvNP.RealizableHardness.ActualMZ24TerminalAgreementTransport.restrictedTable_apply`:
  [Fintype V]
consider restructuring your `variable` declarations so that the variables are not in scope or explicitly omit them:
  omit [Fintype V] in theorem ...

Note: This linter can be disabled with `set_option linter.unusedSectionVars false`
warning: lean/PvNP/RealizableHardness/ActualMZ24TerminalAgreementTransport.lean:129:8: automatically included section variable(s) unused in theorem `_private.PvNP.RealizableHardness.ActualMZ24TerminalAgreementTransport.0.PvNP.RealizableHardness.ActualMZ24TerminalAgreementTransport.restrictedTable_eval_cast`:
  [Fintype V]
consider restructuring your `variable` declarations so that the variables are not in scope or explicitly omit them:
  omit [Fintype V] in theorem ...

Note: This linter can be disabled with `set_option linter.unusedSectionVars false`
warning: lean/PvNP/RealizableHardness/ActualMZ24TerminalAgreementTransport.lean:138:8: automatically included section variable(s) unused in theorem `_private.PvNP.RealizableHardness.ActualMZ24TerminalAgreementTransport.0.PvNP.RealizableHardness.ActualMZ24TerminalAgreementTransport.liftQueryMap_cast_coe`:
  [Fintype V]
consider restructuring your `variable` declarations so that the variables are not in scope or explicitly omit them:
  omit [Fintype V] in theorem ...

Note: This linter can be disabled with `set_option linter.unusedSectionVars false`
⚠ [3361/3390] Replayed PvNP.RealizableHardness.ActualMZ24MaximalTwoGenericSubfamily
warning: lean/PvNP/RealizableHardness/ActualMZ24MaximalTwoGenericSubfamily.lean:35:0: automatically included section variable(s) unused in theorem `PvNP.RealizableHardness.ActualMZ24MaximalTwoGenericSubfamily.pairGeneric_comm`:
  [Fintype V]
  [Fintype I]
consider restructuring your `variable` declarations so that the variables are not in scope or explicitly omit them:
  omit [Fintype V] [Fintype I] in theorem ...

Note: This linter can be disabled with `set_option linter.unusedSectionVars false`
warning: lean/PvNP/RealizableHardness/ActualMZ24MaximalTwoGenericSubfamily.lean:47:0: automatically included section variable(s) unused in theorem `PvNP.RealizableHardness.ActualMZ24MaximalTwoGenericSubfamily.twoGenericOn_iff_pairwise`:
  [Fintype V]
  [Fintype I]
consider restructuring your `variable` declarations so that the variables are not in scope or explicitly omit them:
  omit [Fintype V] [Fintype I] in theorem ...

Note: This linter can be disabled with `set_option linter.unusedSectionVars false`
warning: lean/PvNP/RealizableHardness/ActualMZ24MaximalTwoGenericSubfamily.lean:58:0: automatically included section variable(s) unused in theorem `PvNP.RealizableHardness.ActualMZ24MaximalTwoGenericSubfamily.twoGenericOn_empty`:
  [Fintype V]
  [Fintype I]
consider restructuring your `variable` declarations so that the variables are not in scope or explicitly omit them:
  omit [Fintype V] [Fintype I] in theorem ...

Note: This linter can be disabled with `set_option linter.unusedSectionVars false`
warning: lean/PvNP/RealizableHardness/ActualMZ24MaximalTwoGenericSubfamily.lean:159:0: automatically included section variable(s) unused in theorem `PvNP.RealizableHardness.ActualMZ24MaximalTwoGenericSubfamily.not_insert_twoGenericOn_of_maximum`:
  [Fintype V]
  [Fintype I]
consider restructuring your `variable` declarations so that the variables are not in scope or explicitly omit them:
  omit [Fintype V] [Fintype I] in theorem ...

Note: This linter can be disabled with `set_option linter.unusedSectionVars false`
warning: lean/PvNP/RealizableHardness/ActualMZ24MaximalTwoGenericSubfamily.lean:177:2: `push_neg` has been deprecated. Prefer using `push Not` instead.
If you'd rather continue using `push_neg` in your project, you can implement it as follows:
```
open Lean.Parser.Tactic in
macro "push_neg" cfg:optConfig loc:(location)? : tactic =>
  `(tactic| push $cfg:optConfig Not $[$loc]?)
```
warning: lean/PvNP/RealizableHardness/ActualMZ24MaximalTwoGenericSubfamily.lean:185:0: automatically included section variable(s) unused in theorem `PvNP.RealizableHardness.ActualMZ24MaximalTwoGenericSubfamily.sup_ne_top_of_pair_obstruction`:
  [Fintype I]
consider restructuring your `variable` declarations so that the variables are not in scope or explicitly omit them:
  omit [Fintype I] in theorem ...

Note: This linter can be disabled with `set_option linter.unusedSectionVars false`
⚠ [3363/3390] Replayed PvNP.RealizableHardness.ActualMZ24GenericSubfamilyCover
warning: lean/PvNP/RealizableHardness/ActualMZ24GenericSubfamilyCover.lean:72:0: automatically included section variable(s) unused in theorem `PvNP.RealizableHardness.ActualMZ24GenericSubfamilyCover.ne_top_of_pos_relativeCodim`:
  [Fintype V]
consider restructuring your `variable` declarations so that the variables are not in scope or explicitly omit them:
  omit [Fintype V] in theorem ...

Note: This linter can be disabled with `set_option linter.unusedSectionVars false`
warning: lean/PvNP/RealizableHardness/ActualMZ24GenericSubfamilyCover.lean:161:5: Variable name `hpos` is not explicitly referenced.

Hint: The binding can be removed (if unused) or named `_` (if used implicitly). Alternatively, prefix the name with `_` to silence this warning:
  [apply] _hpos

Note: This linter can be disabled with `set_option linter.unusedVariables false`
warning: lean/PvNP/RealizableHardness/ActualMZ24GenericSubfamilyCover.lean:238:14: Try `simp at hil` instead of `simpa using hil`

Note: This linter can be disabled with `set_option linter.unnecessarySimpa false`
⚠ [3364/3390] Replayed PvNP.RealizableHardness.ActualMZ24GenericSubfamilyStep
warning: lean/PvNP/RealizableHardness/ActualMZ24GenericSubfamilyStep.lean:35:0: automatically included section variable(s) unused in theorem `PvNP.RealizableHardness.ActualMZ24GenericSubfamilyStep.subtypeFamily_injective`:
  [Fintype V]
  [Fintype I]
consider restructuring your `variable` declarations so that the variables are not in scope or explicitly omit them:
  omit [Fintype V] [Fintype I] in theorem ...

Note: This linter can be disabled with `set_option linter.unusedSectionVars false`
⚠ [3365/3390] Replayed PvNP.RealizableHardness.ActualMZ24PhaseAStopping
warning: lean/PvNP/RealizableHardness/ActualMZ24PhaseAStopping.lean:90:39: Variable name `hs` is not explicitly referenced.

Hint: The binding can be removed (if unused) or named `_` (if used implicitly). Alternatively, prefix the name with `_` to silence this warning:
  [apply] _hs

Note: This linter can be disabled with `set_option linter.unusedVariables false`
⚠ [3366/3390] Replayed PvNP.RealizableHardness.ActualMZ24MaximalGenericSubfamily
warning: lean/PvNP/RealizableHardness/ActualMZ24MaximalGenericSubfamily.lean:40:0: automatically included section variable(s) unused in theorem `PvNP.RealizableHardness.ActualMZ24MaximalGenericSubfamily.genericUpToOn_mono`:
  [Fintype V]
  [Fintype I]
consider restructuring your `variable` declarations so that the variables are not in scope or explicitly omit them:
  omit [Fintype V] [Fintype I] in theorem ...

Note: This linter can be disabled with `set_option linter.unusedSectionVars false`
warning: lean/PvNP/RealizableHardness/ActualMZ24MaximalGenericSubfamily.lean:67:4: Try this: 
  letI̵

The goal is a proposition, so `let` is preferred over `letI`.
The difference between `let` and `letI` is that `letI` inlines the value.
But this is not relevant for proofs because of proof irrelevance.

Note: This linter can be disabled with `set_option linter.style.haveILetI false`
warning: lean/PvNP/RealizableHardness/ActualMZ24MaximalGenericSubfamily.lean:107:0: automatically included section variable(s) unused in theorem `PvNP.RealizableHardness.ActualMZ24MaximalGenericSubfamily.genericUpToCandidates_nonempty`:
  [Fintype V]
  [Fintype I]
consider restructuring your `variable` declarations so that the variables are not in scope or explicitly omit them:
  omit [Fintype V] [Fintype I] in theorem ...

Note: This linter can be disabled with `set_option linter.unusedSectionVars false`
warning: lean/PvNP/RealizableHardness/ActualMZ24MaximalGenericSubfamily.lean:151:0: automatically included section variable(s) unused in theorem `PvNP.RealizableHardness.ActualMZ24MaximalGenericSubfamily.not_insert_genericUpToOn_of_maximum`:
  [Fintype V]
  [Fintype I]
consider restructuring your `variable` declarations so that the variables are not in scope or explicitly omit them:
  omit [Fintype V] [Fintype I] in theorem ...

Note: This linter can be disabled with `set_option linter.unusedSectionVars false`
warning: lean/PvNP/RealizableHardness/ActualMZ24MaximalGenericSubfamily.lean:182:2: `push_neg` has been deprecated. Prefer using `push Not` instead.
If you'd rather continue using `push_neg` in your project, you can implement it as follows:
```
open Lean.Parser.Tactic in
macro "push_neg" cfg:optConfig loc:(location)? : tactic =>
  `(tactic| push $cfg:optConfig Not $[$loc]?)
```
warning: lean/PvNP/RealizableHardness/ActualMZ24MaximalGenericSubfamily.lean:249:0: automatically included section variable(s) unused in theorem `PvNP.RealizableHardness.ActualMZ24MaximalGenericSubfamily.familyInter_insert`:
  [Fintype V]
  [Fintype I]
consider restructuring your `variable` declarations so that the variables are not in scope or explicitly omit them:
  omit [Fintype V] [Fintype I] in theorem ...

Note: This linter can be disabled with `set_option linter.unusedSectionVars false`
warning: lean/PvNP/RealizableHardness/ActualMZ24MaximalGenericSubfamily.lean:281:33: try 'simp' instead of 'simpa'

Note: This linter can be disabled with `set_option linter.unnecessarySimpa false`
⚠ [3367/3390] Replayed PvNP.RealizableHardness.ActualMZ24PhaseATypedStep
warning: lean/PvNP/RealizableHardness/ActualMZ24PhaseATypedStep.lean:60:0: automatically included section variable(s) unused in theorem `PvNP.RealizableHardness.ActualMZ24PhaseATypedStep.PhaseAGeometry.family_map_recovery`:
  [Fintype I]
consider restructuring your `variable` declarations so that the variables are not in scope or explicitly omit them:
  omit [Fintype I] in theorem ...

Note: This linter can be disabled with `set_option linter.unusedSectionVars false`
warning: lean/PvNP/RealizableHardness/ActualMZ24PhaseATypedStep.lean:65:0: automatically included section variable(s) unused in theorem `PvNP.RealizableHardness.ActualMZ24PhaseATypedStep.PhaseAGeometry.family_finrank`:
  [Fintype I]
consider restructuring your `variable` declarations so that the variables are not in scope or explicitly omit them:
  omit [Fintype I] in theorem ...

Note: This linter can be disabled with `set_option linter.unusedSectionVars false`
warning: lean/PvNP/RealizableHardness/ActualMZ24PhaseATypedStep.lean:71:0: automatically included section variable(s) unused in theorem `PvNP.RealizableHardness.ActualMZ24PhaseATypedStep.PhaseAGeometry.family_injective`:
  [Fintype I]
consider restructuring your `variable` declarations so that the variables are not in scope or explicitly omit them:
  omit [Fintype I] in theorem ...

Note: This linter can be disabled with `set_option linter.unusedSectionVars false`
warning: lean/PvNP/RealizableHardness/ActualMZ24PhaseATypedStep.lean:80:0: automatically included section variable(s) unused in theorem `PvNP.RealizableHardness.ActualMZ24PhaseATypedStep.PhaseAGeometry.QE_map_recovery`:
  [Fintype I]
consider restructuring your `variable` declarations so that the variables are not in scope or explicitly omit them:
  omit [Fintype I] in theorem ...

Note: This linter can be disabled with `set_option linter.unusedSectionVars false`
warning: lean/PvNP/RealizableHardness/ActualMZ24PhaseATypedStep.lean:83:0: automatically included section variable(s) unused in theorem `PvNP.RealizableHardness.ActualMZ24PhaseATypedStep.PhaseAGeometry.QE_le_family`:
  [Fintype I]
consider restructuring your `variable` declarations so that the variables are not in scope or explicitly omit them:
  omit [Fintype I] in theorem ...

Note: This linter can be disabled with `set_option linter.unusedSectionVars false`
warning: lean/PvNP/RealizableHardness/ActualMZ24PhaseATypedStep.lean:102:0: automatically included section variable(s) unused in theorem `PvNP.RealizableHardness.ActualMZ24PhaseATypedStep.PhaseAGeometry.r_le_c`:
  [Fintype V]
  [Fintype I]
consider restructuring your `variable` declarations so that the variables are not in scope or explicitly omit them:
  omit [Fintype V] [Fintype I] in theorem ...

Note: This linter can be disabled with `set_option linter.unusedSectionVars false`
warning: lean/PvNP/RealizableHardness/ActualMZ24PhaseATypedStep.lean:106:0: automatically included section variable(s) unused in theorem `PvNP.RealizableHardness.ActualMZ24PhaseATypedStep.PhaseAGeometry.s_le_c`:
  [Fintype V]
  [Fintype I]
consider restructuring your `variable` declarations so that the variables are not in scope or explicitly omit them:
  omit [Fintype V] [Fintype I] in theorem ...

Note: This linter can be disabled with `set_option linter.unusedSectionVars false`
warning: lean/PvNP/RealizableHardness/ActualMZ24PhaseATypedStep.lean:110:0: automatically included section variable(s) unused in theorem `PvNP.RealizableHardness.ActualMZ24PhaseATypedStep.PhaseAGeometry.r_eq_c_sub_s`:
  [Fintype V]
  [Fintype I]
consider restructuring your `variable` declarations so that the variables are not in scope or explicitly omit them:
  omit [Fintype V] [Fintype I] in theorem ...

Note: This linter can be disabled with `set_option linter.unusedSectionVars false`
warning: lean/PvNP/RealizableHardness/ActualMZ24PhaseATypedStep.lean:114:0: automatically included section variable(s) unused in theorem `PvNP.RealizableHardness.ActualMZ24PhaseATypedStep.PhaseAGeometry.s_eq_c_sub_r`:
  [Fintype V]
  [Fintype I]
consider restructuring your `variable` declarations so that the variables are not in scope or explicitly omit them:
  omit [Fintype V] [Fintype I] in theorem ...

Note: This linter can be disabled with `set_option linter.unusedSectionVars false`
warning: lean/PvNP/RealizableHardness/ActualMZ24PhaseATypedStep.lean:119:0: automatically included section variable(s) unused in theorem `PvNP.RealizableHardness.ActualMZ24PhaseATypedStep.PhaseAGeometry.originalCodim_le_finrank`:
  [Fintype V]
  [Fintype I]
consider restructuring your `variable` declarations so that the variables are not in scope or explicitly omit them:
  omit [Fintype V] [Fintype I] in theorem ...

Note: This linter can be disabled with `set_option linter.unusedSectionVars false`
warning: lean/PvNP/RealizableHardness/ActualMZ24PhaseATypedStep.lean:127:0: automatically included section variable(s) unused in theorem `PvNP.RealizableHardness.ActualMZ24PhaseATypedStep.PhaseAGeometry.finrank_E_add_c_sub_r`:
  [Fintype V]
  [Fintype I]
consider restructuring your `variable` declarations so that the variables are not in scope or explicitly omit them:
  omit [Fintype V] [Fintype I] in theorem ...

Note: This linter can be disabled with `set_option linter.unusedSectionVars false`
warning: lean/PvNP/RealizableHardness/ActualMZ24PhaseATypedStep.lean:144:0: automatically included section variable(s) unused in theorem `PvNP.RealizableHardness.ActualMZ24PhaseATypedStep.PhaseAGeometry.original_member_le_nested`:
  [Fintype V]
  [Fintype I]
consider restructuring your `variable` declarations so that the variables are not in scope or explicitly omit them:
  omit [Fintype V] [Fintype I] in theorem ...

Note: This linter can be disabled with `set_option linter.unusedSectionVars false`
warning: lean/PvNP/RealizableHardness/ActualMZ24PhaseATypedStep.lean:172:0: automatically included section variable(s) unused in theorem `PvNP.RealizableHardness.ActualMZ24PhaseATypedStep.PhaseAState.root_le_card`:
  [Fintype V]
  [Fintype I]
consider restructuring your `variable` declarations so that the variables are not in scope or explicitly omit them:
  omit [Fintype V] [Fintype I] in theorem ...

Note: This linter can be disabled with `set_option linter.unusedSectionVars false`
warning: lean/PvNP/RealizableHardness/ActualMZ24PhaseATypedStep.lean:265:5: Variable name `hQW` is not explicitly referenced.

Hint: The binding can be removed (if unused) or named `_` (if used implicitly). Alternatively, prefix the name with `_` to silence this warning:
  [apply] _hQW

Note: This linter can be disabled with `set_option linter.unusedVariables false`
warning: lean/PvNP/RealizableHardness/ActualMZ24PhaseATypedStep.lean:266:5: Variable name `hcodim` is not explicitly referenced.

Hint: The binding can be removed (if unused) or named `_` (if used implicitly). Alternatively, prefix the name with `_` to silence this warning:
  [apply] _hcodim

Note: This linter can be disabled with `set_option linter.unusedVariables false`
warning: lean/PvNP/RealizableHardness/ActualMZ24PhaseATypedStep.lean:281:0: automatically included section variable(s) unused in theorem `PvNP.RealizableHardness.ActualMZ24PhaseATypedStep.initialPhaseAState_spec`:
  [Fintype V]
consider restructuring your `variable` declarations so that the variables are not in scope or explicitly omit them:
  omit [Fintype V] in theorem ...

Note: This linter can be disabled with `set_option linter.unusedSectionVars false`
warning: lean/PvNP/RealizableHardness/ActualMZ24PhaseATypedStep.lean:323:0: automatically included section variable(s) unused in theorem `PvNP.RealizableHardness.ActualMZ24PhaseATypedStep.PhaseATerminal.index_card`:
  [Fintype V]
  [Fintype I]
consider restructuring your `variable` declarations so that the variables are not in scope or explicitly omit them:
  omit [Fintype V] [Fintype I] in theorem ...

Note: This linter can be disabled with `set_option linter.unusedSectionVars false`
warning: lean/PvNP/RealizableHardness/ActualMZ24PhaseATypedStep.lean:340:0: automatically included section variable(s) unused in theorem `PvNP.RealizableHardness.ActualMZ24PhaseATypedStep.PhaseATerminal.family_injective`:
  [Fintype I]
consider restructuring your `variable` declarations so that the variables are not in scope or explicitly omit them:
  omit [Fintype I] in theorem ...

Note: This linter can be disabled with `set_option linter.unusedSectionVars false`
warning: lean/PvNP/RealizableHardness/ActualMZ24PhaseATypedStep.lean:354:0: automatically included section variable(s) unused in theorem `PvNP.RealizableHardness.ActualMZ24PhaseATypedStep.PhaseATerminal.phaseA_seed`:
  [Fintype V]
  [Fintype I]
consider restructuring your `variable` declarations so that the variables are not in scope or explicitly omit them:
  omit [Fintype V] [Fintype I] in theorem ...

Note: This linter can be disabled with `set_option linter.unusedSectionVars false`
warning: lean/PvNP/RealizableHardness/ActualMZ24PhaseATypedStep.lean:358:0: automatically included section variable(s) unused in theorem `PvNP.RealizableHardness.ActualMZ24PhaseATypedStep.PhaseATerminal.genericOn_univ`:
  [Fintype V]
  [Fintype I]
consider restructuring your `variable` declarations so that the variables are not in scope or explicitly omit them:
  omit [Fintype V] [Fintype I] in theorem ...

Note: This linter can be disabled with `set_option linter.unusedSectionVars false`
⚠ [3368/3390] Replayed PvNP.RealizableHardness.ActualMZ24PhaseATerminalProducer
warning: lean/PvNP/RealizableHardness/ActualMZ24PhaseATerminalProducer.lean:35:0: automatically included section variable(s) unused in theorem `PvNP.RealizableHardness.ActualMZ24PhaseATerminalProducer.PhaseAGeometry.index_card`:
  [Fintype V]
  [Fintype I]
consider restructuring your `variable` declarations so that the variables are not in scope or explicitly omit them:
  omit [Fintype V] [Fintype I] in theorem ...

Note: This linter can be disabled with `set_option linter.unusedSectionVars false`
warning: lean/PvNP/RealizableHardness/ActualMZ24PhaseATerminalProducer.lean:256:0: automatically included section variable(s) unused in theorem `PvNP.RealizableHardness.ActualMZ24PhaseATerminalProducer.phaseAAdvance_m_one_no_descent`:
  [Fintype I]
consider restructuring your `variable` declarations so that the variables are not in scope or explicitly omit them:
  omit [Fintype I] in theorem ...

Note: This linter can be disabled with `set_option linter.unusedSectionVars false`
warning: lean/PvNP/RealizableHardness/ActualMZ24PhaseATerminalProducer.lean:257:35: Variable name `hroot` is not explicitly referenced.

Hint: The binding can be removed (if unused) or named `_` (if used implicitly). Alternatively, prefix the name with `_` to silence this warning:
  [apply] _hroot

Note: This linter can be disabled with `set_option linter.unusedVariables false`
warning: lean/PvNP/RealizableHardness/ActualMZ24PhaseATerminalProducer.lean:262:21: Variable name `hm_ne_one` is not explicitly referenced.

Hint: The binding can be removed (if unused) or named `_` (if used implicitly). Alternatively, prefix the name with `_` to silence this warning:
  [apply] _hm_ne_one

Note: This linter can be disabled with `set_option linter.unusedVariables false`
⚠ [3369/3390] Replayed PvNP.RealizableHardness.ActualMZ24IntersectionTaggedCount
warning: lean/PvNP/RealizableHardness/ActualMZ24IntersectionTaggedCount.lean:92:0: automatically included section variable(s) unused in theorem `PvNP.RealizableHardness.ActualMZ24IntersectionTaggedCount.exists_exactSelectedJSubset_containing`:
  [Fintype I]
consider restructuring your `variable` declarations so that the variables are not in scope or explicitly omit them:
  omit [Fintype I] in theorem ...

Note: This linter can be disabled with `set_option linter.unusedSectionVars false`
warning: lean/PvNP/RealizableHardness/ActualMZ24IntersectionTaggedCount.lean:148:46: try 'simp' instead of 'simpa'

Note: This linter can be disabled with `set_option linter.unnecessarySimpa false`
warning: lean/PvNP/RealizableHardness/ActualMZ24IntersectionTaggedCount.lean:138:0: automatically included section variable(s) unused in theorem `PvNP.RealizableHardness.ActualMZ24IntersectionTaggedCount.exactSelected_familyInter_relativeCodim`:
  [Fintype V]
  [Fintype I]
consider restructuring your `variable` declarations so that the variables are not in scope or explicitly omit them:
  omit [Fintype V] [Fintype I] in theorem ...

Note: This linter can be disabled with `set_option linter.unusedSectionVars false`
warning: lean/PvNP/RealizableHardness/ActualMZ24IntersectionTaggedCount.lean:326:18: Variable name `hr` is not explicitly referenced.

Hint: The binding can be removed (if unused) or named `_` (if used implicitly). Alternatively, prefix the name with `_` to silence this warning:
  [apply] _hr

Note: This linter can be disabled with `set_option linter.unusedVariables false`
⚠ [3371/3390] Replayed PvNP.RealizableHardness.ActualMZ24PointedSamplingJoin
warning: lean/PvNP/RealizableHardness/ActualMZ24PointedSamplingJoin.lean:72:0: Definition `twoGeneric` is a proposition; use `theorem` instead of `def`

Note: This linter can be disabled with `set_option linter.defProp false`
warning: lean/PvNP/RealizableHardness/ActualMZ24PointedSamplingJoin.lean:75:0: automatically included section variable(s) unused in theorem `PvNP.RealizableHardness.ActualMZ24PointedSamplingJoin.EnlargedPointedFamily.complement_finrank`:
  [Fintype I]
consider restructuring your `variable` declarations so that the variables are not in scope or explicitly omit them:
  omit [Fintype I] in theorem ...

Note: This linter can be disabled with `set_option linter.unusedSectionVars false`
warning: lean/PvNP/RealizableHardness/ActualMZ24PointedSamplingJoin.lean:138:0: automatically included section variable(s) unused in theorem `PvNP.RealizableHardness.ActualMZ24PointedSamplingJoin.EnlargedPointedFamily.lifted_finrank`:
  [Fintype V]
  [Fintype I]
consider restructuring your `variable` declarations so that the variables are not in scope or explicitly omit them:
  omit [Fintype V] [Fintype I] in theorem ...

Note: This linter can be disabled with `set_option linter.unusedSectionVars false`
warning: lean/PvNP/RealizableHardness/ActualMZ24PointedSamplingJoin.lean:169:0: automatically included section variable(s) unused in theorem `PvNP.RealizableHardness.ActualMZ24PointedSamplingJoin.EnlargedPointedFamily.pointed_dimension`:
  [Fintype V]
  [Fintype I]
consider restructuring your `variable` declarations so that the variables are not in scope or explicitly omit them:
  omit [Fintype V] [Fintype I] in theorem ...

Note: This linter can be disabled with `set_option linter.unusedSectionVars false`
warning: lean/PvNP/RealizableHardness/ActualMZ24PointedSamplingJoin.lean:171:0: automatically included section variable(s) unused in theorem `PvNP.RealizableHardness.ActualMZ24PointedSamplingJoin.EnlargedPointedFamily.pointed_subtract_advice`:
  [Fintype V]
  [Fintype I]
consider restructuring your `variable` declarations so that the variables are not in scope or explicitly omit them:
  omit [Fintype V] [Fintype I] in theorem ...

Note: This linter can be disabled with `set_option linter.unusedSectionVars false`
warning: lean/PvNP/RealizableHardness/ActualMZ24PointedSamplingJoin.lean:174:0: automatically included section variable(s) unused in theorem `PvNP.RealizableHardness.ActualMZ24PointedSamplingJoin.EnlargedPointedFamily.pointed_query_dimension`:
  [Fintype V]
  [Fintype I]
consider restructuring your `variable` declarations so that the variables are not in scope or explicitly omit them:
  omit [Fintype V] [Fintype I] in theorem ...

Note: This linter can be disabled with `set_option linter.unusedSectionVars false`
⚠ [3372/3390] Replayed PvNP.RealizableHardness.ActualMZ24PointedSamplingProducer
warning: lean/PvNP/RealizableHardness/ActualMZ24PointedSamplingProducer.lean:117:5: Variable name `hA` is not explicitly referenced.

Hint: The binding can be removed (if unused) or named `_` (if used implicitly). Alternatively, prefix the name with `_` to silence this warning:
  [apply] _hA

Note: This linter can be disabled with `set_option linter.unusedVariables false`
warning: lean/PvNP/RealizableHardness/ActualMZ24PointedSamplingProducer.lean:126:4: This simp argument is unused:
  Module.finrank_pi

Hint: Omit it from the simp argument list.
  [apply] simp [TripleRestrictionRank.Vector, TripleRestrictionRank.Coord]

Note: This linter can be disabled with `set_option linter.unusedSimpArgs false`
⚠ [3373/3390] Replayed PvNP.RealizableHardness.ActualMZ24RetainedSamplingProducer
warning: lean/PvNP/RealizableHardness/ActualMZ24RetainedSamplingProducer.lean:74:5: Variable name `H` is not explicitly referenced.

Hint: The binding can be removed (if unused) or named `_` (if used implicitly). Alternatively, prefix the name with `_` to silence this warning:
  [apply] _H

Note: This linter can be disabled with `set_option linter.unusedVariables false`
⚠ [3374/3390] Replayed PvNP.RealizableHardness.ActualMZ24RetainedGenericExtraction
warning: lean/PvNP/RealizableHardness/ActualMZ24RetainedGenericExtraction.lean:53:8: automatically included section variable(s) unused in theorem `_private.PvNP.RealizableHardness.ActualMZ24RetainedGenericExtraction.0.PvNP.RealizableHardness.ActualMZ24RetainedGenericExtraction.dependentTransport_back`:
  [Fintype V]
consider restructuring your `variable` declarations so that the variables are not in scope or explicitly omit them:
  omit [Fintype V] in theorem ...

Note: This linter can be disabled with `set_option linter.unusedSectionVars false`
warning: lean/PvNP/RealizableHardness/ActualMZ24RetainedGenericExtraction.lean:141:8: `if_pos` has been deprecated: Use `ite_eq_left` instead
warning: lean/PvNP/RealizableHardness/ActualMZ24RetainedGenericExtraction.lean:151:8: `if_neg` has been deprecated: Use `ite_eq_right` instead
warning: lean/PvNP/RealizableHardness/ActualMZ24RetainedGenericExtraction.lean:149:12: This simp argument is unused:
  uniformLaw_apply

Hint: Omit it from the simp argument list.
  [apply] simp [hyx]

Note: This linter can be disabled with `set_option linter.unusedSimpArgs false`
warning: lean/PvNP/RealizableHardness/ActualMZ24RetainedGenericExtraction.lean:157:10: This simp argument is unused:
  uniformLaw_apply

Hint: Omit it from the simp argument list.
  [apply] simp [hyx]

Note: This linter can be disabled with `set_option linter.unusedSimpArgs false`
warning: lean/PvNP/RealizableHardness/ActualMZ24RetainedGenericExtraction.lean:177:2: Try this: 
  letI̵

The goal is a proposition, so `let` is preferred over `letI`.
The difference between `let` and `letI` is that `letI` inlines the value.
But this is not relevant for proofs because of proof irrelevance.

Note: This linter can be disabled with `set_option linter.style.haveILetI false`
warning: lean/PvNP/RealizableHardness/ActualMZ24RetainedGenericExtraction.lean:189:0: Definition `PvNP.RealizableHardness.ActualMZ24RetainedGenericExtraction.zoom_nonempty_of_component` of class type is semireducible. Most type class instances should be instance-reducible, so consider marking this
definition with `@[instance_reducible]`. If it is intentionally semireducible, this warning can be disabled with `set_option warn.classDefReducibility false`.
warning: lean/PvNP/RealizableHardness/ActualMZ24RetainedGenericExtraction.lean:189:0: Definition `zoom_nonempty_of_component` is a proposition; use `theorem` instead of `def`

Note: This linter can be disabled with `set_option linter.defProp false`
warning: lean/PvNP/RealizableHardness/ActualMZ24RetainedGenericExtraction.lean:501:2: Try this: 
  letI̵

The goal is a proposition, so `let` is preferred over `letI`.
The difference between `let` and `letI` is that `letI` inlines the value.
But this is not relevant for proofs because of proof irrelevance.

Note: This linter can be disabled with `set_option linter.style.haveILetI false`
warning: lean/PvNP/RealizableHardness/ActualMZ24RetainedGenericExtraction.lean:553:2: Try this: 
  letI̵

The goal is a proposition, so `let` is preferred over `letI`.
The difference between `let` and `letI` is that `letI` inlines the value.
But this is not relevant for proofs because of proof irrelevance.

Note: This linter can be disabled with `set_option linter.style.haveILetI false`
warning: lean/PvNP/RealizableHardness/ActualMZ24RetainedGenericExtraction.lean:623:2: Try this: 
  letI̵

The goal is a proposition, so `let` is preferred over `letI`.
The difference between `let` and `letI` is that `letI` inlines the value.
But this is not relevant for proofs because of proof irrelevance.

Note: This linter can be disabled with `set_option linter.style.haveILetI false`
warning: lean/PvNP/RealizableHardness/ActualMZ24RetainedGenericExtraction.lean:794:4: try 'simp' instead of 'simpa'

Note: This linter can be disabled with `set_option linter.unnecessarySimpa false`
warning: lean/PvNP/RealizableHardness/ActualMZ24RetainedGenericExtraction.lean:839:14: Used `tac1 <;> tac2` where `(tac1; tac2)` would suffice

Note: This linter can be disabled with `set_option linter.unnecessarySeqFocus false`
⚠ [3375/3390] Replayed PvNP.RealizableHardness.ActualMZ24D3c5Precomposition
warning: lean/PvNP/RealizableHardness/ActualMZ24D3c5Precomposition.lean:62:35: Variable name `hD` is not explicitly referenced.

Hint: The binding can be removed (if unused) or named `_` (if used implicitly). Alternatively, prefix the name with `_` to silence this warning:
  [apply] _hD

Note: This linter can be disabled with `set_option linter.unusedVariables false`
warning: lean/PvNP/RealizableHardness/ActualMZ24D3c5Precomposition.lean:126:12: Used `tac1 <;> tac2` where `(tac1; tac2)` would suffice

Note: This linter can be disabled with `set_option linter.unnecessarySeqFocus false`
warning: lean/PvNP/RealizableHardness/ActualMZ24D3c5Precomposition.lean:140:5: Variable name `hr'` is not explicitly referenced.

Hint: The binding can be removed (if unused) or named `_` (if used implicitly). Alternatively, prefix the name with `_` to silence this warning:
  [apply] _hr'

Note: This linter can be disabled with `set_option linter.unusedVariables false`
warning: lean/PvNP/RealizableHardness/ActualMZ24D3c5Precomposition.lean:322:2: Try this: 
  letI̵

The goal is a proposition, so `let` is preferred over `letI`.
The difference between `let` and `letI` is that `letI` inlines the value.
But this is not relevant for proofs because of proof irrelevance.

Note: This linter can be disabled with `set_option linter.style.haveILetI false`
warning: lean/PvNP/RealizableHardness/ActualMZ24D3c5Precomposition.lean:324:2: Try this: 
  letI̵

The goal is a proposition, so `let` is preferred over `letI`.
The difference between `let` and `letI` is that `letI` inlines the value.
But this is not relevant for proofs because of proof irrelevance.

Note: This linter can be disabled with `set_option linter.style.haveILetI false`
warning: lean/PvNP/RealizableHardness/ActualMZ24D3c5Precomposition.lean:326:2: Try this: 
  letI̵

The goal is a proposition, so `let` is preferred over `letI`.
The difference between `let` and `letI` is that `letI` inlines the value.
But this is not relevant for proofs because of proof irrelevance.

Note: This linter can be disabled with `set_option linter.style.haveILetI false`
⚠ [3376/3390] Replayed PvNP.RealizableHardness.ActualMZ24SourceCapGuards
warning: lean/PvNP/RealizableHardness/ActualMZ24SourceCapGuards.lean:44:0: Definition `strengthenedSamplingCutoff` is a proposition; use `theorem` instead of `def`

Note: This linter can be disabled with `set_option linter.defProp false`
warning: lean/PvNP/RealizableHardness/ActualMZ24SourceCapGuards.lean:57:5: Variable name `H` is not explicitly referenced.

Hint: The binding can be removed (if unused) or named `_` (if used implicitly). Alternatively, prefix the name with `_` to silence this warning:
  [apply] _H

Note: This linter can be disabled with `set_option linter.unusedVariables false`
warning: lean/PvNP/RealizableHardness/ActualMZ24SourceCapGuards.lean:67:5: Variable name `H` is not explicitly referenced.

Hint: The binding can be removed (if unused) or named `_` (if used implicitly). Alternatively, prefix the name with `_` to silence this warning:
  [apply] _H

Note: This linter can be disabled with `set_option linter.unusedVariables false`
⚠ [3377/3390] Replayed PvNP.RealizableHardness.ActualMZ24FixedRhoPointwiseSelector
warning: lean/PvNP/RealizableHardness/ActualMZ24FixedRhoPointwiseSelector.lean:46:2: Used `tac1 <;> tac2` where `(tac1; tac2)` would suffice

Note: This linter can be disabled with `set_option linter.unnecessarySeqFocus false`
warning: lean/PvNP/RealizableHardness/ActualMZ24FixedRhoPointwiseSelector.lean:63:2: Used `tac1 <;> tac2` where `(tac1; tac2)` would suffice

Note: This linter can be disabled with `set_option linter.unnecessarySeqFocus false`
warning: lean/PvNP/RealizableHardness/ActualMZ24FixedRhoPointwiseSelector.lean:69:6: Unused tactic linter: `ring` does nothing

Note: This linter can be disabled with `set_option linter.unusedTactic false`
warning: lean/PvNP/RealizableHardness/ActualMZ24FixedRhoPointwiseSelector.lean:69:6: this tactic is never executed

Note: This linter can be disabled with `set_option linter.unreachableTactic false`
warning: lean/PvNP/RealizableHardness/ActualMZ24FixedRhoPointwiseSelector.lean:77:6: Unused tactic linter: `ring` does nothing

Note: This linter can be disabled with `set_option linter.unusedTactic false`
warning: lean/PvNP/RealizableHardness/ActualMZ24FixedRhoPointwiseSelector.lean:77:6: this tactic is never executed

Note: This linter can be disabled with `set_option linter.unreachableTactic false`
warning: lean/PvNP/RealizableHardness/ActualMZ24FixedRhoPointwiseSelector.lean:86:6: Unused tactic linter: `ring` does nothing

Note: This linter can be disabled with `set_option linter.unusedTactic false`
warning: lean/PvNP/RealizableHardness/ActualMZ24FixedRhoPointwiseSelector.lean:86:6: this tactic is never executed

Note: This linter can be disabled with `set_option linter.unreachableTactic false`
warning: lean/PvNP/RealizableHardness/ActualMZ24FixedRhoPointwiseSelector.lean:97:6: Unused tactic linter: `ring` does nothing

Note: This linter can be disabled with `set_option linter.unusedTactic false`
warning: lean/PvNP/RealizableHardness/ActualMZ24FixedRhoPointwiseSelector.lean:97:6: this tactic is never executed

Note: This linter can be disabled with `set_option linter.unreachableTactic false`
⚠ [3378/3390] Replayed PvNP.RealizableHardness.ActualSelectedComplementAnalyticNumerics
warning: lean/PvNP/RealizableHardness/ActualSelectedComplementAnalyticNumerics.lean:111:6: Unused tactic linter: `norm_num` does nothing

Note: This linter can be disabled with `set_option linter.unusedTactic false`
⚠ [3379/3390] Replayed PvNP.RealizableHardness.ActualSelectedHighEnergyTail
warning: lean/PvNP/RealizableHardness/ActualSelectedHighEnergyTail.lean:40:12: This simp argument is unused:
  hrank

Hint: Omit it from the simp argument list.
  [apply] simp

Note: This linter can be disabled with `set_option linter.unusedSimpArgs false`
warning: lean/PvNP/RealizableHardness/ActualSelectedHighEnergyTail.lean:83:5: Variable name `hweight0` is not explicitly referenced.

Hint: The binding can be removed (if unused) or named `_` (if used implicitly). Alternatively, prefix the name with `_` to silence this warning:
  [apply] _hweight0

Note: This linter can be disabled with `set_option linter.unusedVariables false`
⚠ [3381/3390] Replayed PvNP.RealizableHardness.ActualSelectedHighErrorSignalComparison
warning: lean/PvNP/RealizableHardness/ActualSelectedHighErrorSignalComparison.lean:231:5: Variable name `hbeta0` is not explicitly referenced.

Hint: The binding can be removed (if unused) or named `_` (if used implicitly). Alternatively, prefix the name with `_` to silence this warning:
  [apply] _hbeta0

Note: This linter can be disabled with `set_option linter.unusedVariables false`
⚠ [3385/3390] Replayed PvNP.RealizableHardness.ActualTaggedComplementStarDensityBound
warning: lean/PvNP/RealizableHardness/ActualTaggedComplementStarDensityBound.lean:71:2: Try this: 
  letI̵

The goal is a proposition, so `let` is preferred over `letI`.
The difference between `let` and `letI` is that `letI` inlines the value.
But this is not relevant for proofs because of proof irrelevance.

Note: This linter can be disabled with `set_option linter.style.haveILetI false`
⚠ [3386/3390] Replayed PvNP.RealizableHardness.ActualCoordinateZoomFailureTransport
warning: lean/PvNP/RealizableHardness/ActualCoordinateZoomFailureTransport.lean:128:6: Unused tactic linter: `change
  L.val.map (actualCoordinateEquiv I copies U A).toLinearMap ≤
    (pullbackDecodedPair I copies U A Q P).W.map (actualCoordinateEquiv I copies U A).toLinearMap` does nothing

Note: This linter can be disabled with `set_option linter.unusedTactic false`
warning: lean/PvNP/RealizableHardness/ActualCoordinateZoomFailureTransport.lean:270:44: Variable name `he` is not explicitly referenced.

Hint: The binding can be removed (if unused) or named `_` (if used implicitly). Alternatively, prefix the name with `_` to silence this warning:
  [apply] _he

Note: This linter can be disabled with `set_option linter.unusedVariables false`
⚠ [3389/3390] Replayed PvNP.RealizableHardness.ActualOriginalFailureRowGenericFixedMomentCaller
warning: lean/PvNP/RealizableHardness/ActualOriginalFailureRowGenericFixedMomentCaller.lean:156:13: Variable name `hsum` is not explicitly referenced.

Hint: The binding can be removed (if unused) or named `_` (if used implicitly). Alternatively, prefix the name with `_` to silence this warning:
  [apply] _hsum

Note: This linter can be disabled with `set_option linter.unusedVariables false`
warning: lean/PvNP/RealizableHardness/ActualOriginalFailureRowGenericFixedMomentCaller.lean:157:13: Variable name `hbudget` is not explicitly referenced.

Hint: The binding can be removed (if unused) or named `_` (if used implicitly). Alternatively, prefix the name with `_` to silence this warning:
  [apply] _hbudget

Note: This linter can be disabled with `set_option linter.unusedVariables false`
⚠ [3390/3390] Built PvNP.RealizableHardness.ActualSelectedComplementAnalyticMargin (66s)
warning: lean/PvNP/RealizableHardness/ActualSelectedComplementAnalyticMargin.lean:97:4: Unused tactic linter: `change
  ActualSourceStarLaw.accepts (coordinateCenterTable I copies U A C) (coordinateLeafTable I copies U A T) (e z) ↔
    ActualSourceStarLaw.accepts C T z` does nothing

Note: This linter can be disabled with `set_option linter.unusedTactic false`
warning: lean/PvNP/RealizableHardness/ActualSelectedComplementAnalyticMargin.lean:334:2: Try this: 
  letI̵

The goal is a proposition, so `let` is preferred over `letI`.
The difference between `let` and `letI` is that `letI` inlines the value.
But this is not relevant for proofs because of proof irrelevance.

Note: This linter can be disabled with `set_option linter.style.haveILetI false`
warning: lean/PvNP/RealizableHardness/ActualSelectedComplementAnalyticMargin.lean:493:26: Unused tactic linter: `ring` does nothing

Note: This linter can be disabled with `set_option linter.unusedTactic false`
warning: lean/PvNP/RealizableHardness/ActualSelectedComplementAnalyticMargin.lean:493:26: this tactic is never executed

Note: This linter can be disabled with `set_option linter.unreachableTactic false`
warning: lean/PvNP/RealizableHardness/ActualSelectedComplementAnalyticMargin.lean:596:24: Unused tactic linter: `ring` does nothing

Note: This linter can be disabled with `set_option linter.unusedTactic false`
warning: lean/PvNP/RealizableHardness/ActualSelectedComplementAnalyticMargin.lean:596:24: this tactic is never executed

Note: This linter can be disabled with `set_option linter.unreachableTactic false`
warning: lean/PvNP/RealizableHardness/ActualSelectedComplementAnalyticMargin.lean:1078:45: Used `tac1 <;> tac2` where `(tac1; tac2)` would suffice

Note: This linter can be disabled with `set_option linter.unnecessarySeqFocus false`
warning: lean/PvNP/RealizableHardness/ActualSelectedComplementAnalyticMargin.lean:1765:8: Unused tactic linter: `push_cast` does nothing

Note: This linter can be disabled with `set_option linter.unusedTactic false`
warning: lean/PvNP/RealizableHardness/ActualSelectedComplementAnalyticMargin.lean:2993:5: Variable name `hsel` is not explicitly referenced.

Hint: The binding can be removed (if unused) or named `_` (if used implicitly). Alternatively, prefix the name with `_` to silence this warning:
  [apply] _hsel

Note: This linter can be disabled with `set_option linter.unusedVariables false`
warning: lean/PvNP/RealizableHardness/ActualSelectedComplementAnalyticMargin.lean:2998:5: Variable name `hA` is not explicitly referenced.

Hint: The binding can be removed (if unused) or named `_` (if used implicitly). Alternatively, prefix the name with `_` to silence this warning:
  [apply] _hA

Note: This linter can be disabled with `set_option linter.unusedVariables false`
info: lean/PvNP/RealizableHardness/ActualSelectedComplementAnalyticMargin.lean:3018:0: [diag] Diagnostics
  [reduction] unfolded declarations (max: 591, num: 12):
    [reduction] OfNat.ofNat ↦ 591
    [reduction] Nat.rec ↦ 497
    [reduction] Zero.zero ↦ 360
    [reduction] HMod.hMod ↦ 268
    [reduction] Mod.mod ↦ 268
    [reduction] Set ↦ 260
    [reduction] ZMod ↦ 137
    [reduction] Nat.mod ↦ 134
    [reduction] SetLike.coe ↦ 122
    [reduction] LE.le ↦ 76
    [reduction] TaggedGoodU ↦ 42
    [reduction] Labels ↦ 29
  [reduction] unfolded reducible declarations (max: 802, num: 18):
    [reduction] Subtype.val ↦ 802
    [reduction] Submodule.toAddSubmonoid ↦ 696
    [reduction] Nat.casesOn ↦ 497
    [reduction] AddSubmonoid.toAddSubsemigroup ↦ 468
    [reduction] CoordAmbient ↦ 172
    [reduction] PvNP.RealizableHardness.ActualTaggedComplementIncidence.E✝ ↦ 156
    [reduction] SideComplement ↦ 139
    [reduction] Fin.val ↦ 134
    [reduction] AddSubsemigroup.carrier ↦ 122
    [reduction] Module.Dual ↦ 100
    [reduction] outParam ↦ 92
    [reduction] semiOutParam ↦ 73
    [reduction] ActualTaggedFixedTableAcceptance.TaggedLeafTable ↦ 49
    [reduction] ActualOccurrenceAllocation.Instance.GlobalVar ↦ 49
    [reduction] CenterTable ↦ 46
    [reduction] LeafTable ↦ 46
    [reduction] ActualTaggedFixedTableAcceptance.TaggedCenterTable ↦ 43
    [reduction] FunLike ↦ 30
  [type_class] used instances (max: 26, num: 1):
    [type_class] Semiring.toModule ↦ 26
  [type_class] max synth pending failures (maxSynthPendingDepth: 1), use `set_option maxSynthPendingDepth <limit>`
    [type_class] Ring (ZMod 2)
    [type_class] NonAssocRing (Fin copies × I.GlobalVar → ZMod 2)
    [type_class] NonAssocRing (Fin copies × I.GlobalVar → ZMod 2)
    [type_class] AddCommGroup (Fin copies × I.GlobalVar → ZMod 2)
    [type_class] NormedAddCommGroup (Fin copies × I.GlobalVar → ZMod 2)
    [type_class] NonUnitalNonAssocRing (Fin copies × I.GlobalVar → ZMod 2)
    [type_class] DivisionRing (Fin copies × I.GlobalVar → ZMod 2)
    [type_class] Ring (ZMod 2)
    [type_class] DivisionRing (Fin copies × I.GlobalVar → ZMod 2)
    [type_class] NonAssocRing (Fin copies × I.GlobalVar → ZMod 2)
    [type_class] DivisionRing (Fin copies × I.GlobalVar → ZMod 2)
    [type_class] NonAssocRing (Fin copies × I.GlobalVar → ZMod 2)
    [type_class] AddCommGroup (Fin copies × I.GlobalVar → ZMod 2)
    [type_class] Ring (ZMod 2)
    [type_class] Ring (ZMod 2)
    [type_class] SeminormedAddCommGroup (Fin copies × I.GlobalVar → ZMod 2)
  [def_eq] heuristic for solving `f a =?= f b` (max: 210, num: 12):
    [def_eq] Ring.toSemiring ↦ 210
    [def_eq] Submodule.setLike ↦ 141
    [def_eq] Zero.zero ↦ 134
    [def_eq] AddSubmonoidClass.toAddMonoid ↦ 120
    [def_eq] Pi.addMonoid ↦ 110
    [def_eq] AddSubgroupClass.instZModModule ↦ 47
    [def_eq] TaggedGoodU ↦ 42
    [def_eq] Grass ↦ 42
    [def_eq] SetLike.instMembership ↦ 38
    [def_eq] Submodule.addCommMonoid ↦ 32
    [def_eq] Pi.Function.module ↦ 30
    [def_eq] AddSubgroupClass.toAddCommGroup ↦ 21
  use `set_option diagnostics.threshold <num>` to control threshold for reporting counters
warning: lean/PvNP/RealizableHardness/ActualSelectedComplementAnalyticMargin.lean:3246:6: try 'simp' instead of 'simpa'

Note: This linter can be disabled with `set_option linter.unnecessarySimpa false`
info: lean/PvNP/RealizableHardness/ActualSelectedComplementAnalyticMargin.lean:3259:4: [simp] Diagnostics
  [simp] tried theorems (max: 48, num: 23):
    [simp] ge_iff_le ↦ 48 ❌️
    [simp] le_of_subsingleton ↦ 48 ❌️
    [simp] LowerAdjoint.closure_le_closed_iff_le ↦ 48 ❌️
    [simp] Std.le_refl ↦ 48 ❌️
    [simp] div_self ↦ 29 ❌️
    [simp] div_self' ↦ 29 ❌️
    [simp] div_self_of_invertible ↦ 29 ❌️
    [simp] mul_le_iff_le_one_left ↦ 29 ❌️
    [simp] mul_le_iff_le_one_left' ↦ 29 ❌️
    [simp] mul_le_iff_le_one_right ↦ 29 ❌️
    [simp] mul_le_iff_le_one_right' ↦ 29 ❌️
    [simp] EuclideanDomain.div_self ↦ 29 ❌️
    [simp] and_self ↦ 24 ❌️
    [simp] Nat.le_refl ↦ 22 ❌️
    [simp] div_mul_cancel ↦ 21 ❌️
    [simp] div_mul_cancel_of_invertible ↦ 21 ❌️
    [simp] div_mul_div_cancel ↦ 21 ❌️
    [simp] div_mul_div_cancel' ↦ 21 ❌️
    [simp] div_mul_div_cancel₀' ↦ 21 ❌️
    [simp] div_self_mul_self ↦ 21 ❌️
    [simp] mul_div_cancel ↦ 21 ❌️
    [simp] IsUnit.div_mul_cancel ↦ 21 ❌️
    [simp] Rat.cast_ofNat ↦ 21, succeeded: 4
  use `set_option diagnostics.threshold <num>` to control threshold for reporting counters
warning: lean/PvNP/RealizableHardness/ActualSelectedComplementAnalyticMargin.lean:3284:8: try 'simp' instead of 'simpa'

Note: This linter can be disabled with `set_option linter.unnecessarySimpa false`
info: lean/PvNP/RealizableHardness/ActualSelectedComplementAnalyticMargin.lean:3024:8: [theorem] PvNP.RealizableHardness.ActualSelectedComplementAnalyticMargin.original_score_and_failure_select_same_actual_moment_witness
  [size] 30613
  [occs] HMul.hMul ↦ 500
  [occs] LE.le ↦ 434
  [occs] And ↦ 332
  [occs] Eq ↦ 251
  [occs] HAdd.hAdd ↦ 242
  [occs] Pi.Function.module ↦ 227
  [occs] Submodule ↦ 201
  [occs] AddSubgroupClass.instZModModule ↦ 199
  [occs] HPow.hPow ↦ 164
  [occs] Subtype ↦ 150
  [occs] Membership.mem ↦ 148
  [occs] Fin ↦ 147
  [occs] Pi.addCommMonoid ↦ 138
  [occs] Submodule.setLike ↦ 134
  [occs] Subtype.val ↦ 131
  [occs] congrArg ↦ 129
  [occs] Nat.cast ↦ 127
  [occs] Rat.cast ↦ 125
  [occs] Pi.addCommGroup ↦ 124
  [occs] SetLike.instMembership ↦ 124
  [occs] Submodule.addCommGroup ↦ 118
  [occs] Submodule.addSubgroupClass ↦ 114
  [occs] Submodule.addCommMonoid ↦ 107
  [occs] Module.finrank ↦ 102
  [occs] HDiv.hDiv ↦ 100
  [occs] matchingStarMass ↦ 100
  [occs] HSub.hSub ↦ 94
  [occs] ActualCmmsaParameterReconciliation.hBlock ↦ 89
  [occs] blocks ↦ 89
  [occs] Eq.trans ↦ 81
  [occs] selectedCoordinateLeafTable ↦ 75
  [occs] selectedCoordinateCenterTable ↦ 75
  [occs] CoordAmbient ↦ 75
  [occs] PvNP.RealizableHardness.ActualTaggedComplementIncidence.E✝ ↦ 74
  [occs] LT.lt ↦ 72
  [occs] ActualStarFixedRhoDimensionGuard.leafT ↦ 72
  [occs] ActualStarFixedRhoDimensionGuard.leafK ↦ 71
  [occs] Prod ↦ 71
  [occs] ActualOccurrenceAllocation.Instance.GlobalVar ↦ 71
  [occs] IsCompl ↦ 65
  [occs] PvNP.RealizableHardness.ActualTaggedComplementIncidence.H✝ ↦ 65
  [occs] SideComplement._proof_1 ↦ 63
  [occs] CompleteLattice.toBoundedOrder ↦ 63
  [occs] Submodule.completeLattice ↦ 63
  [occs] Submodule.instPartialOrder ↦ 63
  [occs] Submodule.module ↦ 63
  [occs] Eq.mpr ↦ 62
  [occs] Decidable.byContradiction ↦ 62
  [occs] OfNat.ofNat ↦ 59
  [occs] Exists ↦ 58
  [occs] id ↦ 57
  [occs] Eq.refl ↦ 54
  [occs] Nat.le_add_right ↦ 51
  [occs] ActualFixedFunctionalMatrixLift.ambientFintype ↦ 51
  [occs] Module.Dual ↦ 50
  [occs] ActualStarFixedRhoDimensionGuard.badExponent ↦ 47
  [occs] selected_actual_analytic_rhs ↦ 45
  [occs] manuscriptMomentThreshold ↦ 43
  [occs] Not ↦ 42
  [occs] coordinateFunctional ↦ 38
  [occs] transportedLeafTable ↦ 37
  [occs] actualSideComplementFintype ↦ 36
  [occs] Nat.decLe ↦ 36
  [occs] transportedCenterTable ↦ 36
  [occs] ActualOriginalFailureFixedMomentCaller.fixedMomentP ↦ 34
  [occs] congrFun' ↦ 33
  [occs] sourceRankExponent ↦ 32
  [occs] Eq.mp ↦ 31
  [occs] ActualOriginalFailureRowGenericFixedMomentCaller.fixedMomentP ↦ 31
  [occs] selected_margin_source_dimension ↦ 28
  [occs] selected_actual_weighted_signal_bundle ↦ 24
  [occs] Fin.fintype ↦ 23
  [occs] ActualSelectedSpectralParameters.actualSelectedRho ↦ 23
  [occs] Mathlib.Tactic.Ring.Common.mul_add ↦ 23
  [occs] Trans.trans ↦ 23
  [occs] selected_actual_coordinate_score_bundle ↦ 22
  [occs] congr ↦ 22
  [occs] selected_margin_coordinate_dimension ↦ 22
  [occs] AddSubgroupClass.toAddCommGroup ↦ 22
  [occs] Mathlib.Tactic.Ring.Common.add_pf_add_zero ↦ 22
  [occs] Neg.neg ↦ 22
  [occs] Mathlib.Meta.NormNum.isNat_ofNat ↦ 22
  [occs] Mathlib.Meta.NormNum.IsNat.to_raw_eq ↦ 22
  [occs] And.casesOn ↦ 21
  [occs] ActualCmmsaParameterReconciliation.bOf ↦ 21
info: lean/PvNP/RealizableHardness/ActualSelectedComplementAnalyticMargin.lean:3018:0: [diag] Diagnostics
  [reduction] unfolded declarations (max: 4059, num: 56):
    [reduction] Add.add ↦ 4059
    [reduction] HAdd.hAdd ↦ 3871
    [reduction] NatCast.natCast ↦ 3549
    [reduction] OfNat.ofNat ↦ 2767
    [reduction] LE.le ↦ 2523
    [reduction] Mul.mul ↦ 2391
    [reduction] HPow.hPow ↦ 2368
    [reduction] Pow.pow ↦ 2368
    [reduction] Nat.rec ↦ 2286
    [reduction] Int.rec ↦ 2171
    [reduction] HMul.hMul ↦ 2126
    [reduction] Zero.zero ↦ 2125
    [reduction] Div.div ↦ 1919
    [reduction] HDiv.hDiv ↦ 1828
    [reduction] Sub.sub ↦ 1738
    [reduction] HSub.hSub ↦ 1670
    [reduction] NPow.npow ↦ 1240
    [reduction] NatPow.pow ↦ 1098
    [reduction] Int.le ↦ 732
    [reduction] Set ↦ 655
    [reduction] Neg.neg ↦ 655
    [reduction] Nat.pow ↦ 649
    [reduction] ActualCmmsaParameterReconciliation.hBlock ↦ 631
    [reduction] HMod.hMod ↦ 488
    [reduction] Mod.mod ↦ 488
    [reduction] LT.lt ↦ 378
    [reduction] DFunLike.coe ↦ 372
    [reduction] SetLike.coe ↦ 286
    [reduction] ZMod ↦ 261
    [reduction] Nat.mod ↦ 244
    [reduction] sourceHolderLowerBound ↦ 144
    [reduction] ActualStarFixedRhoDimensionGuard.leafT ↦ 132
    [reduction] FractionalIdeal ↦ 113
    [reduction] Sym ↦ 113
    [reduction] Module.finrank ↦ 108
    [reduction] One.one ↦ 104
    [reduction] Cardinal.toENatAux ↦ 87
    [reduction] ENat.toNat ↦ 87
    [reduction] Function.extend ↦ 87
    [reduction] WithTop.recTopCoe ↦ 87
    [reduction] WithTop.untopD ↦ 87
    [reduction] TaggedGoodU ↦ 80
    [reduction] Multiset ↦ 72
    [reduction] Quotient ↦ 72
    [reduction] ActualOriginalFailureFixedMomentCaller.fixedMomentK ↦ 72
    [reduction] Labels ↦ 65
    [reduction] Rat.ofInt ↦ 56
    [reduction] max ↦ 47
    [reduction] ActualStarFixedRhoDimensionGuard.leafK ↦ 34
    [reduction] coordinateSpace ↦ 34
    [reduction] NNRat ↦ 31
    [reduction] NNReal ↦ 31
    [reduction] blocks ↦ 31
    [reduction] sourceLowHCHeightFloor ↦ 28
    [reduction] Bot.bot ↦ 24
    [reduction] sourceTailHeightFloor ↦ 24
  [reduction] unfolded reducible declarations (max: 13405, num: 53):
    [reduction] Nat.cast ↦ 13405
    [reduction] inferInstance ↦ 6679
    [reduction] Nat.casesOn ↦ 6042
    [reduction] Int.casesOn ↦ 3008
    [reduction] Module.Dual ↦ 2608
    [reduction] outParam ↦ 2580
    [reduction] Subtype.val ↦ 2492
    [reduction] Function.swap ↦ 2168
    [reduction] FunLike ↦ 2150
    [reduction] CoordAmbient ↦ 1698
    [reduction] Submodule.toAddSubmonoid ↦ 1584
    [reduction] AddSubmonoid.toAddSubsemigroup ↦ 1076
    [reduction] Rat.cast ↦ 443
    [reduction] SideComplement ↦ 301
    [reduction] PvNP.RealizableHardness.ActualTaggedComplementIncidence.E✝ ↦ 298
    [reduction] AddSubsemigroup.carrier ↦ 286
    [reduction] ZeroHom.toFun ↦ 282
    [reduction] Fin.val ↦ 244
    [reduction] Lean.Omega.Coeffs.isZero ↦ 210
    [reduction] OneHom.toFun ↦ 174
    [reduction] Decidable.casesOn ↦ 168
    [reduction] DecidablePred ↦ 162
    [reduction] semiOutParam ↦ 161
    [reduction] CenterTable ↦ 150
    [reduction] LeafTable ↦ 141
    [reduction] GE.ge ↦ 121
    [reduction] ActualOccurrenceAllocation.Instance.GlobalVar ↦ 100
    [reduction] AddHom.toFun ↦ 98
    [reduction] LinearMap.toAddHom ↦ 98
    [reduction] ActualTaggedFixedTableAcceptance.TaggedLeafTable ↦ 92
    [reduction] DecidableEq ↦ 88
    [reduction] LowerAdjoint.toFun ↦ 88
    [reduction] MulHom.toFun ↦ 87
    [reduction] Option.casesOn ↦ 87
    [reduction] ActualTaggedFixedTableAcceptance.TaggedCenterTable ↦ 86
    [reduction] Bool.casesOn ↦ 63
    [reduction] LinearEquiv.toLinearMap ↦ 57
    [reduction] PvNP.RealizableHardness.ActualTaggedComplementIncidence.H✝ ↦ 54
    [reduction] GT.gt ↦ 51
    [reduction] ActualFixedFunctionalMatrixLift.Ambient ↦ 44
    [reduction] ActualGraphEdges.Dart ↦ 44
    [reduction] Lean.Omega.Coeffs ↦ 42
    [reduction] Lean.Omega.IntList ↦ 42
    [reduction] ActualGraphEdges.Vertex ↦ 28
    [reduction] PortCycleReplacement.Port ↦ 28
    [reduction] AddLeftReflectLT ↦ 26
    [reduction] CategoryTheory.SmallCategory ↦ 26
    [reduction] MulLeftMono ↦ 24
    [reduction] GaloisCoinsertion.choice ↦ 24
    [reduction] GaloisCoinsertion.liftBoundedOrder ↦ 24
    [reduction] GaloisCoinsertion.liftCompleteLattice ↦ 24
    [reduction] GaloisCoinsertion.liftOrderBot ↦ 24
    [reduction] AddLeftMono ↦ 23
  [type_class] used instances (max: 564, num: 113):
    [type_class] Lean.Grind.Ring.OfSemiring.instLEQOfOrderedAdd ↦ 564
    [type_class] Lean.Grind.CommRing.OfCommSemiring.instNatCastQ ↦ 438
    [type_class] Pi.addMonoidWithOne ↦ 274
    [type_class] Nat.instNeZeroSucc ↦ 271
    [type_class] Pi.partialOrder ↦ 264
    [type_class] instSMulOfMul ↦ 232
    [type_class] Pi.preorder ↦ 222
    [type_class] Lean.Grind.CommRing.OfCommSemiring.instOfNatQ ↦ 182
    [type_class] Invertible.toNeZero ↦ 170
    [type_class] NeZero.of_gt' ↦ 170
    [type_class] Nat.AtLeastTwo.toNeZero ↦ 170
    [type_class] Nat.instAtLeastTwoHAddOfNat ↦ 103
    [type_class] LinearOrderedCommMonoidWithZero.toIsBotZeroClass ↦ 92
    [type_class] Nat.Prime.one_lt' ↦ 91
    [type_class] IsStrictOrderedRing.noZeroDivisors ↦ 79
    [type_class] NormMulClass.toNoZeroDivisors ↦ 79
    [type_class] instNeZeroNatHMul ↦ 78
    [type_class] NeZero.mul ↦ 78
    [type_class] DenselyNormedField.toNontriviallyNormedField ↦ 77
    [type_class] RCLike.toDenselyNormedField ↦ 77
    [type_class] DenselyNormedField.toNormedField ↦ 71
    [type_class] NontriviallyNormedField.toNormedField ↦ 71
    [type_class] OrderDual.instPow_1 ↦ 70
    [type_class] NormedField.toNormedCommRing ↦ 65
    [type_class] instHPow ↦ 61
    [type_class] NormedField.toNormedDivisionRing ↦ 59
    [type_class] Nat.instPreorder ↦ 58
    [type_class] NormedCommRing.toNormedRing ↦ 55
    [type_class] NormedDivisionRing.toNormedRing ↦ 55
    [type_class] Nat.instIsStrictOrderedRing ↦ 54
    [type_class] Semiring.toModule ↦ 54
    [type_class] DivisionRing.toRing ↦ 53
    [type_class] Field.toDivisionRing ↦ 51
    [type_class] CompleteAtomicBooleanAlgebra.toCompleteBooleanAlgebra ↦ 48
    [type_class] Nat.instLinearOrder ↦ 48
    [type_class] StarOrderedRing.toExistsAddOfLE ↦ 48
    [type_class] Nat.instNontrivial ↦ 46
    [type_class] OrderDual.instDivisionRing ↦ 46
    [type_class] Nat.instOne ↦ 44
    [type_class] Nat.instStarOrderedRing ↦ 43
    [type_class] Nat.instStarRing ↦ 43
    [type_class] CompleteBooleanAlgebra.toBooleanAlgebra ↦ 42
    [type_class] Fin.completeLinearOrder ↦ 42
    [type_class] NormedCommRing.toSeminormedCommRing ↦ 42
    [type_class] Nat.fact_prime_two ↦ 40
    [type_class] NormedField.toField ↦ 38
    [type_class] CompleteAtomicBooleanAlgebra.toCompletelyDistribLattice ↦ 36
    [type_class] CompleteBooleanAlgebra.toCompleteDistribLattice ↦ 36
    [type_class] CompleteLinearOrder.toCompletelyDistribLattice ↦ 36
    [type_class] CompletelyDistribLattice.toCompleteDistribLattice ↦ 36
    [type_class] ZMod.instField ↦ 35
    [type_class] Field.toSemifield ↦ 33
    [type_class] NonUnitalNormedCommRing.toNonUnitalNormedRing ↦ 33
    [type_class] NonUnitalNormedRing.toNormedAddCommGroup ↦ 33
    [type_class] NormedCommRing.toNonUnitalNormedCommRing ↦ 33
    [type_class] NormedRing.toNonUnitalNormedRing ↦ 33
    [type_class] Fin.fintype ↦ 32
    [type_class] NormedRing.toSeminormedRing ↦ 32
    [type_class] SeminormedCommRing.toSeminormedRing ↦ 32
    [type_class] BooleanAlgebra.toBiheytingAlgebra ↦ 30
    [type_class] CompleteDistribLattice.toBiheytingAlgebra ↦ 30
    [type_class] CompleteLinearOrder.toBiheytingAlgebra ↦ 30
    [type_class] CompletelyDistribLattice.toBiheytingAlgebra ↦ 30
    [type_class] Fin.instBiheytingAlgebra ↦ 30
    [type_class] NormedCommGroup.toCommGroup ↦ 30
    [type_class] NormedCommGroup.toSeminormedCommGroup ↦ 30
    [type_class] Ring.toAddGroupWithOne ↦ 30
    [type_class] SeminormedCommGroup.toCommGroup ↦ 30
    [type_class] NormedCommGroup.toNormedGroup ↦ 29
    [type_class] NormedDivisionRing.toDivisionRing ↦ 29
    [type_class] Ring.toAddCommGroup ↦ 29
    [type_class] forall_prop_decidable ↦ 28
    [type_class] instHMul ↦ 28
    [type_class] Array.instDecidableForallForallMemOfDecidablePred ↦ 28
    [type_class] EuclideanDomain.toCommRing ↦ 28
    [type_class] Field.toCommRing ↦ 28
    [type_class] Field.toEuclideanDomain ↦ 28
    [type_class] Finset.decidableDforallFinset ↦ 28
    [type_class] Fintype.decidableForallFintype ↦ 28
    [type_class] IdemCommSemiring.toIdemSemiring ↦ 28
    [type_class] KleeneAlgebra.toIdemSemiring ↦ 28
    [type_class] Multiset.decidableDforallMultiset ↦ 28
    [type_class] NormedCommRing.toCommRing ↦ 28
    [type_class] Option.decidableForallMem ↦ 28
    [type_class] SeminormedCommRing.toCommRing ↦ 28
    [type_class] Vector.instDecidableForallForallMemOfDecidablePred ↦ 28
    [type_class] Semifield.toDivisionSemiring ↦ 27
    [type_class] instSubsingleton ↦ 25
    [type_class] IsEmpty.instSubsingleton ↦ 25
    [type_class] Unique.instSubsingleton ↦ 25
    [type_class] AddGroupWithOne.toAddMonoidWithOne ↦ 24
    [type_class] CommRing.toRing ↦ 24
    [type_class] CompleteDistribLattice.toCoframe ↦ 24
    [type_class] CompleteDistribLattice.toFrame ↦ 24
    [type_class] NormedRing.toRing ↦ 24
    [type_class] SeminormedRing.toRing ↦ 24
    [type_class] CommGroup.toGroup ↦ 23
    [type_class] NormedGroup.toGroup ↦ 23
    [type_class] NormedGroup.toSeminormedGroup ↦ 23
    [type_class] SeminormedCommGroup.toSeminormedGroup ↦ 23
    [type_class] SeminormedGroup.toGroup ↦ 23
    [type_class] Nat.instPartialOrder ↦ 22
    [type_class] instOfNatNat ↦ 21
    [type_class] DivisionSemiring.toSemiring ↦ 21
    [type_class] IdemSemiring.toSemiring ↦ 21
    [type_class] Int.instDecidableEq ↦ 21
    [type_class] NonUnitalNormedCommRing.toNonUnitalSeminormedCommRing ↦ 21
    [type_class] NonUnitalNormedRing.toNonUnitalSeminormedRing ↦ 21
    [type_class] NonUnitalSeminormedCommRing.toNonUnitalSeminormedRing ↦ 21
    [type_class] NonUnitalSeminormedRing.toSeminormedAddCommGroup ↦ 21
    [type_class] NormedAddCommGroup.toSeminormedAddCommGroup ↦ 21
    [type_class] SeminormedCommRing.toNonUnitalSeminormedCommRing ↦ 21
    [type_class] SeminormedRing.toNonUnitalSeminormedRing ↦ 21
  [type_class] max synth pending failures (maxSynthPendingDepth: 1), use `set_option maxSynthPendingDepth <limit>`
    [type_class] Ring (ZMod 2)
    [type_class] NonAssocRing (Fin copies × I.GlobalVar → ZMod 2)
    [type_class] NonAssocRing (Fin copies × I.GlobalVar → ZMod 2)
    [type_class] AddCommGroup (Fin copies × I.GlobalVar → ZMod 2)
    [type_class] NormedAddCommGroup (Fin copies × I.GlobalVar → ZMod 2)
    [type_class] NonUnitalNonAssocRing (Fin copies × I.GlobalVar → ZMod 2)
    [type_class] DivisionRing (Fin copies × I.GlobalVar → ZMod 2)
    [type_class] Ring (ZMod 2)
    [type_class] DivisionRing (Fin copies × I.GlobalVar → ZMod 2)
    [type_class] NonAssocRing (Fin copies × I.GlobalVar → ZMod 2)
    [type_class] DivisionRing (Fin copies × I.GlobalVar → ZMod 2)
    [type_class] NonAssocRing (Fin copies × I.GlobalVar → ZMod 2)
    [type_class] AddCommGroup (Fin copies × I.GlobalVar → ZMod 2)
    [type_class] Ring (ZMod 2)
    [type_class] Ring (ZMod 2)
    [type_class] SeminormedAddCommGroup (Fin copies × I.GlobalVar → ZMod 2)
  [def_eq] heuristic for solving `f a =?= f b` (max: 4693, num: 39):
    [def_eq] LE.le ↦ 4693
    [def_eq] Zero.toOfNat0 ↦ 2471
    [def_eq] OfNat.ofNat ↦ 2439
    [def_eq] MulZeroClass.toZero ↦ 2199
    [def_eq] instMulZeroClassOfSemiring ↦ 2167
    [def_eq] instHAdd ↦ 1404
    [def_eq] Nat.cast ↦ 1221
    [def_eq] LT.lt ↦ 350
    [def_eq] Pi.addMonoid ↦ 320
    [def_eq] AddMonoid.toZero ↦ 305
    [def_eq] Submodule.setLike ↦ 303
    [def_eq] instHMul ↦ 302
    [def_eq] Pi.Function.module ↦ 296
    [def_eq] AddSubmonoidClass.toAddMonoid ↦ 246
    [def_eq] Ring.toSemiring ↦ 213
    [def_eq] Pi.addCommMonoid ↦ 187
    [def_eq] instHDiv ↦ 176
    [def_eq] Zero.zero ↦ 153
    [def_eq] AddSubgroupClass.instZModModule ↦ 126
    [def_eq] Grass ↦ 117
    [def_eq] Subtype.val ↦ 99
    [def_eq] Submodule.addCommMonoid ↦ 95
    [def_eq] TaggedGoodU ↦ 74
    [def_eq] instOfNatNat ↦ 60
    [def_eq] SetLike.instMembership ↦ 57
    [def_eq] DivInvMonoid.toDiv ↦ 56
    [def_eq] Nat.mul ↦ 55
    [def_eq] blocks ↦ 55
    [def_eq] Module.finrank ↦ 54
    [def_eq] decide ↦ 49
    [def_eq] Distrib.toAdd ↦ 49
    [def_eq] Rat.cast ↦ 47
    [def_eq] MulOne.toMul ↦ 40
    [def_eq] Pi.addCommGroup ↦ 40
    [def_eq] AddSubgroupClass.toAddCommGroup ↦ 28
    [def_eq] MulOneClass.toMulOne ↦ 24
    [def_eq] Nat.add ↦ 22
    [def_eq] ActualStarFixedRhoDimensionGuard.leafT ↦ 22
    [def_eq] CommSemiring.toSemiring ↦ 21
  [reduction] Axioms (possibly imported non-exposed defs) that were tried to be unfolded (max: 87, num: 1):
    [reduction] Classical.choice ↦ 87
  [kernel] unfolded declarations (max: 7855, num: 218):
    [kernel] List.rec ↦ 7855
    [kernel] List.casesOn ↦ 4601
    [kernel] Add.add ↦ 3512
    [kernel] HAdd.hAdd ↦ 2860
    [kernel] Membership.mem ↦ 2008
    [kernel] Nat.casesOn ↦ 1827
    [kernel] Nat.rec ↦ 1761
    [kernel] instDecidableEqList.match_1 ↦ 1576
    [kernel] List.map._f ↦ 1576
    [kernel] Int.casesOn ↦ 1525
    [kernel] Subtype.val ↦ 1414
    [kernel] Int.rec ↦ 1347
    [kernel] OfNat.ofNat ↦ 1137
    [kernel] List.zipWithAll._f ↦ 1014
    [kernel] List.zipWithAll.match_1 ↦ 1014
    [kernel] AddMonoid.toAdd ↦ 972
    [kernel] SMul.smul ↦ 968
    [kernel] HSMul.hSMul ↦ 858
    [kernel] instHAdd ↦ 855
    [kernel] AddCommMonoid.toAddMonoid ↦ 848
    [kernel] List.getLast?.match_1 ↦ 843
    [kernel] SubNegMonoid.toAddMonoid ↦ 692
    [kernel] Sub.sub ↦ 612
    [kernel] AddSemigroup.toAdd ↦ 601
    [kernel] HSub.hSub ↦ 598
    [kernel] Int.add.match_1 ↦ 586
    [kernel] Mul.mul ↦ 558
    [kernel] List.foldr._f ↦ 544
    [kernel] HMul.hMul ↦ 524
    [kernel] AddGroup.toSubNegMonoid ↦ 513
    [kernel] AddCommGroup.toAddGroup ↦ 472
    [kernel] AddMonoid.toAddSemigroup ↦ 453
    [kernel] Option.rec ↦ 438
    [kernel] List.get?Internal._f ↦ 424
    [kernel] List.get?Internal._sparseCasesOn_1 ↦ 424
    [kernel] List.get?Internal.match_1 ↦ 424
    [kernel] Neg.neg ↦ 418
    [kernel] Option.casesOn ↦ 410
    [kernel] Int.negOfNat.match_1 ↦ 409
    [kernel] Bool.casesOn ↦ 402
    [kernel] Bool.rec ↦ 399
    [kernel] Int.add ↦ 387
    [kernel] Ring.toAddCommGroup ↦ 373
    [kernel] List.brecOn ↦ 366
    [kernel] Int.neg.match_1 ↦ 337
    [kernel] ZSMul.zsmul ↦ 320
    [kernel] List.brecOn.go ↦ 317
    [kernel] instHSMul ↦ 296
    [kernel] List.find?._f ↦ 294
    [kernel] List.filter.match_1 ↦ 290
    [kernel] Option.getD.match_1 ↦ 287
    [kernel] Semiring.toAddCommMonoid ↦ 282
    [kernel] Int.negOfNat ↦ 281
    [kernel] LE.le ↦ 280
    [kernel] AddMonoid.toZero ↦ 270
    [kernel] Int.neg ↦ 247
    [kernel] AddZeroClass.toAddZero ↦ 239
    [kernel] Decidable.casesOn ↦ 235
    [kernel] Decidable.rec ↦ 235
    [kernel] SemigroupAction.toSMul ↦ 224
    [kernel] AddZero.toAdd ↦ 223
    [kernel] AddZeroClass.toAdd ↦ 223
    [kernel] MulAction.toSemigroupAction ↦ 208
    [kernel] AddMonoid.toAddZeroClass ↦ 202
    [kernel] AddZeroClass.toZero ↦ 196
    [kernel] Lean.Omega.Constraint.sat' ↦ 196
    [kernel] Lean.Omega.Coeffs.dot ↦ 194
    [kernel] DistribMulAction.toMulAction ↦ 192
    [kernel] Int.sub ↦ 178
    [kernel] Lean.Omega.IntList.set._f ↦ 178
    [kernel] Lean.Omega.IntList.set.match_1 ↦ 178
    [kernel] NatCast.natCast ↦ 177
    [kernel] Module.toDistribMulAction ↦ 176
    [kernel] Zero.zero ↦ 173
    [kernel] SetLike.coe ↦ 170
    [kernel] Int.mul ↦ 169
    [kernel] AddCommGroup.toAddCommMonoid ↦ 168
    [kernel] AddSubmonoid.toAddSubsemigroup ↦ 168
    [kernel] AddSubsemigroup.carrier ↦ 168
    [kernel] Submodule.toAddSubmonoid ↦ 168
    [kernel] AddZero.toZero ↦ 164
    [kernel] Option.getD ↦ 164
    [kernel] Monoid.toMulAction ↦ 160
    [kernel] Lean.Omega.LinearCombo.coeffs ↦ 156
    [kernel] List.map ↦ 155
    [kernel] Lean.Omega.LinearCombo.const ↦ 144
    [kernel] AddMemClass.add ↦ 142
    [kernel] ite ↦ 139
    [kernel] Int.subNatNat ↦ 128
    [kernel] Nat.cast ↦ 123
    [kernel] Option.map ↦ 123
    [kernel] HPow.hPow ↦ 120
    [kernel] Pow.pow ↦ 120
    [kernel] Prod.casesOn ↦ 116
    [kernel] Prod.rec ↦ 115
    [kernel] AddSubmonoidClass.toAddMonoid ↦ 98
    [kernel] LT.lt ↦ 98
    [kernel] List.zipWithAll ↦ 97
    [kernel] AddCommSemigroup.toAddSemigroup ↦ 88
    [kernel] Lean.Omega.Constraint.lowerBound ↦ 87
    [kernel] Lean.Omega.normalize?.match_1 ↦ 87
    [kernel] Lean.Omega.Constraint.upperBound ↦ 85
    [kernel] Ring.toSemiring ↦ 82
    [kernel] AddSubmonoidClass.toAddZeroClass ↦ 81
    [kernel] Semiring.toModule ↦ 80
    [kernel] Zero.toOfNat0 ↦ 76
    [kernel] Module.Dual ↦ 70
    [kernel] decide ↦ 68
    [kernel] instHSub ↦ 67
    [kernel] AddCommMonoid.toAddCommSemigroup ↦ 67
    [kernel] NPow.npow ↦ 66
    [kernel] instOfNatNat ↦ 65
    [kernel] instDecidableEqNat ↦ 64
    [kernel] Nat.decEq ↦ 64
    [kernel] Nat.decEq.match_1 ↦ 64
    [kernel] inferInstance ↦ 62
    [kernel] Pi.instAdd ↦ 62
    [kernel] Lean.Omega.LinearCombo.eval ↦ 60
    [kernel] Lean.Omega.Coeffs.smul ↦ 58
    [kernel] Lean.Omega.IntList.smul ↦ 58
    [kernel] DFunLike.coe ↦ 57
    [kernel] autoParam ↦ 56
    [kernel] ZSMul.toSMul ↦ 56
    [kernel] Int.decNonneg ↦ 55
    [kernel] Int.le ↦ 54
    [kernel] AddSubgroupClass.toAddGroup ↦ 52
    [kernel] SetLike.instMembership ↦ 52
    [kernel] AddSubgroupClass.toAddCommGroup ↦ 51
    [kernel] AddSubmonoidClass.toAddCommMonoid ↦ 50
    [kernel] CommSemiring.toSemiring ↦ 50
    [kernel] Submodule.addCommMonoid ↦ 50
    [kernel] instHMul ↦ 49
    [kernel] AddHom.toFun ↦ 49
    [kernel] PartialOrder.toPreorder ↦ 48
    [kernel] Lean.Omega.Constraint.map ↦ 48
    [kernel] Lean.Omega.IntList.sub ↦ 47
    [kernel] Lean.Omega.LinearCombo.sub ↦ 47
    [kernel] List.foldr ↦ 46
    [kernel] Submodule.setLike ↦ 45
    [kernel] SubNegMonoid.toZSMul ↦ 44
    [kernel] Pi.addSemigroup ↦ 43
    [kernel] LeafTable ↦ 42
    [kernel] AddSubgroupClass.instZModSMul ↦ 40
    [kernel] Option.bind ↦ 40
    [kernel] Submodule.smul ↦ 40
    [kernel] Option.bind.match_1 ↦ 40
    [kernel] SubNegMonoid.toNeg ↦ 39
    [kernel] Semiring.toNatCast ↦ 38
    [kernel] CoordAmbient ↦ 38
    [kernel] instOfNat ↦ 36
    [kernel] Ring.toZSMul ↦ 36
    [kernel] ZeroMemClass.zero ↦ 36
    [kernel] Lean.Omega.Coeffs.isZero ↦ 36
    [kernel] Int.decLe ↦ 35
    [kernel] Int.natAbs ↦ 35
    [kernel] Preorder.toLE ↦ 35
    [kernel] Lean.Omega.tidy?.match_1 ↦ 34
    [kernel] CommRing.toRing ↦ 33
    [kernel] Pi.addCommMonoid ↦ 33
    [kernel] GE.ge ↦ 32
    [kernel] Monoid.toOne ↦ 32
    [kernel] Pi.instZero ↦ 32
    [kernel] Labels ↦ 32
    [kernel] Div.div ↦ 30
    [kernel] HDiv.hDiv ↦ 30
    [kernel] Int.decEq ↦ 30
    [kernel] Int.instDecidableEq ↦ 30
    [kernel] Monoid.toMul ↦ 30
    [kernel] Set.instMembership ↦ 30
    [kernel] Lean.Omega.IntList.add ↦ 30
    [kernel] Lean.Omega.LinearCombo.add ↦ 30
    [kernel] Lean.Omega.LinearCombo.coordinate ↦ 30
    [kernel] CenterTable ↦ 30
    [kernel] Nat.brecOn ↦ 29
    [kernel] Prod.fst ↦ 29
    [kernel] Prod.snd ↦ 29
    [kernel] Semiring.toMonoid ↦ 29
    [kernel] Lean.Omega.normalize? ↦ 29
    [kernel] Lean.Omega.positivize? ↦ 29
    [kernel] Lean.Omega.tidy ↦ 29
    [kernel] Lean.Omega.tidy? ↦ 29
    [kernel] Lean.Omega.tidyCoeffs ↦ 29
    [kernel] Lean.Omega.tidyConstraint ↦ 29
    [kernel] Lean.Omega.Coeffs.set ↦ 29
    [kernel] Lean.Omega.IntList.set ↦ 29
    [kernel] Fin.val ↦ 28
    [kernel] HMod.hMod ↦ 28
    [kernel] Mod.mod ↦ 28
    [kernel] NonAssocSemiring.toNatCast ↦ 28
    [kernel] Nat.brecOn.go ↦ 28
    [kernel] Lean.Omega.Constraint.isImpossible._sparseCasesOn_1 ↦ 28
    [kernel] List.find? ↦ 26
    [kernel] NatPow.pow ↦ 26
    [kernel] Submodule.addCommGroup ↦ 26
    [kernel] Lean.Omega.Coeffs.gcd ↦ 26
    [kernel] Lean.Omega.Coeffs.leading ↦ 26
    [kernel] Lean.Omega.IntList.gcd ↦ 26
    [kernel] Lean.Omega.IntList.leading ↦ 26
    [kernel] Pi.addMonoid ↦ 25
    [kernel] instDecidableEqBool ↦ 24
    [kernel] Bool.decEq ↦ 24
    [kernel] Bool.decEq.match_1 ↦ 24
    [kernel] Lean.Omega.normalize ↦ 24
    [kernel] Lean.Omega.Constraint.neg ↦ 24
    [kernel] Lean.Omega.Constraint.scale ↦ 24
    [kernel] BEq.beq ↦ 23
    [kernel] not ↦ 23
    [kernel] Int.instAdd ↦ 22
    [kernel] NonUnitalNonAssocSemiring.toAddCommMonoid ↦ 22
    [kernel] Option.merge ↦ 22
    [kernel] Option.merge.match_1 ↦ 22
    [kernel] getElem? ↦ 21
    [kernel] LinearMap.toAddHom ↦ 21
    [kernel] List.get?Internal ↦ 21
    [kernel] MulOneClass.toOne ↦ 21
    [kernel] Pi.addCommSemigroup ↦ 21
    [kernel] Lean.Omega.Coeffs.get ↦ 21
    [kernel] Lean.Omega.IntList.get ↦ 21
  use `set_option diagnostics.threshold <num>` to control threshold for reporting counters
warning: lean/PvNP/RealizableHardness/ActualSelectedComplementAnalyticMargin.lean:3060:5: Variable name `he'` is not explicitly referenced.

Hint: The binding can be removed (if unused) or named `_` (if used implicitly). Alternatively, prefix the name with `_` to silence this warning:
  [apply] _he'

Note: This linter can be disabled with `set_option linter.unusedVariables false`
info: lean/PvNP/RealizableHardness/ActualSelectedComplementAnalyticMargin.lean:3356:0: [diag] Diagnostics
  [reduction] unfolded declarations (max: 589, num: 9):
    [reduction] OfNat.ofNat ↦ 589
    [reduction] Nat.rec ↦ 495
    [reduction] Zero.zero ↦ 360
    [reduction] HMod.hMod ↦ 268
    [reduction] Mod.mod ↦ 268
    [reduction] ZMod ↦ 135
    [reduction] Nat.mod ↦ 134
    [reduction] Set ↦ 56
    [reduction] SetLike.coe ↦ 38
  [reduction] unfolded reducible declarations (max: 495, num: 9):
    [reduction] Nat.casesOn ↦ 495
    [reduction] Submodule.toAddSubmonoid ↦ 230
    [reduction] AddSubmonoid.toAddSubsemigroup ↦ 148
    [reduction] Subtype.val ↦ 138
    [reduction] Fin.val ↦ 134
    [reduction] PvNP.RealizableHardness.ActualTaggedComplementIncidence.E✝ ↦ 128
    [reduction] AddSubsemigroup.carrier ↦ 38
    [reduction] ActualOccurrenceAllocation.Instance.GlobalVar ↦ 34
    [reduction] outParam ↦ 33
  [type_class] max synth pending failures (maxSynthPendingDepth: 1), use `set_option maxSynthPendingDepth <limit>`
    [type_class] NormedAddCommGroup (Fin copies × I.GlobalVar → ZMod 2)
    [type_class] Ring (ZMod 2)
    [type_class] DivisionRing (Fin copies × I.GlobalVar → ZMod 2)
    [type_class] NonAssocRing (Fin copies × I.GlobalVar → ZMod 2)
    [type_class] Ring (ZMod 2)
    [type_class] NonAssocRing (Fin copies × I.GlobalVar → ZMod 2)
    [type_class] NonAssocRing (Fin copies × I.GlobalVar → ZMod 2)
    [type_class] NonUnitalNonAssocRing (Fin copies × I.GlobalVar → ZMod 2)
    [type_class] SeminormedAddCommGroup (Fin copies × I.GlobalVar → ZMod 2)
    [type_class] Ring (ZMod 2)
    [type_class] NonAssocRing (Fin copies × I.GlobalVar → ZMod 2)
    [type_class] AddCommGroup (Fin copies × I.GlobalVar → ZMod 2)
    [type_class] Ring (ZMod 2)
    [type_class] AddCommGroup (Fin copies × I.GlobalVar → ZMod 2)
    [type_class] DivisionRing (Fin copies × I.GlobalVar → ZMod 2)
    [type_class] DivisionRing (Fin copies × I.GlobalVar → ZMod 2)
  [def_eq] heuristic for solving `f a =?= f b` (max: 210, num: 6):
    [def_eq] Ring.toSemiring ↦ 210
    [def_eq] Zero.zero ↦ 134
    [def_eq] Submodule.setLike ↦ 40
    [def_eq] AddSubmonoidClass.toAddMonoid ↦ 37
    [def_eq] Pi.addMonoid ↦ 29
    [def_eq] SetLike.instMembership ↦ 29
  use `set_option diagnostics.threshold <num>` to control threshold for reporting counters
info: lean/PvNP/RealizableHardness/ActualSelectedComplementAnalyticMargin.lean:3504:4: [simp] Diagnostics
  [simp] tried theorems (max: 136, num: 35):
    [simp] nonempty_prop ↦ 136, succeeded: 20
    [simp] isEmpty_Prop ↦ 74, succeeded: 20
    [simp] not_isEmpty_of_nonempty ↦ 54, succeeded: 4
    [simp] eq_iff_eq_cancel_left ↦ 38 ❌️
    [simp] eq_iff_eq_cancel_right ↦ 38 ❌️
    [simp] forall_apply_eq_imp_iff ↦ 38 ❌️
    [simp] forall_apply_eq_imp_iff₂ ↦ 38 ❌️
    [simp] forall_const ↦ 38 ❌️
    [simp] forall_eq ↦ 38 ❌️
    [simp] forall_eq' ↦ 38 ❌️
    [simp] forall_eq_apply_imp_iff ↦ 38 ❌️
    [simp] forall_eq_or_imp ↦ 38 ❌️
    [simp] forall_self_imp ↦ 38 ❌️
    [simp] imp_false ↦ 38 ❌️
    [simp] imp_not_self ↦ 38 ❌️
    [simp] imp_self ↦ 38 ❌️
    [simp] implies_true ↦ 38 ❌️
    [simp] Finset.diag_mem_sym2_mem_iff ↦ 38 ❌️
    [simp] Finset.forall_mem_const ↦ 38 ❌️
    [simp] Finset.forall_mem_not_eq ↦ 38 ❌️
    [simp] Finset.forall_mem_not_eq' ↦ 38 ❌️
    [simp] Function.forall_isFixedPt_iff ↦ 38 ❌️
    [simp] IsEmpty.forall_iff ↦ 38 ❌️
    [simp] Module.isTorsionBySet_singleton_iff ↦ 38 ❌️
    [simp] Set.forall_inv_mem ↦ 38 ❌️
    [simp] Set.forall_mem_const ↦ 38 ❌️
    [simp] Set.forall_neg_mem ↦ 38 ❌️
    [simp] SetLike.forall_smul_mem_iff ↦ 38 ❌️
    [simp] Subgroup.forall_mem_sup ↦ 38 ❌️
    [simp] Submodule.forall_mem_sup ↦ 38 ❌️
    [simp] Submonoid.forall_mem_sup ↦ 38 ❌️
    [simp] Subsingleton.forall₂_iff ↦ 38 ❌️
    [simp] eq_self ↦ 28 ❌️
    [simp] Nat.succ_ne_self ↦ 28 ❌️
    [simp] OfNat.ofNat_eq_ofNat ↦ 28 ❌️
  use `set_option diagnostics.threshold <num>` to control threshold for reporting counters
warning: lean/PvNP/RealizableHardness/ActualSelectedComplementAnalyticMargin.lean:3513:4: try 'simp' instead of 'simpa'

Note: This linter can be disabled with `set_option linter.unnecessarySimpa false`
info: lean/PvNP/RealizableHardness/ActualSelectedComplementAnalyticMargin.lean:3524:4: [simp] Diagnostics
  [simp] tried theorems (max: 61, num: 9):
    [simp] ge_iff_le ↦ 61, succeeded: 1
    [simp] le_of_subsingleton ↦ 60 ❌️
    [simp] LowerAdjoint.closure_le_closed_iff_le ↦ 60 ❌️
    [simp] Std.le_refl ↦ 60 ❌️
    [simp] mul_le_iff_le_one_left ↦ 33 ❌️
    [simp] mul_le_iff_le_one_left' ↦ 33 ❌️
    [simp] mul_le_iff_le_one_right ↦ 33 ❌️
    [simp] mul_le_iff_le_one_right' ↦ 33 ❌️
    [simp] Nat.le_refl ↦ 27 ❌️
  use `set_option diagnostics.threshold <num>` to control threshold for reporting counters
info: lean/PvNP/RealizableHardness/ActualSelectedComplementAnalyticMargin.lean:3533:4: [simp] Diagnostics
  [simp] tried theorems (max: 46, num: 9):
    [simp] ge_iff_le ↦ 46, succeeded: 1
    [simp] le_of_subsingleton ↦ 45 ❌️
    [simp] LowerAdjoint.closure_le_closed_iff_le ↦ 45 ❌️
    [simp] Std.le_refl ↦ 45 ❌️
    [simp] mul_le_iff_le_one_left ↦ 33 ❌️
    [simp] mul_le_iff_le_one_left' ↦ 33 ❌️
    [simp] mul_le_iff_le_one_right ↦ 33 ❌️
    [simp] mul_le_iff_le_one_right' ↦ 33 ❌️
    [simp] Nat.le_refl ↦ 22 ❌️
  use `set_option diagnostics.threshold <num>` to control threshold for reporting counters
info: lean/PvNP/RealizableHardness/ActualSelectedComplementAnalyticMargin.lean:3356:8: [theorem] PvNP.RealizableHardness.ActualSelectedComplementAnalyticMargin.original_score_and_failure_same_witness_contradiction
  [size] 17074
  [occs] HMul.hMul ↦ 380
  [occs] HAdd.hAdd ↦ 233
  [occs] LE.le ↦ 204
  [occs] And ↦ 175
  [occs] Eq ↦ 172
  [occs] HPow.hPow ↦ 125
  [occs] Nat.cast ↦ 119
  [occs] Pi.Function.module ↦ 118
  [occs] congrArg ↦ 103
  [occs] HDiv.hDiv ↦ 97
  [occs] HSub.hSub ↦ 83
  [occs] Fin ↦ 82
  [occs] Submodule ↦ 78
  [occs] ActualCmmsaParameterReconciliation.hBlock ↦ 76
  [occs] Pi.addCommGroup ↦ 74
  [occs] AddSubgroupClass.instZModModule ↦ 69
  [occs] Eq.refl ↦ 64
  [occs] Rat.cast ↦ 62
  [occs] ActualStarFixedRhoDimensionGuard.leafK ↦ 61
  [occs] matchingStarMass ↦ 60
  [occs] ActualStarFixedRhoDimensionGuard.leafT ↦ 60
  [occs] OfNat.ofNat ↦ 56
  [occs] blocks ↦ 56
  [occs] Submodule.setLike ↦ 54
  [occs] Pi.addCommMonoid ↦ 53
  [occs] Submodule.addCommGroup ↦ 52
  [occs] Membership.mem ↦ 51
  [occs] Subtype ↦ 51
  [occs] LT.lt ↦ 50
  [occs] SetLike.instMembership ↦ 48
  [occs] Submodule.addSubgroupClass ↦ 42
  [occs] id ↦ 42
  [occs] CoordAmbient ↦ 40
  [occs] Eq.trans ↦ 38
  [occs] Submodule.addCommMonoid ↦ 38
  [occs] ActualFixedFunctionalMatrixLift.ambientFintype ↦ 36
  [occs] ActualOccurrenceAllocation.Instance.GlobalVar ↦ 30
  [occs] Prod ↦ 30
  [occs] selectedCoordinateCenterTable ↦ 30
  [occs] Subtype.val ↦ 30
  [occs] Nat.le_add_right ↦ 30
  [occs] PvNP.RealizableHardness.ActualTaggedComplementIncidence.E✝ ↦ 30
  [occs] congrFun' ↦ 29
  [occs] selected_margin_source_dimension ↦ 28
  [occs] congr ↦ 28
  [occs] ActualSelectedSpectralParameters.actualSelectedRho ↦ 28
  [occs] selected_margin_coordinate_dimension ↦ 27
  [occs] Module.finrank ↦ 27
  [occs] ActualStarFixedRhoDimensionGuard.badExponent ↦ 27
  [occs] selectedCoordinateLeafTable ↦ 26
  [occs] selected_actual_analytic_rhs ↦ 25
  [occs] Submodule.module ↦ 24
  [occs] Submodule.instPartialOrder ↦ 24
  [occs] CompleteLattice.toBoundedOrder ↦ 24
  [occs] PvNP.RealizableHardness.ActualTaggedComplementIncidence.H✝ ↦ 24
  [occs] Submodule.completeLattice ↦ 24
  [occs] IsCompl ↦ 24
  [occs] SideComplement._proof_1 ↦ 24
  [occs] Mathlib.Tactic.Ring.Common.mul_add ↦ 23
  [occs] Mathlib.Tactic.Ring.Common.add_pf_add_zero ↦ 22
  [occs] Mathlib.Meta.NormNum.isNat_ofNat ↦ 22
  [occs] Mathlib.Meta.NormNum.IsNat.to_raw_eq ↦ 22
  [occs] Module.Dual ↦ 21
  [occs] ActualCmmsaParameterReconciliation.bOf ↦ 21
info: lean/PvNP/RealizableHardness/ActualSelectedComplementAnalyticMargin.lean:3356:0: [diag] Diagnostics
  [reduction] unfolded declarations (max: 3737, num: 46):
    [reduction] Div.div ↦ 3737
    [reduction] HDiv.hDiv ↦ 3646
    [reduction] HPow.hPow ↦ 3152
    [reduction] Pow.pow ↦ 3152
    [reduction] Mul.mul ↦ 3062
    [reduction] Add.add ↦ 2787
    [reduction] HMul.hMul ↦ 2682
    [reduction] OfNat.ofNat ↦ 2478
    [reduction] NatCast.natCast ↦ 2444
    [reduction] HAdd.hAdd ↦ 2359
    [reduction] Nat.rec ↦ 2127
    [reduction] Zero.zero ↦ 1794
    [reduction] ActualCmmsaParameterReconciliation.hBlock ↦ 1718
    [reduction] NPow.npow ↦ 1607
    [reduction] NatPow.pow ↦ 1535
    [reduction] Int.rec ↦ 1490
    [reduction] LE.le ↦ 1467
    [reduction] Nat.pow ↦ 1074
    [reduction] Sub.sub ↦ 952
    [reduction] HSub.hSub ↦ 876
    [reduction] HMod.hMod ↦ 582
    [reduction] Mod.mod ↦ 582
    [reduction] Neg.neg ↦ 533
    [reduction] LT.lt ↦ 430
    [reduction] Int.le ↦ 352
    [reduction] ZMod ↦ 303
    [reduction] Nat.mod ↦ 291
    [reduction] Set ↦ 201
    [reduction] DFunLike.coe ↦ 195
    [reduction] blocks ↦ 106
    [reduction] SetLike.coe ↦ 96
    [reduction] ActualStarFixedRhoDimensionGuard.leafT ↦ 64
    [reduction] Module.finrank ↦ 60
    [reduction] Rat.ofInt ↦ 46
    [reduction] Cardinal.toENatAux ↦ 45
    [reduction] ENat.toNat ↦ 45
    [reduction] Function.extend ↦ 45
    [reduction] max ↦ 45
    [reduction] WithTop.recTopCoe ↦ 45
    [reduction] WithTop.untopD ↦ 45
    [reduction] Multiset ↦ 26
    [reduction] Quotient ↦ 26
    [reduction] One.one ↦ 26
    [reduction] ActualStarFixedRhoDimensionGuard.leafK ↦ 26
    [reduction] sourceTailHeightFloor ↦ 24
    [reduction] TaggedGoodU ↦ 24
  [reduction] unfolded reducible declarations (max: 7595, num: 53):
    [reduction] Nat.cast ↦ 7595
    [reduction] Nat.casesOn ↦ 6683
    [reduction] inferInstance ↦ 5418
    [reduction] Module.Dual ↦ 3597
    [reduction] outParam ↦ 2373
    [reduction] Int.casesOn ↦ 2211
    [reduction] Function.swap ↦ 1430
    [reduction] FunLike ↦ 852
    [reduction] Subtype.val ↦ 748
    [reduction] Submodule.toAddSubmonoid ↦ 568
    [reduction] CoordAmbient ↦ 550
    [reduction] AddSubmonoid.toAddSubsemigroup ↦ 376
    [reduction] Rat.cast ↦ 320
    [reduction] Fin.val ↦ 291
    [reduction] PvNP.RealizableHardness.ActualTaggedComplementIncidence.E✝ ↦ 228
    [reduction] Lean.Omega.Coeffs.isZero ↦ 210
    [reduction] semiOutParam ↦ 170
    [reduction] GE.ge ↦ 169
    [reduction] DecidablePred ↦ 163
    [reduction] AddLeftMono ↦ 155
    [reduction] ZeroHom.toFun ↦ 150
    [reduction] AddHom.toFun ↦ 145
    [reduction] LinearMap.toAddHom ↦ 145
    [reduction] LowerAdjoint.toFun ↦ 144
    [reduction] SideComplement ↦ 128
    [reduction] Decidable.casesOn ↦ 126
    [reduction] Ne ↦ 125
    [reduction] ActualMaximalPairLadder.DecodedPair.W ↦ 116
    [reduction] ActualOccurrenceAllocation.Instance.GlobalVar ↦ 113
    [reduction] AddSubsemigroup.carrier ↦ 96
    [reduction] OneHom.toFun ↦ 90
    [reduction] MulLeftMono ↦ 89
    [reduction] CenterTable ↦ 79
    [reduction] LeafTable ↦ 76
    [reduction] DecidableEq ↦ 68
    [reduction] Bool.casesOn ↦ 63
    [reduction] GT.gt ↦ 63
    [reduction] ActualGraphEdges.Dart ↦ 55
    [reduction] PvNP.RealizableHardness.ActualTaggedComplementIncidence.H✝ ↦ 52
    [reduction] AddLeftReflectLT ↦ 50
    [reduction] MulHom.toFun ↦ 45
    [reduction] Option.casesOn ↦ 45
    [reduction] Lean.Omega.Coeffs ↦ 42
    [reduction] Lean.Omega.IntList ↦ 42
    [reduction] ActualTaggedFixedTableAcceptance.TaggedLeafTable ↦ 39
    [reduction] Module.IsTorsionBySet ↦ 38
    [reduction] ActualGraphEdges.Vertex ↦ 35
    [reduction] PortCycleReplacement.Port ↦ 35
    [reduction] CategoryTheory.SmallCategory ↦ 34
    [reduction] ActualTaggedFixedTableAcceptance.TaggedCenterTable ↦ 31
    [reduction] BinaryMatrix ↦ 24
    [reduction] Lattice.toLinearOrder ↦ 22
    [reduction] ActualFixedFunctionalMatrixLift.Ambient ↦ 21
  [type_class] used instances (max: 1072, num: 197):
    [type_class] Lean.Grind.Ring.OfSemiring.instLEQOfOrderedAdd ↦ 1072
    [type_class] Pi.preorder ↦ 482
    [type_class] Pi.partialOrder ↦ 394
    [type_class] Lean.Grind.CommRing.OfCommSemiring.instNatCastQ ↦ 200
    [type_class] Lean.Grind.CommRing.OfCommSemiring.instOfNatQ ↦ 182
    [type_class] CompleteAtomicBooleanAlgebra.toCompleteBooleanAlgebra ↦ 152
    [type_class] DenselyNormedField.toNontriviallyNormedField ↦ 142
    [type_class] RCLike.toDenselyNormedField ↦ 142
    [type_class] DenselyNormedField.toNormedField ↦ 141
    [type_class] NontriviallyNormedField.toNormedField ↦ 141
    [type_class] CompleteBooleanAlgebra.toBooleanAlgebra ↦ 133
    [type_class] NormedField.toNormedCommRing ↦ 126
    [type_class] NormedField.toNormedDivisionRing ↦ 126
    [type_class] CompleteAtomicBooleanAlgebra.toCompletelyDistribLattice ↦ 114
    [type_class] CompleteBooleanAlgebra.toCompleteDistribLattice ↦ 114
    [type_class] CompleteLinearOrder.toCompletelyDistribLattice ↦ 114
    [type_class] CompletelyDistribLattice.toCompleteDistribLattice ↦ 114
    [type_class] NormedCommRing.toNormedRing ↦ 113
    [type_class] NormedDivisionRing.toNormedRing ↦ 113
    [type_class] Pi.addMonoidWithOne ↦ 110
    [type_class] instSMulOfMul ↦ 98
    [type_class] BooleanAlgebra.toBiheytingAlgebra ↦ 95
    [type_class] CompleteDistribLattice.toBiheytingAlgebra ↦ 95
    [type_class] CompleteLinearOrder.toBiheytingAlgebra ↦ 95
    [type_class] CompletelyDistribLattice.toBiheytingAlgebra ↦ 95
    [type_class] NonUnitalNormedCommRing.toNonUnitalNormedRing ↦ 88
    [type_class] NonUnitalNormedRing.toNormedAddCommGroup ↦ 88
    [type_class] NormedCommRing.toNonUnitalNormedCommRing ↦ 88
    [type_class] NormedRing.toNonUnitalNormedRing ↦ 88
    [type_class] NormedCommRing.toSeminormedCommRing ↦ 85
    [type_class] Field.toDivisionRing ↦ 82
    [type_class] CompleteDistribLattice.toCoframe ↦ 76
    [type_class] CompleteDistribLattice.toFrame ↦ 76
    [type_class] NormedField.toField ↦ 76
    [type_class] OrderDual.instPow_1 ↦ 75
    [type_class] DivisionRing.toRing ↦ 74
    [type_class] NormedRing.toSeminormedRing ↦ 72
    [type_class] SeminormedCommRing.toSeminormedRing ↦ 72
    [type_class] instHPow ↦ 67
    [type_class] NormedCommGroup.toNormedGroup ↦ 66
    [type_class] NormedDivisionRing.toDivisionRing ↦ 65
    [type_class] BiheytingAlgebra.toCoheytingAlgebra ↦ 57
    [type_class] BiheytingAlgebra.toHeytingAlgebra ↦ 57
    [type_class] BooleanAlgebra.toGeneralizedBooleanAlgebra ↦ 57
    [type_class] NormedCommGroup.toCommGroup ↦ 57
    [type_class] NormedCommGroup.toSeminormedCommGroup ↦ 57
    [type_class] SeminormedCommGroup.toCommGroup ↦ 57
    [type_class] Order.Coframe.toCoheytingAlgebra ↦ 57
    [type_class] Order.Frame.toHeytingAlgebra ↦ 57
    [type_class] EuclideanDomain.toCommRing ↦ 56
    [type_class] Field.toCommRing ↦ 56
    [type_class] Field.toEuclideanDomain ↦ 56
    [type_class] NormedCommRing.toCommRing ↦ 56
    [type_class] SeminormedCommRing.toCommRing ↦ 56
    [type_class] Nat.instNeZeroSucc ↦ 52
    [type_class] CommRing.toRing ↦ 51
    [type_class] NormedRing.toRing ↦ 51
    [type_class] SeminormedRing.toRing ↦ 51
    [type_class] NonUnitalNormedCommRing.toNonUnitalSeminormedCommRing ↦ 50
    [type_class] NonUnitalNormedRing.toNonUnitalSeminormedRing ↦ 50
    [type_class] NonUnitalSeminormedCommRing.toNonUnitalSeminormedRing ↦ 50
    [type_class] NonUnitalSeminormedRing.toSeminormedAddCommGroup ↦ 50
    [type_class] NormedAddCommGroup.toSeminormedAddCommGroup ↦ 50
    [type_class] SeminormedCommRing.toNonUnitalSeminormedCommRing ↦ 50
    [type_class] SeminormedRing.toNonUnitalSeminormedRing ↦ 50
    [type_class] CommGroup.toGroup ↦ 47
    [type_class] IdemCommSemiring.toIdemSemiring ↦ 47
    [type_class] KleeneAlgebra.toIdemSemiring ↦ 47
    [type_class] NormedGroup.toGroup ↦ 47
    [type_class] NormedGroup.toSeminormedGroup ↦ 47
    [type_class] Ring.toAddGroupWithOne ↦ 47
    [type_class] SeminormedCommGroup.toSeminormedGroup ↦ 47
    [type_class] SeminormedGroup.toGroup ↦ 47
    [type_class] NormedAddCommGroup.toNormedAddGroup ↦ 43
    [type_class] Field.toSemifield ↦ 42
    [type_class] LinearOrderedAddCommGroupWithTop.instLinearOrderedAddCommMonoidWithTop ↦ 41
    [type_class] instOfNatAtLeastTwo ↦ 40
    [type_class] AddGroupWithOne.toAddMonoidWithOne ↦ 40
    [type_class] Ring.toAddCommGroup ↦ 40
    [type_class] Semifield.toDivisionSemiring ↦ 40
    [type_class] Pi.normedAddCommGroup ↦ 39
    [type_class] Pi.seminormedAddCommGroup ↦ 39
    [type_class] CoheytingAlgebra.toGeneralizedCoheytingAlgebra ↦ 38
    [type_class] CompleteBooleanAlgebra.toCompleteLattice ↦ 38
    [type_class] CompleteLinearOrder.toCompleteLattice ↦ 38
    [type_class] CompleteLinearOrder.toConditionallyCompleteLinearOrderBot ↦ 38
    [type_class] CompletelyDistribLattice.toCompleteLattice ↦ 38
    [type_class] GeneralizedBooleanAlgebra.toGeneralizedCoheytingAlgebra ↦ 38
    [type_class] HeytingAlgebra.toGeneralizedHeytingAlgebra ↦ 38
    [type_class] LinearOrderedCommGroupWithZero.toLinearOrderedCommMonoidWithZero ↦ 38
    [type_class] Order.Coframe.toCompleteLattice ↦ 38
    [type_class] Order.Frame.toCompleteLattice ↦ 38
    [type_class] Lean.Grind.Semiring.ofNat ↦ 38
    [type_class] instNonemptyOfInhabited ↦ 37
    [type_class] instNonemptyOfMonad ↦ 37
    [type_class] bot_nonempty ↦ 35
    [type_class] infSet_to_nonempty ↦ 35
    [type_class] instInhabitedOfMonad ↦ 35
    [type_class] supSet_to_nonempty ↦ 35
    [type_class] top_nonempty ↦ 35
    [type_class] AddTorsor.nonempty ↦ 35
    [type_class] ConnectedSpace.toNonempty ↦ 35
    [type_class] IrreducibleSpace.toNonempty ↦ 35
    [type_class] Nontrivial.to_nonempty ↦ 35
    [type_class] One.instNonempty ↦ 35
    [type_class] Torsor.nonempty ↦ 35
    [type_class] Unique.instInhabited ↦ 35
    [type_class] Zero.instNonempty ↦ 35
    [type_class] CategoryTheory.IsConnected.is_nonempty ↦ 35
    [type_class] CommRing.toNonAssocCommRing ↦ 34
    [type_class] CancelCommMonoid.toCancelMonoid ↦ 33
    [type_class] CommGroup.toCancelCommMonoid ↦ 33
    [type_class] CommRing.toNonUnitalCommRing ↦ 33
    [type_class] Group.toCancelMonoid ↦ 33
    [type_class] Nat.instAtLeastTwoHAddOfNat ↦ 33
    [type_class] NonAssocCommRing.toNonAssocRing ↦ 33
    [type_class] instHMul ↦ 32
    [type_class] DivisionSemiring.toGroupWithZero ↦ 31
    [type_class] Fin.fintype ↦ 31
    [type_class] Nat.instPartialOrder ↦ 31
    [type_class] NonUnitalCommRing.toNonUnitalNonAssocCommRing ↦ 31
    [type_class] CommRing.toAddCommGroupWithOne ↦ 30
    [type_class] Invertible.toNeZero ↦ 30
    [type_class] NeZero.of_gt' ↦ 30
    [type_class] NonAssocRing.toAddCommGroupWithOne ↦ 30
    [type_class] NonUnitalCommRing.toNonUnitalRing ↦ 30
    [type_class] NonUnitalNonAssocCommRing.toNonUnitalNonAssocRing ↦ 30
    [type_class] OrderDual.instDivisionRing ↦ 30
    [type_class] Ring.toNonAssocRing ↦ 30
    [type_class] Semiring.toModule ↦ 30
    [type_class] Nat.AtLeastTwo.toNeZero ↦ 30
    [type_class] AddCommGroupWithOne.toAddCommGroup ↦ 29
    [type_class] DivisionRing.toDivisionSemiring ↦ 29
    [type_class] NonAssocCommRing.toNonUnitalNonAssocCommRing ↦ 29
    [type_class] NonAssocRing.toNonUnitalNonAssocRing ↦ 29
    [type_class] NonUnitalNonAssocRing.toAddCommGroup ↦ 29
    [type_class] NonUnitalNormedCommRing.toNonUnitalCommRing ↦ 29
    [type_class] NonUnitalNormedRing.toNonUnitalRing ↦ 29
    [type_class] NonUnitalRing.toNonUnitalNonAssocRing ↦ 29
    [type_class] NonUnitalSeminormedCommRing.toNonUnitalCommRing ↦ 29
    [type_class] NonUnitalSeminormedRing.toNonUnitalRing ↦ 29
    [type_class] NormedAddCommGroup.toAddCommGroup ↦ 29
    [type_class] Ring.toNonUnitalRing ↦ 29
    [type_class] SeminormedAddCommGroup.toAddCommGroup ↦ 29
    [type_class] forall_prop_decidable ↦ 28
    [type_class] instAddNat ↦ 28
    [type_class] Array.instDecidableForallForallMemOfDecidablePred ↦ 28
    [type_class] Finset.decidableDforallFinset ↦ 28
    [type_class] Fintype.decidableForallFintype ↦ 28
    [type_class] Multiset.decidableDforallMultiset ↦ 28
    [type_class] Option.decidableForallMem ↦ 28
    [type_class] Vector.instDecidableForallForallMemOfDecidablePred ↦ 28
    [type_class] AddMonoid.toAddZeroClass ↦ 27
    [type_class] CommGroupWithZero.toDivisionCommMonoid ↦ 27
    [type_class] CommGroupWithZero.toGroupWithZero ↦ 27
    [type_class] DivisionCommMonoid.toDivisionMonoid ↦ 27
    [type_class] DivisionSemiring.toSemiring ↦ 27
    [type_class] IdemSemiring.toSemiring ↦ 27
    [type_class] LinearOrderedCommGroupWithZero.toCommGroupWithZero ↦ 27
    [type_class] Semifield.toCommGroupWithZero ↦ 27
    [type_class] MulZeroClass.toZero ↦ 26
    [type_class] Vector.instHMul ↦ 26
    [type_class] AddCommGroup.toAddGroup ↦ 25
    [type_class] AddCommGroupWithOne.toAddGroupWithOne ↦ 25
    [type_class] AddGroupWithOne.toAddGroup ↦ 25
    [type_class] CancelCommMonoid.toLeftCancelMonoid ↦ 25
    [type_class] CancelMonoid.toLeftCancelMonoid ↦ 25
    [type_class] LinearOrderedCommMonoidWithZero.toIsBotZeroClass ↦ 25
    [type_class] Nat.fact_prime_two ↦ 25
    [type_class] AddMonoidWithOne.toOne ↦ 24
    [type_class] Nat.instPreorder ↦ 24
    [type_class] NormedAddGroup.toAddGroup ↦ 24
    [type_class] NormedAddGroup.toSeminormedAddGroup ↦ 24
    [type_class] SeminormedAddCommGroup.toSeminormedAddGroup ↦ 24
    [type_class] SeminormedAddGroup.toAddGroup ↦ 24
    [type_class] instMulZeroOneClassOfSemiring ↦ 23
    [type_class] CommGroup.toDivisionCommMonoid ↦ 23
    [type_class] Group.toDivisionMonoid ↦ 23
    [type_class] GroupWithZero.toDivisionMonoid ↦ 23
    [type_class] MulZeroOneClass.toMulOneClass ↦ 23
    [type_class] ZMod.instField ↦ 23
    [type_class] instHAdd ↦ 22
    [type_class] IsOrderedMonoid.toIsOrderedCancelMonoid ↦ 22
    [type_class] LinearOrderedAddCommGroupWithTop.toAddCommMonoid ↦ 22
    [type_class] LinearOrderedAddCommMonoidWithTop.toAddCommMonoid ↦ 22
    [type_class] NonUnitalCommRing.toNonUnitalCommSemiring ↦ 22
    [type_class] NonUnitalCommSemiring.toNonUnitalSemiring ↦ 22
    [type_class] Semiring.toAddCommMonoid ↦ 22
    [type_class] instOfNatNat ↦ 21
    [type_class] instSubsingleton ↦ 21
    [type_class] CancelMonoid.toRightCancelMonoid ↦ 21
    [type_class] CommSemiring.toSemiring ↦ 21
    [type_class] Int.instDecidableEq ↦ 21
    [type_class] IsEmpty.instSubsingleton ↦ 21
    [type_class] IsOrderedAddMonoid.toAddLeftMono ↦ 21
    [type_class] Semiring.toNonAssocSemiring ↦ 21
    [type_class] Unique.instSubsingleton ↦ 21
  [type_class] max synth pending failures (maxSynthPendingDepth: 1), use `set_option maxSynthPendingDepth <limit>`
    [type_class] NormedAddCommGroup (Fin copies × I.GlobalVar → ZMod 2)
    [type_class] Ring (ZMod 2)
    [type_class] DivisionRing (Fin copies × I.GlobalVar → ZMod 2)
    [type_class] NonAssocRing (Fin copies × I.GlobalVar → ZMod 2)
    [type_class] Ring (ZMod 2)
    [type_class] NonAssocRing (Fin copies × I.GlobalVar → ZMod 2)
    [type_class] NonAssocRing (Fin copies × I.GlobalVar → ZMod 2)
    [type_class] NonUnitalNonAssocRing (Fin copies × I.GlobalVar → ZMod 2)
    [type_class] SeminormedAddCommGroup (Fin copies × I.GlobalVar → ZMod 2)
    [type_class] Ring (ZMod 2)
    [type_class] NonAssocRing (Fin copies × I.GlobalVar → ZMod 2)
    [type_class] AddCommGroup (Fin copies × I.GlobalVar → ZMod 2)
    [type_class] Ring (ZMod 2)
    [type_class] AddCommGroup (Fin copies × I.GlobalVar → ZMod 2)
    [type_class] DivisionRing (Fin copies × I.GlobalVar → ZMod 2)
    [type_class] DivisionRing (Fin copies × I.GlobalVar → ZMod 2)
  [def_eq] heuristic for solving `f a =?= f b` (max: 2761, num: 33):
    [def_eq] LE.le ↦ 2761
    [def_eq] Zero.toOfNat0 ↦ 1432
    [def_eq] OfNat.ofNat ↦ 1392
    [def_eq] instHAdd ↦ 1352
    [def_eq] MulZeroClass.toZero ↦ 1234
    [def_eq] instMulZeroClassOfSemiring ↦ 1222
    [def_eq] Nat.cast ↦ 538
    [def_eq] instHMul ↦ 446
    [def_eq] AddMonoid.toZero ↦ 238
    [def_eq] Ring.toSemiring ↦ 214
    [def_eq] LT.lt ↦ 168
    [def_eq] Zero.zero ↦ 163
    [def_eq] Pi.addMonoid ↦ 124
    [def_eq] instHDiv ↦ 118
    [def_eq] Pi.Function.module ↦ 117
    [def_eq] Submodule.setLike ↦ 87
    [def_eq] AddSubmonoidClass.toAddMonoid ↦ 54
    [def_eq] Pi.addCommMonoid ↦ 54
    [def_eq] SetLike.instMembership ↦ 53
    [def_eq] Grass ↦ 51
    [def_eq] Nat.mul ↦ 42
    [def_eq] AddSubgroupClass.instZModModule ↦ 40
    [def_eq] blocks ↦ 40
    [def_eq] Pi.addCommGroup ↦ 34
    [def_eq] instHSub ↦ 33
    [def_eq] decide ↦ 31
    [def_eq] Rat.cast ↦ 29
    [def_eq] AddMonoid.toAdd ↦ 27
    [def_eq] AddZeroClass.toAddZero ↦ 26
    [def_eq] Submodule.addCommMonoid ↦ 26
    [def_eq] One.toOfNat1 ↦ 24
    [def_eq] instOfNatNat ↦ 22
    [def_eq] MulOne.toMul ↦ 22
  [reduction] Axioms (possibly imported non-exposed defs) that were tried to be unfolded (max: 45, num: 1):
    [reduction] Classical.choice ↦ 45
  [kernel] unfolded declarations (max: 4081, num: 187):
    [kernel] List.rec ↦ 4081
    [kernel] List.casesOn ↦ 2410
    [kernel] Add.add ↦ 2305
    [kernel] HAdd.hAdd ↦ 1941
    [kernel] Int.casesOn ↦ 1167
    [kernel] Membership.mem ↦ 1136
    [kernel] Int.rec ↦ 1031
    [kernel] Nat.casesOn ↦ 1013
    [kernel] Nat.rec ↦ 933
    [kernel] instDecidableEqList.match_1 ↦ 921
    [kernel] List.map._f ↦ 921
    [kernel] OfNat.ofNat ↦ 821
    [kernel] Subtype.val ↦ 768
    [kernel] AddMonoid.toAdd ↦ 644
    [kernel] AddCommMonoid.toAddMonoid ↦ 602
    [kernel] instHAdd ↦ 584
    [kernel] SMul.smul ↦ 540
    [kernel] SubNegMonoid.toAddMonoid ↦ 509
    [kernel] List.zipWithAll._f ↦ 497
    [kernel] List.zipWithAll.match_1 ↦ 497
    [kernel] HSMul.hSMul ↦ 490
    [kernel] Mul.mul ↦ 485
    [kernel] HMul.hMul ↦ 469
    [kernel] Int.add.match_1 ↦ 446
    [kernel] AddSemigroup.toAdd ↦ 431
    [kernel] List.getLast?.match_1 ↦ 421
    [kernel] Sub.sub ↦ 418
    [kernel] HSub.hSub ↦ 412
    [kernel] AddGroup.toSubNegMonoid ↦ 385
    [kernel] AddCommGroup.toAddGroup ↦ 357
    [kernel] Int.negOfNat.match_1 ↦ 312
    [kernel] AddMonoid.toAddSemigroup ↦ 311
    [kernel] Option.rec ↦ 305
    [kernel] Option.casesOn ↦ 289
    [kernel] List.foldr._f ↦ 288
    [kernel] Int.add ↦ 287
    [kernel] Neg.neg ↦ 287
    [kernel] List.brecOn ↦ 274
    [kernel] Ring.toAddCommGroup ↦ 267
    [kernel] Int.neg.match_1 ↦ 253
    [kernel] List.brecOn.go ↦ 245
    [kernel] Bool.rec ↦ 220
    [kernel] Int.negOfNat ↦ 217
    [kernel] Option.getD.match_1 ↦ 205
    [kernel] Bool.casesOn ↦ 204
    [kernel] Semiring.toAddCommMonoid ↦ 202
    [kernel] LE.le ↦ 192
    [kernel] Int.neg ↦ 186
    [kernel] Decidable.casesOn ↦ 175
    [kernel] Decidable.rec ↦ 175
    [kernel] instHSMul ↦ 174
    [kernel] AddMonoid.toZero ↦ 162
    [kernel] List.get?Internal._f ↦ 159
    [kernel] List.get?Internal._sparseCasesOn_1 ↦ 159
    [kernel] List.get?Internal.match_1 ↦ 159
    [kernel] NatCast.natCast ↦ 144
    [kernel] Lean.Omega.Coeffs.dot ↦ 144
    [kernel] Lean.Omega.Constraint.sat' ↦ 144
    [kernel] SemigroupAction.toSMul ↦ 140
    [kernel] ZSMul.zsmul ↦ 140
    [kernel] AddZeroClass.toAddZero ↦ 138
    [kernel] HPow.hPow ↦ 138
    [kernel] Pow.pow ↦ 138
    [kernel] Int.mul ↦ 135
    [kernel] MulAction.toSemigroupAction ↦ 130
    [kernel] AddZero.toAdd ↦ 129
    [kernel] AddZeroClass.toAdd ↦ 129
    [kernel] List.find?._f ↦ 129
    [kernel] Int.sub ↦ 127
    [kernel] List.filter.match_1 ↦ 127
    [kernel] Lean.Omega.LinearCombo.coeffs ↦ 127
    [kernel] AddCommGroup.toAddCommMonoid ↦ 122
    [kernel] DistribMulAction.toMulAction ↦ 120
    [kernel] List.map ↦ 120
    [kernel] Option.getD ↦ 120
    [kernel] AddMonoid.toAddZeroClass ↦ 116
    [kernel] Lean.Omega.LinearCombo.const ↦ 116
    [kernel] AddZeroClass.toZero ↦ 115
    [kernel] Module.toDistribMulAction ↦ 110
    [kernel] ite ↦ 107
    [kernel] Zero.zero ↦ 102
    [kernel] Monoid.toMulAction ↦ 100
    [kernel] Lean.Omega.IntList.set._f ↦ 96
    [kernel] Lean.Omega.IntList.set.match_1 ↦ 96
    [kernel] AddZero.toZero ↦ 95
    [kernel] Int.subNatNat ↦ 95
    [kernel] Nat.cast ↦ 93
    [kernel] Prod.casesOn ↦ 92
    [kernel] Prod.rec ↦ 92
    [kernel] AddSubmonoid.toAddSubsemigroup ↦ 90
    [kernel] AddSubsemigroup.carrier ↦ 90
    [kernel] SetLike.coe ↦ 90
    [kernel] Submodule.toAddSubmonoid ↦ 90
    [kernel] Option.map ↦ 85
    [kernel] NPow.npow ↦ 82
    [kernel] AddMemClass.add ↦ 81
    [kernel] AddCommSemigroup.toAddSemigroup ↦ 78
    [kernel] LT.lt ↦ 76
    [kernel] List.zipWithAll ↦ 70
    [kernel] Lean.Omega.normalize?.match_1 ↦ 69
    [kernel] Lean.Omega.Constraint.lowerBound ↦ 68
    [kernel] Lean.Omega.Constraint.upperBound ↦ 67
    [kernel] inferInstance ↦ 65
    [kernel] AddCommMonoid.toAddCommSemigroup ↦ 60
    [kernel] Ring.toSemiring ↦ 57
    [kernel] instOfNatNat ↦ 56
    [kernel] AddSubmonoidClass.toAddMonoid ↦ 56
    [kernel] instDecidableEqNat ↦ 53
    [kernel] Nat.decEq ↦ 53
    [kernel] Nat.decEq.match_1 ↦ 53
    [kernel] Semiring.toModule ↦ 50
    [kernel] NatPow.pow ↦ 48
    [kernel] Lean.Omega.Coeffs.smul ↦ 48
    [kernel] Lean.Omega.IntList.smul ↦ 48
    [kernel] Zero.toOfNat0 ↦ 47
    [kernel] AddSubmonoidClass.toAddZeroClass ↦ 46
    [kernel] decide ↦ 46
    [kernel] Pi.instAdd ↦ 45
    [kernel] instHSub ↦ 44
    [kernel] Lean.Omega.LinearCombo.eval ↦ 41
    [kernel] instHMul ↦ 40
    [kernel] Int.le ↦ 38
    [kernel] Module.Dual ↦ 38
    [kernel] Int.decNonneg ↦ 37
    [kernel] Semiring.toNatCast ↦ 37
    [kernel] PartialOrder.toPreorder ↦ 36
    [kernel] Lean.Omega.Constraint.map ↦ 36
    [kernel] CommSemiring.toSemiring ↦ 35
    [kernel] Div.div ↦ 35
    [kernel] HDiv.hDiv ↦ 35
    [kernel] List.foldr ↦ 35
    [kernel] Pi.addSemigroup ↦ 34
    [kernel] SetLike.instMembership ↦ 34
    [kernel] instOfNat ↦ 33
    [kernel] Lean.Omega.Coeffs.isZero ↦ 33
    [kernel] Lean.Omega.IntList.sub ↦ 32
    [kernel] Lean.Omega.LinearCombo.sub ↦ 32
    [kernel] Submodule.setLike ↦ 31
    [kernel] AddSubgroupClass.toAddCommGroup ↦ 30
    [kernel] AddSubgroupClass.toAddGroup ↦ 30
    [kernel] Int.natAbs ↦ 30
    [kernel] Monoid.toOne ↦ 30
    [kernel] AddSubmonoidClass.toAddCommMonoid ↦ 29
    [kernel] Pi.addCommMonoid ↦ 29
    [kernel] Preorder.toLE ↦ 29
    [kernel] Submodule.addCommMonoid ↦ 29
    [kernel] CenterTable ↦ 29
    [kernel] Lean.Omega.tidy?.match_1 ↦ 28
    [kernel] Lean.Omega.LinearCombo.coordinate ↦ 27
    [kernel] CoordAmbient ↦ 27
    [kernel] Nat.brecOn ↦ 26
    [kernel] Option.bind ↦ 26
    [kernel] Option.bind.match_1 ↦ 26
    [kernel] Lean.Omega.Coeffs.set ↦ 26
    [kernel] Lean.Omega.IntList.set ↦ 26
    [kernel] AddSubgroupClass.instZModSMul ↦ 25
    [kernel] Int.decLe ↦ 25
    [kernel] Monoid.toMul ↦ 25
    [kernel] Submodule.smul ↦ 25
    [kernel] Nat.brecOn.go ↦ 25
    [kernel] autoParam ↦ 24
    [kernel] Int.decEq ↦ 24
    [kernel] Int.instDecidableEq ↦ 24
    [kernel] NonAssocSemiring.toNatCast ↦ 24
    [kernel] ZSMul.toSMul ↦ 24
    [kernel] Prod.fst ↦ 23
    [kernel] Prod.snd ↦ 23
    [kernel] Lean.Omega.normalize? ↦ 23
    [kernel] Lean.Omega.positivize? ↦ 23
    [kernel] Lean.Omega.tidy ↦ 23
    [kernel] Lean.Omega.tidy? ↦ 23
    [kernel] Lean.Omega.tidyCoeffs ↦ 23
    [kernel] Lean.Omega.tidyConstraint ↦ 23
    [kernel] LeafTable ↦ 23
    [kernel] CommRing.toRing ↦ 22
    [kernel] NonUnitalNonAssocSemiring.toAddCommMonoid ↦ 22
    [kernel] Semiring.toMonoid ↦ 22
    [kernel] Lean.Omega.IntList.add ↦ 22
    [kernel] Lean.Omega.LinearCombo.add ↦ 22
    [kernel] instHPow ↦ 21
    [kernel] GE.ge ↦ 21
    [kernel] List.find? ↦ 21
    [kernel] ZeroMemClass.zero ↦ 21
    [kernel] Lean.Omega.Coeffs.gcd ↦ 21
    [kernel] Lean.Omega.Coeffs.leading ↦ 21
    [kernel] Lean.Omega.IntList.gcd ↦ 21
    [kernel] Lean.Omega.IntList.leading ↦ 21
  use `set_option diagnostics.threshold <num>` to control threshold for reporting counters
Build completed successfully (3390 jobs).
